code_HS_10,description,droit_douane_CECG_percent,fiabilite
0106.19.0000,-- Autres mammifères vivants,10,verifie
0106.20.0000,- Reptiles (y compris les serpents et les tortues de mer) vivants,10,verifie
0106.31.0000,-- Oiseaux de proie vivants,10,verifie
0106.32.0000,"-- Psittaciformes (y compris les perroquets, perruches, aras et cacatoès) vivants",10,verifie
0106.33.0000,"-- Autruches et émeus (Dromaius novaehollandiae), vivants",10,verifie
0106.39.0000,-- Autres oiseaux vivants,10,verifie
0106.41.0000,-- Abeilles vivantes,5,verifie
0106.49.0000,"-- Insectes vivants, autres que les abeilles",10,verifie
0106.90.0000,"- Animaux vivants, autres que les mammifères, reptiles, oiseaux et insectes",10,verifie
0201.10.0000,"- Viandes des animaux de l'espèce bovine, fraîches ou réfrigérées, en carcasses ou demi-carcasses",20,verifie
0201.20.0000,"- Viandes des animaux de l'espèce bovine, fraîches ou réfrigérées, autres qu'en carcasses ou demi-carcasses, non désossées",20,verifie
0201.30.0000,"- Viandes des animaux de l'espèce bovine, fraîches ou réfrigérées, désossées",20,verifie
0202.10.0000,"- Viandes des animaux de l'espèce bovine, congelées, en carcasses ou demi-carcasses 35.0",35,verifie
0202.20.0000,"- Viandes des animaux de l'espèce bovine, congelées, autres qu'en carcasses ou demi- carcasses, non désossées",35,verifie
0202.30.0000,"- Viandes des animaux de l'espèce bovine, congelées, désossées",35,verifie
0203.11.0000,"-- Viandes des animaux de l'espèce porcine, fraîches ou réfrigérées, en carcasses ou demi-carcasses Page 3 de 566",20,verifie
0203.12.0000,"-- Jambons, épaules et leurs morceaux, des animaux de l'espèce porcine, frais ou réfrigérés, non désossés",20,verifie
0203.19.0000,"-- Autres viandes des animaux de l'espèce porcine, fraîches ou réfrigérées, du n°",20,verifie
0203.21.0000,"-- Viandes des animaux de l'espèce porcine, congelées, en carcasses ou demi- carcasses",35,verifie
0203.22.0000,"-- Jambons, épaules et leurs morceaux, des animaux de l'espèce porcine, congelés, non désossés",35,verifie
0203.29.0000,"-- Autres viandes des animaux de l'espèce porcine, congelées, du n° 02.03",35,verifie
0204.10.0000,"- Carcasses et demi-carcasses d'agneau, fraîches ou réfrigérées",20,verifie
0204.21.0000,"-- Viandes des animaux de l'espèce ovine, fraîches ou réfrigérées, en carcasses ou demi-carcasses, autres que d'agneau",20,verifie
0204.22.0000,"-- Viandes des animaux de l'espèce ovine, fraîches ou réfrigérées, autres qu'en carcasses ou demi-carcasses, non désossées",20,verifie
0204.23.0000,"-- Viandes des animaux de l'espèce ovine, fraîches ou réfrigérées, désossées",20,verifie
0204.30.0000,"- Carcasses et demi-carcasses d'agneau, congelées",35,verifie
0204.41.0000,"-- Viandes des animaux de l'espèce ovine, congelées, en carcasses ou demi-carcasses, autres que d'agneau",35,verifie
0204.42.0000,"-- Viandes des animaux de l'espèce ovine, congelées, autres qu'en carcasses ou demi- carcasses, non désossées Page 4 de 566",35,verifie
0204.43.0000,"-- Viandes des animaux de l'espèce ovine, congelées, désossées",35,verifie
0204.50.0000,"- Viandes des animaux de l'espèce caprine fraîche, réfrigérée ou congelée",35,verifie
0205.00.0000,"- Viandes des animaux des espèces chevaline, asine ou mulassière, fraîches, réfrigérées ou congelées.",20,verifie
0206.10.0000,"- Abats comestibles des animaux de l'espèce bovine, frais ou réfrigérés",20,verifie
0206.21.0000,"-- Langues des animaux de l'espèce bovine, congelées",35,verifie
0206.22.0000,"-- Foies des animaux de l'espèce bovine, congelés",35,verifie
0206.29.0000,"-- Abats comestibles autres que les langues et les foies, des animaux de l'espèce bovine, congelés",35,verifie
0206.30.0000,"- Abats comestibles des animaux de l'espèce porcine, frais ou réfrigérés",20,verifie
0206.41.0000,"-- Foies  des animaux de l'espèce porcine, congelés",35,verifie
0206.49.0000,"-- Abats comestibles des animaux de l'espèce porcine (autres que les foies), congelés",35,verifie
0206.80.0000,"- Abats comestibles des animaux des espèces ovine, caprine, chevaline, asine ou mulassière, frais ou réfrigérés",20,verifie
0206.90.0000,"- Abats comestibles des animaux des espèces ovine, caprine, chevaline, asine ou mulassière, congelés",35,verifie
0207.11.0000,"-- Viandes des volailles de l'espèce gallus domesticus (coqs et poules, domestiques), non découpées en morceaux, fraîches ou réfrigérées Page 5 de 566",20,verifie
0207.12.0000,"-- Viandes des volailles de l'espèce gallus domesticus (coqs et poules, domestiques), non découpées en morceaux, congelées",35,verifie
0207.13.0000,"-- Morceaux et abats comestibles, des volailles de l'espèce gallus domesticus (coqs et poules, domestiques), frais ou réfrigérés",20,verifie
0207.14.0000,"-- Morceaux et abats comestibles, des volailles de l'espèce gallus domesticus (coqs et poules, domestiques), congelés",35,verifie
0207.24.0000,"-- Viandes de dindes et dindons, non découpées en morceaux, fraîches ou réfrigérées",20,verifie
0207.25.0000,"-- Viandes de dindes et dindons, non découpées en morceaux, congelées",35,verifie
0207.26.0000,"-- Morceaux et abats comestibles, de dindes et dindons, frais ou réfrigérés",20,verifie
0207.27.0000,"-- Morceaux et abats comestibles, de dindes et dindons, congelés",35,verifie
0207.41.0000,"-- Viandes de canards, non découpées en morceaux, fraîches ou réfrigérées",20,verifie
0207.42.0000,"-- Viandes de canards, non découpées en morceaux, congelées",35,verifie
0207.43.0000,"-- Foies gras comestibles de canards, frais ou réfrigérés",20,verifie
0207.44.0000,"-- Morceaux et abats comestibles (autres que les foies gras), de canards, frais ou réfrigérés",20,verifie
0207.45.0000,"-- Morceaux et abats comestibles (autres que les foies gras), de canards, congelés",35,verifie
0207.51.0000,"-- Viandes d'oies, non découpées en morceaux, fraîches ou réfrigérées Page 6 de 566",20,verifie
0207.52.0000,"-- Viandes d'oies, non découpées en morceaux, congelées",35,verifie
0207.53.0000,"-- Foies gras comestibles, d'oies, frais ou réfrigérés",20,verifie
0207.54.0000,"-- Morceaux et abats comestibles (autres que les foies gras), d'oies, frais ou réfrigérés",20,verifie
0207.55.0000,"-- Morceaux et abats comestibles (autres que les foies gras) d'oies, congelés",35,verifie
0207.60.0000,"- Viandes et abats comestibles de pintades, frais, réfrigérés ou congelés",35,verifie
0208.10.0000,"- Viandes et abats comestibles de lapins ou de lièvres, frais, réfrigérés ou congelés",20,verifie
0208.30.0000,"- Viandes et abats comestibles de primates, frais, réfrigérés ou congelés",20,verifie
0208.40.0000,"- Viandes et abats comestibles, de baleines, dauphins, marsouins (mammifères de l’ordre Cetacea), de lamantins et dugongs (mammifères de l’ordre Sirenia), d’otaries et phoques, lions de mer et morses (mammifères du sous- ordre Pinnipedia), frais, réfrigérés ou lé",20,verifie
0208.50.0000,"- Viandes et abats comestibles de reptiles (y compris les serpents et les tortues de mer), frais, réfrigérés ou congelés",20,verifie
0208.60.0000,"- Viandes et abats comestibles de chameaux et d'autres camélidés (Camelidae), frais, réfrigérés ou congelés",20,verifie
0208.90.0000,"- Autres viandes et abats comestibles, frais, réfrigérés ou congelés, non dénommés ni compris ailleurs, du n° 02.08 Page 7 de 566",20,verifie
0209.10.0000,"- Lard sans parties maigres et graisse non fondue ni autrement extraite, de porc, frais, réfrigérés, congelés, salé sou en saumure séchés ou fumés",20,verifie
0209.90.0000,"- Graisse de volailles non fondue ni autrement extraite, fraîche, réfrigérée, congelée, salée ou en saumure, séchée ou fumée",20,verifie
0210.11.0000,"-- Jambons, épaules et leurs morceaux, comestibles, de l'espèce porcine, salés ou en saumure, séchés ou fumés, non désossés",20,verifie
0210.12.0000,"-- Poitrines (entrelardées) et leurs morceaux, comestibles, de l'espèce porcine, salés ou en saumure, séchés ou fumés",20,verifie
0210.19.0000,"-- Viandes salées ou en saumure, séchées ou fumées, de l'espèce porcine, autres que les jambons, épaules et leurs morceaux non désossés, poitrines (entrelardées) et leurs morceaux",20,verifie
0210.20.0000,"100  - Viandes de l'espèce bovine salées ou en saumure, séchées ou fumées",35,verifie
0210.91.0000,"101 -- Viandes et abats comestibles, de primates, salés ou en saumure, séchés ou fumés; farines et poudres comestibles de viandes ou d'abats de primates Page 8 de 566",20,verifie
0210.92.0000,"102 -- Viandes et abats comestibles, de baleines, dauphins et marsouins (... de l’ordre Cetacea), de lamantins et dugongs ( ... de l’ordre Sineria), d’otaries et phoques, lions de mer et morses (... du sous-ordre Pinnipedia), salés ou en saumure, séchés ou fumés; farines et poudres de leurs i d b t",20,verifie
0210.93.0000,"103 -- Viandes et abats comestibles, de reptiles ( y compris les serpents et les tortues de mer), salés ou en saumure, séchés ou fumés; farines et poudres comestibles de viandes ou d'abats de reptiles",20,verifie
0210.99.0000,"104 -- Autres viandes et abats comestibles, salés ou en saumure, séchés ou fumés, farines et poudres de leurs viandes ou abats, non dénommés ni compris ailleurs du n° 02 10",10,verifie
0301.11.0000,105  -- Poissons vivants d'ornement d'eau douce,10,verifie
0301.19.0000,106  -- Poissons vivants d'ornement autres que d'eau douce,10,verifie
0301.91.1000,"107 --- Alevins de truites (Salmo trutta, Oncorhynchus mykiss, Oncorhynchus clarki, Oncorhynchus aguabonita, Oncorhynchus gilae, Oncorhynchus apache et Oncorhynchus chrysogaster), vivants Page 9 de 566",5,verifie
0301.91.9000,"108 --- Truites (Salmo trutta, Oncorhynchus mykiss, Oncorhynchus clarki, Oncorhynchus aguabonita, Oncorhynchus gilae, Oncorhynchus apache et Oncorhynchus chrysogaster), vivantes, autres que les alevins",10,verifie
0301.92.1000,109  --- Alevins d'anguilles (Anguilla spp.) vivants,5,verifie
0301.92.9000,"110  --- Anguilles (Anguilla spp.) vivantes, autres que les alevins",10,verifie
0301.93.1000,"111 --- Alevins de carpes(Cyprinus spp., Carassius spp., Ctenopharyngodon idellus, Hypophthalmichthys spp., Cirrhinus spp., Mylopharyngodon piceus, Catla catla, Labeo  spp., Osteochilus hasselti, Leptobarbus      hoeveni, Megalobrama spp ) vivants",5,verifie
0301.93.9000,"112 --- Carpes (Cyprinus spp., Carassius spp., Ctenopharyngodon idellus, Hypophthalmichthys spp., Cirrhinus spp., Mylopharyngodon piceus, Catla catla, Labeo  spp., Osteochilus hasselti, Leptobarbus hoeveni, Megalobrama spp.) vivantes autres que les alevins",10,verifie
0301.94.1000,"113 --- Alevins de thons rouges de l'Atlantique et du Pacifique (Thunnus thynnus, thunnus orientalis) vivants",5,verifie
0301.94.9000,"114 --- Thons rouges de l'Atlantique et du Pacifique (Thunnus thynnus, thunnus orientalis) vivants, autres que les alevins",10,verifie
0301.95.1000,115  --- Alevins de thons rouges du sud (Thunnus maccoyii) vivants,5,verifie
0301.95.9000,"116  --- Thons rouges du sud (Thunnus maccoyii) vivants, autres que les alevins Page 10 de 566",10,verifie
0301.99.1000,117  --- Alevins d'autres poissons vivants non dénommés ni compris ailleurs,5,verifie
0301.99.9000,"118 --- Autres poissons vivants non dénommés ni compris ailleurs , autres que les alevins",10,verifie
0302.11.0000,"119 -- Truites (Salmo trutta, Oncorhynchus mykiss, Oncorhynchus clarki, Oncorhynchus aguabonita, ... gilae,  ... apache et Oncorhynchus chrysogaster) fraîches ou réfrigérées, à l'exception des abats comestibles de truites des n° 0302.91 à 0302.99 et des filets et autre h i d t it d",10,verifie
0302.13.0000,"120 -- Saumons du Pacifique (Oncorhynchus nerka, ... gorbuscha, ... keta,  ... tschawytscha, ... kisutch, ... masou et Oncorhynchus rhodurus) frais ou réfrigérés, à l'exception des abats comestibles des saumons du Pacifique des n° 0302.91 à 0302.99 et des filets et autre h i d d",10,verifie
0302.14.0000,"121 -- Saumons de l'Atlantique (Salmo salar) et saumons du Danube (Hucho hucho) frais ou réfrigérés, à l'exception des abats comestibles des saumons de l'Atlantique et du Danube des n° 0302.91 à 0302.99 et des filets et autre chair de ces saumons du n° 03 04",10,verifie
0302.19.0000,"122 -- Salmonidés (autres que truites, saumons du Pacifique, de l'Atlantique et du Danube), frais ou réfrigérés, à l'exception de leurs abats comestibles des n° 0302.91 à 0302.99 et de leurs filets et autre chair du n° 03 04 Page 11 de 566",10,verifie
0302.21.0000,"123 -- Flétans (Reinhardtius hippoglossoides, Hippoglossus hippoglossus, Hippoglossus stenolepis), frais ou réfrigérés, à l'exclusion des abats comestibles de flétans des n° 0302.91 à  0302.99 et de leurs filets et autre chair du n° 03.04",10,verifie
0302.22.0000,"124 -- Plies ou carrelets (Pleuronectes platessa), frais ou réfrigérés, à l'exclusion des abats comestibles de plies ou carrelets des n° 0302.91 à  0302.99 et de leurs filets et autre chair du n° 03.04",10,verifie
0302.23.0000,"125 -- Soles (Solea spp.), frais ou réfrigérés, à l'exclusion des abats comestibles de soles des n° 0302.91 à  0302.99 et de leurs filets et autre chair du n° 03 04",10,verifie
0302.24.0000,"126 -- Turbots (Psetta maxima), frais ou réfrigérés, à l'exclusion des abats comestibles de turbots des n° 0302.91 à 0302.99 et de leurs filets et autre chair du n° 03 04",10,verifie
0302.29.0000,"127 -- Poissons plats (autres que flétans, plies ou carrelets, soles et turbots), frais ou réfrigérés, à l'exclusion de leurs abats comestibles des n° 0302.91 à 0302.99 et de leurs filets et autre chair du n° 03 04",10,verifie
0302.31.0000,"128 -- Thons blancs ou germons (Thunnus alalunga), frais ou réfrigérés, à l'exclusion des abats comestibles de thons blancs ou germons des n° 0302.91 à 0302.99 et de leurs filets et autre chair du n° 03 04 Page 12 de 566",10,verifie
0302.32.0000,"129 -- Thons à nageoires jaunes (Thunnus albacares), frais ou réfrigérés, à l'exclusion des abats comestibles de thons à nageoires jaunes des n° 0302.91 à 0302.99 et de leurs filets et autre chair du n° 03.04",10,verifie
0302.33.0000,"130 -- Listaos (bonites à ventre rayé) (Katsuwonus pelamis), frais ou réfrigérés, à l'exclusion des abats comestibles de listaos des n° 0302.91 à 0302.99 et de leurs filets et autre chair du n° 03 04",10,verifie
0302.34.0000,"131 -- Thons obèses (Thunnus obesus), frais ou réfrigérés, à l'exclusion des abats comestibles de thons obèses des n° 0302.91 à 0302.99 et de leurs filets et autre chair du n° 03 04",10,verifie
0302.35.0000,"132 -- Thons rouges de l'Atlantique et du Pacifique (Thunnus thynnus, Thunnus orientalis), frais ou réfrigérés, à l'exclusion des abats comestibles de listahons rouges des n°s 0302.91 à 0302.99 et de leurs filets et autre chair du n° 03.04",10,verifie
0302.36.0000,"133 -- Thons rouges du sud (Thunnus maccoyii), frais ou réfrigérés, à l'exclusion des abats comestibles de thons rouges du sud des n°s 0302.91 à 0302.99 et de leurs filets et autre chair du n° 03 04",10,verifie
0302.39.0000,"134 -- Autres thons (du genre thunnus), frais ou réfrigérés, à l'exclusion de leurs abats comestibles des n°s 0302.91 à 0302.99 et de leurs filets et autre chair du n° 03 04 Page 13 de 566",10,verifie
0302.41.0000,"135 -- Harengs (Clupea harengus, Clupea pallasii), frais ou réfrigérés, à l'exclusion des abats comestibles de Harengs des n°s 0302.91 à 0302.99 et de leurs filets et autre chair du n° 03 04",10,verifie
0302.42.0000,"136 -- Anchois (Engraulis spp.), frais ou réfrigérés, à l'exclusion des abats comestibles d'Anchois des n°s 0302.91 à 0302.99 et de leurs filets et autre chair du n° 03 04",10,verifie
0302.43.0000,"137 -- Sardines (Sardina pilchardus, Sardinops spp.), sardinelles (Sardinella spp.), sprats ou  esprots (Sprattus sprattus), frais ou réfrigérés, à l'exclusion de leurs abats comestibles des n°s 0302.91 à 0302.99 et de leurs filets et autre chair du n° 03 04",10,verifie
0302.44.0000,"138 -- Maquereaux (Scomber scombrus, Scomber australasicus, Scomber japonicus), frais ou réfrigérés, à l'exclusion des abats comestibles de maquereaux des n°s 0302.91 à 0302.99 et de leurs filets et autre chair du n° 03 04",10,verifie
0302.45.0000,"139 -- Chinchards (Trachurus spp.), frais ou réfrigérés, à l'exclusion des abats comestibles de chinchards des n°s 0302.91 à 0302.99 et de leurs filets et autre chair du n° 03 04",10,verifie
0302.46.0000,"140 -- Mafous (Rachycentron canadum), frais ou réfrigérés, à l'exclusion des abats comestibles de mafous des n°s 0302.91 à 0302.99 et de leurs filets et autre chair du n° 03 04 Page 14 de 566",10,verifie
0302.47.0000,"141 -- Espadons (Xiphias gladius), frais ou réfrigérés, à l'exclusion des abats comestibles d'espadons des n°s 0302.91 à 0302.99 et de leurs filets et autre chair du n° 03 04",10,verifie
0302.49.0000,"142 -- Autres poissons frais ou réfrigérés du n° 0302.4, à l'exclusion de leurs abats comestibles des n°s 0302.91 à 0302.99 et de leurs filets et autre chair du n° 03 04",10,verifie
0302.51.0000,"143 -- Morues (Gadus morhua, Gadus ogac, Gadus macrocephalus), frais ou réfrigérés, à l'exclusion des abats comestibles de morues des n°s 0302.91 à 0302.99 et de leurs filets et autre chair du n° 03.04",10,verifie
0302.52.0000,"144 -- Eglefins (Melanogrammus aeglefinus), frais ou réfrigérés, à l'exclusion des abats comestibles d'eglefins des n°s 0302.91 à 0302.99 et de leurs filets et autre chair du n° 03 04",10,verifie
0302.53.0000,"145 -- Lieus noirs (Pollachius virens), frais ou réfrigérés, à l'exclusion des abats comestibles de lieus noirs des n°s 0302.91 à 0302.99 et de leurs filets et autre chair du n° 03 04",10,verifie
0302.54.0000,"146 -- Merlus (Merluccius spp., Urophycis spp.), frais ou réfrigérés, à l'exclusion des abats comestibles de merlus des n°s 0302.91 à 0302.99 et de leurs filets et autre chair du n° 03 04 Page 15 de 566",10,verifie
0302.55.0000,"147 -- Lieus d'Alaska (Theragra chalcogramma), frais ou réfrigérés, à l'exclusion des abats comestibles de lieus d'Alaska des n°s 0302.91 à 0302.99 et de leurs filets et autre chair du n° 03 04",10,verifie
0302.56.0000,"148 -- Merlans bleus (Micromesistius poutassou, micromesistius australis), frais ou réfrigérés, à l'exclusion des abats comestibles de merlans bleus des n°s 0302.91 à 0302.99 et de leurs filets et autre chair du n° 03 04",10,verifie
0302.59.0000,"149 -- Autres poissons des familles Bregmacerotidae, Euclichthyidae, Gadidae, Macrouridae, Melanonidae, Merlucciidae, Moridae et  Muraenolepididae, frais ou réfrigérés, NDCA,  à l'exclusion de leurs abats comestibles des n°s 0302.91 à 0302.99 et de leurs filets et autre chair du",10,verifie
0302.71.0000,"150 -- Tilapias (Oreochromis spp.), frais ou réfrigérés, à l'exclusion des abats comestibles de tilapias des n°s 0302.91 à 0302.99 et de leurs filets et autre chair du n° 03 04",10,verifie
0302.72.0000,"151 -- Siluridés (Pangasius spp., Silurus spp., Clarias spp., Ictalurus spp.), frais ou réfrigérés, à l'exclusion des abats comestibles de siluridés des n°s 0302.91 à 0302.99 et de leurs filets et autre chair du n° 03 04 Page 16 de 566",10,verifie
0302.73.0000,"152 -- Carpes (Cyprinus spp., Carassius spp., ... piceus, Catla catla, Labeo spp., Osteochilus hasselti, Leptobarbus hoeveni, Megalobrama spp.), frais ou réfrigérés, à l'exclusion des abats comestibles de carpes des n°s 0302.91 à 0302.99 et de leurs filets et autre chair du n° 03.04",10,verifie
0302.74.0000,"153 -- Anguilles (Anguilla spp.), frais ou réfrigérés, à l'exclusion des abats comestibles d'anguilles des n°s 0302.91 à 0302.99 et de leurs filets et autre chair du n° 03 04",10,verifie
0302.79.0000,"154 -- Perches du Nil (Lates nilot.) et poissons tête de serpent (channa spp.), frais ou réfrigérés, à l'exclusion de leurs abats comestibles des n°s 0302.91 à 0302.99 et de leurs filets et autre chair du n° 03 04",10,verifie
0302.81.0000,"155 -- Squales, frais ou réfrigérés, à l'exclusion des abats comestibles de squales des n°s 0302.91 à 0302.99 et de leurs filets et autre chair du n° 03 04",10,verifie
0302.82.0000,"156 -- Raies (Rajidae), frais ou réfrigérés, à l'exclusion des abats comestibles de raies des n°s 0302.91 à 0302.99 et de leurs filets et autre chair du n° 03 04",10,verifie
0302.83.0000,"157 -- Légines (Dissostichus spp.), frais ou réfrigérés, à l'exclusion des abats comestibles de légines des n°s 0302.91 à 0302.99 et de leurs filets et autre chair du n° 03 04 Page 17 de 566",10,verifie
0302.84.0000,"158 -- Bars (Dicentrarchus spp.), frais ou réfrigérés, à l'exclusion des abats comestibles de bars des n°s 0302.91 à 0302.99 et de leurs filets et autre chair du n° 03 04",10,verifie
0302.85.0000,"159 -- Dorades (Sparidés) (Sparidae), frais ou réfrigérés, à l'exclusion des abats comestibles de dorades des n°s 0302.91 à 0302.99 et de leurs filets et autre chair du n° 03 04",10,verifie
0302.89.0000,"160 -- Autres poissons frais ou réfrigérés du n° 03.02, à l'exclusion de leurs abats comestibles des n°s 0302.91 à 0302.99 et de leurs filets et autre chair du n° 03 04",10,verifie
0302.91.0000,"161  --  Foies, oeufs et laitances de poissons comestibles, frais ou refrigérés",10,verifie
0302.92.0000,"162  --  Ailerons de requins, frais ou réfrigérés",10,verifie
0302.99.0000,"163 -- Nageoires, têtes, queues, vessies natatoires et autres abats de poissons comestibles (à l'exclusion des foies, œufs, laitances et ailerons de requins), frais ou réfrigérés du n° 0302 9",10,verifie
0303.11.0000,"164 -- Saumons rouges (Oncorhynchus nerka) congelés, à l'exclusion des abats comestibles de saumons rouges des n°s 0303.91 à 0303.99 et de leurs filets et autre chair du n° 03 04",10,verifie
0303.12.0000,"165 -- Autres saumons du Pacifique (Oncorhynchus gorbuscha... Oncorhynchus rhodurus)  congelés, à l'exclusion des abats comestibles de saumons du Pacifique des n°s 0303.91 à 0303.99 et de leurs filets et autre chair du n° 03.04 Page 18 de 566",10,verifie
0303.13.0000,"166 - Saumons de l'Atlantique (Salmo salar) et saumons du Danube (Hucho hucho) congelés, à l'exclusion de leurs abats comestibles des n°s 0303.91 à 0303.99 et de leurs filets et autre chair du n° 03 04",10,verifie
0303.14.0000,"167 -- Truites (Salmo trutta ...Oncorhynchus chrysogaster)  congelées, à l'exclusion des abats comestibles de truites des n°s 0303.91 à 0303.99 et de leurs filets et autre chair du n° 03 04",10,verifie
0303.19.0000,"168 -- Salmonidés (autres que truites, saumons rouges, du Pacifique, de l'Atlantique et du Danube) congelés, à l'exclusion de leurs abats comestibles des n°s 0303.91 à 0303.99 et de leurs filets et autre chair du n° 03 04",10,verifie
0303.23.0000,"169 -- Tilapias (Oreochromis spp.) congelés, à l'exclusion des abats comestibles de tilapias des n°s 0303.91 à 0303.99 et de leurs filets et autre chair du n° 03 04",10,verifie
0303.24.0000,"170 -- Siluridés (Pangasius spp., Silurus spp., Clarias spp., Ictalurus spp.) congelés, à l'exclusion des abats comestibles de siluridés des n°s 0303.91 à 0303.99 et de leurs filets et autre chair du n° 03 04",10,verifie
0303.25.0000,"171 -- Carpes (Cyprinus carpio ... Mylopharyngodon piceus) congelés, à l'exclusion des abats comestibles de carpes des n°s 0303.91 à 0303.99 et de leurs filets et autre chair du n° 03 04",10,verifie
0303.26.0000,"172 -- Anguilles (Anguilla spp.) congelés, à l'exclusion des abats comestibles d'anguilles des n°s 0303.91 à 0303.99 et de leurs filets et autre chair du n° 03 04 Page 19 de 566",10,verifie
0303.29.0000,"173 -- Perches du Nil (Lates niloticus) et poissons tête de serpent (Channa spp.) congelés, à l'exclusion de leurs abats comestibles des n°s 0303.91 à 0303.99 et de leurs filets et autre chair du n° 03 04",10,verifie
0303.31.0000,"174 -- Flétans (Reinhardtius hippoglossoides ... Hippoglossus stenolepis) congelés, à l'exclusion des abats comestibles de flétans des n°s 0303.91 à 0303.99 et de leurs filets et autre chair du n° 03 04",10,verifie
0303.32.0000,"175 -- Plies ou carrelets (Pleuronectes platessa) congelés,à l'exclusion de leurs abats comestibles des n°s 0303.91 à 0303.99 et de leurs filets et autre chair du n° 03.04",10,verifie
0303.33.0000,"176 -- Soles (Solea spp.) congelés, à l'exclusion des abats comestibles de soles des n°s 0303.91 à 0303.99 et de leurs filets et autre chair du n° 03 04",10,verifie
0303.34.0000,"177 -- Turbots (Psetta maxima,) congelés, à l'exclusion des abats comestibles de turbots des n°s 0303.91 à 0303.99 et de leurs filets et autre chair du n° 03 04",10,verifie
0303.39.0000,"178 '-- Poissons plats (autres que flétans, plies ou carrelets, soles et turbots) congelés,  à l'exclusion de leurs abats comestibles des n°s 0303.91 à 0303.99 et de leurs filets et autre chair du n° 03 04",10,verifie
0303.41.0000,"179 -- Thons blancs ou germons (Thunnus alalunga) congelés,  à l'exclusion de leurs abats comestibles des n°s 0303.91 à 0303.99 et de leurs filets et autre chair du n° 03 04 Page 20 de 566",10,verifie
0303.42.0000,"180 -- Thons à nageoires jaunes (Thunnus albacares) congelés,  à l'exclusion de leurs abats comestibles des n°s 0303.91 à 0303.99 et de leurs filets et autre chair du n° 03 04",10,verifie
0303.43.0000,"181 -- Listaos (bonites à ventre rayé) (Katsuwonus pelamis) congelés, à l'exclusion de leurs abats comestibles des n°s 0303.91 à 0303.99 et de leurs filets et autre chair du n° 03 04",10,verifie
0303.44.0000,"182 -- Thons obèses (Thunnus obesus) congelés, à l'exclusion de leurs abats comestibles des n°s 0303.91 à 0303.99 et de leurs filets et autre chair du n° 03 04",10,verifie
0303.45.0000,"183 -- Thons rouges de l'Atlantique et du Pacifique (Thunnus thynnus, Thunnus orientalis) congelés, à l'exclusion de leurs abats comestibles des n°s 0303.91 à 0303.99 et de leurs filets et autre chair du n° 03 04",10,verifie
0303.46.0000,"184 -- Thons rouges du sud (Thunnus maccoyii) congelés, à l'exclusion de leurs abats comestibles des n°s 0303.91 à 0303.99 et de leurs filets et autre chair du n° 03.04",10,verifie
0303.49.0000,"185 -- Autres thons (du genre thunnus) congelés,  non dénommés ni compris ailleurs, à l'exclusion de leurs abats comestibles des n°s 0303.91 à 0303.99 et de leurs filets et autre chair du n° 03 04 Page 21 de 566",10,verifie
0303.51.0000,"186 -- Harengs (Clupea harengus, Clupea pallasii) congelés, à l'exclusion de leurs abats comestibles des n°s 0303.91 à 0303.99 et de leurs filets et autre chair du n° 03 04",10,verifie
0303.53.0000,"187 -- Sardines (Sardina pilchardus...),sardinelles (Sardinella spp.), sprats ou esprots (...) congelés, à l'exclusion de leurs abats comestibles des n°s 0303.91 à 0303.99 et de leurs filets et autre chair du n° 03 04",10,verifie
0303.54.0000,"188 -- Maquereaux (Scomber scombrus, Scomber australasicus, Scomber japonicus) congelés, à l'exclusion de leurs abats comestibles des n°s 0303.91 à 0303.99 et de leurs filets et autre chair du n° 03.04",10,verifie
0303.55.0000,"189 -- Chinchards (Trachurus spp.) congelés, à l'exclusion de leurs abats comestibles des n°s 0303.91 à 0303.99 et de leurs filets et autre chair du n° 03 04",10,verifie
0303.56.0000,"190 -- Mafous (Rachycentron canadum) congelés, à l'exclusion de leurs abats comestibles des n°s 0303.91 à 0303.99 et de leurs filets et autre chair du n° 03 04",10,verifie
0303.57.0000,"191 -- Espadons (Xiphias gladius) congelés, à l'exclusion de leurs abats comestibles des n°s 0303.91 à 0303.99 et de leurs filets et autre chair du n° 03 04",10,verifie
0303.59.0000,"192 -- Autres poissons congélés, non dénommés ni compris ailleurs du n° 0303.5, à l'exclusion de leurs abats comestibles des n°s 0303.91 à 0303.99 et de leurs filets et autre chair du n° 03 04 Page 22 de 566",10,verifie
0303.63.0000,"193 -- Morues (Gadus morhua, Gadus ogac, Gadus macrocephalus) congelés, à l'exclusion de leurs abats comestibles des n°s 0303.91 à 0303.99 et de leurs filets et autre chair du n° 03 04",10,verifie
0303.64.0000,"194 -- Eglefins (Melanogrammus aeglefinus) congelés, à l'exclusion de leurs abats comestibles des n°s 0303.91 à 0303.99 et de leurs filets et autre chair du n° 03 04",10,verifie
0303.65.0000,"195 -- Lieus noirs (Pollachius virens) congelés, à l'exclusion de leurs abats comestibles des n°s 0303.91 à 0303.99 et de leurs filets et autre chair du n° 03 04",10,verifie
0303.66.0000,"196 -- Merlus (Merluccius spp., Urophycis spp.) congelés, à l'exclusion de leurs abats comestibles des n°s 0303.91 à 0303.99 et de leurs filets et autre chair du n° 03 04",10,verifie
0303.67.0000,"197 -- Lieus d'Alaska (Theragra chalcogramma) congelés, à l'exclusion de leurs abats comestibles des n°s 0303.91 à 0303.99 et de leurs filets et autre chair du n° 03.04",10,verifie
0303.68.0000,"198 -- Merlans bleus (Micromesistius poutassou, micromesistius australis) congelés, à l'exclusion de leurs abats comestibles des n°s 0303.91 à 0303.99 et de leurs filets et autre chair du n° 03 04",10,verifie
0303.69.0000,"199 -- Autres poissons, non dénommés ni compris ailleurs du n° 0303.6, congelés, à l'exclusion de leurs abats comestibles des n°s 0303.91 à 0303.99 et de leurs filets et autre chair du n° 03 04 Page 23 de 566",10,verifie
0303.81.0000,"200 -- Squales congelés, à l'exclusion de leurs abats comestibles des n°s 0303.91 à 0303.99 et de leurs filets et autre chair du n° 03 04",10,verifie
0303.82.0000,"201 -- Raies (Rajidae) congelés, à l'exclusion de leurs abats comestibles des n°s 0303.91 à 0303.99 et de leurs filets et autre chair du n° 03 04",10,verifie
0303.83.0000,"202 -- Légines (Dissostichus spp.) congelés, à l'exclusion de leurs abats comestibles des n°s 0303.91 à 0303.99 et de leurs filets et autre chair du n° 03 04",10,verifie
0303.84.0000,"203 -- Bars (Dicentrarchus spp.) congelés, à l'exclusion de leurs abats comestibles des n°s 0303.91 à 0303.99 et de leurs filets et autre chair du n° 03 04",10,verifie
0303.89.0000,"204 -- Autres poissons congelés, non dénommés ni compris ailleurs du n° 0303.8, à l'exclusion de leurs abats comestibles des n°s 0303.91 à 0303.99 et de leurs filets et autre chair du n° 03 04",10,verifie
0303.91.0000,"205  --  Foies, oeufs et laitances de poissons comestibles, congélés",20,verifie
0303.92.0000,"206  --  Ailerons de requins, congélés",20,verifie
0303.99.0000,"207 -- Nageoires, têtes, queues, vessies natatoires et autres abats de poissons comestibles (à l'exclusion des foies, œufs, laitances et ailerons de requins), congélés, du n° 0303 9",20,verifie
0304.31.0000,208  -- Filets de tilapias (Oreochromis spp.) frais ou réfrigérés,20,verifie
0304.32.0000,"209 -- Filets de siluridés (Pangasius spp., Silurus spp., Clarias spp., Ictalurus spp.) frais ou réfrigérés Page 24 de 566",20,verifie
0304.33.0000,210  -- Filets de perches du Nil (Lates niloticus) frais ou réfrigérés,20,verifie
0304.39.0000,"211 -- Filets de carpes (Cyprinus … piceus), d'anguilles (Anguilla spp.) et de poissons tête de serpent (Channa spp.), frais ou réfrigérés",20,verifie
0304.41.0000,"212 -- Filets de saumons du Pacifique (Oncorhy...), saumons de l'Atlantique (Salmo salar) et saumons du Danube (Hucho ) frais ou réfrigérés",20,verifie
0304.42.0000,"213 -- Filets de truites (Salmo trutta, Oncorhynchus mykiss ... chrysogaster) , frais ou réfrigérés",20,verifie
0304.43.0000,"214 -- Filets de poissons plats (Pleuronectidés, Bothidés, Cynoglossidés, Soléidés, Scophthalmidés et Citharidés) , frais ou réfrigérés",20,verifie
0304.44.0000,"215 -- Filets de poissons des familles Bregmacerotidae ... Muraenolepididae , frais ou réfrigérés",20,verifie
0304.45.0000,"216  -- Filets d'espadons (Xiphias gladius) , frais ou réfrigérés",20,verifie
0304.46.0000,"217  -- Filets de légines (Dissostichus spp.) , frais ou réfrigérés",20,verifie
0304.47.0000,218  -- Filets de squales frais ou refrigérés,20,verifie
0304.48.0000,219  --  Filets de raies (sajidae) frais ou refrigérés,20,verifie
0304.49.0000,"220  -- Autres filets de poissons frais ou réfrigérés,  non dénommés ailleurs",20,verifie
0304.51.0000,"221 -- Chair de tilapias..., siluridés.., carpes..., anguilles..., perches du Nil... et poissons tête de serpent..., fraîche ou réfrigérée",20,verifie
0304.52.0000,222  -- Chair de salmonidés fraîche ou réfrigérée Page 25 de 566,20,verifie
0304.53.0000,"223 -- Chair de poissons des familles Bregmacerotidae ... Muraenolepididae, fraîche ou réfrigérée",20,verifie
0304.54.0000,"224  -- Chair d'espadons (Xiphias gladius), fraîche ou réfrigérée",20,verifie
0304.55.0000,"225  -- Chair de légines (Dissostichus spp.), fraîche ou réfrigérée",20,verifie
0304.56.0000,"226  -- Chair de squales (même hachée), autre que filets, fraiche ou réfrigérée",20,verifie
0304.57.0000,"227  --  Chair de raies (Rajidae), même hachée, autre que filets, fraiche ou réfrigérée",20,verifie
0304.59.0000,"228 -- Autres chairs de poissons fraîches ou réfrigérées, non dénommées ni compris ailleurs",20,verifie
0304.61.0000,229  -- Filets de tilapias (Oreochromis spp.) congelés,20,verifie
0304.62.0000,"230 -- Filets de siluridés (Pangasius spp., Silurus spp., Clarias spp., Ictalurus spp.) congelés",20,verifie
0304.63.0000,231  -- Filets de perches du Nil (Lates niloticus) congelés,20,verifie
0304.69.0000,"232 -- Filets de carpes (Cyprinus … piceus), d'anguilles (Anguilla spp.) et de poissons tête de serpent (Channa spp.), congelés",20,verifie
0304.71.0000,"233  -- Filets de morues (Gadus morhua, Gadus ogac, Gadus macrocephalus) congelés",20,verifie
0304.72.0000,234  -- Filets de eglefins (Melanogrammus aeglefinus) congelés,20,verifie
0304.73.0000,235  -- Filets de lieus noirs (Pollachius virens) congelés,20,verifie
0304.74.0000,"236  -- Filets de merlus (Merluccius spp., Urophycis spp.) congelés",20,verifie
0304.75.0000,237  -- Filets de lieus d'Alaska (Theragra chalcogramma) congelés Page 26 de 566,20,verifie
0304.79.0000,238 -- Autres filets de poissons des familles Bregmacerotidae ... Muraenolepididae congelés,20,verifie
0304.81.0000,"239 -- Filets de saumons du Pacifique (Oncorhy...), saumons de l'Atlantique (Salmo salar) et saumons du Danube (Hucho ) congelés",20,verifie
0304.82.0000,"240 -- Filets de truites (Salmo trutta, Oncorhynchus mykiss ... chrysogaster) , congelés",20,verifie
0304.83.0000,"241 -- Filets de poissons plats (Pleuronectidés, Bothidés, Cynoglossidés, Soléidés, Scophthalmidés et Citharidés) , congelés",20,verifie
0304.84.0000,"242  -- Filets d'espadons (Xiphias gladius) , congelés",20,verifie
0304.85.0000,243  -- Filets de légines (Dissostichus spp.) congelés,20,verifie
0304.86.0000,"244  -- Filets de Harengs (Clupea harengus, Clupea pallasii) congelés",20,verifie
0304.87.0000,"245 -- Filets de thons (du genre Thunnus), listaos ou bonites à ventre rayé (Euthynnus (Katsuwonus) pelamis) congelés",20,verifie
0304.88.0000,"246  -- Filets de squales, raies (Rajidae), congélés",20,verifie
0304.89.0000,"247  -- Autres filets de poissons congelés, non dénommés ni compris ailleurs",20,verifie
0304.91.0000,248  -- Chair d'espadons (Xiphias gladius) congelée,20,verifie
0304.92.0000,249  -- Chair de légines (Dissostichus spp.) congelée,20,verifie
0304.93.0000,"250 -- Chair de tilapias..., siluridés.., carpes..., anguilles..., perches du Nil... et poissons tête de serpent..., congelée Page 27 de 566",20,verifie
0304.94.0000,251  -- Chair de lieus d'Alaska (Theragra chalcogramma) congelée,20,verifie
0304.95.0000,252 -- Chair de poissons des familles Bregmacerotidae... autres que les lieus d'Alaska (...) congelée,20,verifie
0304.96.0000,"253  --  Chair de squales (même hachée), autre que filets, congélées",20,verifie
0304.97.0000,"254  --  Chair de raies (Rajidae), même hachée, autre que filets congélées",20,verifie
0304.99.0000,"255  -- Autres chairs de poissons congelées, non dénommées ailleurs",20,verifie
0305.20.0000,"256  - Foies, oeufs et laitances de poissons, séchés, fumés, salés ou en saumure",20,verifie
0305.31.0000,"257 -- Filets de tilapia...,siluridé..,carpe...,anguille..., perche du Nil... et poissons tête de...,séchés, salés ou en saumure, mais non fumés",20,verifie
0305.32.0000,"258 -- Filets de poissons des familles Bregmacerotidae … Muraenolepididae, séchés, salés ou en saumure, mais non fumés",20,verifie
0305.39.0000,"259 -- Autres filets de poissons, autres que tilapias …, poissons des familles Bregmacerotidae …, séchés, salés ou en saumure mais non fumés",20,verifie
0305.41.0000,"260 -- saumons du Pacifique(..), de l'Atlantique(..) et du Danube( ..) fumés, y compris les filets, autres que les abats de poissons comestibles",20,verifie
0305.42.0000,"261 -- Harengs (Clupea harengus, Clupea pallasii) fumés, y compris les filets, autres que les abats de poissons comestibles Page 28 de 566",20,verifie
0305.43.0000,"262 -- Truites (Salmo trutta ... chrysogaster) fumés, y compris les filets, autres que les abats de poissons comestibles",20,verifie
0305.44.0000,"263 --  Tilapia..,siluridé..,carpe.... et poissons tête de serpent..  fumés, y compris les filets, autres que les abats de poissons comestibles",20,verifie
0305.49.0000,"264 -- Autres poissons fumés,  y compris les filets, autres que les abats de poissons comestibles, saumons…, harengs…, truites tilapias",20,verifie
0305.51.0000,"265 -- Morues (Gadus morhua, Gadus ogac, Gadus macrocephalus) séchées, autres que les abats de poissons comestibles, même salées mais non fumées",20,verifie
0305.52.0000,"266 --  Tilapia..,siluridé..,carpe…,anguille...et poissons tête de serpent...  séchés, autr que les abats comestibles, même salés mais non fumés",20,verifie
0305.53.0000,"267 -- Poissons des familles Bregmacerotidae,... autres que morues (...), séchés, autres que les abats comestibles même salés mais non fumés",20,verifie
0305.54.0000,"268 Harengs...sardines…sardinelles…maquerea ux...chinchards, voiliers…, séchés, autres que les abats comestibles, même salés mais non fumés",20,verifie
0305.59.0000,"269 -- Poissons séchés, autres que les morues (…) et les abats de poissons comestibles, même salés mais non fumés Page 29 de 566",20,verifie
0305.61.0000,"270 -- Harengs (Clupea harengus, pallasii) salés mais non séchés ni fumés et harengs en saumure, autres que leurs abats comestibles",20,verifie
0305.62.0000,"271 -- Morues (Gadus morhua,  ogac, macrocephalus) salées mais non séchées ni fumées et morues en saumure, autres que leurs abats comestibles",20,verifie
0305.63.0000,"272 -- Anchois (Engraulis spp.) salés mais non séchés ni fumés et anchois en saumure, autres que leurs abats comestibles",20,verifie
0305.64.0000,"273 -- Tilapia..,siluridé..,carpe.... et poissons tête de ...  salés mais non séchés ni fumés ou en saumure, autres que leurs abats comestibles",20,verifie
0305.69.0000,"274 -- Autres poissons salés mais non séchés ni fumés ou en saumure, autres que leurs abats comestibles, harengs…, morues…, anchois et tilapias",20,verifie
0305.71.0000,275  -- Ailerons de requins,20,verifie
0305.72.1000,276  --- Têtes de morues,20,verifie
0305.72.9000,"277  --- Têtes autres que de morues, queues et vessies natatoires de poissons",20,verifie
0305.79.0000,278 -- Nageoires autres que  ailerons de requins et autres abats de poissons comestibles,20,verifie
0306.11.0000,"279  -- Langoustes (Palinurus spp., Panulirus spp., Jasus spp.) congelées",20,verifie
0306.12.0000,280  -- Homards (Homarus spp.) congelés,20,verifie
0306.14.0000,281  -- Crabes congelés,20,verifie
0306.15.0000,282  -- Langoustines (Nephrops norvegicus) congelées,20,verifie
0306.16.0000,"283  -- Crevettes d'eau froide (Pandalus spp., Crangon crangon) congelées Page 30 de 566",20,verifie
0306.17.0000,284  -- Autres crevettes congelées,20,verifie
0306.19.0000,"285 -- Crustacés congélés, même décortiqués, autres que langoustes, homards, crabes, langoustines et crevettes",20,verifie
0306.31.0000,"286 -- Langoustes (Palinurus spp., Panulirus spp., Jasus spp.), vivantes, fraiches,réfrigérées",20,verifie
0306.32.0000,"287  -- Homards (Homarus spp.), vivants, frais, réfrigérés",20,verifie
0306.33.0000,"288  -- Crabes, vivants, frais, réfrigérés",20,verifie
0306.34.0000,"289  -- Langoustines (Nephrops norvegicus), vivantes, fraiches, réfrigérées",20,verifie
0306.35.0000,"290 -- Crevettes d'eau froide (Pandalus spp., Crangon crangon), vivantes, fraiches, réfrigérées",20,verifie
0306.36.0000,"291  -- Crevettes autres que d'eau froide, vivantes, fraiches, réfrigérées",20,verifie
0306.39.0000,"292 -- Crustacés vivants, frais ou réfrigérés, autres que langoustes, homards, crabes, langoustines et crevettes",20,verifie
0306.91.0000,"293 --  Langoustes (Palinurus spp., Panulirus spp., Jasus spp.), autres que congélées, vivantes, fraiches ou réfrigérées",20,verifie
0306.92.0000,"294  --  Homards (Homarus spp.),  autres que congélés, vivants, frais ou réfrigérés",20,verifie
0306.93.0000,"295  -- Crabes, autres que congélés, vivants, frais ou réfrigérés",20,verifie
0306.94.0000,"296 -- Langoustines (Nephrops norvegicus), autres que congélées, vivantes, fraiches ou réfrigérées",20,verifie
0306.95.0000,"297  -- Crevettes autres que congélées, vivantes, fraiches ou réfrigérées Page 31 de 566",20,verifie
0306.99.0000,"298 -- Crustacés (à l'exclusion des langoustes, homards, crabes, langoustines et crevettes), autres que congélés, vivants, frais ou réfrigérés",20,verifie
0307.11.0000,"299  -- Huîtres vivantes, fraîches ou réfrigérées",20,verifie
0307.12.0000,300  -- Huîtres congelées,20,verifie
0307.19.0000,"301 -- Huîtres séchées, salées ou en saumure, même décortiqués, fumés, même cuits avant ou pendant le fumage, autres que vivantes, fraîches, réfrigérées ou congélées",20,verifie
0307.21.0000,"302 -- Coquilles St Jacques et autres mollusques de la famille Pectinidae, vivants, frais ou réfrigérés",20,verifie
0307.22.0000,"303 -- Coquilles St Jacques et autres mollusques de la famille Pectinidae, congelés",20,verifie
0307.29.0000,"304 -- Coquilles St Jacques et autres mollusques de la famille Pectinidae, séchées, salées ou en saumure, même décortiqués, fumés, même cuits avant ou pendant le fumage, autres que vivantes, fraîches réfrigérées ou congélées",20,verifie
0307.31.0000,"305  -- Moules (Mytilus spp., Perna spp.) vivantes, fraîches ou réfrigérées",20,verifie
0307.32.0000,"306  -- Moules (Mytilus spp., Perna spp.) congelées",20,verifie
0307.39.0000,"307 -- Moules (Mytilus spp., Perna spp.) séchées, salées ou en saumure, même décortiqués, fumés, même cuits avant ou pendant le fumage, autres que vivantes, fraîches réfrigérées ou congélées",20,verifie
0307.42.0000,"308  -- Seiches et sépioles, calmars et encornets, vivants, frais ou réfrigerés Page 32 de 566",20,verifie
0307.43.0000,"309  -- Seiches et sépioles, calmars et encornets, congelés",20,verifie
0307.49.0000,"310 -- Seiches et sépioles, calmars et encornets, séchées, salées ou en saumure, même décortiqués, fumés, même cuits avant ou pendant le fumage, autres que vivantes, fraîches, réfrigérées ou congélées",20,verifie
0307.51.0000,"311  -- Poulpes ou pieuvres (Octopus spp.) vivants, frais ou réfrigérés",20,verifie
0307.52.0000,312  -- Poulpes ou pieuvres (Octopus spp.) congelés,20,verifie
0307.59.0000,"313 -- Poulpes ou pieuvres (Octopus spp.) séchées, salées ou en saumure, même décortiqués, fumés, même cuits avant ou pendant le fumage, autres que vivantes, fraîches réfrigérées ou congélées",20,verifie
0307.60.0000,314  - Escargots autres que de mer,20,verifie
0307.71.0000,"315 -- Clams, coques et arches (familles Arcidae...Veneridae) vivants, frais ou réfrigérés",20,verifie
0307.72.0000,"316  -- Clams, coques et arches (familles Arcidae...Veneridae),  congelés",20,verifie
0307.79.0000,"317 -- Clams, coques et arches (familles Arcidae...Veneridae) séchées, salées ou en saumure, même décortiqués, fumés, même cuits avant ou pendant le fumage, autres que vivantes, fraîches, réfrigérées ou congélées",20,verifie
0307.81.0000,"318  -- Ormeaux (Haliotis spp.) vivants, frais ou réfrigérés",20,verifie
0307.82.0000,"319  --  Strombes (Strombus spp.) vivants, frais ou réfrigérés",20,verifie
0307.83.0000,320  --  Ormeaux (Haliotis spp.) congelés Page 33 de 566,20,verifie
0307.84.0000,321  --  Strombes (Strombus spp.) congelés,20,verifie
0307.87.0000,"322 --  Ormeaux (Haliotis spp.), séchées, salées ou en saumure, même décortiqués, fumés, même cuits avant ou pendant le fumage, autres que vivantes, fraîches, réfrigérées ou congélées",20,verifie
0307.88.0000,"323 -- Strombes (Strombus spp.), séchées, salées ou en saumure, même décortiqués, fumés, même cuits avant ou pendant le fumage, autres que vivantes, fraîches, réfrigérées ou congélées",20,verifie
0307.91.0000,"324  -- Autres mollusques du N°03.07 vivants, frais ou réfrigérés",20,verifie
0307.92.0000,325  -- Autres mollusques du N° 03.07 congelés,20,verifie
0307.99.0000,"326 -- Autres mollusques séchées, salées ou en saumure, même décortiqués, fumés, même cuits avant ou pendant le fumage, autres que vivantes, fraîches, réfrigérées ou congélées",20,verifie
0308.11.0000,"327 -- Bêches-de-mer (Stichopus japonicus, Holothurioidea) vivantes, fraîches ou réfrigérées",20,verifie
0308.12.0000,"328  -- Bêches-de-mer (Stichopus japonicus, Holothurioidea) congelées",20,verifie
0308.19.0000,"329 -- Bêches-de-mer (Stichopus japonicus, Holothurioidea) autres que vivantes, fraîches, réfrigérées ou congélées",20,verifie
0308.21.0000,"330 -- Oursins (Strongylocentrotus spp., Paracentrotus lividus, Loxechinus albus, Echichinus esculentus) vivants, frais ou réfrigérés Page 34 de 566",20,verifie
0308.22.0000,"331 -- Oursins (Strongylocentrotus spp., Paracentrotus lividus, Loxechinus albus, Echichinus esculentus) congelés",20,verifie
0308.29.0000,"332 --  Oursins (Strongylocentrotus spp, Paracentrotus lividus, Loxechinus albus, Echichinus esculentus) autres que vivants, frais réfrigérés ou congélés",20,verifie
0308.30.0000,333  - Méduses (Rhopilema spp.),20,verifie
0308.90.0000,"334 - Autres invertébrés aquatiques (autres que crustacés, mollusques), vivants, frais, réfrigérés, congelés, séchés, salés ou en saumure, ou fumés, même cuits avant ou pendant le fumage",20,verifie
0309.10.0000,"335 - Farines de poisson, poudres et agglomérés sous forme de pellets de poisson, propres à l’alimentation humaine.",10,verifie
0309.90.1000,"336 -- Farines de crustacés, poudres et agglomérés sous forme de pellets de crustacés, propres à l’alimentation humaine",10,verifie
0309.90.9000,"337 -- Farines de mollusques ou d'autres invertébrés aquatiques, poudres et agglomérés sous forme de pellets de mollusques ou d'autres invertébrés aquatiques, propres à l’alimentation humaine",10,verifie
0401.10.0000,"338 - Lait et crème de lait, non concentrés ni additionnés de sucre ou d'autres édulcorants d'une teneur en poids de matières grasses n'excédant pas 1% Page 35 de 566",20,verifie
0401.20.0000,"339 - Lait et crème de lait, non concentrés ni additionnés de sucre ou d'autres édulcorants d'une teneur en poids de matières grasses excédant 1% mais n'excédant pas 6%",20,verifie
0401.40.0000,"340 -Lait et crème de lait, non concentrés ni additionnés de sucre ou d'autres édulcorants d'une teneur en poids de matières grasses excédant 6% mais n'excédant pas 10%",20,verifie
0401.50.0000,"341 -  Lait et crème de lait, non concentrés ni additionnés de sucre ou d'autres édulcorants  d'une teneur en poids de matières grasses excédant 10 %",20,verifie
0402.10.1000,"342 -- Lait et crème de lait, concentrés ou additionnés de sucre ou d'autres édulcorants, en poudre, en granulés, ou sous d'autres formes solides, d'une teneur en poids de matières grasses n'excédant pas 1,5%, conditionnés en emballage de 25Kg ou plus",5,verifie
0402.10.2100,"343 --- Lait et crème de lait, concentrés ou additionnés de sucre ou d'autres édulcorants, en poudre, en granulés, ou sous d'autres formes solides, d'une teneur en poids de matières grasses n'excédant pas 1,5%, conditionnés en emballages de moins de 25Kg des types dont la vente est réservée exclusivement en pharmacie Page 36 de 566",5,verifie
0402.10.2900,"344 ---Lait et crème de lait, concentrés ou additionnés de sucre ou d'autres édulcorants, en poudre, en granulés, ou sous d'autres formes solides, d'une teneur en poids de matières grasses n'excédant pas 1,5%, conditionnés en emballages de moins de 25Kg autres que ceux des types dont la vente est réservée exclusivement h i",10,verifie
0402.21.1000,"345 --- Lait et crème de lait, ccentrés  sans add. de sucre...en poudre..., ten. en poids mat. gras. excéd.1,5%, cond. en embal. de 25Kg ou plus",5,verifie
0402.21.2100,"346 ----  Lait ..., ccentrés  sans add. de sucre...en poudre..., ten. en poids mat. gr. excéd.1,5%, en embal. de moins de 25Kg vente en Phcie",5,verifie
0402.21.2900,"347 ---- Lait..., ccentrés  sans add. de sucre...en poudre..., ... mat. gr. excéd.1,5%, en embal. de moins de 25Kg  autres que vente en Phcie",10,verifie
0402.29.1000,"348 --- Lait et crème de lait, ccentrés add. de sucre...en poudre..., ten. en poids mat. gras. excéd.1,5%, cond. en embal. de 25Kg ou plus",5,verifie
0402.29.2100,"349 ---- Lait et crème de lait, ccentrés add. de sucre...en poudre..., ten. en poids mat. gr. excéd.1,5%, en embal. moins de 25Kg vente en Phcie",5,verifie
0402.29.2900,"350 ---- Lait ..., ccentrés add. de sucre...en poudre..., ten. en poids mat. gr. excéd.1,5%, en embal. moins de 25Kg autres que vente en Phcie Page 37 de 566",10,verifie
0402.91.1000,351 --- Lait et crème de lait concentrés sans addition de sucre ou d'autres édulcorants sous d'autres formes  en emballages de 25 Kg ou plus,10,verifie
0402.91.2000,352 --- Lait et crème de lait concentrés sans addition de sucre ou d'autres édulcorants sous d'autres formes  en emballages de moins de 25 kg,20,verifie
0402.99.0000,353 -- Lait et crème de lait concentrés additionnés de sucre ou d'autres édulcorants sous d'autres formes,20,verifie
0403.20.1000,"354  -- Yoghourt nature, non additionné de fruits ou de cacao",35,verifie
0403.20.2000,355  --  Yoghourt additionné de fruits mais non additionné de cacao,35,verifie
0403.20.3000,"356  --  Yoghourt additionné de cacao, mais non additionné de fruits",35,verifie
0403.20.9000,357  -- Autres yoghourts du N° 04.03,35,verifie
0403.90.1100,358  --- Babeurre en poudre,5,verifie
0403.90.1900,359  ---Babeurre  autre qu'en poudre,5,verifie
0403.90.9100,"360 --- Lait et crème caillés, képhir et autres laits et crèmes fermentés ou acidifiés en poudre",10,verifie
0403.90.9900,"361 --- Lait et crème caillés, képhir et autres laits et crèmes fermentés ou acidifiés autres qu'en poudre",20,verifie
0404.10.0000,"362 - Lactosérum, modifié ou non, même concentré ou additionné de sucre ou d'autres édulcorants",5,verifie
0404.90.0000,"363 - Produits consistant en composants naturels du lait, même additionnés de sucre ou d'autres édulcorants, non dénommés ni compris ailleurs",20,verifie
0405.10.0000,364  - Beurre Page 38 de 566,20,verifie
0405.20.0000,365  - Pâtes à tartiner laitières,20,verifie
0405.90.1000,366  -- Huiles de beurre et matières grasses de beurre,5,verifie
0405.90.9000,367 -- Matières grasses provenant du lait autre que huiles de beurre et matières grasses de beurre,20,verifie
0406.10.0000,"368  - Fromages frais (non affinés), y compris le fromage de lactosérum, et caillebotte",20,verifie
0406.20.0000,"369  - Fromages râpés ou en poudre, de tous types",20,verifie
0406.30.0000,"370  - Fromages fondus, autres que râpés ou en poudre",20,verifie
0406.40.0000,371 - Fromages à pâte persillée et autres fromages présentant des marbrures obtenues en utilisant du Penicillium roqueforti,20,verifie
0406.90.0000,372  - Autres fromages,20,verifie
0407.11.0000,373 -- Œufs fertilisés de volailles de l'espèce Gallus domesticus (coqs et poules domestiques) destinée à l'incubation,5,verifie
0407.19.0000,374 -- Oeufs fertilisés d'oiseaux en coquilles autres que de volailles de  l'espèce Gallus domesticus (coqs et poules domestiques) destinés à l'incubation,5,verifie
0407.21.0000,375 -- Œufs frais de volailles en coquilles de l'espèce Gallus domesticus (coqs et poules domestiques) autres que ceux destinés à l'incubation,35,verifie
0407.29.0000,"376 -- Œufs frais d'oiseaux en coquilles, autres que de volailles de l'espèce Gallus domesticus (coqs et poules domestiques), non destinés à l'incubation",35,verifie
0407.90.0000,377  - Autres œufs d'oiseaux en coquille conservés ou cuits Page 39 de 566,35,verifie
0408.11.0000,378  -- Jaunes d'œufs séchés,20,verifie
0408.19.0000,379  -- Jaunes d'œufs autres que séchés,20,verifie
0408.91.0000,"380  -- Œufs d'oiseaux, dépourvus de leurs coquilles, séchés",20,verifie
0408.99.0000,"381 -- Œufs d'oiseaux, dépourvus de leurs coquilles, frais cuits à l'eau ou à la vapeur, moulés, congelés ou autrement conservés, même additionnés de sucre ou d'autres édulcorants",20,verifie
0409.00.0000,382  Miel naturel.,20,verifie
0410.10.0000,383  - Insectes comestibles.,20,verifie
0410.90.0000,"384 - Produits comestibles d’origine animale, autres qu'insectes, non dénommés ni compris ailleurs.",20,verifie
0501.00.0000,"385  Cheveux bruts, même lavés ou dégraissés; déchets de cheveux.",5,verifie
0502.10.0000,386  - Soies de porc ou de sanglier et déchets de ces soies,5,verifie
0502.90.0000,387  - Poils de blaireau et autres poils pour la brosserie; déchets de ces poils.,5,verifie
0504.00.0000,"388 Boyaux, vessies et estomacs d'animaux, entiers ou en morceaux, autres que ceux de poissons, à l'état frais, réfrigéré, congelé, salé ou en saumure, séché ou fumé",5,verifie
0505.10.0000,"389 - Plumes des espèces utilisées pour le rembourrage, duvet, bruts ou simplement nettoyés, désinfectés ou traités en vue de leur conservation",5,verifie
0505.90.0000,390 - Peaux et autres parties d'oiseaux revêtues de leurs plumes ou de leur duvet; poudres et déchets de plumes ou de parties de plumes,5,verifie
0506.10.0000,391  - Osséine et os acidulés Page 40 de 566,5,verifie
0506.90.0000,"392 - Os et cornillons, bruts, dégraissés, simplement préparés (mais non découpés en forme), dégélatinés; leurs poudre et déchet y compris ceux de l'osseine et des os acidulés",5,verifie
0507.10.1000,"393 -- Défenses (ivoires) d'éléphants, bruts ou simplement préparés, mais non découpés en forme",5,verifie
0507.10.9000,394  -- Ivoires autres que défenses d'éléphants; poudre et déchets d'ivoires,5,verifie
0507.90.0000,"395 - Ecaille de tortue, fanons (y compris les barbes) de baleine ou d'autres mammifères marins, cornes, bois, sabots, ongles, griffes et becs, bruts ou simplement préparés, mais non découpés en forme; poudres et déchets de ces matières",5,verifie
0508.00.0000,"396 Corail et matières similaires, bruts ou simplement préparés, mais non autrement travaillés; coquilles et carapaces de molusques, de crustacés ou d'échinodermes et os de seiches, bruts ou simplement préparés, mais non découpés en forme leurs poudres et leurs déchets",5,verifie
0510.00.0000,"397 Ambre gris, castoréum, civette et musc; cantharides; bile, même séchée; glandes et autres subst. d'origine animale utilisées provisoire",5,verifie
0511.10.0000,398  - Sperme de taureaux,5,verifie
0511.91.0000,"399 -- Produits de poissons ou de crustacés, mollusques ou autres invertébrés aquatiques; animaux morts du Chap.3 impropres à l'alimentation humaine Page 41 de 566",5,verifie
0511.99.0000,400 -- Autres produits d'origine animale non dénommés ni compris ailleurs; animaux morts du chap.1 impropres à l'alimentation humaine,5,verifie
0601.10.0000,"401 - Bulbes, oignons, tubercules, racines tubéreuses, griffes et rhizomes, en repos végétatif",5,verifie
0601.20.0000,"402 - Bulbes, oignons, tubercules, racines tubéreuses, griffes et rhizomes, en végétation ou fleur; plants, plantes et racines de chicorée ( autres que les racines du n°12 12)",5,verifie
0602.10.0000,403  - Boutures non racinées et greffons,5,verifie
0602.20.0000,"404 - Arbres, arbustes, arbrisseaux et buissons, à fruits comestibles, greffés ou non",5,verifie
0602.30.0000,"405  - Rhododendrons et azalées, greffés ou non",5,verifie
0602.40.0000,"406  - Rosiers, greffés ou non",5,verifie
0602.90.0000,"407 - Autres plantes vivantes (y compris leurs racines), autres qu'à fruits comestibles, boutures racinées; blanc de champignons.",5,verifie
0603.11.0000,"408  -- Roses coupées, pour bouquets ou pour ornements, fraiches",20,verifie
0603.12.0000,"409  -- Œillets  coupés, pour bouquets ou pour ornements, frais",20,verifie
0603.13.0000,"410  -- Orchidées  coupées, pour bouquets ou pour ornements, fraiches",20,verifie
0603.14.0000,"411  -- Chrysanthèmes  coupés, pour bouquets ou pour ornements, frais",20,verifie
0603.15.0000,"412  -- Lis (Lilium spp.)  coupés, pour bouquets ou pour ornements, frais Page 42 de 566",20,verifie
0603.19.0000,"413 -- Autres fleurs et boutons de fleurs coupés, pour bouquets ou pour ornements, frais",20,verifie
0603.90.0000,"414 - Fleurs et boutons de fleurs, coupés, pour bouquets ou ornements, séchés, blanchis, teints, imprégnés ou autr. préparés, autres que frais",20,verifie
0604.20.0000,"415 - Feuillages, feuilles, rameaux et autres parties de plantes, sans fleurs ni boutons de fleurs, et herbes, mousses et lichens, pour bouquets ou pour ornements frais",20,verifie
0604.90.0000,"416 - Feuillages, feuilles, rameaux et autres parties de plantes, sans fleurs ni boutons de fleurs, et herbes, mousses et lichens, pour bouquets ou pour ornements, séchés, blanchis, teints, imprégnés ou autrement préparés autres que frais",20,verifie
0701.10.0000,"417  - Pommes de terre, à l'état frais ou réfrigéré, de semence",5,verifie
0701.90.0000,"418  - Pommes de terre, à l'état frais ou réfrigéré, autres que de semence",20,verifie
0702.00.0000,"419  Tomates, à l'état frais ou réfrigéré.",20,verifie
0703.10.0000,420  - Oignons et échalotes  à l'état frais ou réfrigéré,20,verifie
0703.20.0000,421  - Aulx  à l'état frais ou réfrigéré,20,verifie
0703.90.0000,"422 - Poireaux et autres légumes alliacés, à l'état frais ou réfrigéré, à l'exclusion des oignons, échalotes et aulx",20,verifie
0704.10.0000,"423  - Choux-fleurs et choux brocolis, à l'état frais ou réfrigéré",20,verifie
0704.20.0000,"424  - Choux de Bruxelles, à l'état frais ou réfrigéré Page 43 de 566",20,verifie
0704.90.0000,"425 - Autres choux, choux frisés, choux-raves et produits similaires du genre Brassica, à l'état frais ou réfrigéré",20,verifie
0705.11.0000,"426  -- Laitues (Lactuca sativa) pommées, à l'état frais ou réfrigéré",20,verifie
0705.19.0000,"427  -- Laitues (Lactuca sativa), à l'état frais ou réfrigéré, autres que pommées",20,verifie
0705.21.0000,"428  -- Witloof (Cichorium intybus var. foliosum), à l'état frais ou réfrigéré",20,verifie
0705.29.0000,"429  -- Chicorées (Cichorium spp.), à l'état frais ou réfrigéré, autres que les Witloof",20,verifie
0706.10.0000,430  - Carottes et navets à l'état frais ou réfrigéré,20,verifie
0706.90.0000,"431 - Betteraves à salade, salsifis, céleris-raves, radis et racines, à l'état frais ou réfrigéré autres que carottes et navets",20,verifie
0707.00.0000,"432  Concombres et cornichons, à l'état frais ou réfrigéré",20,verifie
0708.10.0000,"433  - Pois (Pisum sativum), à l'état frais ou réfrigéré",20,verifie
0708.20.0000,"434  - Haricots (Vigna spp., Phaseolus spp.), à l'état frais ou réfrigéré",20,verifie
0708.90.0000,"435  - Légumes à cosse, à l'état frais ou réfrigéré, autres que pois et haricots",20,verifie
0709.20.0000,436  - Asperges à l'état frais ou réfrigéré,20,verifie
0709.30.0000,437  - Aubergines à l'état frais ou réfrigéré,20,verifie
0709.40.0000,438  - Céleris autres que les céleris-raves à l'état frais ou réfrigéré,20,verifie
0709.51.0000,439  -- Champignons du genre Agaricus à l'état frais ou réfrigéré,20,verifie
0709.52.0000,440  -- Champignons du genre Boletus à l'état frais ou réfrigeré,20,verifie
0709.53.0000,441  -- Champignons du genre Cantharellus à l'état frais ou réfrigeré Page 44 de 566,20,verifie
0709.54.0000,442  -- Shiitake (Lentinus edodes) à l'état frais ou réfrigeré,20,verifie
0709.55.0000,"443 -- Matsutake (Tricholoma matsutake, Tricholoma magnivelare, Tricholoma anatolicum, Tricholoma dulciolens, Tricholoma caligatum)  à l'état frais ou réfrigéré",20,verifie
0709.56.0000,444  -- Truffes (Tuber spp.)  à l'état frais ou réfrigéré.,20,verifie
0709.59.0000,"445 -- Champignons autres que du genre Agaricus, et truffes à l'état frais ou réfrigéré",20,verifie
0709.60.0000,"446  - Piments du genre Capsicum ou du genre Pimenta, à l'état frais ou réfrigéré",20,verifie
0709.70.0000,"447 - Epinards, tétragones (épinards de Nouvelle-Zélande) et arroches (épinards géants), à l'état frais ou réfrigéré",20,verifie
0709.91.0000,448  -- Artichauts à l'état frais ou réfrigéré,20,verifie
0709.92.0000,449  -- Olives à l'état frais ou réfrigéré,20,verifie
0709.93.0000,"450  -- Citrouilles, courges et calebasses (Cucurbita spp.),à l'état frais ou réfrigéré",20,verifie
0709.99.1000,451  --- Maïs doux à l'état frais ou réfrigéré,20,verifie
0709.99.9000,"452 --- Autres légumes, à l'état frais ou réfrigéré du N° 07.09, non denommés ni compris ailleurs",20,verifie
0710.10.0000,"453  - Pommes de terre,non cuites ou cuites à l'eau ou à la vapeur, congelées",35,verifie
0710.21.0000,"454  -- Pois (Pisum sativum), non cuits ou cuits à l'eau ou à la vapeur, congelés",20,verifie
0710.22.0000,"455 -- Haricots (Vigna spp., Phaseolus spp.), non cuits ou cuits à l'eau ou à la vapeur, congelés Page 45 de 566",20,verifie
0710.29.0000,"456 -- Légumes à cosse, non cuits ou cuits à l'eau ou à la vapeur, congelés, autres que pois et haricots",20,verifie
0710.30.0000,"457 - Epinards, tétragones (épinards de Nouvelle-Zélande) et arroches (épinards géants), non cuits ou cuits à l'eau ou à la vapeur congelés",20,verifie
0710.40.0000,"458  - Maïs doux non cuits ou cuits à l'eau ou à la vapeur, congelés",20,verifie
0710.80.0000,"459  - Autres légumes non cuits ou cuits à l'eau ou à la vapeur, congelés, nondenommés",20,verifie
0710.90.0000,"460  - Mélanges de légumes non cuits ou cuits à l'eau ou à la vapeur, congelés",20,verifie
0711.20.0000,"461  - Olives conservées provisoirement, mais impropres à l'alimentation en l'état",20,verifie
0711.40.0000,"462 - Concombres et cornichons conservés provisoirement, mais impropres à l'alimentation en l'état",20,verifie
0711.51.0000,"463 -- Champignons du genre Agaricus conservés provisoirement, mais impropres à l'alimentation en l'état",20,verifie
0711.59.0000,"464 --Champignons autres que du genre Agaricus, et truffes,conservés provisoirement, mais impropres à l'alimentation en l'état",20,verifie
0711.90.0000,"465 - Autres légumes non denommés ni compris ailleurs, mélanges de légumes conservées provisoirement, mais impropres à l'alimentation en l'état",20,verifie
0712.20.0000,"466 - Oignons secs, même coupés en morceaux ou en tranches ou bien broyés ou pulvérisés, mais non autrement préparés Page 46 de 566",20,verifie
0712.31.0000,"467 -- Champignons du genre Agaricus secs, même coupés en morceaux ou en tranches ou bien broyés ou pulvérisés, mais non autrement préparés",20,verifie
0712.32.0000,"468 -- Oreilles-de-Judas (Auricularia s.) secs, même coupés en morceaux ou en tranches ou bien broyés ou pulvérisés, mais non autrement préparés",20,verifie
0712.33.0000,"469 -- Trémelles (Tremella spp.) seches, même coupées en morceaux ou en tranches ou bien broyées ou pulvérisées, mais non autrement préparées",20,verifie
0712.34.0000,"470 --  Shiitake (Lentinus edodes) secs, même coupés en morceaux ou en tranches ou bien broyés ou pulvérisés, mais non autrement préparés",20,verifie
0712.39.0000,"471 -- Champignons autres que du genre Agaricus, et truffes, secs, même coupés en morceaux, tranchés, broyés ou pulvérisés, mais non autrement préparés",20,verifie
0712.90.0000,"472 - Autres légumes non denommés, mélanges de légumes, secs, même coupés en morceaux, tranches, broyés ou pulvérisés mais non autr préparés",20,verifie
0713.10.1000,"473  -- Pois (Pisum sativum),secs, écossés, même décortiqués ou cassés, de semence",5,verifie
0713.10.9000,"474 -- Pois (Pisum sativum), secs, écossés, même décortiqués ou cassés, autres que de semence",20,verifie
0713.20.1000,"475  -- Pois chiches, secs, écossés, même décortiqués ou cassés, de semence",5,verifie
0713.20.9000,"476 -- Pois chiches,secs, écossés, même décortiqués ou cassés, autres que de semence Page 47 de 566",20,verifie
0713.31.1000,"477 ---  Haricots des espèces Vigna mungo (L.) Hepper ou Vigna radiata (L.) Wilczek, secs, écossés, même décortiqués ou cassés, de semence",5,verifie
0713.31.9000,"478 ---  Haricots des espèces Vigna mungo(L.) Hepper ou Vigna radiata(L.) Wilczek,secs, écossés, même décortiqués ou cassés, aut. que de semence",20,verifie
0713.32.1000,"479 --- Haricots «petits rouges» (haricots Adzuki) (Phaseolus ou Vigna angularis, secs, écossés, même décortiqués ou cassés de semence",5,verifie
0713.32.9000,"480 --- Haricots «petits rouges» (haricot Adzuki) (Phaseolus ou Vigna angularis,secs, écossés, même décortiqués ou cassés, autres que de semence",20,verifie
0713.33.1000,"481 --- Haricots communs (Phaseolus vulgaris), secs, écossés, même décortiqués ou cassés, de semence",5,verifie
0713.33.9000,"482 --- Haricots communs (Phaseolus vulgaris), ,secs,, écossés, même décortiqués ou cassés, autres que de semence",20,verifie
0713.34.1000,"483 --- Pois Bambara (Pois de terre) (Vigna subterranea ou Voandzeia subterranea), secs, écossés, même décortiqués ou cassés de semence",5,verifie
0713.34.9000,"484 --- Pois Bambara (Pois de terre) (Vigna subterranea, Voandzeia subterranea), secs, écossés, même décortiqués ou cassés, aut. que de semence Page 48 de 566",20,verifie
0713.35.1000,"485 --- Dolique à œil noir (Pois du Brésil, Niébé) (Vigna unguiculata), secs, écossés, même décortiqués ou cassés, de semence",5,verifie
0713.35.9000,"486 --- Dolique à œil noir (Pois du Brésil, Niébé) (Vigna unguiculata), secs, écossés, même décortiqués ou cassés, autres que de semence",20,verifie
0713.39.0000,"487 -- Autres haricots (Vigna spp., Phaseolus spp.), à cosse secs, écossés, même décortiqués ou cassés, non denommés ni compris ailleurs",20,verifie
0713.40.1000,"488  -- Lentilles sèches, écossés, même décortiquées ou cassées, de semence",5,verifie
0713.40.9000,"489 -- Lentilles sèches, écossés, même décortiquées ou cassées, autres que de semence",20,verifie
0713.50.1000,"490 -- Fèves (Vicia faba var. major) et féveroles (Vicia faba var. equina, vicia faba var. minor), sèches, écossés, même décortiquées ou cassées de semence",5,verifie
0713.50.9000,"491 --  Fèves (Vicia faba var. major) et féveroles (Vicia faba var. equina, vicia faba var. minor), sèches, écossés, même décortiquées ou cassées,  autres que de semence",20,verifie
0713.60.1000,"492 -- Pois d'Ambrevade ou pois d'Angole (Cajanus cajan), secs, écossés, même décortiqués ou cassés, de semence",5,verifie
0713.60.9000,"493 -- Pois d'Ambrevade ou pois d'Angole (Cajanus cajan), secs, écossés, même décortiqués ou cassés, autres que de semence",20,verifie
0713.90.0000,"494  - Autres légumes à cosse secs, écossés, même décortiqués ou cassés du N° 07.13 Page 49 de 566",20,verifie
0714.10.0000,"495 - Racines de manioc fraiches, réfrigérées, congelées ou séchées, même débitées en morceaux ou agglomérées sous forme de pellets",20,verifie
0714.20.0000,"496 - Patates douces fraiches, réfrigérées, congelées ou séchées, même débitées en morceaux ou agglomérées sous forme de pellets",20,verifie
0714.30.0000,"497 - Ignames (Dioscorea spp.) fraiches, réfrigérées, congelées ou séchées, même débitées en morceaux ou agglomérées sous forme de pellets",20,verifie
0714.40.0000,"498 - Colocases (Colocasia spp.) fraiches, réfrigérées, congelées ou séchées, même débitées en morceaux ou agglomérées sous forme de pellets",20,verifie
0714.50.0000,"499 - Yautias (Xanthosoma spp.) frais, réfrigérés, congelés ou séchés, même débités en morceaux ou agglomérés sous forme de pellets",20,verifie
0714.90.0000,"500 - Racines d'arrow-root ou de salep, topinambours,  et racines et tubercules similaires à haute teneur en fécule ou en inuline, non dénommés ni compris ailleurs du n° 07.14, frais, réfrigérés, congelés ou séchés, même débités en morceaux ou agglomérés sous forme de pellets; moelle d ti",20,verifie
0801.11.0000,501  -- Noix de coco desséchées,20,verifie
0801.12.0000,"502  -- Noix de coco en coques internes (endocarpe), fraîches ou sèches",20,verifie
0801.19.0000,"503 -- Noix de coco autres que desséchées ou en coques internes (endocarpe),  fraîches ou sèches Page 50 de 566",20,verifie
0801.21.0000,"504  -- Noix du Brésil en coques, fraîches ou sèches",20,verifie
0801.22.0000,"505  -- Noix du Brésil sans coques, fraîches ou sèches",20,verifie
0801.31.0000,"506 -- Noix de cajou en coques,  fraîches ou sèches 20.0",20,verifie
0801.32.0000,"507  -- Noix de cajou sans coques,  fraîches ou sèches",20,verifie
0802.11.0000,"508  -- Amandes en coques, fraîches ou sèches",20,verifie
0802.12.0000,"509  -- Amandes sans coques, fraîches ou sèches",20,verifie
0802.21.0000,"510  -- Noisettes (Corylus spp.) en coques, fraîches ou sèches",20,verifie
0802.22.0000,"511  -- Noisettes (Corylus spp.) sans coques, fraîches ou sèches",20,verifie
0802.31.0000,"512  -- Noix communes en coques, fraîches ou sèches",20,verifie
0802.32.0000,"513  -- Noix communes sans coques, fraîches ou sèches",20,verifie
0802.41.0000,"514  -- Châtaignes et marrons (Castanea spp.) en coques, frais ou secs",20,verifie
0802.42.0000,"515  -- Châtaignes et marrons (Castanea spp.) sans coques, frais ou secs",20,verifie
0802.51.0000,"516  -- Pistaches en coques, fraîches ou sèches",20,verifie
0802.52.0000,"517  -- Pistaches sans coques, fraîches ou sèches",20,verifie
0802.61.0000,"518  -- Noix macadamia en coques, fraîches ou sèches",20,verifie
0802.62.0000,"519  --  Noix macadamia sans coques, fraîches ou sèches",20,verifie
0802.70.0000,"520 - Noix de cola (Cola spp.), fraîches ou sèches",20,verifie
0802.80.0000,"521  - Noix d'arec, fraîches ou sèches",20,verifie
0802.91.0000,"522  -- Pignons, en coques, fraîs ou secs",20,verifie
0802.92.0000,"523  -- Pignons, sans coques, fraîs ou secs Page 51 de 566",20,verifie
0802.99.0000,"524 -- Fruits à coques, frais ou secs, même sans leurs coques ou décortiqués à l'exclusion des amandes, noisettes, noix communes, châtaignes et marrons, pistaches, noix macadamia, noix de cola, noix d'arec ou pignons",20,verifie
0803.10.1000,525  -- Bananes plantains fraîches,20,verifie
0803.10.2000,526  -- Bananes plantains sèches,20,verifie
0803.90.1000,"527  -- Bananes autres que plantains, fraîches",20,verifie
0803.90.2000,"528  -- Bananes autres que plantains, sèches",20,verifie
0804.10.0000,529  - Dattes fraîches ou sèches,5,verifie
0804.20.0000,530  - Figues  fraîches ou sèches,20,verifie
0804.30.0000,531  - Ananas frais ou secs,20,verifie
0804.40.0000,532  - Avocats frais ou secs,20,verifie
0804.50.1000,533  -- Mangues fraîches ou sèches,20,verifie
0804.50.9000,"534  -- Goyaves et mangoustans, frais ou secs",20,verifie
0805.10.0000,535  - Oranges fraîches ou sèches,20,verifie
0805.21.0000,536  -- Mandarines (y compris les tangerines et satsumas) fraîches ou sêches,20,verifie
0805.22.0000,537  -- Clémentines fraîches ou sêches,20,verifie
0805.29.0000,"538  -- Wilkings et autres hybrides d'agrumes du N°08.05, frais ou secs",20,verifie
0805.40.0000,"539  - Pamplemousses et pomelos, frais ou secs",20,verifie
0805.50.0000,"540 - Citrons (Citrus limon, Citrus limonum) et limes (Citrus aurantifolia, Citrus latifolia), frais ou secs",20,verifie
0805.90.0000,"541 - Agrumes, frais ou secs, autres qu'oranges, mandarines (…), clémentines…, citrons (…), limes (…), pamplemousses et pomelos",20,verifie
0806.10.0000,542  - Raisins frais,20,verifie
0806.20.0000,543  - Raisins secs,20,verifie
0807.11.0000,544  -- Pastèques fraîches Page 52 de 566,20,verifie
0807.19.0000,"545  --  Melons autres que pastèques, frais",20,verifie
0807.20.0000,546  - Papayes fraîches,20,verifie
0808.10.0000,547  - Pommes fraîches,20,verifie
0808.30.0000,548  - Poires  fraîches,20,verifie
0808.40.0000,549  - Coings frais,20,verifie
0809.10.0000,550  - Abricots frais,20,verifie
0809.21.0000,551  -- Cerises acides (Prunus cerasus) fraîches,20,verifie
0809.29.0000,"552  -- Cerises autres que cerises acides (Prunus cerasus), fraîches",20,verifie
0809.30.0000,"553  - Pêches, y compris les brugnons et nectarines, fraîches",20,verifie
0809.40.0000,"554  - Prunes et prunelles, fraîches",20,verifie
0810.10.0000,555  - Fraises fraîches,20,verifie
0810.20.0000,"556  - Framboises, mûres de ronce ou de mûrier et mûres-framboises,  fraîches",20,verifie
0810.30.0000,"557  - Groseilles à grappes ou à maquereau, fraîches",20,verifie
0810.40.0000,"558  - Airelles, myrtilles et autres fruits du genre Vaccinium, frais",20,verifie
0810.50.0000,559  - Kiwis frais,20,verifie
0810.60.0000,560  - Durians frais,20,verifie
0810.70.0000,561  - Kakis (Plaquemines) frais,20,verifie
0810.90.0000,"562 - Fruits frais autres que fraises, framboises, mûres de ronces…, groseilles à grappes..., airelles, myrtilles… ,kiwis, durians, kakis",20,verifie
0811.10.0000,"563 - Fraises non cuites ou cuites à l'eau ou à la vapeur, congelées, même additionnées de sucre ou d'autres édulcorants",20,verifie
0811.20.0000,"564 - Framboises, mûres ..,groseilles..,non cuites ou cuites à l'eau ou à la vapeur, congelées, même additionnées de sucre ou d'aut édulcorants Page 53 de 566",20,verifie
0811.90.0000,"565 - Fruits, aut. que fraises, framboises..non cuits ou cuits à l'eau ou à la vapeur, congelés, même additionnés de sucre ou d'aut édulcorants",20,verifie
0812.10.0000,"566  - Cerises conservés provisoirement, mais impropres à l'alimentation en l'état",20,verifie
0812.90.0000,"567 - Fruits autres que cerises, conservés provisoirement, mais impropres à l'alimentation en l'état",20,verifie
0813.10.0000,568  - Abricots séchés,20,verifie
0813.20.0000,569  - Pruneaux séchés,20,verifie
0813.30.0000,570  - Pommes séchées,20,verifie
0813.40.1000,571  -- Tamarin séché,20,verifie
0813.40.9000,"572 -- Fruits séchés autres que ceux des n°s 08.01 à 08.06, abricots, pruneaux, pommes et tamarin",20,verifie
0813.50.0000,573  - Mélanges de fruits séchés ou de fruits à coques du chapitre 08,20,verifie
0814.00.0000,"574 Ecorces d'agrumes ou de melons (y compris les pastèques), fraîches, congelées, présentées dans l'eau salée, soufrée ou additionnée d'autres substances servant à assurer provisoirement leur conservation ou bien séchées",5,verifie
0901.11.1100,"575 ---- Arabica en cerises non torréfié, non décaféiné",10,verifie
0901.11.1200,"576 ---- Arabica extra prima, prima, supérieur, non torréfié, non décaféiné",10,verifie
0901.11.1300,"577 ----  Arabica courant, limite, sous limite, non torréfié, non décaféiné",10,verifie
0901.11.1900,"578 ---- Autre arabica non torréfié, non décaféiné",10,verifie
0901.11.2100,"579 ---- Robusta en cerises non torréfié, non décaféiné Page 54 de 566",10,verifie
0901.11.2200,"580 ---- Robusta extra prima, prima, supérieur excellence grade zéro, non torréfié, non décaféiné",10,verifie
0901.11.2300,"581 ---- Robusta extra prima, courant excellence, limite, sous limite grade quatre, non torréfié, non décaféiné",10,verifie
0901.11.2400,"582 ---- Robusta courant extra prima, limite, sous limite grade deux,  non torréfié, non décaféiné",10,verifie
0901.11.2510,"583 ----- Robusta extra prima, prima, supérieur, grade un,  non torréfié, non décaféiné",10,verifie
0901.11.2520,"584 ----- Robusta extra prima, prima, supérieur, grade deux, non torréfié, non décaféiné",10,verifie
0901.11.2590,"585 ----- Robusta extra prima, prima, supérieur, grade trois, non torréfié, non décaféiné",10,verifie
0901.11.2610,"586 -----Robusta courant, limite, sous limite, grade un, non torréfié, non décaféiné",10,verifie
0901.11.2620,"587 ----- Robusta courant, limite, sous limite, grade trois, non torréfié, non décaféiné",10,verifie
0901.11.2630,"588 ----- Robusta courant, limite, sous limite, grade quatre, non torréfié, non décaféiné",10,verifie
0901.11.2690,"589 ----- Autres robusta courant, limites, sous limites, non torréfiés, non décaféinés",10,verifie
0901.11.2700,"590 ---- Robusta vert brisures non torréfié, non décaféiné",10,verifie
0901.11.2800,"591 ---- Robusta grains noirs non torréfié, non décaféiné",10,verifie
0901.11.2900,"592 ---- Autres robusta non torréfiés, non décaféinés",10,verifie
0901.11.3100,"593 ---- Arabusta en cerises non torréfié, non décaféiné",10,verifie
0901.11.3200,"594 ---- Arabusta extra prima, prima, supérieur, non torréfié, non décaféiné",10,verifie
0901.11.3300,"595 ----Arabusta courant, limite, sous limite, non torréfié, non décaféiné Page 55 de 566",10,verifie
0901.11.3400,"596 ---- Autres arabusta non torréfiés, non décaféinés",10,verifie
0901.11.4100,"597 ---- Liberica en cerises non torréfié, non décaféiné",10,verifie
0901.11.4200,"598 ---- Liberica extra prima, prima, supérieur, non torréfié, non décaféiné",10,verifie
0901.11.4300,"599 ---- Liberica courant, limite, sous limite, non torréfié, non décaféiné",10,verifie
0901.11.4400,"600 ---- Autres liberica non torréfiés, non décaféinés",10,verifie
0901.11.5100,"601 ---- Autres espèces de café en cerises, non torréfié, non décaféiné",10,verifie
0901.11.5200,"602 ---- Autres espèces de café extra prima, prima, supérieur, non torréfié, non décaféiné",10,verifie
0901.11.5300,"603 ---- Autres espèces de café courant, limite, sous limite, non torréfié, non décaféiné",10,verifie
0901.11.5400,"604 ---- Autres espèces de café non torréfié, non décaféiné",10,verifie
0901.12.1000,"605 --- Robusta non torréfié, décaféiné",10,verifie
0901.12.2000,"606 --- Arabusta non torréfié, décaféiné",10,verifie
0901.12.9000,"607 --- Autres espèces de café non torréfié, décaféiné",10,verifie
0901.21.1000,"608 --- Café torréfié, non décaféiné, non moulu",20,verifie
0901.21.2000,"609 --- Café torréfié, non décaféiné, moulu",20,verifie
0901.22.1000,"610 --- Café torréfié, décaféiné, non moulu",20,verifie
0901.22.2000,"611 --- Café torréfié, décaféiné, moulu",20,verifie
0901.90.0000,"612 - Coques et pellicules de café; succédanés du café contenant du café, quelles que soient les proportions du mélange",20,verifie
0902.10.0000,"613 - Thé vert (non fermenté), même aromatisé, présenté en emballages immédiats d'un contenu n'excédant pas 3 kg Page 56 de 566",10,verifie
0902.20.0000,"614 - Thé vert (non fermenté), même aromatisé, présenté autrement qu'en emballages immédiats d'un contenu n'excédant pas 3 kg",10,verifie
0902.30.0000,"615 - Thé noir (fermenté) et thé partiellement fermenté, même aromatisés, présentés en emballages immédiats d'un contenu n'excédant pas 3 kg",10,verifie
0902.40.0000,"616 - Thé noir (fermenté) et thé partiellement fermenté, même aromatisés, autres qu'en emballages immédiats d'un contenu n'excédant pas 3 kg",10,verifie
0903.00.0000,617  Maté.,20,verifie
0904.11.0000,618  -- Poivre (du genre Piper) non broyé ni pulvérisé,20,verifie
0904.12.0000,619  -- Poivre (du genre Piper) broyé ou pulvérisé,20,verifie
0904.21.0000,"620  -- Piments du genre Capsicum ou du genre Pimenta  séchés, non broyés ni pulvérisés",20,verifie
0904.22.0000,621  -- Piments du genre Capsicum ou du genre Pimenta  broyés ou pulvérisés,20,verifie
0905.10.0000,622  - Vanille non broyée ni pulvérisée,20,verifie
0905.20.0000,623  - Vanille broyée ou pulvérisée,20,verifie
0906.11.0000,624  -- Cannelle (Cinnamomum zeylanicum Blume) non broyée ni pulvérisée,20,verifie
0906.19.0000,"625 -- Cannelle (autre que Cinnamomum zeylanicum Blume) et fleurs de cannelier, non broyées ni pulvérisées",20,verifie
0906.20.0000,"626  - Cannelle et fleurs de cannelier, broyées ou pulvérisées",20,verifie
0907.10.0000,"627  - Girofles (antofles, clous et griffes) non broyés ni pulvérisés",20,verifie
0907.20.0000,"628  - Girofles (antofles, clous et griffes) broyés ou pulvérisés Page 57 de 566",20,verifie
0908.11.0000,629  -- Noix muscades non broyées ni pulvérisées,20,verifie
0908.12.0000,630  -- Noix muscades broyées ou pulvérisées,20,verifie
0908.21.0000,631  -- Macis non broyé ni pulvérisé,20,verifie
0908.22.0000,632  -- Macis broyé ou pulvérisé,20,verifie
0908.31.0000,"633  -- Amomes et cardamomes, non broyés ni pulvérisés",20,verifie
0908.32.0000,"634  -- Amomes et cardamomes, broyés ou pulvérisés",20,verifie
0909.21.0000,635  -- Graines de coriandre non broyées ni pulvérisées,20,verifie
0909.22.0000,636  -- Graines de coriandre broyées ou pulvérisées,20,verifie
0909.31.0000,637  -- Graines de cumin non broyées ni pulvérisées,20,verifie
0909.32.0000,638  -- Graines de cumin broyées ou pulvérisées,20,verifie
0909.61.0000,"639 -- Graines d'anis, de badiane, de carvi, de fenouil et baies de genièvre, non broyées ni pulvérisées",20,verifie
0909.62.0000,"640 -- Graines d'anis, de badiane, de carvi, de fenouil et baies de genièvre, broyées ou pulvérisées",20,verifie
0910.11.0000,641  -- Gingimbre non broyé ni pulvérisé,20,verifie
0910.12.0000,642  -- Gingimbre broyé ou pulvérisé,20,verifie
0910.20.0000,643  - Safran,20,verifie
0910.30.0000,644  - Curcuma,20,verifie
0910.91.0000,645  -- Mélanges d'épices visés à la Note 1 b) du Chapitre 09,20,verifie
0910.99.0000,"646  -- Thym, feuilles de laurier, curry et autres épices, du n° 09.10",20,verifie
1001.11.0000,647  -- Froment (blé) dur de semence,5,verifie
1001.19.0000,648  -- Froment (blé) dur autre que de semence Page 58 de 566,5,verifie
1001.91.0000,"649  -- Froment (blé) autre que froment (blé) dur, et méteil, de semence",5,verifie
1001.99.0000,"650  -- Froment (blé) autre que froment (blé) dur, et méteil, autres que de semence",5,verifie
1002.10.0000,651  - Seigle de semence,5,verifie
1002.90.0000,652  -  Seigle autre que de semence,5,verifie
1003.10.0000,653  -  Orge de semence,5,verifie
1003.90.0000,654  - Orge autre que de semence,5,verifie
1004.10.0000,655  - Avoine de semence,5,verifie
1004.90.0000,656  - Avoine autre que de semence,5,verifie
1005.10.0000,657  - Maïs de semence,5,verifie
1005.90.0000,658  -  Maïs autre que de semence,5,verifie
1006.10.1000,659  -- Riz en paille (riz paddy) de semence,5,verifie
1006.10.9000,660  -- Riz en paille (riz paddy) autre que de semence,5,verifie
1006.20.0000,661  - Riz décortiqué (riz cargo ou riz brun),10,verifie
1006.30.1000,"662 -- Riz semi-blanchi ou blanchi, même poli ou glacé en emballage immédiat de plus de 5kg ou en vrac",10,verifie
1006.30.9000,"663 --  Riz semi-blanchi ou blanchi, même poli ou glacé en emballage immédiat de 5kg ou moins",10,verifie
1006.40.0000,664  - Riz en brisures,10,verifie
1007.10.0000,665  -  Sorgho à grains de semence,5,verifie
1007.90.0000,666  - Sorgho à grains autre que de semence,5,verifie
1008.10.0000,667  - Sarrasin,5,verifie
1008.21.0000,668  --  Millet de semence,5,verifie
1008.29.0000,669  -- Millet autre que de semence,5,verifie
1008.30.0000,670  - Alpiste,5,verifie
1008.40.0000,671  - Fonio (Digitaria spp.),5,verifie
1008.50.0000,672  - Quinoa (Chenopodium quinoa),5,verifie
1008.60.0000,673  - Triticale,5,verifie
1008.90.0000,674  - Autres céréales du n° 10.08,5,verifie
1101.00.0000,675  Farines de froment (blé) ou de méteil. Page 59 de 566,20,verifie
1102.20.0000,676  - Farine de maïs,20,verifie
1102.90.1000,677  --Farine de mil ou de sorgho,20,verifie
1102.90.9000,"678 -- Farine de céréales autres que de froment (blé), méteil, maïs, mil ou de sorgho",20,verifie
1103.11.0000,679  -- Gruaux et semoules de froment (blé),5,verifie
1103.13.0000,680  -- Gruaux et semoules de maïs,10,verifie
1103.19.0000,"681  -- Gruaux et semoules de céréales, autres que de froment (blé) ou de maïs",10,verifie
1103.20.0000,"682  - Agglomérés sous forme de pellets, de céréales",10,verifie
1104.12.0000,683  -- Grains aplatis ou en flocons d'avoine,10,verifie
1104.19.0000,684  -- Grains aplatis ou en flocons de céreales autres que d'avoine ou du riz du n° 10.06,10,verifie
1104.22.0000,"685 -- Grains d'avoine travaillés (mondés, perlés, tranchés ou concassés, par exemple) autres qu'aplatis ou en en flocons",10,verifie
1104.23.0000,"686 -- Grains de maïs travaillés (mondés, perlés, tranchés ou concassés, par exemple) autres qu'aplatis ou en en flocons",10,verifie
1104.29.0000,"687 -- Grains d'autres céréales travaillés (mondés, perlés, tranchés ou concassés, par ex.) autres qu'aplatis ou en en flocons, du n° 11 04",10,verifie
1104.30.0000,"688  - Germes de céréales, entiers, aplatis, en flocons ou moulus",10,verifie
1105.10.0000,"689  - Farine, semoule et poudre, de pommes de terre",10,verifie
1105.20.0000,"690  - Flocons, granulés et agglomérés sous forme de pellets, de pommes de terre",10,verifie
1106.10.0000,"691  - Farines, semoules et poudres de légumes à cosse secs du n° 07.13 Page 60 de 566",20,verifie
1106.20.1100,692  --- Farine et poudre de manioc,20,verifie
1106.20.1200,693  --- Semoule de manioc,20,verifie
1106.20.2000,"694  -- Farines, semoules et poudres d'igname",20,verifie
1106.20.9100,695  --- Farine de taro,20,verifie
1106.20.9900,"696 --- Farines, semoules et poudres de sagou ou des autres racines ou tubercules, du n°",20,verifie
1106.30.1000,697  -- Farine de banane plantain,20,verifie
1106.30.9000,"698 -- Farines, semoules et poudres des produit du chapitre 8 autres que de banane plantain",20,verifie
1107.10.0000,699  - Malt non torréfié,5,verifie
1107.20.0000,700  - Malt torréfié,5,verifie
1108.11.1000,701 --- Amidon de froment (blé) du type destiné exclusivement à l'industrie pharmaceutique,10,verifie
1108.11.9000,702 --- Amidon de froment (blé) autre que du type destiné exclusivement à l'industrie pharmaceutique,10,verifie
1108.12.1000,703 --- Amidon de maïs du type destiné exclusivement à l'industrie pharmaceutique,10,verifie
1108.12.9000,704 --- Amidon de maïs autre que du type destiné exclusivement à l'industrie pharmaceutique,10,verifie
1108.13.1000,705 --- Fécule de pommes de terre du type destiné exclusivement à l'industrie pharmaceutique,10,verifie
1108.13.9000,706 --- Fécule de pommes de terre autre que du type destiné exclusivement à l'industrie pharmaceutique,10,verifie
1108.14.1000,707 --- Fécule de manioc (cassave) du type destiné exclusivement à l'industrie pharmaceutique Page 61 de 566,10,verifie
1108.14.9000,708 --- Fécule de manioc (cassave) autre que du type destiné exclusivement à l'industrie pharmaceutique,10,verifie
1108.19.1000,"709 --- Autres amidons et fécules des types destinés exclusivement à l'industrie pharmaceutique, du n° 11.08",10,verifie
1108.19.9000,"710 --- Autres amidons et fécules autres que des types destinés exclusivement à l'industrie pharmaceutique, du n° 11.08",10,verifie
1108.20.0000,711  - Inuline,10,verifie
1109.00.0000,"712  Gluten de froment (blé), même à l'état sec.",10,verifie
1201.10.0000,"713  - Fèves de soja, même concassées, de semence",5,verifie
1201.90.0000,"714  - Fèves de soja, même concassées, autres que de semence",10,verifie
1202.30.0000,"715 - Arachides non grillées ni autrement cuites, même décortiquées ou concassées, de semence",5,verifie
1202.41.1000,"716 --- Arachides non grillées ni autrement cuites, en coques, destinées à la production d'huile",5,verifie
1202.41.9000,"717 --- Arachides non grillées ni autrement cuites, en coques, autres que destinées à la production d'huile",10,verifie
1202.42.1000,"718 --- Arachides non grillées ni autrement cuites, décortiquées, même concassées, destinées à la production d'huile",5,verifie
1202.42.9000,"719 --- Arachides non grillées ni autrement cuites, décortiquées, même concassées, autres que destinées à la production d'huile",10,verifie
1203.00.0000,720  Coprah.,5,verifie
1204.00.0000,"721  Graines de lin, même concassées. Page 62 de 566",5,verifie
1205.10.0000,"722 - Graines de navette ou de colza, même concassées, à faible teneur en acide érucique",5,verifie
1205.90.0000,"723 - Graines de navette ou de colza, même concassées, autres qu'à faible teneur en acide érucique",5,verifie
1206.00.0000,"724  Graines de tournesol, même concassées.",5,verifie
1207.10.0000,"725  - Noix et amandes de palmiste, même concassées",5,verifie
1207.21.0000,726  --  Graines de coton de semence,5,verifie
1207.29.0000,"727  -- Graines de coton autres que de semence, même concassées",5,verifie
1207.30.0000,"728  - Graines de ricin, même concassées",5,verifie
1207.40.0000,"729  - Graines de sésame, même concassées",5,verifie
1207.50.0000,"730  - Graines de moutarde, même concassées",5,verifie
1207.60.0000,"731  - Graines de carthame (Carthamus tinctorius), même concassées",5,verifie
1207.70.0000,"732  - Graines de melon, même concassées",5,verifie
1207.91.0000,"733  -- Graines d'?oeillette ou de pavot, même concassées",5,verifie
1207.99.1000,"734 --- Graines de karité, même concassées",5,verifie
1207.99.9000,"735  --- Autres graines et fruits oléagineux, même concassés, du n° 12.07",5,verifie
1208.10.0000,736  - Farines de fèves de soja,10,verifie
1208.90.0000,"737 - Farines de graines ou de fruits oléagineux, autres que les farines de moutarde ou de fèves de soja",10,verifie
1209.10.0000,738  - Graines de betteraves à sucre à ensemencer,5,verifie
1209.21.0000,739  -- Graines fourragères de luzerne à ensemencer,5,verifie
1209.22.0000,740  -- Graines fourragères de trèfle (Trifolium spp.) à ensemencer,5,verifie
1209.23.0000,741  -- Graines fourragères de fétuque à ensemencer Page 63 de 566,5,verifie
1209.24.0000,742 -- Graines fourragères du pâturin des prés du Kentucky (Poa pratensis L.) à ensemencer,5,verifie
1209.25.0000,"743 -- Graines fourragères de ray grass (Lolium multiflorum Lam., Lolium perenne L.) à ensemencer",5,verifie
1209.29.0000,744  -- Autres graines fourragères à ensemencer du n°12.09,5,verifie
1209.30.0000,745 - Graines de plantes herbacées utilisées principalement pour leurs fleurs à ensemencer,5,verifie
1209.91.0000,746  -- Graines de légumes à ensemencer,5,verifie
1209.99.0000,"747  -- Autres graines, fruits et spores à ensemencer, du n° 12.09",5,verifie
1210.10.0000,"748  - Cônes de houblon, frais ou secs, non broyés ni moulus ni sous forme de pellets",5,verifie
1210.20.0000,"749  - Cônes de houblon, frais ou secs, broyés, moulus ou sous forme de pellets; lupuline",5,verifie
1211.20.0000,"750 - Racines de ginseng fraîches, réfrigérés, congelées ou séchées même coupées, concassées ou pulvérisées",5,verifie
1211.30.0000,"751 - Coca (feuille de) frais, réfrigéré, congelé ou séché, même coupé, concassé ou pulvérisé",5,verifie
1211.40.0000,"752 - Paille de pavot fraîche, réfrigérée, congelée ou séchée, même coupée, concassée ou pulvérisée",5,verifie
1211.50.0000,"753 - Ephédra frais, réfrigéré, congelé ou séché, même coupé, concassé ou pulvérisé",5,verifie
1211.60.0000,"754 - Écorce de cerisier africain (Prunus africana)  fraîches, réfrigérées, congelées ou séchées, même coupées, concassées ou pulvérisées Page 64 de 566",5,verifie
1211.90.1000,"755 -- Pyrèthre frais, réfrigéré, congelé ou séché, même coupé, concassé ou pulvérisé",5,verifie
1211.90.2000,"756 -- Ecorces et bois médicinaux, frais, réfrigérés, congelés ou séchés, même coupés, concassés ou pulvérisés.",5,verifie
1211.90.9000,"757 -- Plantes, parties de plantes, graines.. en parfumerie, médecine ou..., frais, réfrigérés, congelés ou séchés, même coupés du n°12 11",5,verifie
1212.21.0000,"758 -- Algues fraîches, réfrigérées, congelées ou séchées, même pulvérisées, destinées à l'alimentation humaine",5,verifie
1212.29.0000,"759 -- Algues fraîches, réfrigérées, congelées ou séchées, même pulvérisées, autres que destinées à l'alimentation humaine",5,verifie
1212.91.0000,"760  -- Betteraves à sucre fraîches, réfrigérées, congelées ou séchées, même pulvérisées",5,verifie
1212.92.0000,"761  -- Caroubes fraîches, réfrigérées, congelées ou séchées, même pulvérisées",5,verifie
1212.93.0000,"762  -- Cannes à sucre fraîches, réfrigérées, congelées ou séchées, même pulvérisées",5,verifie
1212.94.0000,"763 -- Racines de chicorée non torréfiées de la variété Cichorium intybus sativum, servant principalement à l'alimentation humaine",5,verifie
1212.99.0000,"764 -- Noyaux et amandes de fruits et autres produits végétaux servant principalement à l'alimentation humaine, non dénommés ni compris ailleurs",5,verifie
1213.00.1000,"765 - Balles de maïs brutes, même hachées, moulues, pressées ou agglomérées sous forme de pellets Page 65 de 566",5,verifie
1213.00.9000,"766 - Pailles et balles de céréales brutes, même hachées, moulues, pressées ou agglomérées sous forme de pellets autres que balles de maïs",5,verifie
1214.10.0000,767  - Farine et agglomérés sous forme de pellets de luzerne,5,verifie
1214.90.0000,"768 -  Rutabagas, betteraves fourragères, racines fourragères, foin,  trèfle, sainfoin, choux fourragers, lupin, vesces et produits fourragers similaires, même agglomérés sous forme de pellets, autres que farine et agglomérés sous forme de pellets de luzerne",5,verifie
1301.20.0000,769  - Gomme arabique naturelle,5,verifie
1301.90.0000,"770 - Gomme laque; gommes autres que la gomme arabique, résines, gommes-résines et oléorésines (baumes, par exemple), naturelles",5,verifie
1302.11.0000,771  -- Opium,5,verifie
1302.12.0000,772  -- Sucs et extraits de réglisse,5,verifie
1302.13.0000,773  -- Sucs et extraits de houblon,5,verifie
1302.14.0000,774  -- Sucs et extraits d'éphédra,5,verifie
1302.19.0000,"775 -- Sucs et extraits végétaux autres qu'opium, de reglisse, de houblon ou d'éphédra",5,verifie
1302.20.0000,"776  - Matières pectiques, pectinates et pectates",5,verifie
1302.31.0000,777  -- Agar-agar,5,verifie
1302.32.0000,"778 -- Mucilages et épaississants de caroubes, de graines de caroubes ou de graines de guarée, même modifiés",5,verifie
1302.39.0000,"779 -- Autres mucilages et épaississants dérivés des végétaux, même modifiés, du n° 13.02 Page 66 de 566",5,verifie
1401.10.0000,780  - Bambous,5,verifie
1401.20.0000,781  - Rotins,5,verifie
1401.90.0000,782 - Matières végétales des espèces principalement utilisées en vannerie ou en sparterie (...) autres que bambous et rotins,5,verifie
1404.20.0000,783  - Linters de coton,5,verifie
1404.90.1000,"784  -- Grains durs, pépins, coques et noix à tailler, de végétaux",5,verifie
1404.90.9000,"785 -- Autres produits végétaux à l'exclusion de linters de coton, grains durs, pépins, coques et noix à tailler, NDCA",5,verifie
1501.10.0000,786  - Saindoux autres que ceux du n° 02.09 ou du n° 15.03,10,verifie
1501.20.0000,"787 - Graisses de porc (à l'exclusion du saindoux), autres que celles du n° 02.09 ou du n° 15.03",10,verifie
1501.90.0000,"788  - Graisses de volailles, autres que celles du n° 02.09 ou du n° 15.03.",10,verifie
1502.10.0000,789  - Suif autres que ceux du n°15.03,10,verifie
1502.90.0000,"790 - Graisses des animaux des espèces bovine, ovine ou caprine, (à l'exclusion du suif), autres que celles du n° 15.03",10,verifie
1503.00.0000,"791 Stéarine solaire, huile de saindoux, oléo- stéarine, oléo-margarine et huile de suif, non émulsionnées, ni mélangées ni autrement préparées",5,verifie
1504.10.0000,"792 - Huiles de foies de poissons et leurs fractions, même raffinées, mais non chimiquement modifiées",10,verifie
1504.20.0000,"793 - Graisses et huiles de poissons et leurs fractions, autres que les huiles de foies, même raffinées, mais non chimiquement modifiées Page 67 de 566",10,verifie
1504.30.0000,"794 - Graisses et huiles de mammifères marins et leurs fractions, même raffinées, mais non chimiquement modifiées",10,verifie
1505.00.0000,"795  Graisse de suint et substances grasses dérivées, y compris la lanoline",5,verifie
1506.00.0000,"796 Autres graisses et huiles animales et leurs fractions, même raffinées, mais non chimiquement modifiées",10,verifie
1507.10.0000,"797 - Huile brute de soja et ses fractions, même dégommées, mais non chimiquement modifiées",10,verifie
1507.90.0000,"798 - Huile de soja et ses fractions, même raffinées, mais non chimiquement modifiées (à l'exclusion de l'huile brute, même dégommée)",20,verifie
1508.10.0000,799  - Huile brute d'arachide,10,verifie
1508.90.1000,"800 -- Huile d'arachide et ses fractions (sauf huile brute), même raffinées, non chimiquement modifiées, CVD emballage immédiat de 5 l ou moins",35,verifie
1508.90.9000,"801 -- Huile d'arachide et ses fractions (sauf huile brute), même raffinées, non chimiquement modifiées, autres que du n°",35,verifie
1509.20.1000,"802 --  Huile d'olive vierge extra et ses fractions, même raffinées, mais non chimiquement modifiées conditionnées pour la vente au détail en emballages immédiats d'un contenu net inférieur ou égal à 5 litres Page 68 de 566",20,verifie
1509.20.9000,"803 --  Huile d'olive vierge extra et ses fractions, même raffinées, mais non chimiquement modifiées autres que celles conditionnées pour la vente au détail en emballages immédiats d'un contenu net inférieur ou égal à 5 litres",20,verifie
1509.30.1000,"804 -- Huile d'olive vierge et ses fractions, même raffinées, mais non chimiquement modifiées conditionnées pour la vente au détail en emballages immédiats d'un contenu net inférieur ou égal à 5 litres",20,verifie
1509.30.9000,"805 --  Huile d'olive vierge et ses fractions, même raffinées, mais non chimiquement modifiées autres que celles conditionnées pour la vente au détail en emballages immédiats d'un contenu net inférieur ou égal à 5 litres",20,verifie
1509.40.1000,"806 --  Autres huiles d'olive vierges et leurs fractions, même raffinées, mais non chimiquement modifiées, conditionnées pour la vente au détail en emballages immédiats d'un contenu net inférieur ou égal à 5 litres NDCA du N° 15 09",20,verifie
1509.40.9000,"807 --  Autres huiles d'olive vierges et leurs fractions, même raffinées, mais non chimiquement modifiées, autres que conditionnées pour la vente au détail en emballages immédiats d'un contenu net inférieur ou égal à 5 litres, NDCA, du N°",15,verifie
1509.90.1000,"808 -- Huile d'olive et ses fractions, autres que vierges, même raffinées, mais non chimiquement modifiées, CVD en emballages de 5 litres ou moins Page 69 de 566",20,verifie
1509.90.9000,"809 -- Huile d'olive et ses fractions, autres que vierges, même raffinées, mais non ... modifiées, sauf les CVD en emballages de 5 l ou moins",5,verifie
1510.10.0000,"810 -  Huile de grignons d’olive brute et ses fractions, obtenues exclusivement à partir d’olives, même raffinées, mais non chimiquement modifiées et mélanges de celle-ci ou ses fractions avec des huiles ou fractions du n° 15 09",10,verifie
1510.90.1000,"811 -- Autres huiles et leurs fractions, obtenues exclusivement à partir d’olives (à l'exclusion de l'huile de grignons d'olive brute), même raffinées, mais non chimiquement modifiées et mélanges de ces huiles ou fractions avec des huiles ou fractions du n° 1",20,verifie
1510.90.9000,"812 -- Autres huiles et leurs fractions, obtenues exclusivement à partir d’olives (à l'exclusion de l'huile de grignons d'olive brute), même raffinées, mais non chimiquement modifiées et mélanges de ces huiles ou fractions avec des huiles ou fractions du n° 1",20,verifie
1511.10.0000,813  - Huile brute de palme,10,verifie
1511.90.1000,"814 -- Fractions d'huiles de palme non alimentaires, même désodorisées ou blanchies, mais non chimiquement modifiées",10,verifie
1511.90.9100,"815 --- Huile de palme raffinée, fractions d'huile de palme même raffinées, mais non … modifiées, CVD en emballages immédiats de 5 l ou moins Page 70 de 566",35,verifie
1511.90.9900,"816 --- Autres huiles de palme raffinées, fractions d'huile de palme même raffinées, mais non chimiquement modifiées, du n°",35,verifie
1512.11.0000,817  -- Huiles brutes de tournesol ou de carthame,10,verifie
1512.19.0000,"818 -- Huiles raffinées et fractions d'huile même raffinées, de tournesol ou de carthame, mais non chimiquement modifiées",20,verifie
1512.21.0000,"819  -- Huile brute de coton, même dépourvue de gossypol",10,verifie
1512.29.0000,"820 -- Huiles raffinées et fractions d'huile même raffinées, de coton, mais non chimiquement modifiées",35,verifie
1513.11.0000,821  -- Huile brute de coco (huile de coprah),10,verifie
1513.19.0000,"822 -- Huile raffinée et fractions d'huile même raffinées, de coco (huile de coprah), mais non chimiquement modifiées",35,verifie
1513.21.0000,823  -- Huiles brutes de palmiste ou de babassu,10,verifie
1513.29.0000,"824 -- Huiles raffinées et fractions d'huile même raffinées, de palmiste ou de babassu, mais non chimiquement modifiées",20,verifie
1514.11.0000,825  -- Huiles brutes de navette ou de colza à faible teneur en acide érucique,10,verifie
1514.19.0000,"826 -- Huiles raffinées et fractions d'huile même raffinées, de navette ou de colza à faible teneur en acide érucique, mais non modifiées",20,verifie
1514.91.0000,827 -- Huiles brutes de navette et de colza (sauf à faible teneur en acide érucique) ou de moutarde Page 71 de 566,10,verifie
1514.99.0000,"828 -- Huiles raffinées et fractions d'huile même raffinées, de navette et de colza (sauf à faible teneur en acide érucique) ou de moutarde",20,verifie
1515.11.0000,829  -- Huile brute de lin,10,verifie
1515.19.0000,"830 -- Huiles raffinées et fractions d'huile même raffinées de lin, fixes, mais non chimiquement modifiées",20,verifie
1515.21.0000,831  -- Huile brute de maïs,10,verifie
1515.29.0000,"832 -- Huiles raffinées et fractions d'huile même raffinées de maïs, fixes, mais non chimiquement modifiées",20,verifie
1515.30.0000,"833 - Huile de ricin et ses fractions, fixes, même raffinées, mais non chimiquement modifiées",10,verifie
1515.50.0000,"834 - Huile de sésame et ses fractions, fixes, même raffinées, mais non chimiquement modifiées",10,verifie
1515.60.0000,"835 '- Autres graisses et huiles d’origine microbienne et leurs fractions, fixes, même raffinées, mais non chimiquement modifiées",10,verifie
1515.90.1100,836  --- Huile brute de karité,10,verifie
1515.90.1900,"837 --- Huiles raffinées et fractions d'huile même raffinées de karité, fixes, mais non chimiquement modifiées",20,verifie
1515.90.9000,"838 -- Autres graisses et huiles végétales (y cpris huile de jojoba) et leurs fractions, fixes, même raffinées, mais non modifiées du n°15 15",15,verifie
1516.10.0000,"839 - Graisses et huiles animales et leurs fractions, hydrogénées...réestérifiées ou élaïdinisées, même raffinées, mais non autrement préparées Page 72 de 566",20,verifie
1516.20.1000,"840  -- Graisses végétales hydrogénées, même raffinées, mais non autrement préparées",10,verifie
1516.20.9000,"841 -- Graisses et huiles végétales et leurs fractions, hydrogénées (sauf graisse)... élaïdinisées, même raffinées, mais non autrement préparées",10,verifie
1516.30.0000,"842 '- Graisses et huiles d’origine microbienne et leurs fractions, partiellement ou totalement hydrogénées, interestérifiées, réestérifiées ou élaïdinisées, même raffinées mais non autrement préparées",10,verifie
1517.10.0000,"843  - Margarine, à l'exclusion de la margarine liquide",20,verifie
1517.90.1000,844  -- Autres préparations alimentaires de graisses végétales du N° 15.17,20,verifie
1517.90.9000,"845 -- Autres mélanges ou préparations alimentaires de graisses ou d'huiles animales, végétales ou d'origine microbienne ou de fractions de différentes graisses ou huiles du Chapitre 15, autres que les graisses et huiles alimentaires ou leurs fractions du N°",20,verifie
1518.00.0000,"846 Graisses et huiles animales, végétales ou d'origine microbienne et leurs fractions,sauf celles du N° 15.16; mélanges ou préparations non alimentaires … NDCA",20,verifie
1520.00.0000,847  Glycérol brut; eaux et lessives glycérineuses.,10,verifie
1521.10.0000,"848 - Cires végétales (autres que les triglycérides), même raffinées ou colorées",5,verifie
1521.90.1000,"849  -- Cires d'abeilles et d'autres insectes, même raffinées ou colorées Page 73 de 566",5,verifie
1521.90.9000,"850  -- Spermaceti, même raffiné ou coloré",5,verifie
1522.00.0000,851 Dégras; résidus provenant du traitement des corps gras ou des cires animales ou végétales.,10,verifie
1601.00.1000,"852 - Saucisses, saucissons et produits similaires de foies; préparations alimentaires à base de ces produits",35,verifie
1601.00.9000,"853 - Saucisses, saucissons et produits similaires de viande, d'abats (autres que foies) , de sang, ou d'insectes; préparations alimentaires à base de ces produits",35,verifie
1602.10.0000,"854  - Préparations homogénéisées de viande, d'abats, de sang ou d'insectes",20,verifie
1602.20.0000,855  - Autres préparations et conserves de foies de tous animaux,35,verifie
1602.31.0000,"856 -- Autres préparations et conserves de viande ou d'abats (autres que de foies), de dinde",35,verifie
1602.32.0000,"857 -- Autres préparations et conserves de viande ou d'abats (autres que de foies), de coqs et de poules",35,verifie
1602.39.0000,"858 -- Autres préparations et conserves de viande ou d'abats (autres que de foies), de volailles du N°01.05 à l'exclusion des dindes coqs ou poules",35,verifie
1602.41.0000,859  -- Jambons et leurs morceaux de l'espèce porcine,35,verifie
1602.42.0000,"860 -- Autres préparations et conserves d'épaules et leurs morceaux, de l'espèce porcine",35,verifie
1602.49.0000,"861 -- Autres préparations et conserves de viande ou d'abats, y compris les mélanges, de l'espèce porcine Page 74 de 566",35,verifie
1602.50.1000,"862 -- Autres préparations et conserves de viande ou d'abats, de l'espèce bovine, conditionnées dans des emballages ... de type <<Corned beef>>",35,verifie
1602.50.9000,863 -- Autres préparations et conserves de viande ou d'abats de l'espèce bovine autres qu'en emballages métalliques ... de type <<Corned beef>>,35,verifie
1602.90.0000,"864 - Autres préparations et conserves, y compris les préparations de sang de tous animaux, du n° 16.02",35,verifie
1603.00.0000,"865 Extraits et jus de viande, de poissons ou de crustacés, de mollusques ou d'autres invertébrés aquatiques.",20,verifie
1604.11.0000,"866 -- Préparations et conserves de saumons entiers ou en morceaux, à l'exclusion des saumons hachés",20,verifie
1604.12.0000,"867 -- Préparations et conserves de harengs entiers ou en morceaux, à l'exclusion des harengs hachés",20,verifie
1604.13.1000,868 --- Sardines en conserves ordinaires en boîtes de 1/4 club de 30 mm de hauteur ou moins,20,verifie
1604.13.9000,"869 --- Préparations et conserves de sardines (aut. que du n°1604.13.10), sardinelles et sprats ou esprots…à l'exclusion de ces poissons hachés",20,verifie
1604.14.0000,"870 -- Préparations et conserves de thons, listaos et bonites (Sarda spp.), entiers ou en morceaux, à l'exclusion de ces poissons hachés",20,verifie
1604.15.0000,"871 -- Préparations et conserves de maquereaux, entiers ou en morceaux, à l'exclusion des maquereaux hachés Page 75 de 566",20,verifie
1604.16.0000,"872 -- Préparations et conserves d'anchois entiers ou en morceaux, à l'exclusion des anchois hachés",20,verifie
1604.17.0000,"873 -- Préparations et conserves d'anguilles entières ou en morceaux, à l'exclusion des anguilles hachées",20,verifie
1604.18.0000,"874 -- Préparations et conserves d'ailerons de requins, à l'exclusion des ailerons de requins hachés",20,verifie
1604.19.0000,"875 -- Préparations et conserves d'autres poissons, entiers ou en morceaux, à l'exclusion des poissons hachés, du n°",20,verifie
1604.20.0000,"876  - Autres préparations et conserves de poissons, du n° 16.04",20,verifie
1604.31.0000,877  -- Caviar,20,verifie
1604.32.0000,878  -- Succédanés de caviar préparés à partir d'œufs de poisson,20,verifie
1605.10.0000,879  - Crabes préparés ou conservés,20,verifie
1605.21.0000,"880 -- Crevettes préparées ou conservées, non présentées dans un contenant hermétique",20,verifie
1605.29.0000,"881 -- Crevettes préparées ou conservées, présentées dans un contenant hermétique",20,verifie
1605.30.0000,882  - Homards préparés ou conservés,20,verifie
1605.40.0000,"883 - Crustacés (à l'exclusion des crabes, crevettes et homards) préparés ou conservés",20,verifie
1605.51.0000,884  -- Huîtres préparées ou conservées,20,verifie
1605.52.0000,"885 -- Coquilles St Jacques ou peignes, pétoncles ou vanneaux, autres coquillages, préparées ou conservées",20,verifie
1605.53.0000,886  -- Moules préparées ou conservées Page 76 de 566,20,verifie
1605.54.0000,"887  -- Seiches, sépioles, calmars et encornets, préparés ou conservés",20,verifie
1605.55.0000,"888  -- Poulpes ou pieuvres, préparées ou conservées",20,verifie
1605.56.0000,"889  -- Clams, coques et arches, préparés ou conservés",20,verifie
1605.57.0000,890  -- Ormeaux préparés ou conservés,20,verifie
1605.58.0000,"891  -- Escargots, autres que de mer, préparés ou conservés",20,verifie
1605.59.0000,"892  -- Autres mollusques préparés ou conservés, du n° 16.05",20,verifie
1605.61.0000,893  -- Bêches-de-mer préparées ou conservées,20,verifie
1605.62.0000,894  -- Oursins préparés ou conservés,20,verifie
1605.63.0000,895  -- Méduses préparées ou conservées,20,verifie
1605.69.0000,"896 -- Invertébrés aquatiques autres que Bêches-de-mer, Oursins ou Méduses), préparés ou conservés",20,verifie
1701.12.0000,"897 -- Sucres bruts de betterave sans addition d'aromatisants ou de colorants, à l'état solide",20,verifie
1701.13.0000,"898 -- Sucre de canne mentionné dans la Note 2 de sous-positions du Chapitre 17, sans addition d'aromatisants ou de colorants",10,verifie
1701.14.1000,"899 --- Autres sucres de canne, sans addition d'aromatisants ou de colorants, à l'état solide, destinés à l?'industrie de raffinerie du sucre",10,verifie
1701.14.9000,"900 --- Autres sucres de canne, sans addition d'aromatisants ou de colorants, à l'état solide, autres que pr l?'industrie de raffinerie du sucre Page 77 de 566",20,verifie
1701.91.1000,"901 --- Sucres de canne ou de betterave, additionnés d'aromatisants ou de colorants, en poudre, en granulés ou cristallisés",20,verifie
1701.91.9000,"902 --- Sucres de canne ou de betterave, additionnés d'aromatisants ou de colorants, à l'état solide aut. qu'en poudre, granulés ou cristallisés",20,verifie
1701.99.1000,"903  --- Saccharose chimiquement pur, en poudre, en granulés ou cristallisés",20,verifie
1701.99.9000,"904 --- Saccharose chimiquement pur, à l'état solide autre qu'en poudre, en granulés ou cristallisés",20,verifie
1702.11.0000,"905 -- Lactose à l'état solide et sirop de lactose, contenant en poids 99 % ou plus de lactose, ... en lactose anhydre calculé sur matière sèche",5,verifie
1702.19.0000,"906  -- Lactose à l'état solide et sirop de lactose, autres que ceux du n° 1702.11",5,verifie
1702.20.0000,"907 - Sucre à l'état solide et sirop sans addition d'aromatisants ou de colorants, d'érable",5,verifie
1702.30.0000,"908 - Glucose à l'état solide et sirop de glucose..., ne contenant pas de fructose ou contenant en poids à l'état sec moins de 20 % de fructose",5,verifie
1702.40.0000,"909 - Glucose et son sirop, contenant en poids à l'état sec de 20 % inclus à 50 % exclus de fructose, exception du sucre inverti (ou interverti)",5,verifie
1702.50.0000,"910  - Fructose chimiquement pur, à l'état solide Page 78 de 566",5,verifie
1702.60.0000,"911 - Autre fructose et son sirop, contenant en poids à l'état sec plus de 50 % de fructose, à l'exception du sucre inverti (ou interverti)",5,verifie
1702.90.0000,"912 - Autres, y compris le sucre inverti (ou interverti) et les autres sucres et leurs sirops contenant en poids à l'état sec 50 % de fructose",5,verifie
1703.10.0000,913  - Mélasses résultant de l'extraction ou du raffinage du sucre de canne,10,verifie
1703.90.0000,914  - Mélasses résultant de l'extraction ou du raffinage du sucre autres que de canne,10,verifie
1704.10.0000,"915  - Gommes à mâcher (chewing-gum), même enrobées de sucre",35,verifie
1704.90.0000,"916 - Sucreries sans cacao (y compris le chocolat blanc), autres que les gommes à mâcher (chewing-gum)",35,verifie
1801.00.1100,"917 -- Cacao brut en fèves, qualité supérieur",5,verifie
1801.00.1200,"918 -- Cacao brut en fèves, qualité courant",5,verifie
1801.00.1900,919 -- Cacao brut en fèves autre que qualité supérieur ou courant,5,verifie
1801.00.2000,"920 - Cacao en fèves et brisures de fèves, torréfiés",5,verifie
1801.00.3000,"921 - Brisures de fèves de cacao, brutes",5,verifie
1802.00.0000,"922 Coques, pellicules (pelures) et autres déchets de cacao.",10,verifie
1803.10.0000,"923 - Pâte de cacao, non dégraissée",10,verifie
1803.20.0000,"924 - Pâte de cacao, complètement ou partiellement dégraissée",10,verifie
1804.00.1000,925 - Graisse et huile de cacao.,10,verifie
1804.00.2000,926 - Beurre naturel de cacao.,10,verifie
1804.00.9000,927 - Beurre de cacao (à l'exclusion du beurre naturel) et cacao désodorisé. Page 79 de 566,10,verifie
1805.00.1000,"928 - Poudre de cacao, sans addition de sucre ou d'autres édulcorants, présentée en emballages immédiats d'un contenu net de 2kg ou moins",35,verifie
1805.00.9000,"929 -  Poudre de cacao, sans addition de sucre ou d'autres édulcorants, non présentée en emballages immédiats d'un contenu net de 2kg ou moins",35,verifie
1806.10.0000,"930 - Poudre de cacao, avec addition de sucre ou d'autres édulcorants",35,verifie
1806.20.0000,"931 - Autres préparations en blocs ou en barres d'un poids excédant 2kg, ou à l'état liquide ou pâteux ..., d'un contenu excédant 2kg",35,verifie
1806.31.0000,"932 -- Chocolat et autres préparations alimentaires contenant du cacao, présentés en tablettes, barres ou bâtons, fourrés",35,verifie
1806.32.1000,933  --- Chocolat non fourré,35,verifie
1806.32.9000,"934 --- Autres préparations alimentaires contenant du cacao, présentées en tablettes, barres ou bâtons, non fourrées",35,verifie
1806.90.1000,935  -- Autres confiseries contenant du cacao et du chocolat,35,verifie
1806.90.9000,936 -- Autres préparations alimentaires contenant du cacao et du chocolat du n°,35,verifie
1901.10.0000,"937 - Préparations pour l'alimentation des enfants, conditionnées pour la vente au détail",5,verifie
1901.20.0000,"938 - Mélanges et pâtes pour la préparation des produits de la boulangerie, de la pâtisserie ou de la biscuiterie du n° 19.05 Page 80 de 566",10,verifie
1901.90.1000,"939 -- Préparations à base de lait contenant des matières grasses végétales, en poudre ou en granulés, en emballages de 25 kg ou plus",5,verifie
1901.90.2000,"940 -- Préparations à base de lait contenant des matières grasses végétales, en poudre ou en granulés, en embal. compris entre 12 5 kg et 25 kg",5,verifie
1901.90.3000,941  -- Extraits de malt,5,verifie
1901.90.4000,"942 -- Préparations en poudre contenant des extraits de malt, pour la fabrication de boissons, en emballages de 25kg ou plus",10,verifie
1901.90.9100,"943 --- Préparations alimentaires à base des produits de manioc du n° 11.06 (y compris le ""Gari"" et à l'exclusion des produits du n°",10,verifie
1901.90.9900,"944 --- Préparations alimentaires de farines,...dégraissées, NDCA; préparations alimentaires de produits des N° 04.01 à NDCA",20,verifie
1902.11.0000,945 -- Pâtes alimentaires non cuites ni farcies ni autrement préparées contenant des oeufs,35,verifie
1902.19.0000,946 -- Pâtes alimentaires non cuites ni farcies ni autrement préparées ne contenant pas d'oeufs,35,verifie
1902.20.0000,947  - Pâtes alimentaires farcies (même cuites ou autrement préparées),35,verifie
1902.30.0000,948  - Autres pâtes alimentaires du n° 19.02,35,verifie
1902.40.0000,"949  - Couscous, même préparé",20,verifie
1903.00.0000,"950 Tapioca et ses succédanés préparés à partir de fécules, sous forme de flocons, grumeaux, grains perlés, criblures ou formes similaires Page 81 de 566",20,verifie
1904.10.0000,"951 - Produits à base de céréales obtenus par soufflage ou grillage («corn flakes», par exemple)",20,verifie
1904.20.1000,952  -- Flocons d?'avoine en emballages immédiats de 25kg ou plus,20,verifie
1904.20.9000,"953 -- Autres préparations alimentaires de flocons de céréales (autres que le maïs), à l'exclusion de flocon d'avoine en embal. de 25 kg ou plus",20,verifie
1904.30.0000,954  - Bulgur de blé,20,verifie
1904.90.0000,"955 - Autres céréales précuites ou autrement préparées, non dénommées ni comprises ailleurs",20,verifie
1905.10.0000,956  - Pain croustillant dit «knäckebrot»,20,verifie
1905.20.0000,957  - Pain d'épices,20,verifie
1905.31.0000,958  -- Biscuits additionnés d'édulcorants,35,verifie
1905.32.0000,959  -- Gaufres et gaufrettes,35,verifie
1905.40.0000,"960  - Biscottes, pain grillé et produits similaires grillés",35,verifie
1905.90.0000,"961 - Autres produits de la boulangerie, de la pâtisserie ou de la biscuiterie du n° 19.05; hosties, cachets vides des types utilisés pour médicaments, pains à cacheter, pâtes séchées de farine, d’amidon ou de fécule en feuilles et produits similaires",35,verifie
2001.10.0000,"962 - Concombres et cornichons, préparés ou conservés au vinaigre ou à l'acide acétique",20,verifie
2001.90.0000,"963 - Légumes (aut. que concombre et cornichon), fruits et aut. parties comestib. de plante, préparés ou conservés au vinaigre ou acide acétique Page 82 de 566",20,verifie
2002.10.0000,"964 - Tomates, entières ou en morceaux, préparées ou conservées autrement qu'au vinaigre ou à l'acide acétique",35,verifie
2002.90.1100,"965 --- Triples concentrés de tomates préparées ou conservées autr. qu'au vinaigre ou acide acétique, non conditionnés pour la vente au détail",10,verifie
2002.90.1900,"966 --- Concentrés (sauf triples) de tomates, préparés ou conservés autr. qu'au vinaigre ou acide acétiq, non conditionnés pr la vente au détail",10,verifie
2002.90.2000,"967 -- Concentrés de tomates, préparées ou conservées autrement qu'au vinaigre ou à l'acide acétique, conditionnés pour la vente au détail",35,verifie
2002.90.9000,"968 -- Autres tomates préparées ou conservées autrement qu'au vinaigre ou à l'acide acétique, du n° 20.02",35,verifie
2003.10.0000,"969 - Champignons du genre Agaricus, préparés ou conservés autrement qu'au vinaigre ou à l'acide acétique",20,verifie
2003.90.0000,"970 - Champignons (autres que du genre Agaricus) et truffes, préparés ou conservés autrement qu'au vinaigre ou à l'acide acétique",20,verifie
2004.10.0000,"971 - Pommes de terre préparés ou conservés autrement qu'au vinaigre ou à l'acide acétique, congelés, autres que les produits du n° 20 06",35,verifie
2004.90.0000,"972 - Autres légumes (sauf pom. de terre) et leurs mélanges, préparés...qu'au vinaigre ou acide acétiq, congelés, aut. que les pduits du n°20 06 Page 83 de 566",20,verifie
2005.10.0000,"973 - Légumes homogénéisés préparés ou conservés autrement qu'au vinaigre ou acide acétique, non congelés, autres que les produits du n° 20 06",20,verifie
2005.20.0000,"974 - Pommes de terre préparées ou conservées autrement qu'au vinaigre ou à l'acide acétique, non congelées, autres que les produits du n° 20 06",35,verifie
2005.40.0000,"975 - Pois (Pisum sativum) préparés ou conservés autrement qu'au vinaigre ou à l'acide acétique, non congelés, aut. que les produits du n° 20 06",20,verifie
2005.51.0000,"976 -- Haricots (...)en grains, préparés ou conservés autr. qu'au vinaigre ou à l'acide acétique, non congelés, aut. que les produits du n°20 06",20,verifie
2005.59.0000,"977 -- Haricots (...), aut. qu'en grains, préparés... autr. qu'au vinaigre ou à l'acide acétique, non congelés, aut. que les produits du n°20 06",20,verifie
2005.60.0000,"978 - Asperges  préparés ou conservés autrement qu'au vinaigre ou à l'acide acétique, non congelés, autres que les produits du n° 20 06",20,verifie
2005.70.0000,"979 - Olives  préparées ou conservées autrement qu'au vinaigre ou à l'acide acétique, non congelées, autres que les produits du n° 20 06",20,verifie
2005.80.0000,"980 - Maïs doux (...) préparés ou conservés autrement qu'au vinaigre ou à l'acide acétique, non congelés, autres que les produits du n° 20 06 Page 84 de 566",20,verifie
2005.91.0000,"981 -- Jets de bambou préparés ou conservés autrement qu'au vinaigre ou à l'acide acétique, non congelés, autres que les produits du n° 20 06",20,verifie
2005.99.0000,"982 -- Autres légumes et leurs mélanges préparés ou conservés autr. qu'au vinaigre ou acide acétiq, non congelés, aut. que les pduits du n°20 06",20,verifie
2006.00.0000,"983 Légumes, fruits, écorces de fruits et autres parties de plantes, confits au sucre (égouttés, glacés ou cristallisés).",20,verifie
2007.10.0000,"984 - Préparations homogénéisées de fruits, obtenues par cuisson, avec ou sans addition de sucre ou d'autres édulcorants",20,verifie
2007.91.0000,"985 -- Confiture, gelée, marmelade, purée et pâte d'agrumes non homogénéisées, obtenues par cuisson,...addition de sucre ou d'autres édulcorants",20,verifie
2007.99.0000,"986 -- Confiture, gelée, marmelade, purée et pâte de fruits (sauf agrumes) non homogénéisées, obtenues par cuisson sucre ou d'aut édulcorants",20,verifie
2008.11.1000,987 --- Beurre d'arachide avec ou sans addition de sucre ou d'autres édulcorants ou d'alcool,20,verifie
2008.11.9000,"988 --- Arachides (sauf beurre d'arachide) autr. préparés ou conservés, avec ou sans addition de sucre ou d'autres édulcorants ou d'alcool",20,verifie
2008.19.0000,"989 -- Fruits à coques et graines (sauf arachide), y compris les mélanges, autr. préparés ou conservés,...d'autres édulcorants ou d'alcool NDCA Page 85 de 566",20,verifie
2008.20.0000,"990 - Ananas autrement préparés ou conservés, avec ou sans addition de sucre ou d'autres édulcorants ou d'alcool",20,verifie
2008.30.0000,"991 - Agrumes autrement préparés ou conservés, avec ou sans addition de sucre ou d'autres édulcorants ou d'alcool, NDCA",20,verifie
2008.40.0000,"992 - Poires autrement préparées ou conservées, avec ou sans addition de sucre ou d'autres édulcorants ou d'alcool",20,verifie
2008.50.0000,"993 - Abricots autrement préparés ou conservés, avec ou sans addition de sucre ou d'autres édulcorants ou d'alcool",20,verifie
2008.60.0000,"994 - Cerises autrement préparées ou conservées, avec ou sans addition de sucre ou d'autres édulcorants ou d'alcool",20,verifie
2008.70.0000,"995 - Pêches, y compris les brugnons et nectarines, autrement préparés ou conservés,... addition de sucre ou d'autres édulcorants ou d'alcool",20,verifie
2008.80.0000,"996 - Fraises autrement préparées ou conservées, avec ou sans addition de sucre ou d'autres édulcorants ou d'alcool",20,verifie
2008.91.0000,"997 -- Coeurs de palmiers autrement préparés ou conservés, avec ou sans addition de sucre ou d'autres édulcorants ou d'alcool",20,verifie
2008.93.0000,"998 -- Canneberges (Vaccinium macrocarpon, Vaccinium oxycoccos); airelles rouges (Vaccinium vitis-idaea). Page 86 de 566",20,verifie
2008.97.0000,"999 -- Mélanges (sauf ceux du N°2008.19) de fruits et autres parties comestibles de plantes autrement préparés ou conservés, avec ou sans addition de sucre ou d'autres édulcorants ou d'alcool, NDCA",20,verifie
2008.99.0000,"1000 -- Autres fruits et autres parties comestibles de plantes, autrement préparés ou conservés, avec ou sans addition de sucre ou d'autres édulcorants ou d'alcool du n°20 08",20,verifie
2009.11.1000,"1001 --- Jus d'orange congelés, non fermentés, sans ...édulcorants, concentrés, présentés en emballages de 25 Kg ou plus, destinés à l'industrie",10,verifie
2009.11.9000,"1002 --- Jus d'orange congelés, non fermentés, sans ...édulcorants, autres que ceux du n°",35,verifie
2009.12.1000,"1003 --- Jus d'orange non congelés, valeur Brix n'excédant pas 20, non fermentés,...concentrés, en embal. de 25Kg ou plus destinés à l'industrie",10,verifie
2009.12.9000,"1004 --- Jus d'orange non congelés, valeur Brix n'excédant pas 20, non fermentés, sans addition d'alcool,... autres que ceux du n°",35,verifie
2009.19.1000,"1005 --- Jus d'orange non congelés, aut. que de valeur Brix n'excédant pas 20, non fermentés..concentrés...de 25Kg ou plus, destiné à l'industrie",10,verifie
2009.19.9000,"1006 --- Jus d'orange non congelés, autres que de valeur Brix n'excédant pas 20, non fermentés ... à l'exclusion de ceux du n° Page 87 de 566",35,verifie
2009.21.1000,"1007 --- Jus de pamplemousse ou jus de pomelo, concentrés,d'une valeur Brix n'excédant pas 20, non fermenté,..en embal. de 25 Kg ou plus pour l'industrie",10,verifie
2009.21.9000,"1008 --- Jus de pamplemousse ou jus de pomelo, d'une valeur Brix n'excédant pas 20, non fermentés, sans addition d'alcool ...autre que ceux du n° 2009 21 10",10,verifie
2009.29.1000,"1009 --- Jus de pamplemousse ou jus de pomelo, d'une valeur Brix excédant 20, non fermentés..concentrés..de 25Kg ou plus, pour l'industrie",10,verifie
2009.29.9000,"1010 --- Jus de pamplemousse ou jus de pomelo, d'une valeur Brix excèdant 20, non fermentés... autres que ceux présentés en emballages de 25 Kg ou plus, pour l'industrie",35,verifie
2009.31.1000,"1011 --- Jus de tout autre agrume, valeur Brix n'excédant pas 20, non fermentés, sans addition...concentrés,...de 25Kg ou plus pour l'industrie",10,verifie
2009.31.9000,"1012 --- Jus de tout autre agrume, valeur Brix n'excédant pas 20, non fermentés… autres que ceux du n° 2009.31.10",35,verifie
2009.39.1000,"1013 --- Jus de tout autre agrume, autres que valeur Brix n'excédant pas 20, non fermentés...concentrés,...de 25Kg ou plus pour l'industrie",10,verifie
2009.39.9000,"1014 --- Jus de tout autre agrume, autres que valeur Brix n'excédant pas 20, non fermentés ... à l'exclusion de ceux du n° Page 88 de 566",35,verifie
2009.41.1000,"1015 --- Jus d'ananas, valeur Brix n'excédant pas 20, non fermentés,..concentrés, en emballages de 25 Kg ou plus destinés à l'industrie",10,verifie
2009.41.9000,"1016 --- Jus d'ananas, valeur Brix n'excédant pas 20, non fermentés, sans addition d'alcool,... autres que ceux du n°",35,verifie
2009.49.1000,"1017 --- Jus d'ananas (autres que de valeur Brix n'excédant pas 20), non fermentés,..concentrés, en emballages de 25Kg ou plus pour l'industrie",10,verifie
2009.49.9000,"1018 --- Jus d'ananas (aut. que de valeur Brix n'excédant pas 20), non fermentés, sans addition d'alcool...,à l'exclusion de ceux du n°2009 49 10",10,verifie
2009.50.1000,"1019 --- Jus de tomate, non fermentés, sans addition d'alcool, avec ou sans ... concentrés, en emballages de 25 Kg ou plus destinés à l'industrie",10,verifie
2009.50.9000,"1020 --- Jus de tomate non fermentés, sans addition d'alcool, avec ou sans addition de sucre ou d'aut. édulcorants, aut. que ceux du n°2009 50 10",10,verifie
2009.61.1000,"1021 --- Jus de raisin (y cpris les moûts), valeur Brix n'excédant pas 30, non fermentés,..concentrés, en embal. de 25 Kg ou plus pr l'industrie",10,verifie
2009.61.9000,"1022 --- Jus de raisin (y cpris les moûts), valeur Brix n'excédant pas 30, non fermenté, sans addition d'alcool...aut. que ceux du n° Page 89 de 566",35,verifie
2009.69.1000,"1023 --- Jus de raisin (...), autres que de valeur Brix n'excédant pas 30, non fermentés,..concentrés, en embal. de 25Kg ou plus pour l'industrie",10,verifie
2009.69.9000,"1024 --- Jus de raisin (y cpris les moûts), autres que de valeur Brix n'excèdant pas 30, non fermentés,...autres que ceux du n°",20,verifie
2009.71.1000,"1025 --- Jus de pomme d'une valeur Brix n'excédant pas 20, non fermentés,..concentrés, en emballages de 25 Kg ou plus destinés à l'industrie",10,verifie
2009.71.9000,"1026 --- Jus de pomme d'une valeur Brix n'excédant pas 20, non fermentés, sans addition d'alcool...autres que ceux du n°",35,verifie
2009.79.1000,"1027 --- Jus de pomme autres que ceux d'une valeur Brix n'excéde pas 20, non fermentés, sans addition d'alcool…,concentrés, en embal. de 25Kg ou plus destinés à l'industrie",10,verifie
2009.79.9000,"1028 --- Jus de pomme autres que ceux d'une valeur Brix n'excédant pas 20, non fermentés, sans addition d'alcool…autres que ceux du n° 2009 79 10",10,verifie
2009.81.1000,"1029 --- Jus de canneberge (Vaccinium macrocarpon, Vaccinium oxycoccos) et jus d’airelle rouge (Vaccinium vitis-idaea) non fermentés, concentrés, sans addition d'alcool…, présentés en emballages de 25 Kg ou plus destinés à l'industrie Page 90 de 566",10,verifie
2009.81.9000,"1030 --- Jus de canneberge (Vaccinium macrocarpon, Vaccinium oxycoccos) et jus d’airelle rouge (Vaccinium vitis-idaea) non fermentés, concentrés, sans addition d'alcool…, autres que ceux présentés en emballages de 25 Kg ou plus destinés à l'industrie",20,verifie
2009.89.1100,"1031 ---- Jus de goyaves, non fermentés, sans addition d'alcool...concentrés, présentés en emballages de 25Kg ou plus destinés à l'industrie",10,verifie
2009.89.1900,"1032 ---- Jus de goyaves, non fermentés, sans addition d'alcool, avec ou sans addition de sucre ou... autres que ceux du n°",35,verifie
2009.89.2100,"1033 ---- Jus de tamarin, non fermentés, sans addition d'alcool...concentrés, présentés en emballages de 25Kg ou plus destinés à l'industrie",10,verifie
2009.89.2900,"1034 ---- Jus de tamarin, non fermentés, sans addition d'alcool, avec ou sans addition de sucre ou … autres que ceux du n°",35,verifie
2009.89.3100,"1035 ---- Jus de mangues, non fermentés, sans adddition d'alcool...concentrés, présentés en emballages de 25Kg ou plus destinés à l'industrie",10,verifie
2009.89.3900,"1036 ---- Jus de mangues, non fermentés, sans addition d'alcool, avec ou sans addition de sucre ou…,autres que ceux du n° Page 91 de 566",35,verifie
2009.89.9100,"1037 ---- Jus de tout autre fruit ou légume du n°20.09, non fermentés,...concentrés, en emballages de 25 Kg ou plus destinés à l'industrie",10,verifie
2009.89.9900,"1038 ---- Jus de tout autre fruit ou légume du n°20.09, non fermentés, sans addition d'alcool...autres que ceux du n°",35,verifie
2009.90.1000,"1039 --- Mélanges de jus de fruits ou de légumes, non fermentés,... concentrés, présentés en emballages de 25 Kg ou plus destinés à l'industrie",10,verifie
2009.90.9000,"1040 --- Mélanges de jus de fruits ou de légumes, non fermentés, sans addition d'alcool... autres que ceux du n°",35,verifie
2101.11.0000,"1041 -- Extraits, essences et concentrés de café",10,verifie
2101.12.0000,"1042 -- Préparations à base d'extraits, essences ou concentrés ou à base de café",20,verifie
2101.20.0000,"1043 - Extraits, essences et concentrés de thé,de maté et préparations à base de ces extraits, essences ou concentrés ou à base de thé ou de maté",10,verifie
2101.30.0000,"1044 - Chicorée torréfiée et autres succédanés torréfiés du café et leurs extraits, essences et concentrés",20,verifie
2102.10.0000,1045  - Levures vivantes,5,verifie
2102.20.0000,1046 - Levures mortes; autres micro-organismes monocellulaires morts (à l'exclusion des vaccins du n° 30.02),5,verifie
2102.30.0000,1047  - Poudres à lever préparées,5,verifie
2103.10.0000,1048  - Sauce de soja,20,verifie
2103.20.0000,1049  - «Tomato-ketchup» et autres sauces tomates Page 92 de 566,35,verifie
2103.30.0000,1050  - Farine de moutarde et moutarde préparée,20,verifie
2103.90.1000,1051  -- Sauce de poisson  ‘‘Nuoc-Mam’’,20,verifie
2103.90.9100,1052  --- Assaisonnements et condiments en poudre en emballages de 25kg ou plus,35,verifie
2103.90.9900,"1053 --- Autres préparations pour sauces et autres sauces préparées; autres condiments et assaisonnements, composés",35,verifie
2104.10.1000,"1054 -- Préparations pour soupes, potages ou bouillons, présentées sous formes de tablettes, de pains ou de cubes",35,verifie
2104.10.9000,"1055 -- Préparations pour soupes, potages ou bouillons autres que du n° 2104.10.10; soupes, potages ou bouillons préparés",35,verifie
2104.20.0000,1056  - Préparations alimentaires composites homogénéisées,20,verifie
2105.00.0000,"1057  Glaces de consommation, même contenant du cacao.",20,verifie
2106.10.1000,1058  -- Concentrats de protéines,5,verifie
2106.10.2000,1059  -- Substances protéiques texturées,10,verifie
2106.90.1000,1060  -- Sirops aromatisés et/ou additionnés de colorants,20,verifie
2106.90.9100,1061  --- Poudres utilisées dans la fabrication des bouillons (masses partielles),10,verifie
2106.90.9200,"1062 --- Extraits, essences et autres produits aromatisants des types utilisés dans les industries des boissons",10,verifie
2106.90.9300,1063  --- Améliorant pour panification non dénommés,5,verifie
2106.90.9400,1064  --- Poudres pour la préparation instantanée des boissons,20,verifie
2106.90.9500,"1065  --- Préparations pour tisanes ou infusions, non dénommées ni comprises ailleurs Page 93 de 566",20,verifie
2106.90.9600,1066  --- Compléments alimentaires,20,verifie
2106.90.9900,1067  --- Autres préparations alimentaires non dénommées ni comprises ailleurs,20,verifie
2201.10.1000,"1068 -- Eaux minérales naturelles ou artificielles, non additionnées de sucre ou d'autres édulcorants ni aromatisées",35,verifie
2201.10.2000,"1069 -- Eaux gazéifiées, non additionnées de sucre ou d'autres édulcorants ni aromatisées",35,verifie
2201.90.0000,"1070 - Eaux (à l'exclusion des eaux minérales ou gazéifiées), non additionnées de sucre ou d'autres édulcorants ni aromatisées; glaces et neiges",35,verifie
2202.10.0000,"1071 - Eaux, y compris les eaux minérales et les eaux gazéifiées, additionnées de sucre ou d'autres édulcorants ou aromatisées",35,verifie
2202.91.0000,1072  -- Bière sans alcool,35,verifie
2202.99.1000,"1073 --- Boissons non alcooliques à forte dose de caféine de type ""boissons énergisantes"", à l'exclusion des jus de fruits ou légumes du N°20 09",35,verifie
2202.99.9000,1074  --- Autres boissons non alcooliques du n°22.02,35,verifie
2203.00.1000,1075 - Bières de malt présentées en récipients d'une contenance égale ou inférieure à 50 cl,50,verifie
2203.00.9000,1076 - Bières de malt (autres que celles présentées en récipients d'une contenance égale ou inférieure à 50 cl),20,verifie
2204.10.0000,1077  - Vins mousseux,20,verifie
2204.21.0000,"1078 -- Vins (sauf mousseux), moûts de raisin dont la fermentation a été empêchée ou arrêtée par add. d'alcool, en recipient n'excédant pas 2 l Page 94 de 566",20,verifie
2204.22.0000,"1079 -- Vins (sauf mousseux) et moûts de raisin frais dont... d'alcool, en récipients d'une contenance excédant 2 l mais n'excédant pas 10 l",20,verifie
2204.29.1000,"1080 --- Autres vins de raisins, présentés en emballages de 200 litres ou plus, destinés à l'industrie",20,verifie
2204.29.9000,"1081  --- Autres vins de raisins frais, y compris les vins enrichis en alcool, du n°22.04",20,verifie
2204.30.0000,"1082  - Autres moûts de raisin, du n° 22.04",20,verifie
2205.10.0000,"1083 - Vermouths et autres vins de raisins frais préparés à l'aide de plantes ou substances aromatiques, en récipients n'excédant pas 2 l",20,verifie
2205.90.0000,"1084 - Vermouths et autres vins de raisins frais préparés à l'aide de plantes ou substances aromatiq.,aut. que ceux du n° 2205.10",20,verifie
2206.00.1000,1085  - Bières autres que de malt,20,verifie
2206.00.9100,1086  --Vin de palme,20,verifie
2206.00.9900,1087 -- Autres boissons fermentées( ..); mélanges de boissons fermentées et mélanges de boissons fermentées et de boissons non alcooliques NDCA,20,verifie
2207.10.1000,"1088 -- Alcool éthylique non dénaturé d'un titre alcoométrique volumique de 80 % vol ou plus, à usages médicamenteux ou pharmaceutiques",10,verifie
2207.10.9000,"1089 -- Alcool éthylique non dénaturé d'un titre alcoométrique volumique de 80 % vol ou plus, autres qu'à usages médicamenteux ou pharmaceutiq",20,verifie
2207.20.0000,1090  - Alcool éthylique et eaux-de-vie dénaturés de tous titres Page 95 de 566,10,verifie
2208.20.1000,1091  -- Cognac,20,verifie
2208.20.9000,"1092  -- Eaux-de-vie de vin ou de marc de raisin, à l'exclusion du cognac",20,verifie
2208.30.0000,1093  - Whiskies,20,verifie
2208.40.0000,"1094 - Rhum et autres eaux-de-vie provenant de la distillation, après fermentation, de produits de cannes à sucre",20,verifie
2208.50.0000,1095  - Gin et genièvre,20,verifie
2208.60.0000,1096  - Vodka,20,verifie
2208.70.0000,1097  - Liqueurs,20,verifie
2208.90.0000,1098 - Autre alcool éthylique non dénaturé d'un titre alcoométrique volumique de moins de 80 % vol; autres boissons spiritueuses,20,verifie
2209.00.1000,1099  - Vinaigre comestible d'alcool,20,verifie
2209.00.9000,1100 - Vinaigres comestibles (à l'exclusion du vinaigre d'alcool) et succédanés de vinaigre comestibles obtenus à partir d'acide acétique,20,verifie
2301.10.0000,"1101 - Farines, poudres et agglomérés sous forme de pellets, de viandes ou d'abats, impropres à l'alimentation humaine; cretons",10,verifie
2301.20.0000,"1102 - Farines, poudres et agglomérés...de pellets, poissons ou crustacés,mollusq. ou d'aut. invertébrés aquatiq., impropres à l'aliment humaine",10,verifie
2302.10.0000,"1103 - Sons, remoulages et autres résidus, même agglomérés sous forme de pellets, du criblage, de la mouture ou d'autres traitements de maïs Page 96 de 566",10,verifie
2302.30.0000,"1104 - Sons, remoulages et autres résidus, même agglomérés sous forme de pellets, du criblage, de la mouture ou d'autres traitements de froment",10,verifie
2302.40.0000,"1105 - Sons, remoulages et autres résidus, même agglomérés… du criblage, de la mouture ou d'aut. traitements de céréales (sauf maîs ou froment)",10,verifie
2302.50.0000,"1106 - Sons, remoulages et aut. résidus, même agglomérés sous forme de pellets, du criblage, de la mouture ou d'aut. traitements de légumineuses",10,verifie
2303.10.0000,"1107 - Résidus d'amidonnerie et résidus similaires, même agglomérés sous forme de pellets",10,verifie
2303.20.0000,"1108 - Pulpes de betteraves, bagasses de cannes à sucre et autres déchets de sucrerie, même agglomérés sous forme de pellets",10,verifie
2303.30.0000,"1109 - Drêches et déchets de brasserie ou de distillerie, même agglomérés sous forme de pellets",10,verifie
2304.00.0000,"1110 Tourteaux et autres résidus solides, même broyés ou agglomérés sous forme de pellets, de l'extraction de l'huile de soja.",10,verifie
2305.00.0000,"1111 Tourteaux et autres résidus solides, même broyés ou agglomérés sous forme de pellets, de l'extraction de l'huile d'arachide",10,verifie
2306.10.0000,"1112 - Tourteaux et autres résidus solides, même broyés ou agglomérés sous forme... ,de l'extraction de graisses ou huiles de graines de coton Page 97 de 566",10,verifie
2306.20.0000,"1113 - Tourteaux et autres résidus solides, même broyés ou agglomérés sous forme... , de l'extraction de graisses ou huiles de graines de lin",10,verifie
2306.30.0000,"1114 - Tourteaux et autres résidus solides, même broyés ou agglomérés sous forme...,de l'extraction de graisses ou huiles de graines de tournesol",10,verifie
2306.41.0000,1115 -- Tourteaux et aut. résidus solides ...de l'extract. de graisse ou huile de graines de navette ou de colza à faible teneur en acide éruciq,10,verifie
2306.49.0000,"1116 -- Tourteaux et autres résidus solides..., de l'extraction de graisses ou huiles de graines de navette ou de colza autres que du n° 2306 41",10,verifie
2306.50.0000,"1117 - Tourteaux et autres résidus solides, même broyés ou ...de l'extraction de graisses ou huiles de graines de noix de coco ou de coprah",10,verifie
2306.60.0000,"1118 - Tourteaux et autres résidus solides, même broyés ou agglomérés..., de l'extraction de graisses ou huiles de noix ou d'amandes de palmiste",10,verifie
2306.90.0000,"1119 - Autres tourteaux et autres résidus solides, même broyés ou...de pellets, de l'extraction de graisses ou huiles végétales ou d'origine microbienne, du N°23.06",10,verifie
2307.00.0000,1120  Lies de vin; tartre brut.,10,verifie
2308.00.0000,"1121 Matières et déchets végétaux, résidus et sous-produits végétaux, même agglomérés...de pellets,... pour l'alimentation des animaux NDCA Page 98 de 566",10,verifie
2309.10.0000,"1122  - Aliments pour chiens ou chats, conditionnés pour la vente au détail",20,verifie
2309.90.1000,1123 -- Préparations contenant des vitamines des types utilisés pour l'alimentation des animaux (autres qu'aliments pour chiens ou chats CVD),5,verifie
2309.90.9000,"1124 -- Autres préparations des types utilisés pour l'alimentation des animaux, du n°",10,verifie
2401.10.0000,1125  - Tabacs non écôtés,5,verifie
2401.20.0000,1126  - Tabacs partiellement ou totalement écôtés,5,verifie
2401.30.0000,1127  - Déchets de tabac,5,verifie
2402.10.0000,"1128  - Cigares (y compris ceux à bouts coupés) et cigarillos, contenant du tabac",20,verifie
2402.20.0000,1129  - Cigarettes contenant du tabac,20,verifie
2402.90.0000,"1130 -  Cigares (y compris ceux à bouts coupés), cigarillos et cigarettes, en succédanés de tabac",20,verifie
2403.11.0000,1131  -- Tabac pour pipe à eau visé à la Note 1 de sous-positions du Chapitre 24,20,verifie
2403.19.0000,"1132 -- Tabac à fumer, autre que du n° 2403.11, même contenant des succédanés de tabac en toute proportion",20,verifie
2403.91.0000,1133  -- Tabacs «homogénéisés» ou «reconstitués»,10,verifie
2403.99.1000,1134  --- Tabacs écôtés expansés,10,verifie
2403.99.9000,"1135 --- Autres tabacs et succédanés de tabac, fabriqués, du n° 24.03; extraits et sauces de tabac",20,verifie
2404.11.0000,"1136 -- Produits contenant du tabac, du tabac reconstitué, destinés à une inhalation sans combustion Page 99 de 566",20,verifie
2404.12.0000,"1137 -- Produits contenant de la nicotine, destinés à une inhalation sans combustion",20,verifie
2404.19.0000,"1138 -- Produits contenant des succédanés de tabac ou de   nicotine, destinés à une inhalation sans combustion",20,verifie
2404.91.0000,"1139 -- Autres produits contenant de la nicotine, destinés à l’absorption de la nicotine dans le corps humain, pour une application orale",20,verifie
2404.92.0000,"1140 -- Autres produits contenant de la nicotine, destinés à l’absorption de la nicotine dans le corps humain, pour une application percutanée",20,verifie
2404.99.0000,"1141 -- Autres produits contenant de la nicotine, destinés à l’absorption de la nicotine dans le corps humain,autres que pour une application orale ou percutanée",20,verifie
2501.00.1000,1142  - Sel dénaturé,5,verifie
2501.00.2000,1143  - Sel destiné à l'alimentation humaine,10,verifie
2501.00.3000,1144  - Sel en blocs comprimé pour l'alimentation du bétail,5,verifie
2501.00.9000,"1145 - Autre sel du n°25.01 et chlorure de sodium pur, même en solution aqueuse ou ... ou d'agents assurant une bonne fluidité; eau de mer",10,verifie
2502.00.0000,1146  Pyrites de fer non grillées.,5,verifie
2503.00.0000,"1147 Soufres de toute espèce, à l'exclusion du soufre sublimé, du soufre précipité et du soufre colloïdal.",5,verifie
2504.10.0000,"1148  - Graphite naturel, en poudre ou en paillettes",5,verifie
2504.90.0000,"1149  - Graphite naturel, autre qu'en poudre ou en paillettes Page 100 de 566",5,verifie
2505.10.0000,1150  - Sables siliceux et sables quartzeux,5,verifie
2505.90.0000,"1151 - Sables naturels de toute espèce (autres que siliceux et quartzeux), même colorés, à l'exclusion des sables métallifères du Chapitre 26",5,verifie
2506.10.0000,1152  - Quartz (autres que les sables naturels),5,verifie
2506.20.0000,"1153 - Quartzites, même dégrossies ou simplement débitées, par sciage ou autrement, en blocs ou en plaques de forme carrée ou rectangulaire",5,verifie
2507.00.0000,"1154  Kaolin et autres argiles kaoliniques, même calcinés.",5,verifie
2508.10.0000,1155  - Bentonite,5,verifie
2508.30.0000,1156  - Argiles réfractaires,5,verifie
2508.40.0000,"1157 - Autres argiles (à l'exclusion des argiles expansées du n° 68.06), autres que bentonite et argiles refractaires, même calcinées",5,verifie
2508.50.0000,"1158  - Andalousite, cyanite et sillimanite, même calcinées",5,verifie
2508.60.0000,1159  - Mullite,5,verifie
2508.70.0000,1160  - Terres de chamotte ou de dinas,5,verifie
2509.00.0000,1161  Craie.,5,verifie
2510.10.0000,"1162 - Phosphates de calcium naturels, phosphates alumino-calciques naturels et craies phosphatées, non moulus",5,verifie
2510.20.0000,"1163 - Phosphates de calcium naturels, phosphates alumino-calciques naturels et craies phosphatées, moulus",5,verifie
2511.10.0000,1164  - Sulfate de baryum naturel (barytine),5,verifie
2511.20.0000,"1165 - Carbonate de baryum naturel (withérite), même calciné, à l'exclusion de l'oxyde de baryum du n° 28.16 Page 101 de 566",5,verifie
2512.00.0000,"1166 Farines siliceuses fossiles (kieselguhr,..) et autres terres siliceuses analogues, d'une densité apparente n'excédant pas 1, même calcinées",5,verifie
2513.10.0000,1167  - Pierre ponce,5,verifie
2513.20.0000,"1168 - Emeri, corindon naturel, grenat naturel et autres abrasifs naturels, même traités thermiquement",5,verifie
2514.00.0000,"1169 Ardoise, même dégrossie ou simplement débitée, par sciage ou autrement, en blocs ou en plaques de forme carrée ou rectangulaire",5,verifie
2515.11.0000,"1170  -- Marbres et travertins, bruts ou dégrossis",5,verifie
2515.12.0000,"1171 -- Marbres et travertins, simplement débités, par sciage ou autrement, en blocs ou en plaques de forme carrée ou rectangulaire",5,verifie
2515.20.0000,"1172 - Ecaussines et autres pierres calcaires de taille ou de construction d'une densité apparente égale ou supérieure à 2,5; albâtre",5,verifie
2516.11.0000,1173  -- Granit brut ou dégrossi,5,verifie
2516.12.0000,"1174 -- Granit simplement débité, par sciage ou autrement, en blocs ou en plaques de forme carrée ou rectangulaire",5,verifie
2516.20.0000,"1175 - Grès même dégrossi ou simplement débité, par sciage ou autrement, en blocs ou en plaques de forme carrée ou rectangulaire",5,verifie
2516.90.0000,"1176  - Autres pierres de taille ou de construction, du n° 25.16 Page 102 de 566",5,verifie
2517.10.0000,"1177 - Cailloux, graviers, pierres concassées, ... pour le bétonnage ou l'empierrement des routes, des voies ferrées ou…, traités thermiquement",5,verifie
2517.20.0000,"1178 - Macadam de laitier, de scories ou de déchets industriels similaires, même comprenant des matières citées dans le n° 2517 10",10,verifie
2517.30.0000,1179  - Tarmacadam,5,verifie
2517.41.0000,"1180  -- Granules, éclats et poudres de marbre, même traités thermiquement",5,verifie
2517.49.0000,"1181 -- Granules, éclats et poudres de pierres des n°s 25.15 (autres que de marbre) ou 25.16, même traités thermiquement",5,verifie
2518.10.0000,"1182 - Dolomie non calcinée ni frittée, dite «crue», y compris la dégrossie ou simplement débitée en blocs ou plaque de forme carrée ou rectangulaire",5,verifie
2518.20.0000,"1183 - Dolomie calcinée ou frittée, y compris la dégrossie ou simplement débitée en blocs ou en plaques de forme carrée ou rectangulaire",5,verifie
2519.10.0000,1184  - Carbonate de magnésium naturel (magnésite),5,verifie
2519.90.0000,"1185 - Magnésie électrofondue ou calcinée à mort (frittée), ...faibles quantités d'aut. oxydes ajoutés avant le frittage; aut. oxyde de magnésium",5,verifie
2520.10.0000,1186  - Gypse; anhydrite,5,verifie
2520.20.0000,"1187 - Plâtres, même colorés ou additionnés de faibles quantités d'accélérateurs ou de retardateurs",10,verifie
2521.00.0000,1188  Castines; pierres à chaux ou à ciment. Page 103 de 566,5,verifie
2522.10.0000,"1189  - Chaux vive, à l'exclusion de l'oxyde et de l'hydroxyde de calcium du n° 28.25",10,verifie
2522.20.0000,"1190  - Chaux éteinte, à l'exclusion de l'oxyde et de l'hydroxyde de calcium du n° 28.25",20,verifie
2522.30.0000,"1191 - Chaux hydraulique, à l'exclusion de l'oxyde et de l'hydroxyde de calcium du n°",20,verifie
2523.10.0000,1192  - Ciments non pulvérisés dits «clinkers»,10,verifie
2523.21.0000,"1193  -- Ciments blancs, même colorés artificiellement",20,verifie
2523.29.0000,1194  -- Ciments Portland autres que ciments blancs,35,verifie
2523.30.0000,1195  - Ciments alumineux,20,verifie
2523.90.0000,"1196  - Autres ciments hydrauliques même colorés, du n° 25.23",20,verifie
2524.10.0000,1197  - Crocidolite,10,verifie
2524.90.0000,"1198  - Amiante (asbeste), à l'exclusion de la crocidolite",5,verifie
2525.10.0000,1199  - Mica brut ou clivé en feuilles ou lamelles irrégulières («splittings»),5,verifie
2525.20.0000,1200  - Mica en poudre,5,verifie
2525.30.0000,1201  - Déchets de mica,5,verifie
2526.10.0000,"1202 - Stéatite naturelle, même dégrossie ou débitée, en blocs ou plaques de forme carrée ou rectangulaire et  talc, non broyés ni pulvérisés",5,verifie
2526.20.0000,"1203 - Stéatite naturelle, même dégrossie ou débitée, en blocs ou plaques de forme carrée ou rectangulaire et talc, broyés ou pulvérisés Page 104 de 566",5,verifie
2528.00.0000,"1204 Borates naturels et leurs concentrés (même calcinés), à l'exclusion des borates extraits des  saumures naturelles; acide borique naturel titrant au maximum 85 % de H3BO3 sur produit sec",5,verifie
2529.10.0000,1205  - Feldspath,5,verifie
2529.21.0000,1206  -- Spath fluor contenant en poids 97 % ou moins de fluorure de calcium,5,verifie
2529.22.0000,1207  -- Spath fluor contenant en poids plus de 97 % de fluorure de calcium,5,verifie
2529.30.0000,1208  - Leucite; néphéline et néphéline syénite,5,verifie
2530.10.0000,"1209  - Vermiculite, perlite et chlorites, non expansées",5,verifie
2530.20.0000,"1210  - Kiésérite, epsomite (sulfates de magnésium naturels)",5,verifie
2530.90.0000,1211  - Autres matières minérales non dénommées ni comprises ailleurs,5,verifie
2601.11.1000,"1212 --- Minerais de fer et leurs concentrés, non agglomérés, en morceaux, autres que les pyrites de fer grillées (cendres de pyrites)",5,verifie
2601.11.2000,"1213 --- Minerais de fer fin et leurs concentrés, non agglomérés, autres que les pyrites de fer grillées (cendres de pyrites)",5,verifie
2601.11.3000,"1214 --- Minerais de fer et leurs concentrés, non agglomérés, enrichis, autres que les pyrites de fer grillées (cendres de pyrites)",5,verifie
2601.11.9000,"1215 --- Autres minerais de fer et leurs concentrés, non agglomérés, autres que les pyrites de fer grillées (cendres de pyrites) du n° 26 01",5,verifie
2601.12.0000,"1216 -- Minerais de fer et leurs concentrés, agglomérés, autres que les pyrites de fer grillées (cendres de pyrites) Page 105 de 566",5,verifie
2601.20.0000,1217  - Pyrites de fer grillées (cendres de pyrites),5,verifie
2602.00.0000,"1218 Minerais de manganèse et leurs concentrés, y compris les ferrugineux et leurs concentrés, teneur en manganèse de 20% ou plus en poids sec",5,verifie
2603.00.0000,1219  Minerais de cuivre et leurs concentrés.,5,verifie
2604.00.0000,1220  Minerais de nickel et leurs concentrés.,5,verifie
2605.00.0000,1221  Minerais de cobalt et leurs concentrés.,5,verifie
2606.00.0000,1222  Minerais d'aluminium et leurs concentrés.,5,verifie
2607.00.0000,1223  Minerais de plomb et leurs concentrés.,5,verifie
2608.00.0000,1224  Minerais de zinc et leurs concentrés.,5,verifie
2609.00.0000,1225  Minerais d'étain et leurs concentrés.,5,verifie
2610.00.0000,1226  Minerais de chrome et leurs concentrés.,5,verifie
2611.00.0000,1227  Minerais de tungstène et leurs concentrés.,5,verifie
2612.10.0000,1228 - Minerais d'uranium et leurs concentrés,5,verifie
2612.20.0000,1229  - Minerais de thorium et leurs concentrés,5,verifie
2613.10.0000,"1230  - Minerais de molybdène et leurs concentrés, grillés",5,verifie
2613.90.0000,"1231  - Minerais de molybdène et leurs concentrés, autres que grillés",5,verifie
2614.00.0000,1232  Minerais de titane et leurs concentrés.,5,verifie
2615.10.0000,1233  - Minerais de zirconium et leurs concentrés,5,verifie
2615.90.0000,"1234  - Minerais de niobium, de tantale ou de vanadium, et leurs concentrés",5,verifie
2616.10.0000,1235  - Minerais d'argent et leurs concentrés,5,verifie
2616.90.1000,1236  -- Minerais d'or et leurs concentrés,5,verifie
2616.90.9000,1237  -- Minerais de métaux précieux (autres qu'argent ou or) et leurs concentrés,5,verifie
2617.10.0000,1238  - Minerais d'antimoine et leurs concentrés,5,verifie
2617.90.0000,"1239  - Autres minerais et leurs concentrés, du n° Page 106 de 566",5,verifie
2618.00.0000,"1240 Laitier granulé (sable-laitier) provenant de la fabrication de la fonte, du fer ou de l'acier.",5,verifie
2619.00.0000,"1241 Scories, laitiers (autres que le laitier granulé), battitures et autres déchets de la fabrication de la fonte, du fer ou de l'acier.",5,verifie
2620.11.0000,"1242 -- Mattes de galvanisation contenant principalement du zinc (autres que ceux provenant de la fabrication de la fonte, du fer ou de l'acier)",5,verifie
2620.19.0000,"1243 -- Scories, cendres et résidus (autres que ceux ... l'acier) contenant principalement du zinc, à l'exclusion des mattes de galvanisation",5,verifie
2620.21.0000,"1244 -- Boues d'essence au plomb et boues de composés antidétonants contenant du plomb (autres que ceux... de la fonte, du fer ou de l'acier)",5,verifie
2620.29.0000,"1245 -- Scories, cendres et résidus (autres que ceux ... l'acier) contenant principalement du plomb, à l'exclusion de ceux du n°",5,verifie
2620.30.0000,"1246 - Scories, cendres et résidus (autres que ceux... de la fabrication de la fonte, du fer ou de l'acier) contenant principalement du cuivre",5,verifie
2620.40.0000,"1247 - Scories, cendres et résidus (aut. que ceux... de la fabrication de la fonte, du fer ou de l'acier) contenant principalement de l'aluminium Page 107 de 566",5,verifie
2620.60.0000,"1248 - Scories, cendres et résidus (autres que ceux...l'acier), contenant de l'arsenic, du mercure, du thallium ou leurs mélanges, chimiques",5,verifie
2620.91.0000,"1249 -- Scories, cendres et résidus (autres que ceux ... l'acier) contenant de l'antimoine, du béryllium, du cadmium, du chrome ou leurs mélanges",5,verifie
2620.99.0000,"1250 -- Autres scories, cendres et résidus (autres que ceux... l'acier), contenant des métaux, de l'arsenic ou leurs composés, du n° 26.20",5,verifie
2621.10.0000,1251  - Cendres et résidus provenant de l'incinération des déchets municipaux,5,verifie
2621.90.0000,"1252  - Autres scories et cendres, y compris les cendres de varech",5,verifie
2701.11.0000,"1253  -- Anthracite, même pulvérisé, mais non aggloméré",5,verifie
2701.12.0000,"1254  -- Houille bitumineuse, même pulvérisée, mais non agglomérée",5,verifie
2701.19.0000,"1255  -- Autres houilles, même pulvérisées, mais non agglomérées, du n° 27.01",5,verifie
2701.20.0000,"1256 - Briquettes, boulets et combustibles solides similaires obtenus à partir de la houille",5,verifie
2702.10.0000,"1257  - Lignites, même pulvérisés, mais non agglomérés, à l'exclusion du jais",5,verifie
2702.20.0000,"1258  - Lignites agglomérés, à l'exclusion du jais",5,verifie
2703.00.0000,"1259  Tourbe (y compris la tourbe pour litière), même agglomérée.",5,verifie
2704.00.0000,"1260 Cokes et semi-cokes de houille, de lignite ou de tourbe, même agglomérés; charbon de cornue. Page 108 de 566",5,verifie
2705.00.0000,"1261 Gaz de houille, gaz à l'eau, gaz pauvre et gaz similaires, à l'exclusion des gaz de pétrole et autres hydrocarbures gazeux.",5,verifie
2706.00.0000,"1262 Goudrons de houille, de lignite ou de tourbe et autres goudrons minéraux, même déshydratés ou étêtés, y compris les goudrons reconstitués",5,verifie
2707.10.0000,1263  - Benzol (benzène),5,verifie
2707.20.0000,1264  - Toluol (toluène),5,verifie
2707.30.0000,1265  - Xylol (xylènes),5,verifie
2707.40.0000,1266  - Naphtalène,5,verifie
2707.50.0000,1267 - Autres mélanges d'hydrocarbures aromatiq. distillant 65% ou plus de leur volume (y cpris les pertes) à 250 °C d'après la méthode ASTM D 86,5,verifie
2707.91.0000,1268  -- Huiles de créosote,5,verifie
2707.99.0000,"1269  -- Autres huiles et autres produits, du n°",5,verifie
2708.10.0000,1270  - Brai de goudron de houille ou d'autres goudrons minéraux,5,verifie
2708.20.0000,1271  - Coke de brai de goudron de houille ou d'autres goudrons minéraux,5,verifie
2709.00.0000,1272  Huiles brutes de pétrole ou de minéraux bitumineux.,0,verifie
2710.12.1000,1273 --- Pétroles partiellement raffinés y compris les huiles brutes ayant subi une distillation primaire (Topping),0,verifie
2710.12.2100,1274  ---- White spirit,5,verifie
2710.12.2900,1275  ---- Autres essences spéciales,10,verifie
2710.12.3000,1276  --- Essence d'aviation,10,verifie
2710.12.4000,1277  --- Super carburant,10,verifie
2710.12.5000,1278  --- Essence d'auto ordinaire,10,verifie
2710.12.9000,1279  --- Autres huiles légères et préparations du N° 2710.12 Page 109 de 566,10,verifie
2710.19.1100,1280  ---- Carburéacteur,10,verifie
2710.19.1200,1281  ---- Pétrole lampant,5,verifie
2710.19.1900,"1282  ---- Autres huiles moyennes, du n° 2710.19",10,verifie
2710.19.2100,1283  ---- Gas-oil,10,verifie
2710.19.2200,1284  ---- Fuel-oil domestique,5,verifie
2710.19.2300,1285  ---- Fuel-oil léger,5,verifie
2710.19.2400,1286  ---- Fuel-oil lourd I,5,verifie
2710.19.2500,1287  ---- Fuel-oil lourd II,5,verifie
2710.19.3100,1288  ---- Huiles lubrifiantes destinées à être mélangées,10,verifie
2710.19.3200,1289  ---- Huiles lubrifiantes pour freins hydrauliques,10,verifie
2710.19.3300,1290  ---- Graisse d'huiles lubrifiantes,10,verifie
2710.19.3910,1291  ----- Huiles de moteur à 2 temps,10,verifie
2710.19.3990,"1292  ----- Autres huiles lubrifiantes, du n°",10,verifie
2710.20.0000,"1293 - Huiles de pétrole ou de minéraux bitumineux(sauf huiles brutes) et préparations NDCA, contenant 70 % ou plus d?'huiles de pétrole huiles",10,verifie
2710.91.0000,"1294 -- Déchets d'huiles contenant des diphényles poly chlorés (PCB), des terphényles polychlorés (PCT) ou des diphényles polybromés (PBB)",10,verifie
2710.99.0000,"1295  -- Autres déchets d'huiles, du n° 27.10",10,verifie
2711.11.0000,1296  -- Gaz naturel liquéfiés,5,verifie
2711.12.0000,1297  -- Propane liquéfié,5,verifie
2711.13.0000,1298  -- Butanes liquéfiés,0,verifie
2711.14.0000,"1299  -- Ethylène, propylène, butylène et butadiène, liquéfiés",5,verifie
2711.19.0000,"1300 -- Autres gaz de pétrole et autres hydrocarbures gazeux, liquéfiés, du n° Page 110 de 566",5,verifie
2711.21.0000,1301  -- Gaz naturel à l'état gazeux,5,verifie
2711.29.0000,"1302 -- Autres gaz de pétrole et autres hydrocarbures gazeux, à l'état gazeux, du n° 27.11",5,verifie
2712.10.0000,1303  - Vaseline,5,verifie
2712.20.0000,"1304  - Paraffine contenant en poids moins de 0,75 % d'huile",5,verifie
2712.90.0000,"1305 - Autres produits obtenus par synthèse ou par d'autres procédés, même colorés, du n° 27.12",5,verifie
2713.11.0000,1306  -- Coke de pétrole non calciné,5,verifie
2713.12.0000,1307  -- Coke de pétrole calciné,5,verifie
2713.20.0000,1308  - Bitume de pétrole,5,verifie
2713.90.0000,1309  - Autres résidus des huiles de pétrole ou de minéraux bitumineux du n°27.13,5,verifie
2714.10.0000,1310  - Schistes et sables bitumineux,5,verifie
2714.90.0000,"1311  - Bitumes et asphaltes, naturels; asphaltites et roches asphaltiques",5,verifie
2715.00.0000,"1312 Mélanges bitumineux à base d'asphalte ou de bitume naturels, de bitume de pétrole, de goudron minéral ou de brai de goudron minéral ( )",5,verifie
2716.00.0000,1313  Energie électrique. (position facultative),5,verifie
2801.10.0000,1314  - Chlore,5,verifie
2801.20.0000,1315  - Iode,5,verifie
2801.30.0000,1316  - Fluor; brome,5,verifie
2802.00.0000,1317  Soufre sublimé ou précipité; soufre colloïdal.,5,verifie
2803.00.0000,1318 Carbone (noirs de carbone et autres formes de carbone non dénommées ni comprises ailleurs).,5,verifie
2804.10.0000,1319  - Hydrogène,5,verifie
2804.21.0000,1320  -- Argon,5,verifie
2804.29.0000,1321  -- Autres gaz rares à l'exclusion d'argon Page 111 de 566,5,verifie
2804.30.0000,1322  - Azote,5,verifie
2804.40.0000,1323  - Oxygène,5,verifie
2804.50.0000,1324  - Bore; tellure,5,verifie
2804.61.0000,"1325  -- Silicium contenant en poids au moins 99,99 % de silicium",5,verifie
2804.69.0000,"1326  -- Silicium autre que celui contenant en poids au moins 99,99 % de silicium",5,verifie
2804.70.0000,1327  - Phosphore,5,verifie
2804.80.0000,1328  - Arsenic,5,verifie
2804.90.0000,1329  - Sélénium,5,verifie
2805.11.0000,1330  -- Sodium,5,verifie
2805.12.0000,1331  -- Calcium,5,verifie
2805.19.0000,1332  -- Métaux alcalins ou alcalino-terreux autres que sodium ou calcium,5,verifie
2805.30.0000,"1333 - Métaux de terres rares, scandium et yttrium, même mélangés ou alliés entre eux",5,verifie
2805.40.0000,1334  - Mercure,5,verifie
2806.10.0000,1335  - Chlorure d'hydrogène (acide chlorhydrique),5,verifie
2806.20.0000,1336  - Acide chlorosulfurique,5,verifie
2807.00.0000,1337  Acide sulfurique; oléum.,5,verifie
2808.00.0000,1338  Acide nitrique; acides sulfonitriques.,5,verifie
2809.10.0000,1339  - Pentaoxyde de diphosphore,5,verifie
2809.20.0000,"1340 - Acide phosphorique et acides polyphosphoriques, de constitution chimique définie ou non",5,verifie
2810.00.0000,1341  Oxydes de bore; acides boriques.,5,verifie
2811.11.0000,1342  -- Fluorure d'hydrogène (acide fluorhydrique),5,verifie
2811.12.0000,1343  -- Cyanure d'hydrogène (acide cyanhydrique) Page 112 de 566,5,verifie
2811.19.0000,"1344 -- Autres  acides inorganiques, à l'exclusion du fluorure d'hydrogène (acide fluorhydrique) et du cyanure d'hydrogène (acide cyanhydrique)",5,verifie
2811.21.0000,1345  -- Dioxyde de carbone,5,verifie
2811.22.0000,1346  -- Dioxyde de silicium,5,verifie
2811.29.0000,1347 -- Autres composés oxygénés inorganiques des éléments non métalliques autres que le dioxyde de carbone ou de silicium,5,verifie
2812.11.0000,1348  -- Dichlorure de carbonyle (phosgène),5,verifie
2812.12.0000,1349  -- Oxychlorure de phosphore,5,verifie
2812.13.0000,1350  -- Trichlorure de phosphore,5,verifie
2812.14.0000,1351  -- Pentachlorure de phosphore,5,verifie
2812.15.0000,1352  -- Monochlorure de soufre,5,verifie
2812.16.0000,1353  -- Dichlorure de soufre,5,verifie
2812.17.0000,1354  -- Chlorure de thionyle,5,verifie
2812.19.0000,1355  -- Autres chlorures et oxychlorures du N°28.12,5,verifie
2812.90.0000,1356 - Halogénures et oxyhalogénures des éléments non métalliques autres que chlorures et oxychlorures,5,verifie
2813.10.0000,1357  - Disulfure de carbone,5,verifie
2813.90.0000,"1358 - Sulfures des éléments non métalliques, autres que le disulfure de carbone; trisulfure de phosphore du commerce",5,verifie
2814.10.0000,1359  - Ammoniac anhydre,5,verifie
2814.20.0000,1360  - Ammoniac en solution aqueuse (ammoniaque),5,verifie
2815.11.0000,"1361  -- Hydroxyde de sodium (soude caustique), solide",5,verifie
2815.12.0000,"1362 -- Hydroxyde de sodium (soude caustique), en solution aqueuse (lessive de soude caustique) Page 113 de 566",5,verifie
2815.20.0000,1363  - Hydroxyde de potassium (potasse caustique),5,verifie
2815.30.0000,1364  - Peroxydes de sodium ou de potassium,5,verifie
2816.10.0000,1365  - Hydroxyde et peroxyde de magnésium,5,verifie
2816.40.0000,"1366  - Oxydes, hydroxydes et peroxydes, de strontium ou de baryum",5,verifie
2817.00.0000,1367  Oxyde de zinc; peroxyde de zinc.,5,verifie
2818.10.0000,"1368  - Corindon artificiel, chimiquement défini ou non",5,verifie
2818.20.0000,1369  - Oxyde d'aluminium autre que le corindon artificiel,5,verifie
2818.30.0000,1370  - Hydroxyde d'aluminium,5,verifie
2819.10.0000,1371  - Trioxyde de chrome,5,verifie
2819.90.0000,1372  - Oxydes et hydroxydes de chrome à l'exclusion du trioxyde,5,verifie
2820.10.0000,1373  - Dioxyde de manganèse,5,verifie
2820.90.0000,1374  - Oxydes de manganèse à l'exclusion du dioxyde,5,verifie
2821.10.0000,1375  - Oxydes et hydroxydes de fer,5,verifie
2821.20.0000,1376 - Terres colorantes contenant en poids 70 % ou plus de fer combiné évalué en Fe2O3.,5,verifie
2822.00.0000,1377  Oxydes et hydroxydes de cobalt; oxydes de cobalt du commerce.,5,verifie
2823.00.0000,1378  Oxydes de titane.,5,verifie
2824.10.0000,"1379  - Monoxyde de plomb (litharge, massicot)",5,verifie
2824.90.0000,"1380 - Oxydes de plomb autre que monoxyde de plomb (litharge, massicot); minium et mine orange",5,verifie
2825.10.0000,1381  - Hydrazine et hydroxylamine et leurs sels inorganiques,5,verifie
2825.20.0000,1382  - Oxyde et hydroxyde de lithium,5,verifie
2825.30.0000,1383  - Oxydes et hydroxydes de vanadium,5,verifie
2825.40.0000,1384  - Oxydes et hydroxydes de nickel Page 114 de 566,5,verifie
2825.50.0000,1385  - Oxydes et hydroxydes de cuivre,5,verifie
2825.60.0000,1386  - Oxydes de germanium et dioxyde de zirconium,5,verifie
2825.70.0000,1387  - Oxydes et hydroxydes de molybdène,5,verifie
2825.80.0000,1388  - Oxydes d'antimoine,5,verifie
2825.90.0000,"1389 - Autres bases inorganiques; autres oxydes, hydroxydes et peroxydes de métaux, du n° 28.25",5,verifie
2826.12.0000,1390  -- Fluorures d'aluminium,5,verifie
2826.19.0000,1391  -- Fluorures autres que d'aluminium,5,verifie
2826.30.0000,1392  - Hexafluoroaluminate de sodium (cryolithe synthétique),5,verifie
2826.90.0000,"1393 - fluorosilicates, fluoroaluminates et autres sels complexes de fluor à l'exception de l'hexafluoroaluminate de sodium(cryolithe synthétiq )",5,verifie
2827.10.0000,1394  - Chlorure d'ammonium,5,verifie
2827.20.0000,1395  - Chlorure de calcium,5,verifie
2827.31.0000,1396  -- Chlorures de magnésium,5,verifie
2827.32.0000,1397  -- Chlorures d'aluminium,5,verifie
2827.35.0000,1398  -- Chlorures de nickel,5,verifie
2827.39.0000,1399  -- Autres chlorures  du n° 28.27,5,verifie
2827.41.0000,1400  -- Oxychlorures et hydroxychlorures de cuivre,5,verifie
2827.49.0000,1401  -- Oxychlorures et hydroxychlorures autres que de cuivre,5,verifie
2827.51.0000,1402  -- Bromures de sodium ou de potassium,5,verifie
2827.59.0000,1403  -- Bromures (autres que de sodium ou de potassium) et oxybromures,5,verifie
2827.60.0000,1404  - Iodures et oxyiodures,5,verifie
2828.10.0000,1405  - Hypochlorite de calcium du commerce et autres hypochlorites de calcium,5,verifie
2828.90.1000,1406  -- Hypochlorite de sodium (eau de javel) même concentrée Page 115 de 566,20,verifie
2828.90.9000,1407  -- Autres hypochlorites du n°28.28; chlorites; hypobromites,10,verifie
2829.11.0000,1408  -- Chlorates de sodium,5,verifie
2829.19.0000,1409  -- Chlorates autres que de sodium,5,verifie
2829.90.0000,1410  - Perchlorates; bromates et perbromates; iodates et periodates,5,verifie
2830.10.0000,1411  - Sulfures de sodium,5,verifie
2830.90.0000,"1412 - Sulfures autres que de sodium; polysulfures, de constitution chimique définie ou non",5,verifie
2831.10.0000,1413  - Dithionites et sulfoxylates de sodium,5,verifie
2831.90.0000,1414  - Dithionites et sulfoxylates autres que de sodium,5,verifie
2832.10.0000,1415  - Sulfites de sodium,5,verifie
2832.20.0000,1416  - Autres sulfites à l'exclusion du sulfite de sodium,5,verifie
2832.30.0000,1417  - Thiosulfates,5,verifie
2833.11.0000,1418  -- Sulfate de disodium,5,verifie
2833.19.0000,1419  -- Sulfates de sodium autres que de disodium,5,verifie
2833.21.0000,1420  -- Sulfates de magnésium,5,verifie
2833.22.0000,1421  -- Sulfates d'aluminium,5,verifie
2833.24.0000,1422  -- Sulfates de nickel,5,verifie
2833.25.0000,1423  -- Sulfates de cuivre,5,verifie
2833.27.0000,1424  -- Sulfates de baryum,5,verifie
2833.29.0000,1425  -- Autres sulfates du n° 28.33,5,verifie
2833.30.0000,1426  - Aluns,5,verifie
2833.40.0000,1427  - Peroxosulfates (persulfates),5,verifie
2834.10.0000,1428  - Nitrites,5,verifie
2834.21.0000,1429  -- Nitrates de potassium,5,verifie
2834.29.0000,1430  -- Nitrates autres que de potassium,5,verifie
2835.10.0000,1431  - Phosphinates (hypophosphites) et phosphonates (phosphites),5,verifie
2835.22.0000,1432  -- Phosphates de mono- ou de disodium Page 116 de 566,5,verifie
2835.24.0000,1433  -- Phosphates de potassium,5,verifie
2835.25.0000,1434 -- Phosphates d'hydrogénoorthophosphate de calcium («phosphate dicalcique»),5,verifie
2835.26.0000,1435  -- Autres phosphates de calcium du n°,5,verifie
2835.29.0000,1436  -- Autres phosphates du n° 28.35,5,verifie
2835.31.0000,1437  -- Triphosphate de sodium (tripolyphosphate de sodium),5,verifie
2835.39.0000,"1438  -- Autres polyphosphates, de constitution chimique définie ou non, du n° 28.35",5,verifie
2836.20.0000,1439  - Carbonate de disodium,5,verifie
2836.30.0000,1440  - Hydrogénocarbonate (bicarbonate) de sodium,5,verifie
2836.40.0000,1441  - Carbonates de potassium,5,verifie
2836.50.0000,1442  - Carbonate de calcium,5,verifie
2836.60.0000,1443  - Carbonate de baryum,5,verifie
2836.91.0000,1444  -- Carbonates de lithium,5,verifie
2836.92.0000,1445  -- Carbonate de strontium,5,verifie
2836.99.0000,1446 -- Autres carbonates du n° 28.36; peroxocarbonates (percarbonates); carbonate d'ammonium du commerce contenant du carbamate d'ammonium,5,verifie
2837.11.0000,1447  -- Cyanures et oxycyanures  de sodium,5,verifie
2837.19.0000,1448  -- Cyanures et oxycyanures  autres que de sodium,5,verifie
2837.20.0000,1449  - Cyanures complexes,5,verifie
2839.11.0000,1450  -- Métasilicates de sodium,5,verifie
2839.19.0000,1451  -- Silicates de sodium autres que le métasilicate de sodium,5,verifie
2839.90.0000,"1452  - Silicates et silicates des métaux alcalins du commerce, autres que de sodium",5,verifie
2840.11.0000,1453  -- Anhydre Page 117 de 566,5,verifie
2840.19.0000,1454  -- Tétraborate de disodium (borax raffiné) à l'exclusion de l'anhydre,5,verifie
2840.20.0000,1455  - Borates autres que le tétraborate de disodium (borax raffiné),5,verifie
2840.30.0000,1456  - Peroxoborates (perborates),5,verifie
2841.30.0000,1457  - Dichromate de sodium,5,verifie
2841.50.0000,1458 - Chromates et dichromates (autres que dichromate de sodium); peroxochromates,5,verifie
2841.61.0000,1459  -- Permanganate de potassium,5,verifie
2841.69.0000,"1460 -- Manganites, manganates et permanganates (à l'exclusion du permanganate de potassium)",5,verifie
2841.70.0000,1461  - Molybdates,5,verifie
2841.80.0000,1462  - Tungstates (wolframates),5,verifie
2841.90.0000,1463  - Autres sels des acides oxométalliques ou peroxométalliques du n° 28.41,5,verifie
2842.10.0000,"1464 - Silicates doubles ou complexes, y compris les aluminosilicates de constitution chimique définie ou non, autres que les azotures",5,verifie
2842.90.0000,"1465 - Autres sels des acides ou peroxoacides inorganiques (y cpris les aluminosilicates de constitution...), autres que les azotures, du n°28 42",5,verifie
2843.10.0000,1466  - Métaux précieux à l'état colloïdal,5,verifie
2843.21.0000,1467  -- Nitrate d'argent,5,verifie
2843.29.0000,1468  -- Composés d'argent  autres que le nitrate d'argent,5,verifie
2843.30.0000,1469  - Composés d'or,5,verifie
2843.90.0000,1470 - Composés de métaux précieux autres que d'argent ou d'or; amalgames de métaux précieux Page 118 de 566,5,verifie
2844.10.0000,"1471 - Uranium naturel et ses composés; alliages, dispersions (y compris les cermets), produits céramiques...ou des composés de l'uranium naturel",5,verifie
2844.20.0000,"1472 - Uranium enrichi en U 235 et ses composés; plutonium et ses composés; alliages, dispersions (y cpris les cermets), produits ces produits",5,verifie
2844.30.0000,"1473 - Uranium appauvri en U 235 et ses composés; thorium et ses composés; alliages, dispersions (y cpris les cermets) composés de ces produits",5,verifie
2844.41.0000,"1474 -- Tritium et ses composés; alliages, dispersions (y compris les cermets), produits céramiques et mélanges renfermant du tritium ou ses composés",5,verifie
2844.42.0000,"1475 -- Actinium-225, actinium-227, californium- 253,  curium-240, curium241, curium-242, curium-243, curium-244, einsteinium-253, einsteinium-254,  gadolinium-148, polonium-208, polonium-209,   polonium- 210, radium-223, uranium-230 ou uranium 232 et leu",5,verifie
2844.43.0000,"1476 -- Autres éléments et isotopes et composés radioactifs; alliages, dispersions (y compris les   cermets), produits céramiques et mélanges renfermant ces éléments, isotopes ou  composés",5,verifie
2844.44.0000,1477  -- Résidus radioactifs,5,verifie
2844.50.0000,1478  - Eléments combustibles (cartouches) usés (irradiés) de réacteurs nucléaires,5,verifie
2845.10.0000,1479  - Eau lourde (oxyde de deutérium) Page 119 de 566,5,verifie
2845.20.0000,1480  - Bore enrichi en bore-10 et ses composés,5,verifie
2845.30.0000,1481  - Lithium enrichi en lithium-6 et ses composés,5,verifie
2845.40.0000,1482  - Hélium-3,5,verifie
2845.90.0000,"1483 - Isotopes autres que ceux du n° 28.44, de l'eau lourde; leurs composés inorganiques ou organiques, de constitution chimique définie ou non",5,verifie
2846.10.0000,1484  - Composés de cérium,5,verifie
2846.90.0000,"1485 - Composés, inorganiques ou organiques, des métaux des terres rares (sauf cerium), de l'yttrium ou du scandium ou des mélanges de ces métaux",5,verifie
2847.00.0000,1486  Peroxyde d'hydrogène (eau oxygénée) même solidifié avec de l'urée.,5,verifie
2849.10.0000,1487  - Carbures de calcium,5,verifie
2849.20.0000,1488  - Carbures de silicium,5,verifie
2849.90.0000,"1489  - Autres carbures de constitution chimique définie ou non, du n° 28.49",5,verifie
2850.00.0000,"1490 Hydrures, nitrures, azotures, siliciures et borures, ..., autres que les composés qui constituent également des carbures du n° 28 49",5,verifie
2852.10.0000,"1491 - Composés inorganiques ou organiques du mercure, de constitution chimique définie, à l'exclusion des amalgames",5,verifie
2852.90.0000,"1492 - Composés inorganiques ou organiques du mercure, de constitution chimique non définie, à l'exclusion des amalgames",5,verifie
2853.10.0000,1493  - Chlorure de cyanogène (chlorcyan),5,verifie
2853.90.0000,1494 - Phosphures et autres produits du N°28.53 à l'exclusion du chlorure de cyanogène (chlorcyan) Page 120 de 566,5,verifie
2901.10.0000,1495  - Hydrocarbures acycliques saturés,5,verifie
2901.21.0000,1496  -- Ethylène,5,verifie
2901.22.0000,1497  -- Propène (propylène),5,verifie
2901.23.0000,1498  -- Butène (butylène) et ses isomères,5,verifie
2901.24.0000,"1499  -- Buta-1,3-diène et isoprène",5,verifie
2901.29.0000,1500  -- Autres hydrocarbures acycliques non saturés du n° 29.01,5,verifie
2902.11.0000,1501  -- Cyclohexane,5,verifie
2902.19.0000,"1502 -- Cyclaniques, cycléniques ou cycloterpéniques, à l'exclusion du cyclohexane",5,verifie
2902.20.0000,1503  - Benzène,5,verifie
2902.30.0000,1504  - Toluène,5,verifie
2902.41.0000,1505  -- o-Xylène,5,verifie
2902.42.0000,1506  -- m-Xylène,5,verifie
2902.43.0000,1507  -- p-Xylène,5,verifie
2902.44.0000,1508  -- Isomères du xylène en mélange,5,verifie
2902.50.0000,1509  - Styrène,5,verifie
2902.60.0000,1510  - Ethylbenzène,5,verifie
2902.70.0000,1511  - Cumène,5,verifie
2902.90.0000,1512  - Autres hydrocarbures cycliques du n°29.02,5,verifie
2903.11.0000,1513  -- Chlorométhane (chlorure de méthyle) et chloroéthane (chlorure d'éthyle),5,verifie
2903.12.0000,1514  -- Dichlorométhane (chlorure de méthylène),5,verifie
2903.13.0000,1515  -- Chloroforme (trichlorométhane),5,verifie
2903.14.0000,1516  -- Tétrachlorure de carbone,5,verifie
2903.15.0000,"1517  -- Dichlorure d'éthylène (ISO) (1,2- dichloroéthane)",5,verifie
2903.19.1000,"1518  --- 1,1,1-Trichloroéthane (méthyle chloroforme)",5,verifie
2903.19.9000,1519  --- Autres dérivés chlorés saturés des hydrocarbures acycliques du n°29.03 Page 121 de 566,5,verifie
2903.21.0000,1520  -- Chlorure de vinyle (chloroéthylène),5,verifie
2903.22.0000,1521  -- Trichloroéthylène,5,verifie
2903.23.0000,1522  -- Tétrachloroéthylène (perchloroéthylène),5,verifie
2903.29.0000,1523  -- Autres dérivés chlorés non saturés des hydrocarbures acycliques du n°29.03,5,verifie
2903.41.0000,1524  -- Trifluorométhane (HFC-23),5,verifie
2903.42.0000,1525  -- Difluorométhane (HFC-32),5,verifie
2903.43.0000,"1526 -- Fluorométhane (HFC-41), 1,2- difluoroéthane  (HFC-152) et 1,1difluoroéthane (HFC-152a)",5,verifie
2903.44.0000,"1527 -- Pentafluoroéthane (HFC-125),  1,1,1- trifluoroéthane (HFC-143a) et  1,1,2- trifluoroéthane (HFC-143)",5,verifie
2903.45.0000,"1528  -- 1,1,1,2-Tétrafluoroéthane (HFC-134a) et 1,1,2,2-tétrafluoroéthane (HFC-134)",5,verifie
2903.46.0000,"1529 -- 1,1,1,2,3,3,3-Heptafluoropropane (HFC- 227ea),   1,1,1,2,2,3-hexafluoropropane (HFC-236cb), 1,1,1,2,3,3- hexafluoropropane (HFC-236ea) et 1,1,1,3,3,3-hexafluoropropane (HFC-236fa)",5,verifie
2903.47.0000,"1530 -- 1,1,1,3,3-Pentafluoropropane (HFC- 245fa) et 1,1,2,2,3-pentafluoropropane (HFC-245ca)",5,verifie
2903.48.0000,"1531 -- 1,1,1,3,3-Pentafluorobutane (HFC- 365mfc) et 1,1,1,2,2,3,4,5,5,5décafluoropentane (HFC- 43-10mee)",5,verifie
2903.49.0000,1532  --  Autres dérivés fluorés saturés des hydrocarbures  acycliques du N° 29.03 Page 122 de 566,5,verifie
2903.51.0000,"1533 -- 2,3,3,3-Tétrafluoropropène (HFO- 1234yf),   1,3,3,3-tétrafluoropropène (HFO- 1234ze) et  (Z)-1,1,1,4,4,4-hexafluoro- 2butène (HFO-1336mzz)",5,verifie
2903.59.0000,1534  -- Autres dérivés fluorés non saturés des hydrocarbures acycliques du N° 29.03,5,verifie
2903.61.0000,1535  -- Bromure de méthyle (bromométhane),5,verifie
2903.62.0000,"1536  -- Dibromure d’éthylène (ISO)  (1,2- dibromoéthane)",5,verifie
2903.69.0000,1537 -- Autres dérivés bromés ou autres dérivés iodés d’hydrocarbures acycliques du N°,5,verifie
2903.71.0000,1538  -- Chlorodifluorométhane (HCFC-22),5,verifie
2903.72.0000,1539  -- Dichlorotrifluoroéthanes (HCFC-123),5,verifie
2903.73.0000,"1540  -- Dichlorofluoroéthanes (HCFC-141, 141b)",5,verifie
2903.74.0000,"1541  -- Chlorodifluoroéthanes (HCFC-142, 142b)",5,verifie
2903.75.0000,"1542  -- Dichloropentafluoropropanes   (HCFC- 225, 225ca, 225cb)",5,verifie
2903.76.0000,"1543 -- Bromochlorodifluorométhane (halon- 1211), bromotrifluorométhane (halon- 1301) et dibromotétrafluoroéthanes (halon-2402)",5,verifie
2903.77.0000,"1544  -- Autres, perhalogénés uniquement avec du fluor et du chlore",5,verifie
2903.78.0000,1545  -- Autres dérivés perhalogénés,5,verifie
2903.79.1000,1546  --- Chlorotétrafluoroéthanes,5,verifie
2903.79.2000,"1547 --- Autres dérivés du méthane, de l?éthane ou du propane halogénés uniquement avec du fluor et du chlore",5,verifie
2903.79.3000,"1548 --- Dérivés du méthane, de l?éthane ou du propane halogénés uniquement avec du fluor et du brome Page 123 de 566",5,verifie
2903.79.9000,"1549 --- Autres dérivés halogénés des hydrocarbures acycliques contenant au moins deux halogènes différents, du n°29 03",5,verifie
2903.81.0000,"1550  -- 1,2,3,4,5,6-Hexachlorocyclohexane (HCH (ISO)), y compris lindane (ISO, DCI)",5,verifie
2903.82.0000,"1551  -- Aldrine (ISO), chlordane (ISO) et heptachlore (ISO)",5,verifie
2903.83.0000,1552  -- Mirex (ISO),5,verifie
2903.89.0000,"1553 -- Autres dérivés halogénés des hydrocarbures cyclaniques, cycléniques ou cycloterpéniques, du n°29.03",5,verifie
2903.91.0000,"1554  -- Chlorobenzène, o-dichlorobenzène et  p- dichlorobenzène",5,verifie
2903.92.0000,"1555 -- Hexachlorobenzène (ISO) et DDT (ISO) (clofénotane (DCI), 1,1,1-trichloro-2,2- bis(p-chlorophényl)éthane)",5,verifie
2903.93.0000,1556  -- Pentachlorobenzène (ISO),5,verifie
2903.94.0000,1557  -- Hexabromobiphényles,5,verifie
2903.99.0000,"1558  -- Autres dérivés halogénés des hydrocarbures aromatiques, du n° 29.03",5,verifie
2904.10.0000,"1559 - Dérivés seulement sulfonés des hydrocarbures, leurs sels et leurs esters éthyliques",5,verifie
2904.20.0000,1560  - Dérivés seulement nitrés ou seulement nitrosés des hydrocarbures,5,verifie
2904.31.0000,1561  -- Acide perfluorooctane sulfonique,5,verifie
2904.32.0000,1562  -- Sulfonate de perfluorooctane d'ammonium,5,verifie
2904.33.0000,1563  -- Sulfonate de perfluorooctane de lithium,5,verifie
2904.34.0000,1564  -- Sulfonate de perfluorooctane de potassium Page 124 de 566,5,verifie
2904.35.0000,1565  -- Autres sels d'acide perfluorooctane sulfonique,5,verifie
2904.36.0000,1566  -- Fluorure de perfluorooctane sulfonyle,5,verifie
2904.91.0000,1567  -- Trichloronitrométhane (chloropicrine),5,verifie
2904.99.0000,"1568 -- Autres dérivés sulfonés, nitrés ou nitrosés des hydrocarbures, même halogénés, du N°29.04",5,verifie
2905.11.0000,1569  -- Méthanol (alcool méthylique),5,verifie
2905.12.0000,1570  -- Propane-1-ol (alcool propylique) et propane-2-ol (alcool isopropylique),5,verifie
2905.13.0000,1571  -- Butane-1-ol (alcool n-butylique),5,verifie
2905.14.0000,"1572  -- Autres butanols, du n° 29.05",5,verifie
2905.16.0000,1573  -- Octanol (alcool octylique) et ses isomères,5,verifie
2905.17.0000,"1574 -- Dodécane-1-ol (alcool laurique), hexadécane-1-ol (alcool cétylique) et octadécane-1-ol (alcool stéarique)",5,verifie
2905.19.0000,1575  -- Autres monoalcools saturés du n° 29.05,5,verifie
2905.22.0000,1576  -- Alcools terpéniques acycliques,5,verifie
2905.29.0000,"1577  -- Autres monoalcools non saturés, du n°",5,verifie
2905.31.0000,1578  -- Ethylène glycol (éthanediol),5,verifie
2905.32.0000,"1579  -- Propylène glycol (propane-1,2-diol)",5,verifie
2905.39.0000,1580  -- Autres diols du n° 29.05,5,verifie
2905.41.0000,"1581  -- 2-Ethyl-2-(hydroxyméthyl)propane-1,3- diol (triméthylolpropane)",5,verifie
2905.42.0000,1582  -- Pentaérythritol (pentaérythrite),5,verifie
2905.43.0000,1583  -- Mannitol,5,verifie
2905.44.0000,1584  -- D-glucitol (sorbitol),5,verifie
2905.45.0000,1585  -- Glycérol,5,verifie
2905.49.0000,1586  -- Autres polyalcools du n° 29.05,5,verifie
2905.51.0000,1587  -- Ethchlorvynol (DCI) Page 125 de 566,5,verifie
2905.59.0000,"1588 -- Dérivés halogénés, sulfonés, nitrés ou nitrosés des alcools acycliques, à l'exclusion de l'ethchlorvynol (DCI)",5,verifie
2906.11.0000,1589  -- Menthol,5,verifie
2906.12.0000,"1590  -- Cyclohexanol, méthylcyclohexanols et diméthylcyclohexanols",5,verifie
2906.13.0000,1591  -- Stérols et inositols,5,verifie
2906.19.0000,"1592  -- Autres cyclaniques, cycléniques ou cycloterpéniques, du n° 29.06",5,verifie
2906.21.0000,1593  -- Alcool benzylique,5,verifie
2906.29.0000,"1594  -- Aromatiques, autres qu'alcool benzylique",5,verifie
2907.11.0000,1595  -- Phénol (hydroxybenzène) et ses sels,5,verifie
2907.12.0000,1596  -- Crésols et leurs sels,5,verifie
2907.13.0000,"1597  -- Octylphénol, nonylphénol et leurs isomères; sels de ces produits",5,verifie
2907.15.0000,1598  -- Naphtols et leurs sels,5,verifie
2907.19.0000,1599  -- Autres monophénols du n° 29.07,5,verifie
2907.21.0000,1600  -- Résorcinol et ses sels,5,verifie
2907.22.0000,1601  -- Hydroquinone et ses sels,5,verifie
2907.23.0000,"1602  -- 4,4'-Isopropylidènediphénol (bisphénol A, diphénylolpropane) et ses sels",5,verifie
2907.29.0000,"1603  -- Autres polyphénols et phénols-alcools, du n° 29.07",5,verifie
2908.11.0000,1604  -- Pentachlorophénol (ISO),5,verifie
2908.19.0000,"1605 -- Dérivés seulement halogénés et leurs sels , à l'exclusion du pentachlorophénol (ISO)",5,verifie
2908.91.0000,1606  -- Dinosèbe (ISO) et ses sels,5,verifie
2908.92.0000,"1607  -- 4,6-Dinitro-o-crésol (DNOC (ISO)) et ses sels",5,verifie
2908.99.0000,"1608 -- Autres dérivés halogénés, sulfonés, nitrés ou nitrosés des phénols ou des phénols-alcools, du n° 29.08 Page 126 de 566",5,verifie
2909.11.0000,"1609 -- Ether diéthylique (oxyde de diéthyle) et ses dérivés halogénés, sulfonés, nitrés ou nitrosés",5,verifie
2909.19.0000,"1610 -- Ethers acycliques et leurs dérivés halogénés, sulfonés, nitrés ou nitrosés autres que l'ether diéthylique (oxyde de diéthyle)",5,verifie
2909.20.0000,"1611 - Ethers cyclaniques, cycléniques, cycloterpéniques et leurs dérivés halogénés, sulfonés, nitrés ou nitrosés",5,verifie
2909.30.0000,"1612  - Ethers aromatiques et leurs dérivés halogénés, sulfonés, nitrés ou nitrosés",5,verifie
2909.41.0000,"1613 -- 2,2'-Oxydiéthanol (diéthylène glycol) et ses dérivés halogénés, sulfonés, nitrés ou nitrosés",5,verifie
2909.43.0000,"1614 -- Ethers monobutyliques de l'éthylène glycol ou du diéthylène glycol et leurs dérivés halogénés, sulfonés, nitrés ou nitrosés",5,verifie
2909.44.0000,"1615 -- Autres éthers monoalkyliques de l'éthylène glycol ou du diéthylène glycol et leurs dérivés halogénés, sulfonés, nitrés ou nitrosés",5,verifie
2909.49.0000,"1616 -- Autres ethers-alcools et leurs dérivés halogénés, sulfonés, nitrés ou nitrosés, du n° 29.09",5,verifie
2909.50.0000,"1617 - Ethers-phénols, éthers-alcools-phénols et leurs dérivés halogénés, sulfonés, nitrés ou nitrosés",5,verifie
2909.60.0000,"1618 - Peroxydes d'alcools, peroxydes d'éthers, peroxydes d’acétals et d’hémi-acétals, peroxydes de cétones, et leurs dérivés halogénés sulfonés nitrés ou nitrosés Page 127 de 566",5,verifie
2910.10.0000,"1619 - Oxiranne (oxyde d'éthylène) et ses dérivés halogénés, sulfonés, nitrés ou nitrosés",5,verifie
2910.20.0000,"1620 - Méthyloxiranne (oxyde de propylène) et ses dérivés halogénés, sulfonés, nitrés ou nitrosés",5,verifie
2910.30.0000,"1621 - 1-Chloro-2,3-époxypropane (épichlorhydrine) et ses dérivés halogénés, sulfonés, nitrés ou nitrosés",5,verifie
2910.40.0000,"1622  - Dieldrine (ISO, DCI) et ses dérivés halogénés, sulfonés, nitrés ou nitrosés",5,verifie
2910.50.0000,1623  - Endrine (ISO),5,verifie
2910.90.0000,"1624 - Autres époxydes, époxy-alcools, époxy- phénols et époxy-éthers, avec trois atomes dans le cycle, et leurs dérivés halogénés,..., du n°29 10",10,verifie
2911.00.0000,"1625 Acétals et hémi-acétals, même contenant d'autres fonctions oxygénées, et leurs dérivés halogénés, sulfonés, nitrés ou nitrosés",5,verifie
2912.11.0000,1626  -- Méthanal (formaldéhyde),5,verifie
2912.12.0000,1627  -- Ethanal (acétaldéhyde),5,verifie
2912.19.0000,"1628 -- Autres aldéhydes acycliques ne contenant pas d'autres fonctions oxygénées, du N° 29.12",5,verifie
2912.21.0000,1629  -- Benzaldéhyde (aldéhyde benzoïque),5,verifie
2912.29.0000,"1630 -- Aldéhydes cycliques ne contenant pas d'autres fonctions oxygénées, à l'exclusion du benzaldéhyde (aldéhyde benzoïque)",5,verifie
2912.41.0000,1631  -- Vanilline (aldéhyde méthylprotocatéchique),5,verifie
2912.42.0000,1632  -- Ethylvanilline (aldéhyde éthylprotocatéchique) Page 128 de 566,5,verifie
2912.49.0000,"1633 -- Autres aldéhydes-alcools, aldéhydes- éthers, aldéhydes-phénols et aldéhydes contenant d'autres fonctions oxygénées, du N° 29 12",5,verifie
2912.50.0000,1634  - Polymères cycliques des aldéhydes,5,verifie
2912.60.0000,1635  - Paraformaldéhyde,5,verifie
2913.00.0000,"1636  Dérivés halogénés, sulfonés, nitrés ou nitrosés des produits du N° 29.12.",5,verifie
2914.11.0000,1637  -- Acétone,5,verifie
2914.12.0000,1638  -- Butanone (méthyléthylcétone),5,verifie
2914.13.0000,1639  -- 4-Méthylpentane-2-one (méthylisobutylcétone),5,verifie
2914.19.0000,"1640 -- Autres cétones acycliques ne contenant pas d'autres fonctions oxygénées, du N°",5,verifie
2914.22.0000,1641  -- Cyclohexanone et méthylcyclohexanones,5,verifie
2914.23.0000,1642  -- Ionones et méthylionones,5,verifie
2914.29.1000,1643  --- Camphre,5,verifie
2914.29.9000,"1644 --- Autres cétones cyclaniques, cycléniques ou cycloterpéniques ne contenant pas d'autres fonctions oxygénées, du N° 29.14",5,verifie
2914.31.0000,1645  -- Phénylacétone (phénylpropane-2-one),5,verifie
2914.39.0000,"1646 -- Autres cétones aromatiques ne contenant pas d'autres fonctions oxygénées, à l'exclusion du  phénylacétone (phénylpropane-2-one)",5,verifie
2914.40.0000,1647  - Cétones-alcools et cétones-aldéhydes,5,verifie
2914.50.0000,1648  - Cétones-phénols et cétones contenant d'autres fonctions oxygénées,5,verifie
2914.61.0000,1649  -- Anthraquinone,5,verifie
2914.62.0000,1650  -- Coenzyme Q10 (ubidécarénone (DCI)) Page 129 de 566,5,verifie
2914.69.0000,"1651 -- Quinones autres que l'anthraquinone et coenzyme Q10 (ubidécarénone (DCI)), même contenant d'autres fonctions oxygénées",5,verifie
2914.71.0000,1652  -- Chlordécone (ISO),5,verifie
2914.79.0000,"1653 -- Dérivés halogénés, sulfonés, nitrés ou nitrosés des alcools acycliques, à l'exclusion du chlordécone",5,verifie
2915.11.0000,1654  -- Acide formique,5,verifie
2915.12.0000,1655  -- Sels de l'acide formique,5,verifie
2915.13.0000,1656  -- Esters de l'acide formique,5,verifie
2915.21.0000,1657  -- Acide acétique,5,verifie
2915.24.0000,1658  -- Anhydride acétique,5,verifie
2915.29.0000,1659  -- Sels de l'acide acétique,5,verifie
2915.31.0000,1660  -- Acétate d'éthyle,5,verifie
2915.32.0000,1661  -- Acétate de vinyle,5,verifie
2915.33.0000,1662  -- Acétate de n-butyle,5,verifie
2915.36.0000,1663  -- Acétate de dinosèbe (ISO),5,verifie
2915.39.0000,1664  -- Autres esters de l'acide acétique du n°,5,verifie
2915.40.0000,"1665  - Acides mono-, di- ou trichloroacétiques, leurs sels et leurs esters",5,verifie
2915.50.0000,"1666  - Acide propionique, ses sels et ses esters",5,verifie
2915.60.0000,"1667  - Acides butanoïques, acides pentanoïques, leurs sels et leurs esters",5,verifie
2915.70.0000,"1668  - Acide palmitique, acide stéarique, leurs sels et leurs esters",5,verifie
2915.90.0000,"1669 - Autres Acides monocarboxyliques acycliques saturés et leurs anhydrides, halogénures, peroxydes et peroxyacides; dérivés du n° 29 15",15,verifie
2916.11.0000,1670  -- Acide acrylique et ses sels,5,verifie
2916.12.0000,1671  -- Esters de l'acide acrylique,5,verifie
2916.13.0000,1672  -- Acide méthacrylique et ses sels Page 130 de 566,5,verifie
2916.14.0000,1673  -- Esters de l'acide méthacrylique,5,verifie
2916.15.0000,"1674  -- Acides oléique, linoléique ou linolénique, leurs sels et leurs esters",5,verifie
2916.16.0000,1675  -- Binapacryl (ISO),5,verifie
2916.19.0000,"1676 -- Autres acides monocarboxyliques acycliques non saturés; autres anhydrides, halogénures, peroxydes, ... et dérivés, du n° 29 16",5,verifie
2916.20.0000,"1677 - Acides monocarboxyliques cyclaniques, cycléniques ou cycloterpéniques, leurs anhydrides, halogénures, peroxydes, ... et leurs dérivés",5,verifie
2916.31.0000,"1678  -- Acide benzoïque, ses sels et ses esters",5,verifie
2916.32.0000,1679  -- Peroxyde de benzoyle et chlorure de benzoyle,5,verifie
2916.34.0000,1680  -- Acide phénylacétique et ses sels,5,verifie
2916.39.0000,"1681 -- Autres acides monocarboxyliques aromatiques; autres anhydrides, halogénures, peroxydes, peroxyacides et dérivés du n° 29 16",5,verifie
2917.11.0000,"1682  -- Acide oxalique, ses sels et ses esters",5,verifie
2917.12.0000,"1683  -- Acide adipique, ses sels et ses esters",5,verifie
2917.13.0000,"1684  -- Acide azélaïque, acide sébacique, leurs sels et leurs esters",5,verifie
2917.14.0000,1685  -- Anhydride maléique,5,verifie
2917.19.0000,"1686 -- Autres acides polycarboxyliques acycliques; autres anhydrides, halogénures, peroxydes, peroxyacides et dérivés du n° 29 17",5,verifie
2917.20.0000,"1687 - Acides polycarboxyliques cyclaniques, cycléniques ou cycloterpéniques, leurs anhydrides, halogénures, peroxydes, ... et leurs dérivés",5,verifie
2917.32.0000,1688  -- Orthophtalates de dioctyle Page 131 de 566,5,verifie
2917.33.0000,1689  -- Orthophtalates de dinonyle ou de didécyle,5,verifie
2917.34.0000,1690  -- Autres esters de l'acide orthophtalique,5,verifie
2917.35.0000,1691  -- Anhydride phtalique,5,verifie
2917.36.0000,1692  -- Acide téréphtalique et ses sels,5,verifie
2917.37.0000,1693  -- Téréphtalate de diméthyle,5,verifie
2917.39.0000,"1694 -- Autres acides polycarboxyliques aromatiques; autres anhydrides, halogénures, peroxydes, peroxyacides et dérivés du n°29 17",5,verifie
2918.11.0000,"1695  -- Acide lactique, ses sels et ses esters",5,verifie
2918.12.0000,1696  -- Acide tartrique,5,verifie
2918.13.0000,1697  -- Sels et esters de l'acide tartrique,5,verifie
2918.14.0000,1698  -- Acide citrique,5,verifie
2918.15.0000,1699  -- Sels et esters de l'acide citrique,5,verifie
2918.16.0000,"1700  -- Acide gluconique, ses sels et ses esters",5,verifie
2918.17.0000,"1701  -- Acide 2,2-diphényl-2-hydroxyacétique (acide benzilique)",5,verifie
2918.18.0000,1702  -- Chlorobenzilate (ISO),5,verifie
2918.19.0000,"1703 -- Autres acides carboxyliques à fonction alcool, sans aut. fonction oxygénée; autres anhydrides, halogénures,...et dérivés, du n° 29 18",5,verifie
2918.21.0000,1704  -- Acide salicylique et ses sels,5,verifie
2918.22.0000,"1705  -- Acide o-acétylsalicylique, ses sels et ses esters",5,verifie
2918.23.0000,1706  -- Autres esters de l'acide salicylique et leurs sels,5,verifie
2918.29.0000,"1707 -- Autres acides carboxyliques à fonction phénol, sans aut. fonction oxygénée; autres anhydrides, halogénures,...et dérivés du n° 29 18 Page 132 de 566",5,verifie
2918.30.0000,"1708 - Acides carboxyliques à fonction aldéhyde ou cétone, sans aut. fonction oxygénée, leurs anhydrides, halogénures, peroxydes leurs dérivés",5,verifie
2918.91.0000,"1709 -- 2,4,5-T (ISO) (acide 2,4,5- trichlorophénoxyacétique), ses sels et ses esters",5,verifie
2918.99.0000,"1710 -- Autres acides carboxyliques contenant des fonctions oxygénées supplémentaires; autres anhydrides,…et dérivés halogénés du n° 29 18",5,verifie
2919.10.0000,"1711  - Phosphate de tris(2,3-dibromopropyle) et ses sels",5,verifie
2919.90.0000,"1712 - Autres esters phosphoriques et leurs sels, y cpris les lactophosphates; dérivés halogénés, sulfonés, nitrés ou nitrosés, du n°29 19",5,verifie
2920.11.0000,1713  -- Parathion (ISO) et parathion-méthyle (ISO) (méthyle parathion),5,verifie
2920.19.0000,"1714 -- Autres esters thiophosphoriques (phosphorothioates); sels, dérivés halogénés, sulfonés, nitrés ou nitrosés, du n°29 20",20,verifie
2920.21.0000,1715  -- Phosphite de diméthyle,5,verifie
2920.22.0000,1716  -- Phosphite de diéthyle,5,verifie
2920.23.0000,1717  -- Phosphite de triméthyle,5,verifie
2920.24.0000,1718  -- Phosphite de triéthyle,5,verifie
2920.29.0000,"1719 -- Autres esters de phosphites et leurs sels, dérivés, halogénés, sulfonés, nitrés ou nitrosés du N°29.20",5,verifie
2920.30.0000,1720  - Endosulfan (ISO) Page 133 de 566,5,verifie
2920.90.0000,"1721 - Autres esters des autres acides inorganiques des non-métaux (...) et leurs sels; leurs dérivés halogénés, sulfonés, nitrés du n°29 20",20,verifie
2921.11.0000,"1722  -- Mono-, di- ou triméthylamine et leurs sels",5,verifie
2921.12.0000,"1723  -- Chlorhydrate de 2-chloroéthyl (N,N- diméthylamine)",5,verifie
2921.13.0000,"1724  -- Chlorhydrate de 2-chloroéthyl (N,N- diéthylamine)",5,verifie
2921.14.0000,"1725  -- Chlorhydrate de 2-chloroéthyl (N,N- diisopropylamine)",5,verifie
2921.19.0000,"1726  -- Autres monoamines acycliques; dérivés, et autres sels du n° 29.21",5,verifie
2921.21.0000,1727  -- Ethylènediamine et ses sels,5,verifie
2921.22.0000,1728  -- Hexaméthylènediamine et ses sels,5,verifie
2921.29.0000,1729  -- Autres polyamines acycliques et leurs sels; dérivés du n° 29.21,5,verifie
2921.30.0000,"1730 - Monoamines et polyamines cyclaniques, cycléniques ou cycloterpéniques, et leurs dérivés; sels de ces produits",5,verifie
2921.41.0000,1731  -- Aniline et ses sels,5,verifie
2921.42.0000,1732  -- Dérivés de l'aniline et leurs sels,5,verifie
2921.43.0000,1733  -- Toluidines et leurs dérivés; sels de ces produits,5,verifie
2921.44.0000,1734  -- Diphénylamine et ses dérivés; sels de ces produits,5,verifie
2921.45.0000,"1735 -- 1-Naphtylamine (alpha-naphtylamine), 2- naphtylamine (bêta-naphtylamine) et leurs dérivés; sels de ces produits Page 134 de 566",5,verifie
2921.46.0000,"1736 -- Amfétamine, benzfétamine, dexamfétamine, étilamfétamine, fencamfamine, léfétamine, lévamfétamine, méfénorex et phentermine (DCI); sels",5,verifie
2921.49.0000,1737 -- Autres monoamines aromatiques et leurs dérivés du n° 29.21; sels de ces produits,5,verifie
2921.51.0000,"1738 -- o-, m-, p-Phénylènediamine, diaminotoluènes, et leurs dérivés; sels de ces produits",5,verifie
2921.59.0000,1739  -- Autres polyamines aromatiques et leurs dérivés du n° 29.21; sels de ces produits,5,verifie
2922.11.0000,1740  -- Monoéthanolamine et ses sels,5,verifie
2922.12.0000,1741  -- Diéthanolamine et ses sels,5,verifie
2922.14.0000,1742  -- Dextropropoxyphène (DCI) et ses sels,5,verifie
2922.15.0000,1743  -- Triéthanolamine,5,verifie
2922.16.0000,1744  -- Sulfonate de perfluorooctane de diéthanolammonium,5,verifie
2922.17.0000,1745  -- Méthyldiéthanolamine et éthyldiéthanolamine,5,verifie
2922.18.0000,"1746  -- 2-(N,N-Diisopropylamino) éthanol",5,verifie
2922.19.0000,"1747  -- Autres amino-alcools du n° 29.22; éthers, esters et autres sels, du n° 29.22",5,verifie
2922.21.0000,1748  -- Acides aminonaphtolsulfoniques et leurs sels,5,verifie
2922.29.0000,"1749 -- Autres amino-naphtols et amino-phénols du n° 29.22; éthers, esters et autres sels, du n°29.22",5,verifie
2922.31.0000,"1750 -- Amfépramone (DCI), méthadone (DCI) et norméthadone (DCI); sels de ces produits Page 135 de 566",5,verifie
2922.39.0000,"1751 -- Autres amino-aldéhydes, amino-cétones et amino-quinones, autres que ceux à fonctions oxygénées différentes, du n° 29 22; leurs sels",5,verifie
2922.41.0000,1752  -- Lysine et ses esters; sels de ces produits,5,verifie
2922.42.1000,1753 --- Monosodium de glutamate chimiquement raffiné en poudre ou en granules conditionné pour la vente au detail (par exemple A-One),10,verifie
2922.42.9000,1754  --- Autre acide glutamique et ses sels du n°,5,verifie
2922.43.0000,1755  -- Acide anthranilique et ses sels,5,verifie
2922.44.0000,1756  -- Tilidine (DCI) et ses sels,5,verifie
2922.49.0000,"1757 -- Autres amino-acides, autres que ceux contenant plus d'une sorte de fonction oxygénée, et leurs esters, du n°29.22; leurs sels",5,verifie
2922.50.0000,"1758 - Amino-alcools-phénols, amino-acides- phénols et autres composés aminés à fonctions oxygénées",5,verifie
2923.10.0000,1759  - Choline et ses sels,5,verifie
2923.20.0000,"1760 - Lécithines et autres phosphoaminolipides, de constitution chimique définie ou non",5,verifie
2923.30.0000,1761  - Sulfonate de perfluorooctane de tétraéthylammonium,5,verifie
2923.40.0000,1762  - Sulfonate de perfluorooctane de didécyldiméthylammonium,5,verifie
2923.90.0000,"1763  - Autres sels et hydroxydes d'ammonium quaternaires, du n° 29.23",5,verifie
2924.11.0000,1764  -- Méprobamate (DCI),5,verifie
2924.12.0000,"1765  -- Fluoroacétamide (ISO), monocrotophos (ISO) et phosphamidon (ISO) Page 136 de 566",5,verifie
2924.19.0000,"1766 -- Autres amides (y compris les carbamates) acycliques; dérivés et sels, du n° 29.24",5,verifie
2924.21.0000,1767  -- Uréines et leurs dérivés; sels de ces produits,5,verifie
2924.23.0000,1768  -- Acide 2-acétamidobenzoïque (acide N- acétylanthranilique) et ses sels,5,verifie
2924.24.0000,1769  -- Ethinamate (DCI),5,verifie
2924.25.0000,1770  -- Alachlor (ISO),5,verifie
2924.29.0000,"1771 -- Autres amides (y compris les carbamates) cycliques; autres dérivés et autres sels, du n° 29.24",5,verifie
2925.11.0000,1772  -- Saccharine et ses sels,5,verifie
2925.12.0000,1773  -- Glutéthimide (DCI),5,verifie
2925.19.0000,"1774  -- Autres imides; dérivés des imides et autres sels, du n° 29.25",5,verifie
2925.21.0000,1775  -- Chlordiméforme (ISO),5,verifie
2925.29.0000,1776  -- Autres imines et dérivés des imines; sels de ces produits,5,verifie
2926.10.0000,1777  - Acrylonitrile,5,verifie
2926.20.0000,1778  - 1-Cyanoguanidine (dicyandiamide),5,verifie
2926.30.0000,"1779 - Fenproporex (DCI) et ses sels; méthadone (DCI) intermédiaire (4-cyano-2- diméthylamino-4,4-diphénylbutane)",5,verifie
2926.40.0000,1780  - alpha-Phenylacétoacétonitrile,5,verifie
2926.90.0000,"1781  - Autres composés à fonction nitrile, du n°",5,verifie
2927.00.0000,"1782  Composés diazoïques, azoïques ou azoxyques.",5,verifie
2928.00.0000,1783  Dérivés organiques de l'hydrazine ou de l'hydroxylamine.,5,verifie
2929.10.0000,1784  - Isocyanates,5,verifie
2929.90.0000,"1785  - Composés à autres fonctions azotées, à l'exclusion des isocyanates Page 137 de 566",5,verifie
2930.10.0000,"1786  - 2-(N,N-Diméthylamino) éthanethiol",5,verifie
2930.20.0000,1787  - Thiocarbamates et dithiocarbamates,5,verifie
2930.30.0000,"1788  - Mono-, di- ou tétrasulfures de thiourame",5,verifie
2930.40.0000,1789  - Méthionine,5,verifie
2930.60.0000,"1790  - 2-(N,N-Diéthylamino)éthanethiol",5,verifie
2930.70.0000,1791  - Sulfure de bis(2-hydroxyéthyle) (thiodiglycol (DCI)),5,verifie
2930.80.0000,"1792  - Aldicarbe (ISO), captafol (ISO) et méthamidophos (ISO)",5,verifie
2930.90.0000,1793  - Autres thiocomposés organiques du n°,5,verifie
2931.10.0000,1794  - Plomb tétraméthyle et plomb tétraéthyle,5,verifie
2931.20.0000,1795  - Composés du tributylétain,5,verifie
2931.41.0000,1796  -- Méthylphosphonate de diméthyle,5,verifie
2931.42.0000,1797  -- Propylphosphonate de diméthyle,5,verifie
2931.43.0000,1798  -- Ethylphosphonate de diéthyle,5,verifie
2931.44.0000,1799  -- Acide méthylphosphonique,5,verifie
2931.45.0000,1800  -- Sel d’acide méthylphosphonique et de l’(aminoiminométhyl)urée (1 : 1),5,verifie
2931.46.0000,"1801  -- 2,4,6-Trioxide de 2,4,6-tripropyl- 1,3,5,2,4, 6-trioxatriphosphinane",5,verifie
2931.47.0000,"1802 -- Méthylphosphonate de (5-éthyl-2- méthyl-2- oxido-1,3,2dioxaphosphinan-5- yl) méthyle et de méthyle",5,verifie
2931.48.0000,"1803 -- 3,9-Dioxyde de 3,9-diméthyl-2,4,8,10- tetraoxa-3,9-diphosphaspiro[5.5] undécane",5,verifie
2931.49.0000,1804  -- Autres dérivés organo-phosphoriques non halogénés du N° 29.31,5,verifie
2931.51.0000,1805  -- Dichlorure méthylphosphonique,5,verifie
2931.52.0000,1806  -- Dichlorure propylphosphonique Page 138 de 566,5,verifie
2931.53.0000,1807 -- Méthylphosphonothionate de  O-(3- chloropropyl) O- [4-nitro-3- (trifluorométhyl) phényle],5,verifie
2931.54.0000,1808  -- Trichlorfon (ISO),5,verifie
2931.59.0000,1809  -- Autres dérivés organo-phosphoriques halogénés du N° 29.31,5,verifie
2931.90.0000,1810  - Autres composés organo-inorganiques du n° 29.31,5,verifie
2932.11.0000,1811  -- Tétrahydrofuranne,5,verifie
2932.12.0000,1812  -- 2-Furaldéhyde (furfural),5,verifie
2932.13.0000,1813  -- Alcool furfurylique et alcool tétrahydrofurfurylique,5,verifie
2932.14.0000,1814  -- Sucralose,5,verifie
2932.19.0000,"1815 -- Autres composés hétérocycliques à hétéroatome(s) d'oxygène exclusivement, la structure comporte un cycle furanne non condensé du n°29 32",5,verifie
2932.20.0000,1816  - Lactones,5,verifie
2932.91.0000,1817  -- Isosafrole,5,verifie
2932.92.0000,"1818  -- 1-(1,3-Benzodioxole-5-yl)propane-2-one",5,verifie
2932.93.0000,1819  -- Pipéronal,5,verifie
2932.94.0000,1820  -- Safrole,5,verifie
2932.95.0000,1821  -- Tétrahydrocannabinols (tous les isomères),5,verifie
2932.96.0000,1822  -- Carbofurane (ISO),5,verifie
2932.99.0000,"1823 -- Autres composés hétérocycliques à hétéroatome(s) d'oxygène exclusivement, du n° 29.32",5,verifie
2933.11.0000,1824  -- Phénazone (antipyrine) et ses dérivés,5,verifie
2933.19.0000,"1825 -- Autres composés hétérocycliques à hétéroatome(s) d'azote exclusivement...un cycle pyrazole non condensé, sauf phénazone et ses dérivés Page 139 de 566",5,verifie
2933.21.0000,1826  -- Hydantoïne et ses dérivés,5,verifie
2933.29.0000,"1827 -- Autres composés hétérocycliques à hétéroatome(s) d'azote exclusivement...un cycle imidazole non condensé, sauf hydantoïne et ses dérivés",5,verifie
2933.31.0000,1828  -- Pyridine et ses sels,5,verifie
2933.32.0000,1829  -- Pipéridine et ses sels,5,verifie
2933.33.0000,"1830 -- Alfentanil (DCI), aniléridine (DCI), bézitramide  (DCI), bromazépam (DCI), carfentanil (DCI),  cétobémidone (DCI), difénoxine (DCI),   diphénoxylate (DCI), dipipanone (DCI), fentanyl  (DCI), méthylphénidate (DCI), pentazocine (DCI) péthidine (DCI)",5,verifie
2933.34.0000,1831  -- Autres fentanyls et leurs dérivés du N°,5,verifie
2933.35.0000,1832  -- Quinuclidin-3-ol,5,verifie
2933.36.0000,1833  -- 4-Anilino-N-phénéthylpipéridine (ANPP),5,verifie
2933.37.0000,1834  -- N-Phénéthyl-4-pipéridone (NPP),5,verifie
2933.39.0000,1835 -- Autres composés hétérocycliques à hétéroatome(s) d'azote exclusivement ... un cycle pyridine (hydrogéné ou non) non condensé du n° 29 33,5,verifie
2933.41.0000,1836  -- Lévorphanol (DCI) et ses sels,5,verifie
2933.49.0000,1837 -- Autres composés hétérocycliques à hétéroatome(s) d'azote exclusivement... à cycles quinoléine ou isoquinoléine sans autres condensations,5,verifie
2933.52.0000,1838  -- Malonylurée (acide barbiturique) et ses sels,5,verifie
2933.53.0000,"1839 -- Allobarbital (DCI), amobarbital (DCI), barbital (DCI), butalbital (DCI), butobarbital,...et vinylbital (DCI); sels de ces produits Page 140 de 566",5,verifie
2933.54.0000,1840  -- Autres dérivés de malonylurée (acide barbiturique); sels de ces produits,5,verifie
2933.55.0000,"1841 -- Loprazolam (DCI), mécloqualone (DCI), méthaqualone (DCI) et zipéprol (DCI); sels de ces produits",5,verifie
2933.59.0000,"1842 -- Autres composés hétérocycliques à hétéroatome(s) d'azote exclusivement...un cycle pyrimidine (hydrogéné ou non) ou pipérazine, du n°29.33",5,verifie
2933.61.0000,1843  -- Mélamine,5,verifie
2933.69.0000,"1844 -- Autres composés hétérocycliques à hétéroatome(s) d'azote exclusivement...un cycle triazine (...) non condensé, du n°",5,verifie
2933.71.0000,1845  -- 6-Hexanelactame (epsilon- caprolactame),5,verifie
2933.72.0000,1846  -- Clobazam (DCI) et méthyprylone (DCI),5,verifie
2933.79.0000,1847  -- Autres lactames du n° 29.33,5,verifie
2933.91.0000,"1848 -- Alprazolam (DCI), camazépam (DCI), chlordiazépoxide (DCI), clonazépam (DCI), clorazépate, ... et triazolam (DCI); sels de ces produits",5,verifie
2933.92.0000,1849  -- Azinphos-méthyl (ISO),5,verifie
2933.99.0000,1850 -- Autres composés hétérocycliques à hétéroatome(s) d'azote exclusivement du n° 29.33,5,verifie
2934.10.0000,1851 - Composés hétérocycliques dont la structure comporte un cycle thiazole (hydrogéné ou non) non condensé,5,verifie
2934.20.0000,1852 - Composés hétérocycliques comportant une structure à cycles benzothiazole (hydrogénés ou non) sans autres condensations Page 141 de 566,5,verifie
2934.30.0000,1853 - Composés hétérocycliques comportant une structure à cycles phénothiazine (hydrogénés ou non) sans autres condensations,5,verifie
2934.91.0000,"1854 -- Aminorex (DCI), brotizolam (DCI), clotiazépam (DCI), cloxazolam (DCI), dextromoramide (DCI), ...et sufentanil (DCI); sels de ces produits",5,verifie
2934.92.0000,1855  -- Autres fentanyls et leurs dérivés du N°,5,verifie
2934.99.0000,"1856 -- Autres acides nucléiques et leurs sels, de constitution chimique définie ou non; autres composés hétérocycliques du n°",5,verifie
2935.10.0000,1857  - N-Méthylperfluorooctane sulfonamide,5,verifie
2935.20.0000,1858  - N-Ethylperfluorooctane sulfonamide,5,verifie
2935.30.0000,1859  - N-Ethyl-N-(2-hydroxyéthyl) perfluorooctane sulfonamide,5,verifie
2935.40.0000,1860  - N-(2-Hydroxyéthyl)-N- méthylperfluorooctane sulfonamide,5,verifie
2935.50.0000,1861  - Autres perfluorooctane sulfonamides,5,verifie
2935.90.0000,1862  - Autres sulfonamides du N°29.35,5,verifie
2936.21.0000,1863  -- Vitamines A et leurs dérivés,5,verifie
2936.22.0000,1864  -- Vitamine B1 et ses dérivés,5,verifie
2936.23.0000,1865  -- Vitamine B2 et ses dérivés,5,verifie
2936.24.0000,1866  -- Acide D- ou DL-pantothénique (vitamine B5)  et ses dérivés,5,verifie
2936.25.0000,1867  -- Vitamine B6 et ses dérivés,5,verifie
2936.26.0000,1868  -- Vitamine B12 et ses dérivés,5,verifie
2936.27.0000,1869  -- Vitamine C et ses dérivés,5,verifie
2936.28.0000,1870  -- Vitamine E et ses dérivés,5,verifie
2936.29.0000,"1871  -- Autres vitamines et leurs dérivés, non mélangés, du n° 29.36 Page 142 de 566",5,verifie
2936.90.0000,"1872 - Provitamines, vitamines mélangées, y compris les concentrats naturels, ainsi que leurs dérivés",5,verifie
2937.11.0000,"1873  -- Somatotropine, ses dérivés et analogues structurels",5,verifie
2937.12.0000,1874  -- Insuline et ses sels,5,verifie
2937.19.0000,"1875 -- Autres hormones polypeptidiques, hormones protéiques et hormones glycoprotéiques, leurs dérivés et analogues structurels du n° 29 37",5,verifie
2937.21.0000,"1876 -- Cortisone, hydrocortisone, prednisone (déhydrocortisone) et prednisolone (déhydrohydrocortisone)",5,verifie
2937.22.0000,1877  -- Dérivés halogénés des hormones corticostéroïdes,5,verifie
2937.23.0000,1878  -- Oestrogènes et progestogènes,5,verifie
2937.29.0000,"1879 -- Autres hormones stéroïdes, autres dérivés et analogues structurels d'hormones stéroïdes, du n° 29.37",5,verifie
2937.50.0000,"1880 - Prostaglandines, thromboxanes et leucotriènes, leurs dérivés et analogues structurels",5,verifie
2937.90.0000,"1881 - Autres hormones et leurs dérivés et analogues structurels, y compris les polypeptides à chaîne modifiée... comme hormones du n° 29 37",5,verifie
2938.10.0000,1882  - Rutoside (rutine) et ses dérivés,5,verifie
2938.90.0000,"1883 - Autres hétérosides, naturels ou reproduits par synthèse, leurs sels, éthers, esters et autres dérivés, du n° 29.38",5,verifie
2939.11.0000,"1884 -- Concentrés de paille de pavot; buprénorphine (DCI), codéine, dihydrocodéine (DCI), éthylmorphine,...et thébaïne; sels de ces produits Page 143 de 566",5,verifie
2939.19.0000,"1885  -- Alcaloïdes de l'opium, leurs dérivés et sels, à l'exclusion de ceux du n° 2939.11",5,verifie
2939.20.0000,1886  - Alcaloïdes du quinquina et leurs dérivés; sels de ces produits,5,verifie
2939.30.0000,1887  - Caféine et ses sels,5,verifie
2939.41.0000,1888  -- Ephédrine et ses sels,5,verifie
2939.42.0000,1889  -- Pseudoéphédrine (DCI) et ses sels,5,verifie
2939.43.0000,1890  -- Cathine (DCI) et ses sels,5,verifie
2939.44.0000,1891  -- Noréphédrine et ses sels,5,verifie
2939.45.0000,"1892 -- Lévométamfétamine, métamfétamine (DCI), racémate de métamfétamine et leurs sels",5,verifie
2939.49.0000,"1893  -- Autres éphédrines et leurs sels, du n°",5,verifie
2939.51.0000,1894  -- Fénétylline (DCI) et ses sels,5,verifie
2939.59.0000,"1895 -- Théophylline et aminophylline (théophylline-...) et leurs dérivés (sauf fénétylline); sels de ces produits, autres que du n° 2939 51",5,verifie
2939.61.0000,1896  -- Ergométrine (DCI) et ses sels,5,verifie
2939.62.0000,1897  -- Ergotamine (DCI) et ses sels,5,verifie
2939.63.0000,1898  -- Acide lysergique et ses sels,5,verifie
2939.69.0000,1899 -- Autres alcaloïdes de l'ergot de seigle et leurs sels; dérivés des alcaloïdes de l'ergot de seigle,5,verifie
2939.72.0000,"1900  -- Cocaïne, ecgonine; sels, esters et autres dérivés de ces produits",5,verifie
2939.79.0000,"1901 -- Autres alcaloïdes d'origine végétale, leurs sels, ethers, esters et autres dérivés, du N°29.39",5,verifie
2939.80.0000,"1902 - Autres alcaloïdes, autre que d'origine végétale, leurs sels, ethers, esters et autres dérivés, du N°29.39 Page 144 de 566",5,verifie
2940.00.0000,"1903 Sucres chimiquement purs, à l'exception du saccharose, du lactose, du maltose, du glucose et du fructose (levulose); éthers, acétals et ester de sucre et leurs sels, autres que les produits des n°s 29.37, 29 38 et 29 39",5,verifie
2941.10.0000,"1904 - Pénicillines et leurs dérivés, à structure d'acide pénicillanique; sels de ces produits",5,verifie
2941.20.0000,1905  - Streptomycines et leurs dérivés; sels de ces produits,5,verifie
2941.30.0000,1906  - Tétracyclines et leurs dérivés; sels de ces produits,5,verifie
2941.40.0000,1907  - Chloramphénicol et ses dérivés; sels de ces produits,5,verifie
2941.50.0000,1908  - Erythromycine et ses dérivés; sels de ces produits,5,verifie
2941.90.0000,1909  - Autres antibiotiques du n° 29.41,5,verifie
2942.00.0000,1910  Autres composés organiques.,5,verifie
3001.20.0000,1911 - Extraits à usages opothérapiques de glandes ou d'autres organes ou de leurs sécrétions,0,verifie
3001.90.0000,"1912 - Glandes et autres organes à usages opothérapiques,  desséché, même pulvérisés; héparine et ses sels; autres substances humaines NDCA",0,verifie
3002.12.0000,1913  -- Antisérums et autres fractions du sang,0,verifie
3002.13.0000,"1914 --  Produits immunologiques, non mélangés et ni présentés sous forme de doses, ni conditionnés pour la vente au détail",0,verifie
3002.14.0000,"1915 -- Produits immunologiques, mélangés et non présentés sous forme de doses, ni conditionnés pour la vente au détail Page 145 de 566",0,verifie
3002.15.0000,"1916 -- Produits immunologiques, présentés sous forme de doses, ou conditionnés pour la vente au détail",0,verifie
3002.41.0000,1917  -- Vaccins pour la médecine humaine,0,verifie
3002.42.0000,1918  -- Vaccins pour la médecine vétérinaire,0,verifie
3002.49.0000,"1919 -- Toxines, cultures de micro- organismes (à l'exclusion des levures) et produits similaires",0,verifie
3002.51.0000,"1920  -- Produits de thérapie cellulaire, même modifiés",0,verifie
3002.59.0000,"1921 -- Cultures de cellules (à l'exclusion des produits de thérapie cellulaire), même modifiées",0,verifie
3002.90.1000,1922  -- Ferments,0,verifie
3002.90.9000,"1923 -- Sang humain; sang animal préparé en vue d'usages thérapeutiques, prophylactiques ou de diagnostic",0,verifie
3003.10.0000,"1924 - Médicaments (à l'exclusion des produits des n°s 30.02, 30.05 ou 30.06) constitués par des produits mélangés entre eux, préparés à des fins thérapeutiques ou prophylactiques, mais ni présentés sous forme de doses, ni conditionnés pour la vente au détail, contenant des pénicillines ou leurs dérivés..., ou des streptomycines l dé i é",0,verifie
3003.20.0000,"1925 - Médicaments (à l'exclusion des produits des n°s 30.02, 30.05 ou 30.06) constitués par des produits mélangés entre eux, préparés à des fins thérapeutiques ou prophylactiques, mais ni présentés sous forme de doses, ni conditionnés pour la vente au détail, contenant des tibi ti Page 146 de 566",0,verifie
3003.31.0000,"1926 -- Médicaments (à l'exclusion des produits des n°s 30.02, 30.05 ou 30.06) constitués par des produits mélangés entre eux, préparés à des fins thérapeutiques ou prophylactiques, mais ni présentés sous forme de doses, ni conditionnés pour la vente au détail, contenant de l'insuline",0,verifie
3003.39.0000,"1927 -- Autres médicaments … ni conditionnés pour vente au détail, contenant des produits du n° 29.37 (sauf insuline), mais sans antibiotiques",0,verifie
3003.41.0000,"1928 -- Autres médicaments du N°30.03 … ni conditionnés pour vente au détail, contenant de l'éphédrine ou ses sels",0,verifie
3003.42.0000,"1929 -- Autres médicaments du N°30.03 … ni conditionnés pour vente au détail, contenant de la pseudoéphédrine (DCI) ou ses sels",0,verifie
3003.43.0000,"1930 -- Autres médicaments du N°30.03 … ni conditionnés pour vente au détail, contenant de la noréphédrine ou ses sels",0,verifie
3003.49.0000,"1931 -- Autres médicaments contenant les alcaloîdes ou leurs dérivés  … ni conditionnés pour vente au détail, du N°30 03",0,verifie
3003.60.0000,"1932 - Autres médicaments, contenant des principes actifs contre le paludisme décrits dans la Note 2 de sous-positions du chapitre 30",30,verifie
3003.90.0000,"1933 - Autres médicaments non présentés sous formes de doses ni conditionnés pour la vente au détail, du n° 30.03 Page 147 de 566",0,verifie
3004.10.0000,"1934 - Médicaments … conditionnés pour la vente au détail, contenant des pénicillines ou leurs dérivés..., ou des streptomycines ou leurs dérivés",0,verifie
3004.20.0000,"1935 - Médicaments … conditionnés pour la vente au détail, contenant d'autres antibiotiques",0,verifie
3004.31.0000,"1936 -- Médicaments … présentés sous formes de doses (…) ou conditionnés pour vente au détail, contenant de l'insuline",0,verifie
3004.32.0000,"1937 -- Médicaments … conditionnés pour la vente au détail, contenant des hormones corticostéroïdes, leurs dérivés ou analogues structurels",0,verifie
3004.39.0000,"1938 -- Autres médicaments ... pour la vente au détail, contenant d'autres produits du n° 29.37 mais ne contenant pas d'antibiotiques",0,verifie
3004.41.0000,"1939 -- Préparation pharmaceutique contenant de l'éphédrine ou ses sels, conditionnés pour la vente au détail",0,verifie
3004.42.0000,"1940 -- Préparation pharmaceutique contenant de la pseudoéphédrine (DCI) ou ses sels, conditionnés pour la vente au détail",0,verifie
3004.43.0000,"1941 -- Préparation pharmaceutique contenant de la noréphédrine ou ses sels, conditionnés pour la vente au détail",0,verifie
3004.49.0000,"1942 -- Autres médicaments contenant les alcaloîdes ou leurs dérivés  … conditionnés pour vente au détail, du N°30.04 Page 148 de 566",0,verifie
3004.50.0000,"1943 - Autres médicaments … conditionnés pour la vente au détail, contenant des vitamines ou d'autres produits du n° 29.36",0,verifie
3004.60.0000,"1944 - Autres médicaments, contenant des principes actifs contre le paludisme décrits dans la Note 2 de sous-positions du chapitre 30",30,verifie
3004.90.2000,1945  -- Sel de réhydratation orale (ORASEL),0,verifie
3004.90.9000,"1946 -- Autres médicaments … présentés sous formes de doses (…) ou conditionnés pour la vente au détail, du n° 30.04",0,verifie
3005.10.0000,1947  - Pansements adhésifs et autres articles ayant une couche adhésive,0,verifie
3005.90.0000,"1948 - Autres articles imprégnés ou recouverts de substances pharmaceutiques ou CVD à des fins médicales, chirugicales, dentaires du n° 30 05",0,verifie
3006.10.0000,"1949 - Catguts, ligatures similaires pour sutures chirurgicales(..) et adhésifs, stériles..les plaies; laminaires stériles; ...résorbables ou non",0,verifie
3006.30.0000,1950 - Préparations opacifiantes pour examens radiographiques; réactifs de diagnostic conçus pour être employés sur le patient,0,verifie
3006.40.0000,1951 - Ciments et autres produits d'obturation dentaire; ciments pour la réfection osseuse,0,verifie
3006.50.0000,"1952  - Trousses et boîtes de pharmacie garnies, pour soins de première urgence",0,verifie
3006.60.0000,"1953 - Préparations chimiques contraceptives à base d'hormones, d'autres produits du n° 29.37 ou de spermicides Page 149 de 566",0,verifie
3006.70.0000,1954 - Préparations présentées sous forme de gel conçues pour être utilisées en médecine humaine ou vétérinaire comme lubrifiant pour certaines parties du corps lors des opérations chirurgicales ou des examens médicaux ou comme agent de couplage entre le corps et les instruments édi,0,verifie
3006.91.0000,1955  -- Appareillages identifiables de stomie,0,verifie
3006.92.0000,1956  -- Déchets pharmaceutiques,0,verifie
3006.93.0000,"1957 -- Placebos et trousses pour essais cliniques masqués (ou à double insu), destinés à un essai clinique reconnu, présentés sous forme de doses",0,verifie
3101.00.0000,"1958 Engrais d'origine animale ou végétale, même mélangés entre eux ou...; engrais résultant du mélange ou ... d'origine animale ou végétale",5,verifie
3102.10.0000,"1959  - Urée, même en solution aqueuse",0,verifie
3102.21.0000,1960  -- Sulfate d'ammonium,0,verifie
3102.29.0000,1961  -- Sels doubles et mélanges de sulfate d'ammonium et de nitrate d'ammonium,0,verifie
3102.30.0000,"1962  - Nitrate d'ammonium, même en solution aqueuse",0,verifie
3102.40.0000,1963 - Mélanges de nitrate d'ammonium et de carbonate de calcium ou d'autres matières inorganiques dépourvues de pouvoir fertilisant,5,verifie
3102.50.0000,1964  - Nitrate de sodium,0,verifie
3102.60.0000,1965  - Sels doubles et mélanges de nitrate de calcium et de nitrate d'ammonium,0,verifie
3102.80.0000,1966 - Mélanges d'urée et de nitrate d'ammonium en solutions aqueuses ou ammoniacales Page 150 de 566,5,verifie
3102.90.0000,"1967 - Autres engrais minéraux ou chimiques azotés, y compris les mélanges non visés dans les sous-positions précédentes, du n°",0,verifie
3103.11.0000,1968 -- Superphosphates contenant en poids 35% ou plus de pentaoxyde de diphosphore (P2O5),0,verifie
3103.19.0000,1969 -- Superphosphates autres que contenant en poids 35% ou plus de pentaoxyde de diphosphore (P2O5),0,verifie
3103.90.0000,1970 - Engrais minéraux ou chimiques phosphatés à l'exclusion des superphosphates,0,verifie
3104.20.0000,1971  - Chlorure de potassium,0,verifie
3104.30.0000,1972  - Sulfate de potassium,0,verifie
3104.90.0000,"1973  - Autres engrais minéraux ou chimiques potassiques, du n° 31.04",0,verifie
3105.10.0000,"1974 - Produits du Chapitre 31 présentés soit en tablettes ou formes similaires, soit en emballages d'un poids brut n'excédant pas 10 kg",0,verifie
3105.20.0000,"1975 - Engrais minéraux ou chimiques contenant les trois éléments fertilisants : azote, phosphore et potassium",5,verifie
3105.30.0000,1976  - Hydrogénoorthophosphate de diammonium (phosphate diammonique),0,verifie
3105.40.0000,"1977 - Dihydrogénoorthophosphate d'ammonium (phosphate monoammonique), même en mélange avec l'hydrogénoorthophosphate de diammonium (",0,verifie
3105.51.0000,1978  -- Autres engrais minéraux ou chimiques contenant des nitrates et des phosphates Page 151 de 566,5,verifie
3105.59.0000,"1979 -- Autres engrais minéraux ou chimiques contenant de l'azote et du phosphore, du n° 31.05",5,verifie
3105.60.0000,1980 - Engrais minéraux ou chimiques contenant les deux éléments fertilisants : phosphore et potassium,5,verifie
3105.90.0000,1981  - Autres engrais du n° 31.05,5,verifie
3201.10.0000,1982  - Extrait tannants de quebracho,5,verifie
3201.20.0000,1983  - Extrait tannants de mimosa,5,verifie
3201.90.0000,"1984 - Autres extraits tannants d'origine végétale, du n° 32.01; tanins et leurs sels, éthers, esters et autres dérivés",5,verifie
3202.10.0000,1985  - Produits tannants organiques synthétiques,5,verifie
3202.90.0000,"1986 - Produits tannants inorganiques; préparations tannantes, même avec produits tannants naturels; préparations enzymatiques pour prétannage",10,verifie
3203.00.1000,1987  - Indigo naturel,5,verifie
3203.00.9000,1988 - Matières colorantes d'origine végétale (sauf indigo) ou animale ...définie; préparations de  la Note 3 du Chap. 32 végétale ou animale,5,verifie
3204.11.0000,1989  -- Colorants dispersés et préparations à base de ces colorants,5,verifie
3204.12.0000,"1990 -- Colorants acides, même métallisés, et préparations à base de ces colorants; colorants à mordants et préparations à base de ces colorants",5,verifie
3204.13.0000,1991  -- Colorants basiques et préparations à base de ces colorants,5,verifie
3204.14.0000,1992  -- Colorants directs et préparations à base de ces colorants Page 152 de 566,5,verifie
3204.15.0000,1993 -- Colorants de cuve (y compris ceux utilisables en l'état comme colorants pigmentaires) et préparations à base de ces colorants,5,verifie
3204.16.0000,1994  -- Colorants réactifs et préparations à base de ces colorants,10,verifie
3204.17.0000,1995  -- Colorants pigmentaires et préparations à base de ces colorants,10,verifie
3204.18.0000,1996  -- Matières colorantes caroténoïdes et préparations à base de ces matières,10,verifie
3204.19.0000,"1997 -- Autres matières colorantes et leurs préparations, y compris les mélanges de matières colorantes d'au moins deux des n°s 3204 11 à 3204 19",5,verifie
3204.20.0000,1998 - Produits organiques synthétiques des types utilisés comme agents d'avivage fluorescents,5,verifie
3204.90.0000,"1999 - Produits organiques synthétiques des types utilisés  comme luminophores, même de constitution chimique définie",5,verifie
3205.00.0000,"2000 Laques colorantes; préparations visées à la Note 3 du Chapitre 32, à base de laques colorantes.",10,verifie
3206.11.0000,"2001 -- Pigments et préparations à base de dioxyde de titane, contenant en poids 80 % ou plus de dioxyde de titane, calculé sur matière sèche",5,verifie
3206.19.0000,"2002  -- Autres pigments et préparations à base de dioxyde de titane, du n° 32.06",5,verifie
3206.20.0000,2003  - Pigments et préparations à base de composés du chrome,5,verifie
3206.41.0000,2004  -- Outremer et ses préparations,5,verifie
3206.42.0000,"2005  -- Lithopone, autres pigments et préparations à base de sulfure de zinc Page 153 de 566",5,verifie
3206.49.1000,2006  --- Pigments et préparations à base de composés du cadmium,5,verifie
3206.49.2000,2007 --- Pigments et préparations à base d'hexacyanoferrates (ferrocyanures ou ferricyanures),5,verifie
3206.49.9000,"2008  --- Autres matières colorantes et autres préparations, du n° 32.06",10,verifie
3206.50.0000,"2009 - Produits inorganiques des types utilisés comme luminophores, même de constitution chimique définie",5,verifie
3207.10.0000,"2010 - Pigments, opacifiants et couleurs préparés et préparations similaires, des types utilisés pour la céramique, l'émaillerie ou la verrerie",5,verifie
3207.20.0000,"2011 - Compositions vitrifiables, engobes et préparations similaires, des types utilisés pour la céramique, l'émaillerie ou la verrerie",5,verifie
3207.30.0000,"2012 - Lustres liquides et préparations similaires, des types utilisés pour la céramique, l'émaillerie ou la verrerie",5,verifie
3207.40.0000,"2013 - Frittes et autres verres, sous forme de poudre, de grenailles, de lamelles ou de flocons",5,verifie
3208.10.0000,"2014 - Peintures et vernis à base de polyesters, modifiés, dispersés ou dissous dans un milieu non aqueux",20,verifie
3208.20.1000,"2015 -- Vernis à base de polymères acryliques ou vinyliques, modifiés, dispersés ou dissous dans un milieu non aqueux",20,verifie
3208.20.2000,"2016 -- Peintures à base de polymères acryliques ou vinyliques, modifiés, dispersés ou dissous dans un milieu non aqueux Page 154 de 566",35,verifie
3208.20.9000,"2017 -- Solutions définies à la note 4 du Chapitre 32 à base de polymères acryliques ou vinyliques, modifiés... dissous dans un milieu non aqueux",35,verifie
3208.90.1000,"2018 -- Autres vernis à base de polymères naturels modifiés, dispersés ou dissous dans un milieu non aqueux, du n° 32.08",35,verifie
3208.90.2100,"2019 --- Peintures sèches en poudre, à base de polymères, autres que de polyesters, de polymères acryliques ou vinyliques … un milieu non aqueux",35,verifie
3208.90.2900,"2020 --- Autres peintures à base de polymères modifiés, dispersés ou dissous dans un milieu non aqueux, du n° 32.08",35,verifie
3208.90.9000,"2021 -- Solutions définies à la note 4 du Chap.32 à base de polymères, aut. que de polyesters, de polymères acryliques ou vinyliques non aqueux",35,verifie
3209.10.1000,"2022 -- Vernis à base de polymères acryliques ou vinyliques modifiés, dispersés ou dissous dans un milieu aqueux",35,verifie
3209.10.2000,"2023 -- Peintures à base de polymères acryliques ou vinyliques modifiés, dispersés ou dissous dans un milieu aqueux",35,verifie
3209.90.1000,"2024 -- Autres vernis à base de polymères synthétiques ou de polymères naturels modifiés, dispersés ou dissous dans un milieu aqueux du n° 32 09",35,verifie
3209.90.2000,"2025 -- Autres peintures à base de polymères synthétiques ou naturels modifiés, dispersés ou dissous dans un milieu aqueux du n° 32 09",35,verifie
3210.00.1000,2026  - Vernis autres qu'à base de polymères Page 155 de 566,35,verifie
3210.00.2000,2027  - Peintures autres qu'à base de polymères,35,verifie
3210.00.9000,2028  - Pigments à l'eau préparés des types utilisés pour le finissage des cuirs,20,verifie
3211.00.0000,2029  Siccatifs préparés.,10,verifie
3212.10.0000,2030  - Feuilles pour le marquage au fer,10,verifie
3212.90.0000,"2031 - Pigments (...) dispersés dans des milieux non aqueux, sous forme de liquide ou pâte,...de peintures; teintures et autres vente au détail",10,verifie
3213.10.0000,"2032 - Couleurs en assortiments pour la peinture artistique, l'enseignement, ... tubes, pots, flacons, godets ou conditionnements similaires",10,verifie
3213.90.0000,"2033 - Couleurs (autres qu' en assortiments) pour la peinture artistique, l'enseignement, ...pots, flacons, godets ou conditionnements similaires",10,verifie
3214.10.1000,"2034  -- Mastic de vitrier, ciments de résine et autres mastics",10,verifie
3214.10.2000,2035  -- Enduits utilisés en peinture,10,verifie
3214.90.0000,2036  - Enduits non réfractaires des types utilisés en maçonnerie,10,verifie
3215.11.0000,"2037  -- Encres d'imprimerie noires, même concentrées ou sous formes solides",10,verifie
3215.19.0000,"2038 -- Encres d'imprimerie autres que noires, même concentrées ou sous formes solides",10,verifie
3215.90.1000,"2039  -- Encres à écrire, même concentrées ou sous formes solides",10,verifie
3215.90.9000,"2040 -- Encres à dessiner et autres encres, même concentrées ou sous formes solides, du n° 32.15",20,verifie
3301.12.0000,2041  -- Huiles essentielles d'orange,10,verifie
3301.13.0000,2042  -- Huiles essentielles de citron Page 156 de 566,10,verifie
3301.19.0000,2043  -- Huiles essentielles d'agrumes autres que d'orange ou de citron,10,verifie
3301.24.0000,2044  -- Huiles essentielles de menthe poivrée (Mentha piperita),10,verifie
3301.25.0000,2045 -- Huiles essentielles de menthes (autres que de menthes poivrées (Mentha piperita)),10,verifie
3301.29.1000,2046  --- Huiles essentielles de citronnelle,10,verifie
3301.29.9000,"2047 --- Autres huiles essentielles (déterpénées ou non), y compris celles dites «concrètes» ou «absolues», du n° 33.01",10,verifie
3301.30.0000,2048  - Résinoïdes,10,verifie
3301.90.0000,2049 - Oléorésines d'extraction; solutions concentrées d'huiles essentielles ...; sous- produits ...; eaux distillées aromatiques... essentielles,10,verifie
3302.10.0000,"2050 - Mélanges de substances odoriférantes ou à base de ces substances, des types utilisés pour les industries alimentaires ou des boissons",10,verifie
3302.90.1000,"2051 -- Mélanges de substances odoriférantes ou à base de ces substances, des types utilisés dans la parfumerie",10,verifie
3302.90.9000,"2052 -- Mélanges de substances odoriférantes ou à base de ces substances, des types utilisés dans d'autres industries, du ° 33.02",10,verifie
3303.00.1000,2053  - Parfums liquides contenant de l'alcool,20,verifie
3303.00.2000,2054  - Parfums liquides ne contenant pas d'alcool,20,verifie
3303.00.9000,2055  - Parfums (autres que liquides); eaux de toillette,20,verifie
3304.10.0000,2056  - Produits de maquillage pour les lèvres,20,verifie
3304.20.0000,2057  - Produits de maquillage pour les yeux Page 157 de 566,20,verifie
3304.30.0000,2058  - Préparations pour manucures ou pédicures,20,verifie
3304.91.0000,"2059 -- Poudres, y compris les poudres compactes pour l'entretien ou les soins de la peau, autres que les médicaments…",20,verifie
3304.99.0000,"2060 -- Autres produits de beauté ou de maquillage  préparés et préparations pour entretien ou soins de peau, aut. que les médicaments bronzer",20,verifie
3305.10.0000,2061  - Shampooings,20,verifie
3305.20.0000,2062  - Préparations pour l'ondulation ou le défrisage permanent,20,verifie
3305.30.0000,2063  - Laques pour cheveux,20,verifie
3305.90.0000,2064  - Autres préparations capillaires du n°,20,verifie
3306.10.0000,2065  - Dentifrices,20,verifie
3306.20.0000,"2066 - Fils utilisés pour nettoyer les espaces interdentaires (fils dentaires), en emballages individuels de détail",20,verifie
3306.90.0000,"2067 - Autres préparations pour hygiène buccale ou dentaire, y compris les poudres et crèmes pour faciliter l'adhérence des dentiers du n° 33 06",20,verifie
3307.10.0000,"2068  - Préparations pour le prérasage, le rasage ou l'après- rasage",20,verifie
3307.20.0000,2069  - Désodorisants corporels et antisudoraux,20,verifie
3307.30.0000,2070  - Sels parfumés et autres préparations pour bains,20,verifie
3307.41.0000,2071  -- «Agarbatti» et autres préparations odoriférantes agissant par combustion,20,verifie
3307.49.0000,"2072 -- Autres préparations pour parfumer ou désodoriser les locaux, y cpris les préparations odoriférantes pr cérémonies religieuses du n°33 07 Page 158 de 566",20,verifie
3307.90.0000,"2073 - Autres produits de parfumerie ou de toilette préparés et autres préparations cosmétiques, non dénommés ni compris ailleurs",20,verifie
3401.11.1000,"2074 --- Savons, produits et préparations organiques tensio-actifs en barres,...frappés, et papier,... détergents, de toilette à usages médicaux",10,verifie
3401.11.9000,"2075 --- Savons, produits et préparations organiques tensio-actifs,...frappés, et papier,...détergents, de toilette autres qu'à usages médicaux",35,verifie
3401.19.1000,2076  --- Savons de ménage,35,verifie
3401.19.2000,"2077 --- Produits et préparations organiques tensio-actifs en barres,...frappés, autres que savons de ménage et de toilette",35,verifie
3401.19.9000,"2078 --- Papier, ouates, feutres et nontissés, imprégnés, enduits ou recouverts de savon ou de détergents autres que de toilette",35,verifie
3401.20.0000,"2079  - Savons sous autres formes, du n° 34.01",35,verifie
3401.30.0000,"2080 - Produits et préparations organiques tensio-actifs destinés au lavage de la peau, ... pour la vente au détail, même contenant du savon",35,verifie
3402.31.1000,2081 --- Acides sulfoniques d’alkylbenzènes linéaires et leurs sels conditionnés pour la vente au détail,35,verifie
3402.31.9000,2082 --- Acides sulfoniques d’alkylbenzènes linéaires et leurs sels autres que conditionnés pour la vente au détail Page 159 de 566,20,verifie
3402.39.1000,"2083 --- Agents de surface organiques anioniques (autres que les savons et les Acides sulfoniques d’alkylbenzènes linéaires et leurs sels), conditionnés pour la vente au détail",35,verifie
3402.39.9000,"2084 --- Agents de surface organiques anioniques (autres que les savons et les acides sulfoniques d’alkylbenzènes linéaires et leurs sels), autres que conditionnés pour la vente au détail",20,verifie
3402.41.1000,2085 --- Autres agents de surface organiques Cationiques (autres que les savons) conditionnés pour la vente au détail,35,verifie
3402.41.9000,"2086 --- Autres agents de surface organiques Cationiques (autres que les savons), non conditionnés pour la vente au détail",20,verifie
3402.42.1000,2087 --- Autres agents de surface organiques non-ioniques (autres que les savons) conditionnés pour la vente au détail,35,verifie
3402.42.9000,"2088 --- Autres agents de surface organiques non-ioniques (autres que les savons), non conditionnés pour la vente au détail",20,verifie
3402.49.1000,"2089 --- Autres agents de surface organiques (à l'exclusion des savons) autres que cationiques ou non-ioniques, conditionnés pour la vente au détail",35,verifie
3402.49.9000,"2090 --- Autres agents de surface organiques (à l'exclusion des savons) autres que cationiques ou non-ioniques, non conditionnés pour la vente au détail Page 160 de 566",20,verifie
3402.50.0000,"2091 - préparations tensio-actives, préparations pour lessives (y compris les préparations auxiliaires de lavage) et préparations de nettoyage, même  contenant du savon, autres que celles du n° 34.01, conditionnées pour la vente au détail",35,verifie
3402.90.0000,"2092 - Préparations tensio-actives, ou pour lessives (...) et de nettoyage, (aut. que celles du n°34.01), non conditionnées pour vente au détail",20,verifie
3403.11.0000,"2093 -- Préparations contenant moins de 70% d'huiles de pétrole ou minéraux bitumineux, pr le traitement des matières textiles d'aut matières",10,verifie
3403.19.0000,"2094 -- Autres préparations contenant moins de 70% d'huiles de pétrole ou minéraux bitumineux, du n° 34.03",10,verifie
3403.91.0000,"2095 -- Préparations sans huiles de pétrole ou minéraux bitumineux, pour le traitement des matières textiles, … ou d'autres matières",10,verifie
3403.99.0000,"2096  -- Autres préparations lubrifiantes, du n°",10,verifie
3404.20.0000,"2097  - Cires artificielles et cires préparées, de poly(oxyéthylène) (polyéthylène glycol)",10,verifie
3404.90.0000,"2098 - Cires artificielles et cires préparées, autres que de poly(oxyéthylène) (polyéthylène glycol)",10,verifie
3405.10.0000,"2099  - Cirages, crèmes et préparations similaires pour chaussures ou pour cuir",20,verifie
3405.20.0000,"2100 - Encaustiques et préparations similaires pour l'entretien des meubles en bois, des parquets ou d'autres boiseries Page 161 de 566",20,verifie
3405.30.0000,"2101 - Brillants et préparations similaires pour carrosseries, autres que les brillants pour métaux",20,verifie
3405.40.0000,"2102  - Pâtes, poudres et autres préparations à récurer",20,verifie
3405.90.0000,2103  - Autres préparations du n° 34.05,20,verifie
3406.00.0000,"2104  Bougies, chandelles, cierges et articles similaires.",20,verifie
3407.00.0000,"2105 Pâtes à modeler (..); compositions dites «cires pour l'art dentaire» (...); autres compositions pour l'art dentaire, à base de plâtre",20,verifie
3501.10.0000,2106  - Caséines,5,verifie
3501.90.0000,2107  - Caséinates et autres dérivés des caséines; colles de caséine,10,verifie
3502.11.0000,2108  -- Ovalbumine séchée,10,verifie
3502.19.0000,2109  -- Ovalbumine autre que séchée,10,verifie
3502.20.0000,"2110 - Lactalbumine, y compris les concentrés de deux ou plusieurs protéines de lactosérum",10,verifie
3502.90.0000,"2111  - Autres albumines, albuminates et autres dérivés des albumines, du n° 35.02",10,verifie
3503.00.0000,"2112 Gélatines (...) et leurs dérivés; ichtyocolle; autres colles d'origine animale, à l'exclusion des colles de caséine du n° 35 01",10,verifie
3504.00.0000,"2113 Peptones et leurs dérivés; autres matières protéiques et leurs dérivés, NDCA; poudre de peau, traitée ou non au chrome.",10,verifie
3505.10.0000,"2114 - Dextrine et autres amidons et fécules modifiés (les amidons et fécules prégélatinisés ou estérifiés, par exemple) Page 162 de 566",5,verifie
3505.20.0000,"2115 - Colles à base d'amidons ou de fécules, de dextrine ou d'autres amidons ou fécules modifiés",10,verifie
3506.10.0000,"2116 - Produits de toute espèce à usage de colles ou d'adhésifs,... pour  vente au détail comme colles ou adhésifs, poids net n'excédant pas 1 kg",20,verifie
3506.91.0000,2117  -- Adhésifs à base de polymères des n°s 39.01 à 39.13 ou de caoutchouc,10,verifie
3506.99.0000,"2118  -- Colles et autres adhésifs préparés, non dénommés ni compris ailleurs",10,verifie
3507.10.0000,2119  - Présure et ses concentrats,10,verifie
3507.90.0000,"2120  - Autres enzymes, non dénommées ni comprises ailleurs",10,verifie
3601.00.0000,2121  Poudres propulsives.,5,verifie
3602.00.1000,2122  - Dynamite,5,verifie
3602.00.9000,"2123  - Explosifs préparés, autres que les poudres propulsives ou la dynamite",5,verifie
3603.10.0000,2124  - Mèches de sûreté,5,verifie
3603.20.0000,2125  - Cordeaux détonants,5,verifie
3603.30.0000,2126  - Amorces fulminantes,5,verifie
3603.40.0000,2127  - Capsules fulminantes,5,verifie
3603.50.0000,2128  - Allumeurs,5,verifie
3603.60.0000,2129  - Détonateurs électriques,5,verifie
3604.10.0000,2130  - Articles pour feux d'artifice,20,verifie
3604.90.0000,"2131 - Fusées de signalisation ou paragrêles et similaires, pétards et autres articles de pyrotechnie.",20,verifie
3605.00.0000,"2132  Allumettes, autres que les articles de pyrotechnie du n° 36.04.",20,verifie
3606.10.0000,2133 - Combustibles liquides et gaz combustibles liquéfiés en récipients...les briquets ou les allumeurs et d'une capacité n'excédant pas 300 cm³ Page 163 de 566,20,verifie
3606.90.0000,2134 - Ferrocérium et autres alliages pyrophoriques...; autres articles en matières inflammables cités à la Note 2 du Chapitre 36,20,verifie
3701.10.0000,"2135 - Plaques et films plans, photographiques, sensibilisés, non impressionnés, en autres matières que papier, carton ou textiles, pour rayons X",5,verifie
3701.20.0000,"2136 - Films photographiques plans à développement et tirage instantanés, sensibilisés, non impressionnés, même en chargeurs",5,verifie
3701.30.0000,"2137 - Autres plaques et films plans, photographiques..., en autres matières que le papier... textiles, dimension d'au moins un côté excède 255mm",20,verifie
3701.91.0000,"2138 -- Plaques et films plans, photographiques, ... en autres matières que le papier...textiles, pour la photographie en couleurs (polychrome)",20,verifie
3701.99.0000,"2139 -- Autres plaques et films plans, photographiques, sensibilisés ... en autres matières que le papier, le carton ou les textiles du n° 37 01",20,verifie
3702.10.0000,"2140 - Pellicules photographiques sensibilisées, non impressionnées, en rouleaux, en aut. matières que papier, carton ou textiles, pour rayons X",5,verifie
3702.31.0000,"2141 -- Pellicules photographiques, non perforées, d'une largeur n'excédant pas 105 mm, pour la photographie en couleurs (polychrome) Page 164 de 566",20,verifie
3702.32.0000,"2142 -- Pellicules photographiques, non perforées, d'une largeur n'excédant pas 105 mm, comportant une émulsion aux halogénures d'argent",20,verifie
3702.39.1000,"2143 --- Pellicules photographiques à développement et tirage instantanés, en rouleaux,...non impressionnées, d'une largeur n'excédant pas 105 mm",5,verifie
3702.39.9000,"2144 --- Autres pellicules photographiques, non perforées d'une largeur n'excédant pas 105 mm, du n° 37.02",20,verifie
3702.41.0000,"2145 -- Pellicules photographiques, non perforées, largeur excédant 610 mm et longueur excédant 200 m, pour la photographie en couleurs ( )",20,verifie
3702.42.0000,"2146 -- Pellicules photographiques, non perforées, largeur excédant 610 mm et longueur excédant 200 m, autres que pour photographie en couleurs",20,verifie
3702.43.0000,"2147 -- Pellicules photographiques, non perforées, d'une largeur excédant 610 mm et d'une longueur n'excédant pas 200 m",10,verifie
3702.44.0000,"2148 -- Pellicules photographiques, non perforées, d'une largeur excédant 105 mm mais n'excédant pas 610 mm",20,verifie
3702.52.0000,"2149 -- Pellicules photographiques, d'une largeur n'excédant pas 16 mm, pour la photographie en couleurs (polychrome)",20,verifie
3702.53.0000,"2150 -- Pellicules, pour photo couleurs, d'une larg. excéd. 16mm mais n'excéd. pas 35mm et d'une long. n'excéd. pas 30m, pour diapositives Page 165 de 566",20,verifie
3702.54.0000,"2151 -- Pellicules, pour photo couleurs, larg. excéd.16mm mais n'excéd. pas 35mm et long. n'excéd. pas 30m, aut. que pour diapositives",20,verifie
3702.55.0000,"2152 -- Pellicules photograpiques, d'une largeur excédant 16 mm mais n'excédant pas 35 mm et d'une longueur excédant 30 m, pour photo couleurs",20,verifie
3702.56.0000,"2153 -- Pellicules photographiques, d'une largeur excédant 35 mm, pour photographie en couleurs (polychrome)",20,verifie
3702.96.0000,"2154 -- Autres pellicules photographiques, d'une largeur n'excédant pas 35 mm et d?'une longueur n?'excédant pas 30 m, du n°",20,verifie
3702.97.0000,"2155 -- Autres pellicules photographiques, d'une largeur n'excédant pas 35 mm et d?'une longueur excédant 30 m, du n° 37.02",20,verifie
3702.98.0000,"2156 -- Autres pellicules photographiques, d'une largeur excédant 35 mm, du n° 37.02",20,verifie
3703.10.0000,"2157 - Papiers, cartons et textiles, photographiques, sensibilisés, non impressionnés, en rouleaux, d'une largeur excédant 610 mm",20,verifie
3703.20.0000,"2158 - Papiers, cartons et textiles, photographiques, sensibilisés, non impressionnés pour la photographie en couleurs (polychrome)",20,verifie
3703.90.0000,"2159 - Autres papiers, cartons et textiles, photographiques, sensibilisés, non impressionnés, du n° 37.03 Page 166 de 566",20,verifie
3704.00.0000,"2160 Plaques, pellicules, films, papiers, cartons et textiles, photographiques, impressionnés mais non développés.",20,verifie
3705.00.0000,"2161 Plaques et pellicules, photographiques, impressionnées et développées, autres que les films cinématographiques.",20,verifie
3706.10.1000,"2162 -- Films cinématographiques, impressionnés et développés ..., d'une largeur de 35 mm ou plus, destinés aux salles de spectacles",20,verifie
3706.10.9000,"2163 -- Films cinématographiques, impressionnés et développés ..., d'une largeur de 35 mm ou plus,  autres que destinés aux salles de spectacles",20,verifie
3706.90.1000,"2164 -- Films cinématographiques, impressionnés et développés...,autres que ceux d'une largeur de 35mm ou plus, destinés aux salles de spectacles",20,verifie
3706.90.9000,"2165 -- Films cinématographiques, impressionnés et développés...,aut. que ceux d'une largeur de 35mm ou plus ou destinés aux salles de spectacles",20,verifie
3707.10.0000,2166  - Emulsions pour la sensibilisation des surfaces pour usages photographiques,20,verifie
3707.90.0000,"2167 - Autres préparations chimiques et produits non mélangés, pour usages photographiques, du n° 37.07",20,verifie
3801.10.0000,2168  - Graphite artificiel,10,verifie
3801.20.0000,2169  - Graphite colloïdal ou semi-colloïdal,10,verifie
3801.30.0000,2170 - Pâtes carbonées pour électrodes et pâtes similaires pour le revêtement intérieur des fours Page 167 de 566,10,verifie
3801.90.0000,"2171 - Autres préparations à base de graphite ou d'autre carbone, sous forme de pâtes, blocs, plaquettes ou d'autres demi- produits du n° 38 01",10,verifie
3802.10.0000,2172  - Charbons activés,10,verifie
3802.90.0000,"2173 - Matières minérales naturelles activées; noirs d'origine animale, y compris le noir animal épuisé",10,verifie
3803.00.0000,"2174  Tall oil, même raffiné.",10,verifie
3804.00.0000,"2175 Lessives résiduaires de la fabrication des pâtes de cellulose,..., y cpris les lignosulfonates, mais à l'exclusion du tall oil du n°38 03",10,verifie
3805.10.0000,"2176  - Essences de térébenthine, de bois de pin ou de papeterie au sulfate",10,verifie
3805.90.0000,2177 - Autres essences terpéniques ...; dipentène brut; ...; huile de pin contenant l'alpha-terpinéol comme constituant principal,10,verifie
3806.10.0000,2178  - Colophanes et acides résiniques,10,verifie
3806.20.0000,"2179 - Sels de colophanes, d'acides résiniques ou de dérivés de colophanes ou d'acides résiniques, autres que les sels des adducts de colophanes",10,verifie
3806.30.0000,2180  - Gommes esters,10,verifie
3806.90.0000,2181 - Dérivés de colophanes ou d'acides résiniques; essence et huiles de colophane; gommes fondues autres qu'esters,10,verifie
3807.00.0000,"2182 Goudrons de bois; huiles de goudron de bois; créosote de bois; méthylène; poix végétales, de brasserie et préparations de poix végétales Page 168 de 566",10,verifie
3808.52.0000,"2183 -- DDT (ISO) (clofenotane (DCI), conditionné dans des emballages d'un contenu en poids net n'excédant pas 300 g",5,verifie
3808.59.1100,"2184 ---- Marchandises mentionnées dans la note 1 de sous-position du chapitre 38, autres que celles du n°3808.52, conditionnées pour la vente au détail, destinées à l'agriculture",5,verifie
3808.59.1900,"2185 ---- Autres marchandises mentionnées dans la note 1 de sous-position du chap.38, sauf celles du n° 3808.52, conditionnées pour la vente au détail, non destinées à l'agriculture",20,verifie
3808.59.9000,"2186 --- Marchandises mentionnées dans la note 1 de sous-position du chapitre 38, autres que celles du n°3808.52, non conditionnées pour la vente au détail",5,verifie
3808.61.0000,"2187 -- Marchandises de la note 2 de sous- position du chap.38, conditionnées dans des emballages d’un contenu en poids net n’excédant pas 300 g",5,verifie
3808.62.0000,"2188 -- Marchandises de la note 2 de sous- position du chapitre 38, conditionnées dans des emballages d’un contenu en poids net excédant 300 g mais n’excédant pas 7 5 kg",5,verifie
3808.69.0000,"2189 -- Marchandises de la note 2 de sous- position du chapitre 38, autres que conditionnées dans des emballages, contenu en poids net excédant 7 5 kg Page 169 de 566",5,verifie
3808.91.1110,"2190 ----- Insecticides conditionnés pour la vente au détail, destinés à l'agriculture, contenant du bromométhane ou du bromochlorométhane",5,verifie
3808.91.1190,"2191 ----- Insecticides conditionnés pour la vente au détail, destinés à l'agriculture, ne contenant pas du bromométhane ni du bromochlorométhane",5,verifie
3808.91.1910,"2192 ----- Serpentin anti moustique de type « mosquito », conditionnés pour la vente au détail",20,verifie
3808.91.1920,"2193 ----- Insecticides conditionnés pour la vente au détail, non destinés à l'agriculture, contenant du bromométhane ou du bromochlorométhane",20,verifie
3808.91.1990,"2194 ----- Insecticides conditionnés pour  vente au détail, non destinés à l'agriculture, ne contenant pas du bromométhane ni bromochlorométhane",20,verifie
3808.91.9000,"2195  --- Autres incerticides non conditionnés pour la vente au détail, du n° 38.08",5,verifie
3808.92.1000,2196 --- Fongicides contenant du bromométhane (bromure de méthyle) ou du bromochlorométhane,5,verifie
3808.92.9000,"2197 --- Fongicides, autres que ceux contenant du bromométhane (bromure de méthyle) ou du bromochlorométhane, du n° 38.08",5,verifie
3808.93.1000,"2198 --- Herbicides, inhibiteurs de germination et régulateurs de croissance pour plantes, contenant du bromométhane ou du bromochlorométhane Page 170 de 566",5,verifie
3808.93.9000,"2199 --- Herbicides, inhibiteurs de germination et régulateurs de croissance pour plantes, ne contenant ni bromométhane ni bromochlorométhane",5,verifie
3808.94.1000,2200 --- Désinfectants contenant du bromométhane (bromure de méthyle) ou du bromochlorométhane,20,verifie
3808.94.9000,2201 --- Désinfectants ne contenant pas de bromométhane ni de bromochlorométhane du n° 38.08,20,verifie
3808.99.1000,2202 --- Autres produits du n° 38.08 contenant du bromométhane (bromure de méthyle) ou du bromochlorométhane,20,verifie
3808.99.9000,"2203 --- Autres produits du n° 38.08, CVD ou à l'état de préparations ou sous forme d'articles tels que rubans, mèches ... et papier tue-mouches",20,verifie
3809.10.0000,"2204 - Agents d'apprêt ou de finissage, accélérateurs de teinture ou de fixation de matières colorantes et aut... à base de mat amylacées NDCA",5,verifie
3809.91.0000,"2205 -- Agents d'apprêt ou de finissage,... utilisés en  industries textile ou similaires, autres qu'à base de matières amylacées, NDCA",5,verifie
3809.92.0000,"2206 -- Agents d'apprêt ou de finissage,... utilisés en  industries papier ou similaires, autres qu'à base de matières amylacées, NDCA",5,verifie
3809.93.0000,"2207 -- Agents d'apprêt ou de finissage,... utilisés en  industries du cuir ou similaires, autres qu'à base de matières amylacées, NDCA Page 171 de 566",5,verifie
3810.10.0000,2208 - Préparations pour le décapage des métaux; pâtes et poudres à souder ou à braser composées de métal et d'autres produits,10,verifie
3810.90.0000,2209 - Flux à souder ou à braser et autres préparations auxiliaires pour soudage ou brasage de métaux;  préparations pour enrobage ou soudage,10,verifie
3811.11.0000,"2210  -- Préparations antidétonantes, à base de composés du plomb",10,verifie
3811.19.0000,"2211  -- Préparations antidétonantes, autres qu'à base de composés du plomb",10,verifie
3811.21.0000,"2212 -- Additifs pour huiles lubrifiantes, contenant des huiles de pétrole ou de minéraux bitumineux",10,verifie
3811.29.0000,"2213 -- Additifs pour huiles lubrifiantes, autres que ceux contenant des huiles de pétrole ou de minéraux bitumineux",10,verifie
3811.90.0000,"2214  - Inhibiteurs d'oxydation, améliorants de viscosité, autres additifs du n° 38.11",10,verifie
3812.10.0000,2215  - Préparations dites «accélérateurs de vulcanisation»,5,verifie
3812.20.0000,"2216 - Plastifiants composites pour caoutchouc ou matières plastiques, non dénommés ni compris ailleurs",5,verifie
3812.31.0000,"2217  -- Mélanges d'oligomères de 2,2,4- trimethyl-1,2-dihydroquinoline (TMQ)",5,verifie
3812.39.0000,"2218 -- Préparations antioxydantes et autres stabilisateurs com-posites, autres que les mélanges d'ollgomères du N°3812.31",5,verifie
3813.00.1000,"2219 - Compositions et charges pour appareils extincteurs, et grenades et bombes extinctrices, contenant du bromochlorodifluorométhane Page 172 de 566",10,verifie
3813.00.2000,"2220 - Compositions et charges pour appareils extincteurs, et grenades et bombes extinctrices, contenant hydrobromofluorocarbures du méthane, …",10,verifie
3813.00.3000,"2221 - Compositions et charges pour appareils extincteurs, et grenades et bombes extinctrices, contenant hydrochlorofluorocarbures du méthane, …",10,verifie
3813.00.4000,"2222 - Compositions et charges pour appareils extincteurs, et grenades et bombes extinctrices, contenant du bromochlorométhane",10,verifie
3813.00.9000,"2223 - Autres compositions et charges pour appareils extincteurs, et grenades et bombes extinctrices, du n° 38.13",10,verifie
3814.00.1000,"2224 - Solvants et diluants ...NDCA, et préparations pour enlever les peintures ou les vernis, contenant des chlorofluorocarbures du méthane",10,verifie
3814.00.2000,"2225 -  Solvants et diluants...,NDCA, et préparations pour enlever les peintures ou les vernis, contenant… du propane (HCFC), mais pas de (CFC)",10,verifie
3814.00.3000,"2226 - Solvants et diluants ...NDCA, et préparations pour enlever les peintures ou vernis, contenant du tétrachlorure de carbone trichloroéthane",10,verifie
3814.00.9000,"2227 - Autres solvants et diluants organiques composites, NDCA, et préparations conçues pour enlever les peintures ou les vernis du n° 38 14 Page 173 de 566",10,verifie
3815.11.0000,"2228 -- Catalyseurs supportés, ayant comme substance active le nickel ou un composé de nickel",10,verifie
3815.12.0000,"2229 -- Catalyseurs supportés, ayant comme substance active un métal précieux ou un composé de métal précieux",10,verifie
3815.19.0000,2230  -- Autres catalyseurs supportés du n° 38.15,10,verifie
3815.90.0000,"2231 - Initiateurs de réaction, accélérateurs de réaction et préparations catalytiques, non dénommés ni compris ailleurs",10,verifie
3816.00.0000,"2232 Ciments, mortiers, bétons et compositions similaires réfractaires y compris les pisés de dolomie, autres que les produits du N°",10,verifie
3817.00.0000,"2233 Alkylbenzènes en mélanges et alkylnaphtalènes en mélanges, autres que ceux des n°s 27.07 ou 29.02.",10,verifie
3818.00.0000,"2234 Eléments chimiques dopés pour usages en électronique, sous forme de disques, ...; composés chimiques dopés pour usages en électronique",10,verifie
3819.00.0000,"2235 Liquides pour freins hydrauliques et autres ...,ne contenant pas d'huiles de pétrole ni...bitumineux ou en contenant moins de 70 % en poids",10,verifie
3820.00.0000,2236  Préparations antigel et liquides préparés pour dégivrage.,10,verifie
3821.00.0000,2237 Milieux de culture préparés pour le développe-ment et l'entretien des micro- organismes (y compris les virus et les organismes similaires) ou des cellules végétales humaines ou animales Page 174 de 566,0,verifie
3822.11.0000,"2238 -- Réactifs de diagnostic ou de laboratoire sur  tout support et réactifs de diagnostic ou de laboratoire préparés, même sur un support, même présentés sous forme de trousses pour le paludisme, autres que ceux du n° 30 06",0,verifie
3822.12.0000,"2239 -- Réactifs de diagnostic ou de laboratoire sur  tout support et réactifs de diagnostic ou de laboratoire préparés, même sur un support, même présentés sous forme de trousses pour le Zika et d’autres maladies transmises par  les moustiques du genre Aedes",0,verifie
3822.13.0000,"2240 -- Réactifs de diagnostic ou de laboratoire sur  tout support et réactifs de diagnostic ou de laboratoire préparés, même sur un support, même présentés sous forme de trousses pour la détermination des groupes ou des  facteurs sanguins, autres que ceux du",0,verifie
3822.19.0000,"2241 -- Autres réactifs de diagnostic ou de laboratoire sur tout support et réactifs de diagnostic ou de laboratoire préparés, même sur un support, même présentés sous forme de trousses du n° 38.22, autres que ceux du n° 30 06",0,verifie
3822.90.0000,2242  - Matériaux de référence certifiés.,0,verifie
3823.11.0000,2243  -- Acide stéarique,5,verifie
3823.12.0000,2244  -- Acide oléique,5,verifie
3823.13.0000,2245  -- Tall acides gras,5,verifie
3823.19.0000,"2246 -- Autres acides gras monocarboxyliques industriels et huiles acides de raffinage, du n° 38.23",10,verifie
3823.70.0000,2247  - Alcools gras industriels Page 175 de 566,5,verifie
3824.10.0000,2248  - Liants préparés pour moules ou noyaux de fonderie,10,verifie
3824.30.0000,2249 - Carbures métalliques non agglomérés mélangés entre eux ou avec des liants métalliques,10,verifie
3824.40.0000,"2250  - Additifs préparés pour ciments, mortiers ou bétons",10,verifie
3824.50.0000,"2251  - Mortiers et bétons, non réfractaires",10,verifie
3824.60.0000,2252  - Sorbitol autre que celui du n° 2905.44,10,verifie
3824.81.0000,2253  -- Mélanges et préparations contenant de l'oxiranne (oxyde d'éthylène),10,verifie
3824.82.0000,"2254 -- Mélanges et préparations contenant des polybromobiphényles (PBB), des polychloroterphényles (PCT) ou des polychlorobiphényles (PCB)",10,verifie
3824.83.0000,"2255  -- Mélanges et préparations contenant du phosphate de tris(2,3-dibromopropyle)",10,verifie
3824.84.0000,"2256 -- Marchandises mentionnées dans la Note 3 de sous-positions du Chapitre 38, contenant de l'aldrine (ISO), ... ou du mirex (ISO)",10,verifie
3824.85.0000,"2257 -- Marchandises de la Note 3 de sous- positions du Chapitre 38, contenant du 1,2,3,4,5,6- hexachlorocyclohexane (HCH (ISO)) y compris lindane (ISO DCI)",10,verifie
3824.86.0000,"2258 -- Marchandises de la Note 3 de sous- positions du Chapitre 38, contenant du pentachlorobenzène (ISO) ou du hexachlorobenzène (ISO) Page 176 de 566",10,verifie
3824.87.0000,"2259 -- Marchandises de la Note 3 de sous- positions du Chapitre 38, contenant de l’acide perfluorooctane sulfonique, ses sels, des perfluorooctane sulfonamides, ou du fluorure de perfluorooc-tane sulfonyle",10,verifie
3824.88.0000,"2260 -- Marchandises de la Note 3 de sous- positions du Chapitre 38, contenant des éthers tétra-, penta-, hexa-,  hepta- ou octabromodiphényliques",10,verifie
3824.89.0000,"2261 -- Marchandises mentionnées dans la Note 3 de sous-positions du chapitre 38, contenant des paraffines chlorées à chaîne courte",10,verifie
3824.91.0000,"2262 -- Mélanges et préparations constitués essentiellement de méthylphosphanate de (5-éthyl-2-méthyl-2-oxido-1,3,2- dioxaphosphinan-5-yl)méthyle",10,verifie
3824.92.0000,2263  -- Esters de polyglycol d'acide méthylphosphonique.,10,verifie
3824.99.1000,2264  --- Echangeurs d'ions,10,verifie
3824.99.2000,2265  --- Encrivores,10,verifie
3824.99.3000,"2266  --- Correcteurs, liquides et non-liquides",10,verifie
3824.99.9100,"2267 ---- Autres produits du N°38.24, contenant du tétrachlorure de carbone, du bromochlo-rométhane ou du 1,1,1- trichloroéthane (méthyle",10,verifie
3824.99.9200,"2268 ---- Autres produits du N°38.24, contenant du bromométhane (bromure de méthyle)",10,verifie
3824.99.9300,"2269 ---- Autres produits du N°38.24, contenant des hydrobromofluorocarbures du méthane, de l'éthane ou du propane (HBFC) Page 177 de 566",10,verifie
3824.99.9400,"2270 ---- Autres produits du N°38.24, contenant des hydrochlorofluorocarbures du méthane, de l'éthane ou du propane (HCFC)",10,verifie
3824.99.9900,"2271 ---- Autres produits chimiques et préparations des industries chimiques ou connexes du N°38.24, non dénommés ni compris ailleurs",10,verifie
3825.10.0000,2272  - Déchets municipaux,10,verifie
3825.20.0000,2273  - Boues d?épuration,10,verifie
3825.30.0000,2274  - Déchets cliniques,10,verifie
3825.41.0000,2275  -- Déchets de solvants organiques hallogénés,10,verifie
3825.49.0000,2276  -- Autres déchets de solvants organiques du n° 38.25,10,verifie
3825.50.0000,"2277 - Déchets de solutions (liqueurs) décapantes pour métaux, de liquides hydrauliques, de liquides pour freins et de liquides antigel",10,verifie
3825.61.0000,"2278 -- Autres déchets des industries chimiques ou des industries connexes, contenant principalement des constituants organiques",10,verifie
3825.69.0000,2279  -- Autres déchets mentionnés dans la Note 6 du Chapitre 38,10,verifie
3825.90.0000,"2280 - Produits résiduaires des industries chimiques ou des industries connexes, non dénommés ni compris ailleurs",10,verifie
3826.00.0000,"2281 Biodiesel et ses mélanges, ne contenant pas d'huiles de pétrole ni de minéraux bitumineux ou en contenant moins de 70 % en poids Page 178 de 566",10,verifie
3827.11.0000,"2282 -- Mélanges contenant des chlorofluorocarbures (CFC),même contenant des hydrochlorofluorocarbures (HCFC), des perfluorocarbures (PFC)    ou des hydrofluorocarbures (HFC)",10,verifie
3827.12.0000,2283  -- Mélanges contenant des hydrobromofluorocarbures (HBFC),10,verifie
3827.13.0000,2284  -- Mélanges contenant du tétrachlorure de carbone,10,verifie
3827.14.0000,"2285  -- Mélanges contenant du 1,1,1- trichloroéthane  (méthylchloroforme)",10,verifie
3827.20.0000,"2286 -- Mélanges contenant du bromochlorodifluorométhane (halon- 1211), du bromotrifluorométhane     (halon- 1301) ou des dibromotétrafluoroé   thanes (halon-2402)",10,verifie
3827.31.0000,"2287 -- Mélanges contenant des substances des N°s 2903.41 à 2903.48, mais ne contenant pas de  chlorofluorocarbures   (CFC)",10,verifie
3827.32.0000,"2288 -- Autres mélanges contenant des substances des N°s 2903.71 à 2903.75, mais ne contenant pas de chlorofluorocarbures (CFC)",10,verifie
3827.39.0000,"2289 -- Autres mélanges contenant des hydrochlorofluorocarbures   (HCFC), même contenant des perfluorocarbures (PFC) ou des hydrofluoro-carbures (HFC), mais ne contenant pas de chlorofluorocarbures (CFC),  autres que ceux contenant des substances des n° 2903 Page 179 de 566",10,verifie
3827.40.0000,2290 - Mélanges contenant du bromure de méthyle    (bromométhane) ou du bromochlorométhane,10,verifie
3827.51.0000,"2291 --  Mélanges contenant du trifluorométhane (HFC-23),  mais ne contenant pas de chlorofluorocarbures (CFC) ou d’hydrochlorofluorocarbures (HCFC)",10,verifie
3827.59.0000,"2292 -- Mélanges contenant des perfluorocarbures (PFC), mais ne contenant pas de chlorofluorocarbures (CFC) ou d’hydrochlorofluorocarbures (HCFC)",10,verifie
3827.61.0000,"2293  -- Mélanges contenant en masse 15 % ou plus de 1,1,1-trifluoroéthane (HFC-143a)",10,verifie
3827.62.0000,"2294 -- Autres mélanges, non mentionnés dans la sous-position N° 3827.61, contenant en masse 55 % ou plus de  pentafluoroéthane (HFC-125), mais ne contenant pas de dérivés fluorés non saturés des hydrocarbures acycliques (HFO)",10,verifie
3827.63.0000,"2295 -- Autres mélanges, non mentionnés dans les sous-positions N°s 3827.61 et 3827.62, contenant en masse 40 % ou plus de pentafluoroéthane (HFC-125)",10,verifie
3827.64.0000,"2296 -- Autres mélanges, non mentionnés dans les sous-positions N°s 3827.61 à 3827.63, contenant en masse 30 % ou plus de 1,1,1,2-tétrafluoroéthane (HFC-134a) mais necontenant pas de dérivés fluorés non saturés des hydrocarbures acycliques (HFO) Page 180 de 566",10,verifie
3827.65.0000,"2297 -- Autres mélanges, non mentionnés dans les sous-positions N°s 3827.61 à 3827.64, contenant en masse 20 % ou plus de difluorométhane (HFC-32) et 20 % ou plus depentafluoroéthane (HFC-125)",10,verifie
3827.68.0000,"2298 -- Autres mélanges, non mentionnés dans les sous-positions N°s 3827.61 à 3827.65, contenant des substances des N°s 2903.41 à 2903 48",10,verifie
3827.69.0000,"2299 -- Autres mélanges contenant d’autres hydrofluorocarbures (HFC) mais ne contenant pas de chlorofluorocarbures(CFC) ou d’hydrochlorofluorocarbures (HCFC), non mentionnés dans les sous-positions N°s 3827 61 à 3827 68",10,verifie
3827.90.0000,"2300 - Autres mélanges du 38.27, contenant des dérivés halogénés du méthane, de l’éthane ou du propane, non dénommés ni compris ailleurs",10,verifie
3901.10.0000,2301  - Polyéthylène d'une densité inférieure à,5,verifie
3901.20.0000,"2302  - Polyéthylène d'une densité égale ou supérieure à 0,94",5,verifie
3901.30.0000,2303  - Copolymères d'éthylène et d'acétate de vinyle,5,verifie
3901.40.0000,"2304  - Copolymères d'éthylène et d'alpha- oléfine d'une densité inférieure à 0,94",5,verifie
3901.90.0000,"2305  - Autres polymères de l'éthylène, sous formes primaires, du n° 39.01",5,verifie
3902.10.0000,2306  - Polypropylène,5,verifie
3902.20.0000,2307  - Polyisobutylène,5,verifie
3902.30.0000,2308  - Copolymères de propylène Page 181 de 566,5,verifie
3902.90.0000,"2309 - Autres polymères de propylène ou d'autres oléfines, sous formes primaires, du n° 39.02",5,verifie
3903.11.0000,2310  -- Polystyrène expansible,5,verifie
3903.19.0000,2311  -- Polystyrène autre qu'expansible,5,verifie
3903.20.0000,2312  - Copolymères de styrène-acrylonitrile (SAN),5,verifie
3903.30.0000,2313  - Copolymères d'acrylonitrile-butadiène- styrène (ABS),5,verifie
3903.90.0000,"2314  - Autres polymères du styrène, sous formes primaires, du n° 39.03",5,verifie
3904.10.0000,"2315  - Poly(chlorure de vinyle), non mélangé à d'autres substances",5,verifie
3904.21.0000,"2316 -- Poly(chlorure de vinyle) non plastifié, à l'exception du Poly(chlorure de vinyle) non mélangé à d'autres substances",10,verifie
3904.22.0000,"2317 -- Poly(chlorure de vinyle) plastifié, à l'exception du Poly(chlorure de vinyle) non mélangé à d'autres substances",10,verifie
3904.30.0000,2318  - Copolymères du chlorure de vinyle et d'acétate de vinyle,5,verifie
3904.40.0000,2319  - Autres copolymères du chlorure de vinyle,5,verifie
3904.50.0000,2320  - Polymères du chlorure de vinylidène,5,verifie
3904.61.0000,2321  -- Polytétrafluoroéthylène,5,verifie
3904.69.0000,2322  -- Polymères fluorés autres que polytétrafluoroéthylène,5,verifie
3904.90.0000,"2323 - Autres polymères du chlorure de vinyle ou d'autres oléfines halogénées, sous formes primaires, du n° 39.04",5,verifie
3905.12.0000,2324  -- Poly(acétate de vinyle) en dispersion aqueuse,5,verifie
3905.19.0000,2325  -- Poly(acétate de vinyle) autre qu'en dispersion aqueuse Page 182 de 566,5,verifie
3905.21.0000,2326  -- Copolymères d'acétate de vinyle en dispersion aqueuse,5,verifie
3905.29.0000,2327  -- Copolymères d'acétate de vinyle autre qu'en dispersion aqueuse,5,verifie
3905.30.0000,"2328  - Poly(alcool vinylique), même contenant des groupes acétate non hydrolysés",5,verifie
3905.91.0000,2329  -- Autres copolymères du n° 39.05,5,verifie
3905.99.0000,"2330 -- Autres polymères d'acétate de vinyle ou d'autres esters de vinyle, et autres polymères de vinyle, sous formes primaires du n° 39 05",5,verifie
3906.10.0000,2331  - Poly(méthacrylate de méthyle),5,verifie
3906.90.0000,2332 - Polymères acryliques sous formes primaires autres que poly(méthacrylate de méthyle),5,verifie
3907.10.0000,2333  - Polyacétals sous formes primaires,5,verifie
3907.21.0000,"2334 -- Méthylphosphonate de bis(polyoxyéthylène), sous formes primaires",5,verifie
3907.29.0000,"2335 -- Autres polyéthers à l'exclusion du méthylphosphonate de bis(polyoxyéthylène), sous formes primaires",5,verifie
3907.30.0000,2336  - Résines époxydes sous formes primaires,5,verifie
3907.40.0000,2337  - Polycarbonates sous formes primaires,5,verifie
3907.50.0000,2338  - Résines alkydes sous formes primaires,5,verifie
3907.61.0000,"2339  -- Poly(éthylène téréphtalate), d'un indice de viscosité de 78 ml/g ou plus",5,verifie
3907.69.0000,"2340  -- Poly(éthylène téréphtalate), autres que d'un indice de viscosité de 78 ml/g ou plus",5,verifie
3907.70.0000,2341  - Poly(acide lactique) sous formes primaires,5,verifie
3907.91.0000,"2342  -- Autres polyesters, sous formes primaires, non saturés du n° 39.07 Page 183 de 566",5,verifie
3907.99.0000,"2343  -- Autres polyesters, sous formes primaires, du ° 39.07",5,verifie
3908.10.0000,"2344  - Polyamide-6, -11, -12, -6,6, -6,9, -6,10 ou -",5,verifie
3908.90.0000,"2345 - Polyamides sous formes primaires, autres que polyamide-6, -11, -12, -6,6, -6,9, -6,10 ou -6,12",10,verifie
3909.10.0000,"2346  - Résines uréiques; résines de thiourée, sous formes primaires",5,verifie
3909.20.0000,"2347  - Résines mélaminiques, sous formes primaires",5,verifie
3909.31.0000,"2348  -- Poly(méthylène phényl isocyanate) (MDI brut, MDI polymérique)",5,verifie
3909.39.0000,"2349 -- Résines aminiques du N°39.09, autres que ceux des sous-positions N°3909.10 à 3909.39, sous formes primaires",5,verifie
3909.40.0000,"2350  - Résines phénoliques, sous formes primaires",5,verifie
3909.50.0000,"2351  - Polyuréthannes, sous formes primaires",5,verifie
3910.00.0000,2352  Silicones sous formes primaires.,5,verifie
3911.10.0000,"2353 - Résines de pétrole, résines de coumarone, résines d'indène, résines de coumarone-indène et polyterpènes, sous formes primaires",5,verifie
3911.20.0000,"2354 - Poly(1,3-phénylène méthylphosphonate), sous formes primaires",5,verifie
3911.90.0000,"2355 - Polysulfures, polysulfones et autres produits mentionnés dans la Note 3 du Chapitre 39, sous formes primaires, NDCA",5,verifie
3912.11.0000,"2356  -- Acétates de cellulose non plastifiés, sous formes primaires",5,verifie
3912.12.0000,"2357  -- Acétates de cellulose plastifiés, sous formes primaires Page 184 de 566",5,verifie
3912.20.0000,"2358  - Nitrates de cellulose (y compris les collodions), sous formes primaires",5,verifie
3912.31.0000,"2359  -- Carboxyméthylcellulose et ses sels, sous formes primaires",5,verifie
3912.39.0000,"2360 -- Ethers de cellulose autres que carboxyméthylcellulose et ses sels, sous formes primaires",5,verifie
3912.90.0000,"2361 - Autres cellulose et ses dérivés chimiques, non dénommés ni compris ailleurs, sous formes primaires du n° 39.12",5,verifie
3913.10.0000,"2362  - Acide alginique, ses sels et ses esters, sous formes primaires",5,verifie
3913.90.0000,"2363 - Autres polymères naturels (...) et polymères naturels modifiés (protéines durcies, dérivés…, par exemple), NDCA, sous formes primaires",5,verifie
3914.00.0000,"2364 Echangeurs d'ions à base de polymères des n°s 39.01 à 39.13, sous formes primaires.",5,verifie
3915.10.0000,"2365  - Déchets, rognures et débris de polymères de l'éthylène",5,verifie
3915.20.0000,"2366  - Déchets, rognures et débris de polymères du styrène",5,verifie
3915.30.0000,"2367  - Déchets, rognures et débris de polymères du chlorure de vinyle",5,verifie
3915.90.0000,"2368  - Déchets, rognures et débris d'autres matières plastiques, du n° 39.15",5,verifie
3916.10.0000,"2369 -  Monofilaments dont plus grande dimension de  coupe transversale excède 1mm (...), joncs, bâtons et profilés,..., en polymères d'éthylène Page 185 de 566",5,verifie
3916.20.0000,"2370 - Monofilaments dont plus grande dimension de  coupe transversale excède 1mm (...), joncs, bâtons ..., en polymères du chlorure de vinyle",5,verifie
3916.90.0000,"2371 - Monofilaments dont plus grande dimension de  coupe transversale excède 1mm, joncs, bâtons ..., en autres matières plastiques du n°39 16",5,verifie
3917.10.0000,2372  - Boyaux artificiels en protéines durcies ou en matières plastiques cellulosiques,10,verifie
3917.21.1000,"2373  --- Tubes et tuyaux rigides, en polymères de l'éthylène pour canalisation d'eau",20,verifie
3917.21.9000,"2374 --- Tubes et tuyaux rigides, en polymères de l'éthylène autres que pour canalisation d'eau",20,verifie
3917.22.1000,"2375  --- Tubes et tuyaux rigides, en polymères du propylène pour canalisation d'eau",20,verifie
3917.22.9000,"2376 --- Tubes et tuyaux rigides, en polymères du propylène autres que pour canalisation d'eau",20,verifie
3917.23.1000,"2377 --- Tubes et tuyaux rigides, en polymères du chlorure de vinyle  pour canalisation d'eau",20,verifie
3917.23.9000,"2378 --- Tubes et tuyaux rigides, en polymères du chlorure de vinyle autres que pour canalisation d'eau",20,verifie
3917.29.1000,"2379 --- Tubes et tuyaux rigides, en autres matières plastiques pour canalisation d'eau",20,verifie
3917.29.9000,"2380 --- Tubes et tuyaux rigides, en autres matières plastiques autres que pour canalisation d'eau Page 186 de 566",20,verifie
3917.31.0000,"2381 -- Tubes et tuyaux souples pouvant supporter au minimum une pression de 27,6 MPa",20,verifie
3917.32.0000,"2382 -- Autres tubes et tuyaux, non renforcés d'autres matières ni autrement associés à d'autres matières, sans accessoires",20,verifie
3917.33.0000,"2383 -- Autres tubes et tuyaux, non renforcés d'autres matières ni autrement associés à d'autres matières, avec accessoires",20,verifie
3917.39.1000,"2384 --- Boyaux en autres matières plastiques, autres que protéines durcies ou matières plastiques cellulosiques",10,verifie
3917.39.9000,"2385  --- Autres tubes et tuyaux  en matières plastiques, du n° 39.17",20,verifie
3917.40.1000,"2386 -- Accessoires (joints, coudes, raccords, par exemple) de tubes et tuyaux en matières plastiques, pour canalisation d'eau",20,verifie
3917.40.9000,"2387 -- Accessoires (joints, coudes, raccords, par exemple) de tubes et tuyaux en matières plastiques, autres que pour canalisation d'eau",20,verifie
3918.10.0000,"2388 - Revêtements de sols (...), de murs ou plafonds, en polymères du chlorure de vinyle",20,verifie
3918.90.0000,"2389 - Revêtements de sols (...), de murs ou plafonds, en matières plastiques, autres que polymères du chlorure de vinyle",20,verifie
3919.10.0000,"2390 - Plaques, feuilles, bandes,... autres formes plates, auto-adhésifs, en matières plastiques, en rouleaux d'une largeur n'excédant pas 20 cm Page 187 de 566",10,verifie
3919.90.0000,"2391 - Autres plaques, feuilles, bandes, rubans, pellicules et autres formes plates, auto- adhésifs, en matières plastiques, du n°",10,verifie
3920.10.1000,"2392 -- Autres plaques, feuilles, pellicules, bandes et lames, en polymères de l'éthylène, non alvéolaires, non renforcées non imprimées",10,verifie
3920.10.2000,"2393 -- Autres plaques, feuilles, pellicules, bandes et lames, en polymères de l'éthylène, non alvéolaires, non renforcées imprimées",20,verifie
3920.20.1000,"2394 -- Autres plaques, feuilles, pellicules, bandes et lames, en polymères du propylène, non alvéolaires, non renforcées non imprimées",10,verifie
3920.20.2000,"2395 -- Autres plaques, feuilles, pellicules, bandes et lames, en polymères du propylène, non alvéolaires, non renforcées imprimées",20,verifie
3920.30.1000,"2396 -- Autres plaques, feuilles, pellicules, bandes et lames, en polymères du styrène, non alvéolaires, non renforcées,..., non imprimées",10,verifie
3920.30.2000,"2397 -- Autres plaques, feuilles, pellicules, bandes et lames, en polymères du styrène, non alvéolaires, non renforcées,..., imprimées",20,verifie
3920.43.0000,"2398 -- Autres plaques, feuilles,..., en polymères du chlorure de vinyle, non alvéolaires,..., contenant en poids au moins 6% de plastifiants Page 188 de 566",10,verifie
3920.49.0000,"2399 -- Autres plaques, feuilles, pellicules, bandes et lames, en polymères du chlorure de vinyle, non alvéolaires,..., sauf celles du n° 3920 43",10,verifie
3920.51.0000,"2400 -- Autres plaques, feuilles, pellicules, bandes et lames, en poly(méthacrylate de méthyle), non alvéolaires, ...d'autres matières",10,verifie
3920.59.0000,"2401 -- Autres plaques, feuilles, pellicules, bandes ..., en polymères acryliques, non alvéolaires ..., aut. qu'en poly(méthacrylate de méthyle)",10,verifie
3920.61.0000,"2402 -- Autres plaques, feuilles, pellicules, bandes et lames, en polycarbonates non alvéolaires, non renforcées, ni stratifiées, ni munies",10,verifie
3920.62.0000,"2403 -- Autres plaques, feuilles, pellicules, bandes et lames, en poly(éthylène téréphtalate) non alvéolaires, non renforcées matières",10,verifie
3920.63.0000,"2404 -- Autres plaques, feuilles, pellicules, bandes et lames, en polyesters non saturés non alvéolaires, non renforcées, ...d'autres matières",10,verifie
3920.69.0000,"2405 -- Autres plaques, feuilles, pellicules, bandes et lames, en autres polyesters non alvéolaires, non renforcées, ni stratifiées,",10,verifie
3920.71.0000,"2406 -- Autres plaques, feuilles, pellicules, bandes et lames, en cellulose régénérée non alvéolaires, non renforcées, ni stratifiées Page 189 de 566",10,verifie
3920.73.0000,"2407 -- Autres plaques, feuilles, pellicules, bandes et lames, en acétate de cellulose non alvéolaires, non renforcées, ni stratifiées",10,verifie
3920.79.0000,"2408 -- Autres plaques, feuilles, pellicules, bandes et lames, en autres dérivés de la cellulose non alvéolaires, non renforcées,",10,verifie
3920.91.0000,"2409 -- Autres plaques, feuilles, pellicules, bandes et lames, en poly(butyral de vinyle) non alvéolaires, non renforcées, matières",10,verifie
3920.92.0000,"2410 -- Autres plaques, feuilles, pellicules, bandes et lames, en polyamides non alvéolaires, non renforcées, ...matières",10,verifie
3920.93.0000,"2411 -- Autres plaques, feuilles, pellicules, bandes et lames, en résines aminiques non alvéolaires, non renforcées, ...matières",10,verifie
3920.94.0000,"2412 -- Autres plaques, feuilles, pellicules, bandes et lames, en résines phénoliques non alvéolaires, non renforcées, matières",10,verifie
3920.99.0000,"2413 -- Autres plaques, feuilles, pellicules, bandes et lames, en autres matières plastiques non alvéolaires, non renforcées, matières",10,verifie
3921.11.0000,"2414 -- Autres plaques, feuilles, pellicules, bandes et lames, en polymères du styrène, alvéolaires",10,verifie
3921.12.0000,"2415 -- Autres plaques, feuilles, pellicules, bandes et lames, en polymères du chlorure de vinyle, alvéolaires Page 190 de 566",10,verifie
3921.13.0000,"2416 -- Autres plaques, feuilles, pellicules, bandes et lames, en polyuréthannes, alvéolaires",10,verifie
3921.14.0000,"2417 -- Autres plaques, feuilles, pellicules, bandes et lames, en cellulose régénérée, alvéolaires",10,verifie
3921.19.0000,"2418 -- Autres plaques, feuilles, pellicules, bandes et lames, en autres matières plastiques, alvéolaires",10,verifie
3921.90.1000,"2419 -- Autres plaques, feuilles, pellicules, bandes et lames, en matières plastiques, autres qu'alvéolaires, non imprimés",10,verifie
3921.90.2000,"2420 -- Autres plaques, feuilles, pellicules, bandes et lames, en matières plastiques, autres qu'alvéolaires, imprimés",20,verifie
3922.10.0000,"2421  - Baignoires, douches, éviers et lavabos, en matières plastiques",20,verifie
3922.20.0000,"2422  - Sièges et couvercles de cuvettes d'aisance, en matières plastiques",20,verifie
3922.90.0000,"2423 - Bidets, cuvettes d'aisance, réservoirs de chasse et articles similaires pour usages sanitaires ou hygiéniques, en matières plastiques",20,verifie
3923.10.0000,"2424  - Boîtes, caisses, casiers et articles similaires, en matières plastiques",20,verifie
3923.21.0000,"2425  -- Sacs, sachets, pochettes et cornets, en polymères de l'éthylène",20,verifie
3923.29.0000,"2426 -- Sacs, sachets, pochettes et cornets en matières plastiques, autres que polymères de l'éthylène",20,verifie
3923.30.1000,"2427 -- Ebauches ou préformes de bonbonnes, bouteilles, flacons et articles similaires, en matières plastiques Page 191 de 566",20,verifie
3923.30.9000,"2428 -- Bonbonnes, bouteilles, flacons et articles similaires, à l'exclusion de leurs ébauches et préformes, en matières plastiques",20,verifie
3923.40.1000,"2429  -- Cassettes sans bandes magnétiques, en matières plastiques",10,verifie
3923.40.9000,"2430 -- Bobines, fusettes, canettes et supports similaires, à l'exclusion des cassettes sans bandes magnétiques, en matières plastiques",20,verifie
3923.50.0000,"2431 - Bouchons, couvercles, capsules et autres dispositifs de fermeture, en matières plastiques",20,verifie
3923.90.0000,"2432 - Autres articles de transport ou d'emballages, en matières plastiques, du n° 39.23",20,verifie
3924.10.0000,"2433 - Vaisselle et autres articles pour le service de la table ou de la cuisine, en matières plastiques",20,verifie
3924.90.1000,"2434  -- Cuvettes et seaux, en matières plastiques",20,verifie
3924.90.2000,2435  -- Biberons en matières plastiques,20,verifie
3924.90.9000,"2436 -- Autres articles de ménage ou d'économie domestique et articles d'hygiène ou de toillette, en matières plastiques du n° 39 24",20,verifie
3925.10.0000,"2437 - Réservoirs, foudres, cuves et récipients analogues, d'une contenance excédant 300 l, en matières plastiques",20,verifie
3925.20.0000,"2438 - Portes, fenêtres et leurs cadres, chambranles et seuils, en matières plastiques Page 192 de 566",20,verifie
3925.30.0000,"2439 - Volets, stores (y compris les stores vénitiens) et articles similaires, et leurs parties, en matières plastiques",20,verifie
3925.90.0000,"2440 - Autres articles d'équipement pour la construction, en matières plastiques, non dénommés ni compris ailleurs",20,verifie
3926.10.0000,2441 - Articles de bureau et articles scolaires en matières plastiques et en autres matières des n°s 39.01 à 39.14,20,verifie
3926.20.0000,"2442 - Vêtements et accessoires du vêtement (y cpris gants, mitaines et moufles), en matières plastiq. et en aut. matières des n°s 39 01 à 39 14",10,verifie
3926.30.0000,"2443 - Garnitures pour meubles, carrosseries ou similaires, en matières plastiques et en autres matières des n°s 39.01 à 39.14",20,verifie
3926.40.0000,"2444 - Statuettes et autres objets d'ornementation, en matières plastiques et en autres matières des n°s 39.01 à",20,verifie
3926.90.1000,"2445 -- Matériels de pêche, en matières plastiques et en autres matières des n°s 39.01 à 39.14",5,verifie
3926.90.9100,"2446  --- Cure-dents, en matières plastiques et en autres matières des n°s 39.01 à 39.14",20,verifie
3926.90.9900,"2447 --- Autres ouvrages en matières plastiques et ouvrages en autres matières des n°s 39.01 à 39.14, NDCA",20,verifie
4001.10.0000,"2448  - Latex de caoutchouc naturel, même prévulcanisé",5,verifie
4001.21.0000,2449  -- Feuilles fumées de caoutchouc naturel,5,verifie
4001.22.0000,2450  -- Caoutchoucs naturels techniquement spécifiés (TSNR) Page 193 de 566,5,verifie
4001.29.0000,"2451  -- Caoutchouc naturel sous d'autres formes, du n° 40.01",5,verifie
4001.30.0000,"2452 - Balata, gutta-percha, guayule, chicle et gommes naturelles analogues, sous formes primaires ou en plaques, feuilles ou bandes",5,verifie
4002.11.0000,2453 -- Latex de caoutchouc styrène-butadiène (SBR) ou de caoutchouc styrène-butadiène carboxylé (XSBR),5,verifie
4002.19.0000,"2454 -- Caoutchouc styrène-butadiène (SBR) et caoutchouc styrène-butadiène carboxylé (XSBR), à l'exclusion du latex",5,verifie
4002.20.0000,2455  - Caoutchouc butadiène (BR),5,verifie
4002.31.0000,2456  -- Caoutchouc isobutène-isoprène (butyle) (IIR),5,verifie
4002.39.0000,2457  -- Caoutchouc isobutène-isoprène halogéné (CIIR ou BIIR),5,verifie
4002.41.0000,2458  -- Latex de caoutchouc chloroprène (chlorobutadiène) (CR),5,verifie
4002.49.0000,"2459 -- Caoutchouc chloroprène (chlorobutadiène) (CR), à l'exclusion du latex",5,verifie
4002.51.0000,2460  -- Latex de caoutchouc acrylonitrile- butadiène (NBR),5,verifie
4002.59.0000,"2461  -- Caoutchouc acrylonitrile-butadiène (NBR), à l'exclusion du latex",5,verifie
4002.60.0000,2462  - Caoutchouc isoprène (IR),5,verifie
4002.70.0000,2463  - Caoutchouc éthylène-propylène-diène non conjugué (EPDM),5,verifie
4002.80.0000,"2464 - Mélanges des produits du n° 40.01 avec des produits de la position n° 40.02, sous formes primaires ou en plaques, feuilles ou bandes Page 194 de 566",5,verifie
4002.91.0000,2465  -- Latex d'autre caoutchouc synthétique du n° 40.02,5,verifie
4002.99.0000,"2466 -- Autres caoutchouc synthétique et factice pour caoutchouc dérivé d'huiles, sous formes primaires ou en plaques, feuilles ou bandes",5,verifie
4003.00.0000,"2467 Caoutchouc régénéré sous formes primaires ou en plaques, feuilles ou bandes.",5,verifie
4004.00.0000,"2468 Déchets, débris et rognures de caoutchouc non durci, même réduits en poudre ou en granulés.",5,verifie
4005.10.0000,"2469 - Caoutchouc additionné de noir de carbone ou de silice, non vulcanisé, sous formes primaires",5,verifie
4005.20.0000,2470  - Solutions; dispersions autres que celles du n° 4005.10,5,verifie
4005.91.0000,"2471  -- Plaques, feuilles et bandes de caoutchouc mélangé, non vulcanisé",5,verifie
4005.99.0000,"2472 -- Autres caoutchouc mélangé, non vulcanisé, sous formes primaires du n°",5,verifie
4006.10.0000,"2473  - Profilés pour le rechapage en caoutchouc, non vulcanisé",5,verifie
4006.90.0000,"2474 - Autres formes (à l'exclusion des profilés pour le rechapage) et articles (disques, rondelles, par ex.) en caoutchouc, non vulcanisé",5,verifie
4007.00.0000,2475  Fils et cordes de caoutchouc vulcanisé.,5,verifie
4008.11.1000,"2476 --- Plaques, feuilles et bandes, en caoutchouc alvéolaire, des types utilisées pour les semelles Page 195 de 566",10,verifie
4008.11.9000,"2477 --- Plaques, feuilles et bandes, en caoutchouc alvéolaire, autres que des types utilisées pour les semelles",10,verifie
4008.19.0000,"2478  -- Baguettes et profilés, en caoutchouc alvéolaire",10,verifie
4008.21.1000,"2479 --- Plaques, feuilles et bandes, en caoutchouc non alvéolaire, des types utilisées pour les semelles",10,verifie
4008.21.9000,"2480 --- Plaques, feuilles et bandes, en caoutchouc non alvéolaire, autres que des types utilisées pour les semelles",10,verifie
4008.29.0000,"2481  -- Baguettes et profilés, en caoutchouc non alvéolaire",10,verifie
4009.11.0000,"2482 -- Tubes et tuyaux en caoutchouc vulcanisé non durci,  non renforcés ni associés avec d'autres matières, sans accessoires",20,verifie
4009.12.0000,"2483 -- Tubes et tuyaux en caoutchouc vulcanisé non durci,  non renforcés ni associés avec d'autres matières, avec accessoires",20,verifie
4009.21.0000,"2484 -- Tubes et tuyaux en caoutchouc vulcanisé non durci,  renforcés ou associés seulement avec du métal, sans accessoires",20,verifie
4009.22.0000,"2485 -- Tubes et tuyaux en caoutchouc vulcanisé non durci,  renforcés ou associés seulement avec du métal, avec accessoires",20,verifie
4009.31.0000,"2486 -- Tubes et tuyaux en caoutchouc vulcanisé non durci,  renforcés ou associés seulement avec des matières textiles, sans accessoires Page 196 de 566",20,verifie
4009.32.0000,"2487 -- Tubes et tuyaux en caoutchouc vulcanisé non durci,  renforcés ou associés seulement avec des matières textiles, avec accessoires",20,verifie
4009.41.0000,"2488 -- Tubes et tuyaux en caoutchouc vulcanisé non durci,  renforcés ou associés seulement à d'autres matières, sans accessoires",20,verifie
4009.42.0000,"2489 -- Tubes et tuyaux en caoutchouc vulcanisé non durci,  renforcés ou associés seulement à d'autres matières, avec accessoires",20,verifie
4010.11.0000,"2490 -- Courroies transporteuses , en caoutchouc vulcanisé, renforcées seulement de métal",10,verifie
4010.12.0000,"2491 -- Courroies transporteuses , en caoutchouc vulcanisé, renforcées seulement de matières textiles",10,verifie
4010.19.0000,"2492  -- Autres courroies transporteuses, en caoutchouc vulcanisé, du n° 40.10",10,verifie
4010.31.0000,"2493 -- Courroies de transmission sans fin, en caoutchouc vulcanisé, de section trapézoïdale, striées, ... excédant 60cm, n'excédant pas 180cm",10,verifie
4010.32.0000,"2494 -- Courroies de transmission sans fin, en catchouc vulcanisé, section trapézoïdale non striées, ... excédant 60cm,  n'excédant pas 180cm",10,verifie
4010.33.0000,"2495 -- Courroies de transmission sans fin, en caoutchouc vulcanisé, de section trapézoïdale, striées, ... excédant 180cm, n'excédant pas 240cm Page 197 de 566",10,verifie
4010.34.0000,"2496 -- Courroies de transmission sans fin, en caoutchouc vulcanisé, section trapézoïdale, non striées, ... excédant 180cm n'excédant pas 240cm",10,verifie
4010.35.0000,"2497 -- Courroies de transmission sans fin, en caoutchouc vulcanisé, crantées (synchrones), ... excédant 60 cm, mais n'excédant pas 150 cm",10,verifie
4010.36.0000,"2498 -- Courroies de transmission sans fin, en caoutchouc vulcanisé, crantées (synchrones), ... excédant 150 cm, mais n'excédant pas 198 cm",10,verifie
4010.39.0000,"2499  -- Autres courroies de transmission, en caoutchouc vulcanisé du n° 40.10",10,verifie
4011.10.0000,"2500 - Pneumatiques neufs, en caoutchouc, des types utilisés pour les voitures de tourisme (y compris les voitures du type «break» ou de course)",10,verifie
4011.20.0000,"2501 - Pneumatiques neufs, en caoutchouc, des types utilisés pour autobus ou camions",10,verifie
4011.30.0000,"2502  - Pneumatiques neufs, en caoutchouc, des types utilisés pour véhicules aériens",10,verifie
4011.40.0000,"2503  - Pneumatiques neufs, en caoutchouc, des types utilisés pour motocycles",20,verifie
4011.50.0000,"2504  - Pneumatiques neufs, en caoutchouc, des types utilisés pour bicyclettes",20,verifie
4011.70.0000,"2505 - Pneumatiques neufs, en caoutchouc, des types utilisés pour les véhicules et engins agricoles et forestiers",10,verifie
4011.80.0000,"2506 - Pneumatiques neufs, en caoutchouc, utilisés pour les véhicules et engins de génie civil, de travaux miniers et de manutention industrielle Page 198 de 566",10,verifie
4011.90.0000,"2507 - Pneumatiques neufs, en caoutchouc, autres que ceux des sous-positions 4011.10 à 4011.80",10,verifie
4012.11.0000,"2508 -- Pneumatiques rechapés en caoutchouc, pour les voitures de tourisme (y compris les voitures du type «break» et les voitures de course)",20,verifie
4012.12.0000,"2509 -- Pneumatiques rechapés en caoutchouc, des types utilisés pour autobus ou camions",20,verifie
4012.13.0000,"2510  -- Pneumatiques rechapés en caoutchouc, des types utilisés pour véhicules aériens",20,verifie
4012.19.0000,"2511  -- Autres pneumatiques rechapés en caoutchouc, du n° 40.12",20,verifie
4012.20.1000,"2512  -- Pneumatiques usagés en caoutchouc, pour l'industrie de rechapage",20,verifie
4012.20.9000,"2513  -- Pneumatiques usagés en caoutchouc, autres que  pour l'industrie de rechapage",20,verifie
4012.90.0000,"2514  - Bandages, bandes de roulement pour pneumatiques et «flaps» en caoutchouc",20,verifie
4013.10.0000,"2515 - Chambres à air, en caoutchouc, pour les voitures de tourisme (y c. les voitures du type «break» ou de course), les autobus ou les camions",10,verifie
4013.20.0000,"2516  - Chambres à air, en caoutchouc, des types utilisés pour bicyclettes",20,verifie
4013.90.1000,"2517 -- Chambres à air, en caoutchouc, des types utilisés pour cyclomoteurs (engin d?'une cylindrée n?'excédant pas 50 cm3)",20,verifie
4013.90.9000,"2518  -- Autres chambres à air, en caoutchouc, du n° 40.13",20,verifie
4014.10.0000,"2519 - Préservatifs en caoutchouc vulcanisé non durci, même avec parties en caoutchouc durci Page 199 de 566",0,verifie
4014.90.1000,"2520 -- Tétines et articles similaires, en caoutchouc vulcanisé non durci, même avec parties en caoutchouc durci",5,verifie
4014.90.2000,"2521 -- Poires à injections ou compte-gouttes et articles similaires, en caoutchouc vulcanisé non durci, même avec parties en caoutchouc durci",5,verifie
4014.90.9000,"2522 -- Autres articles d'hygiène ou de pharmacie, en caoutchouc vulcanisé non durci, même avec parties en caoutchouc durci du n° 40 14",5,verifie
4015.12.0000,"2523 -- Gants, mitaines et moufles des types utilisés pour  la médecine, la chirurgie,l’art dentaire ou l’art vétérinaire",0,verifie
4015.19.0000,"2524 -- Gants, mitaines et moufles en caoutchouc vulcanisé non durci, autres que pour la médecine, la chirurgie, l’art dentaire ou l’art vétérinaire",20,verifie
4015.90.0000,"2525 - Autres vêtements et accessoires du vêtement en caoutchouc vulcanisé non durci, pour tous usages, du N° 40.15, à l'exclusion des gants mitaines et moufles",20,verifie
4016.10.0000,2526  - Autres ouvrages en caoutchouc alvéolaire,20,verifie
4016.91.0000,"2527 -- Revêtements de sol et tapis de pied, en caoutchouc vulcanisé non durci, autre qu'alvéolaire",20,verifie
4016.92.0000,"2528  -- Gommes à effacer, en caoutchouc vulcanisé non durci, autre qu'alvéolaire",10,verifie
4016.93.0000,"2529  -- Joints, en caoutchouc vulcanisé non durci, autre qu'alvéolaire",10,verifie
4016.94.0000,"2530 -- Pare-chocs, même gonflables, pour accostage des bateaux, en caoutchouc vulcanisé non durci, autre qu'alvéolaire Page 200 de 566",20,verifie
4016.95.1000,"2531 --- Autres articles gonflables, en caoutchouc vulcanisé non durci, des types utlisés dans l'?industrie pneumatique, autre qu'alvéolaire",20,verifie
4016.95.9000,"2532 --- Autres articles gonflables, en caoutchouc vulcanisé non durci, autre qu'alvéolaire, du n° 40.16",20,verifie
4016.99.0000,"2533  -- Autres ouvrages en caoutchouc vulcanisé non durci, du n° 40.16",10,verifie
4017.00.0000,"2534 Caoutchouc durci (ébonite, par exemple) sous toutes formes, y compris les déchets et débris; ouvrages en caoutchouc durci",20,verifie
4101.20.0000,"2535 - Cuirs et peaux bruts entiers, de bovins ou d'équidés non refendus, poids n'excédant pas 8kg,secs, 10kg, salés secs et 16kg, frais,",5,verifie
4101.50.0000,"2536 - Cuirs et peaux bruts entiers, de bovins ou d'équidés d'?un poids unitaire excédant 16 kg",5,verifie
4101.90.0000,"2537 - Autres cuirs et peaux bruts, y compris les croupons, demi-croupons et flancs,de bovins ou d'équidés, même épilés ou refendus du n° 41 01",5,verifie
4102.10.0000,"2538 - Peaux brutes d'ovins (...), lainées, autres que celles exclues par la Note 1 c), du Chapitre 41",5,verifie
4102.21.0000,"2539 -- Peaux brutes d'ovins (...), picklées, même épilées ou sans laine, autres que celles exclues par la Note 1 c), du Chapitre",5,verifie
4102.29.0000,"2540  -- Autres peaux brutes d'ovins (...), épilées ou sans laine, du n° 41.02 Page 201 de 566",5,verifie
4103.20.0000,"2541 - Cuirs et peaux bruts (...), de reptiles, même refendus, autres que ceux exclus par les Notes 1 b) ou 1 c) du Chapitre 41",5,verifie
4103.30.0000,"2542 - Autres cuirs et peaux bruts (...), de porcins, même épilés ou refendus, autres que ceux exclus par les Notes 1 b) ou 1 c) du Chapitre 41",5,verifie
4103.90.0000,"2543 - Autres cuirs et peaux bruts (...) , même épilés ou refendus, autres que ceux exclus par les Notes 1 b) ou 1 c) du Chapitre 41, du n° 41 03",5,verifie
4104.11.0000,"2544 -- Pleine fleur, non refendue et côtés fleur, de bovins ou d'équidés, à l'état humide (y compris wet-blue)",10,verifie
4104.19.0000,"2545 -- Cuirs et peaux tannés ou en croûte, de bovins ou d'équidés, autres que pleine fleur non renfendue et côtés fleur, à l'état humide ( )",10,verifie
4104.41.0000,"2546 -- Pleine fleur, non refendue et côtés fleur, de bovins ou d'équidés, à l'état sec (en croûte)",10,verifie
4104.49.0000,"2547 -- Cuirs et peaux tannés ou en croûte, de bovins ou d'équidés, aut. que pleine fleur non renfendue et côtés fleur, à l'état sec (en croûte)",10,verifie
4105.10.0000,"2548 - Peaux tannées d'ovins, épilées, même refendues, mais non autrement préparées, à l'état humide (y compris wet-blue)",10,verifie
4105.30.0000,"2549 - Peaux d'ovins, épilées, même refendues, mais non autrement préparées, à l'état sec (en croûte) Page 202 de 566",10,verifie
4106.21.0000,"2550 -- Cuirs et peaux épilés de caprins, tannés, même refendus, mais non autrement préparés, à l?'état humide (y compris wet- blue)",10,verifie
4106.22.0000,"2551 -- Cuirs et peaux épilés de caprins, même refendus, mais non autrement préparés, à l'état sec (en croûte)",10,verifie
4106.31.0000,"2552 -- Cuirs et peaux épilés de porcins, tannés, même refendus, mais non autrement préparés, à l'état humide (y compris wet- blue)",10,verifie
4106.32.0000,"2553 -- Cuirs et peaux épilés de porcins, même refendus, mais non autrement préparés, à l'état sec (en croûte)",10,verifie
4106.40.0000,"2554 - Peaux tannées ou en croûte de reptiles, même refendues, mais non autrement préparées",10,verifie
4106.91.0000,"2555 -- Cuirs et peaux épilés d'autres animaux et peaux d'animaux dépourvus de poils, tannés, ..., à l'état humide (y c. wet-blue)",10,verifie
4106.92.0000,"2556 -- Cuirs et peaux épilés d'autres animaux et peaux d'animaux dépourvus de poils, même refendus, mais non ..., à l'état sec (en croûte)",10,verifie
4107.11.0000,"2557 -- Pleine fleur entière préparée après tannage ou dessèchement ou parcheminée, de bovins ou d'équidés, non refendue sauf peaux du n°41 14",10,verifie
4107.12.0000,"2558 -- Côtés fleur entiers préparés après tannage ou dessèchement ou parcheminés, de bovins ou d'équidés, non refendus sauf peaux du n°41 14 Page 203 de 566",10,verifie
4107.19.0000,"2559 -- Autres cuirs et peaux entiers de bovins (y compris les buffles) ou d'équidés, mêmes refendus,  autres que ceux du n°",10,verifie
4107.91.0000,"2560 -- Pleine fleur non entière, y c. les bandes, préparée après tannage ou (...), de bovins ou d'équidés, non refendue, sauf peaux du n°41 14",10,verifie
4107.92.0000,"2561 -- Côtés fleur non entiers, y c. les bandes, préparés après tannage ou (...), de bovins ou d'équidés, non refendus, sauf peaux du n°41 14",10,verifie
4107.99.0000,"2562 -- Autres cuirs préparés et cuirs et peaux parcheminés de bovins (y compris les buffles) ou d'équidés, épilés, même refendus du n° 41 07",10,verifie
4112.00.0000,"2563 Cuirs préparés après tannage ou dessèchement et cuirs et peaux parcheminés, d'ovins, épilés, même refendus autres que ceux du N° 41 14",10,verifie
4113.10.0000,"2564 - Cuirs préparés après tannage ou dessèchement et cuirs et peaux parcheminés, de caprins, épilés, même refendus autres que ceux du N° 41 14",10,verifie
4113.20.0000,"2565 - Cuirs préparés après tannage ou dessèchement et cuirs et peaux parcheminés, de porcins, épilés, même refendus autres que ceux du N° 41 14",10,verifie
4113.30.0000,"2566 - Cuirs et peaux parcheminés, de reptiles, même refendus, autres que ceux du N°",10,verifie
4113.90.0000,"2567 - Autres cuirs et peaux d'autres animaux, même refendus, du N° 41.13, autres que ceux du N° 41.14 Page 204 de 566",10,verifie
4114.10.0000,2568  - Cuirs et peaux chamoisés (y compris le chamois combiné),10,verifie
4114.20.0000,2569  - Cuirs et peaux vernis ou plaqués; cuirs et peaux métallisés,10,verifie
4115.10.0000,"2570 - Cuir reconstitué, à base de cuir ou de fibres de cuir, en plaques, feuilles ou bandes même enroulées",10,verifie
4115.20.0000,"2571 - Rognures et autres déchets de cuirs ou de peaux préparés ou de cuir reconstitué, non utilisables (...); sciure, poudre et farine de cuir",10,verifie
4201.00.0000,"2572 Articles de sellerie ou de bourrellerie pour tous animaux (y compris les traits, laisses ... et articles similaires), en toutes matières",20,verifie
4202.11.1000,"2573 --- Malles, valises et mallettes ... serviettes, cartables...,à surface extérieure en cuir naturel ou reconstitué… pour industrie du montage",10,verifie
4202.11.9000,"2574 --- Malles, valises et mallettes ... cartables...,à surface extérieure en cuir naturel ou reconstitué… autres que pour industrie du montage",20,verifie
4202.12.1000,"2575 --- Malles, valises et mallettes ... cartables...,à surface extérieure en matières plastiques ou textiles ... pour industrie du montage",10,verifie
4202.12.9000,"2576 --- Malles, valises et mallettes ... cartables...,à surface extérieure en plastiques ou textiles … autres que pour industrie du montage Page 205 de 566",20,verifie
4202.19.1100,"2577 ---- Malles, valises et mallettes, … serviettes, cartables et contenants similaires, en carton… pour l'industrie du montage",10,verifie
4202.19.1900,"2578 ---- Malles, valises et mallettes, … serviettes, cartables et contenants similaires, en carton… autres que pour l'industrie du montage",20,verifie
4202.19.2100,"2579 ---- Malles, valises et mallettes, … serviettes, cartables et contenants similaires, en métaux communs, ... pour l'industrie du montage",10,verifie
4202.19.2900,"2580 ---- Malles, valises et mallettes, … cartables et contenants similaires, en métaux communs, ... autres que pour l'industrie du montage",20,verifie
4202.19.9100,"2581 ---- Malles, valises et mallettes,  … serviettes, cartables ..., en autres matières, … pour l'industrie du montage",10,verifie
4202.19.9900,"2582 ---- Malles, valises et mallettes,  … serviettes, cartables ..., en autres matières, … autres que pour l'industrie du montage",20,verifie
4202.21.1000,"2583 --- Sacs à main, même à bandoulière…, à surface extérieure en cuir naturel ou reconstitué ... pour l?'industrie du montage",10,verifie
4202.21.9000,"2584 --- Sacs à main, même à bandoulière…, à surface extérieure en cuir naturel ou reconstitué … autres que pour l?'industrie du montage Page 206 de 566",20,verifie
4202.22.1000,"2585 --- Sacs à main, même à bandoulière…, à surface extérieure en matières plastiques ou textiles ... pour l?'industrie du montage",10,verifie
4202.22.9000,"2586 --- Sacs à main, même à bandoulière…, à surface extérieure en matières plastiques ou textiles … autres que pour l?'industrie du montage",20,verifie
4202.29.1000,"2587 --- Autres sacs à main, même à bandoulière, entièrement à l'état démonté ou non monté importés pour l'industrie du montage du n° 42 02",10,verifie
4202.29.9000,"2588 --- Autres sacs à main, même à bandoulière, entièrement à l'état démonté ou non monté importés aut. que pr industrie du montage du n°42 02",20,verifie
4202.31.0000,"2589 -- Articles de poche ou de sac à main, à surface extérieure en cuir naturel ou en cuir reconstitué",20,verifie
4202.32.0000,"2590 -- Articles de poche ou de sac à main, à surface extérieure en feuilles de matières plastiques ou en matières textiles",20,verifie
4202.39.0000,"2591  -- Autres articles de poche ou de sac à main, du n° 42.02",20,verifie
4202.91.1000,"2592 --- Autres articles de voyage, sacs et contenants ..., à surface extérieure, en cuir naturel ou reconstitué ... pour l?'industrie du montage",20,verifie
4202.91.9000,"2593 --- Autres articles de voyage, sacs et ..., à surface extérieure, en cuir naturel ou reconstitué … autres que pour l?'industrie du montage Page 207 de 566",20,verifie
4202.92.1000,"2594 --- Autres articles de voyage, sacs et contenants …,à surface extérieure en feuilles plastiques ou textiles … pour l?'industrie du montage",20,verifie
4202.92.9000,"2595 --- Autres articles de voyage, sacs et …,à surface extérieure en feuilles plastiques ou textiles … autres que pour l?'industrie du montage",20,verifie
4202.99.1000,2596 --- Autres contenants en cuir naturel ou reconstitué ... entièrement à l?'état démonté ou non monté ... pr ?industrie du montage du n°42 02,20,verifie
4202.99.9000,"2597 --- Autres contenants en cuir naturel ou reconstitué, à l'?état démonté ou non monté … autres que pour l'?industrie du montage du n°42 02",20,verifie
4203.10.0000,2598  - Vêtements en cuir naturel ou reconstitué,20,verifie
4203.21.0000,"2599 -- Gants, mitaines et moufles, en cuir naturel ou reconstitué, spécialement conçus pour la pratique de sports",20,verifie
4203.29.0000,"2600 -- Gants, mitaines et moufles, en cuir naturel ou reconstitué, autres que pour la pratique de sports",20,verifie
4203.30.0000,"2601  - Ceintures, ceinturons et baudriers, en cuir naturel ou reconstitué",20,verifie
4203.40.0000,"2602  - Autres accessoires du vêtement en cuir naturel ou reconstitué, du n° 42.03",20,verifie
4205.00.0000,2603  Autres ouvrages en cuir naturel ou reconstitué.,20,verifie
4206.00.0000,"2604  Ouvrages en boyaux, en baudruches, en vessies ou en tendons. Page 208 de 566",10,verifie
4301.10.0000,"2605 - Pelleteries brutes de visons, entières, même sans les têtes, queues ou pattes, autres que les peaux des n° s 41.01, 41.02 ou 41 03",5,verifie
4301.30.0000,"2606 - Pelleteries brutes d'agneaux dits astrakan, ..., d'agneaux des Indes, Chine, Mongolie ou du Tibet, entières, même sans les têtes pattes",5,verifie
4301.60.0000,"2607 - Pelleteries brutes de renards, entières, même sans les têtes, queues ou pattes, autres que les peaux des n° s 41.01, 41.02 ou 41 03",5,verifie
4301.80.0000,"2608 - Pelleteries brutes d'autres animaux, entières, même sans les têtes, queues ou pattes, autres que les peaux des n° s 41.01, 41 02 ou 41 03",5,verifie
4301.90.0000,"2609  - Têtes, queues, pattes et autres morceaux utilisables en pelleterie",5,verifie
4302.11.0000,"2610 -- Pelleteries tannées ou apprêtées de visons, entières, même sans les têtes, queues ou pattes, non assemblées",10,verifie
4302.19.0000,"2611 -- Pelleteries tannées ou apprêtées autres que de visons, entières, même sans les têtes, queues ou pattes, non assemblées",10,verifie
4302.20.0000,"2612 - Têtes, queues, pattes et autres morceaux, déchets et chutes, non assemblés",10,verifie
4302.30.0000,"2613  - Pelleteries entières et leurs morceaux et chutes, assemblés",10,verifie
4303.10.0000,2614  - Vêtements et accessoires du vêtement en pelleteries,20,verifie
4303.90.0000,2615  - Autres articles en pelleteries du n° 43.03,10,verifie
4304.00.0000,2616  Pelleteries factices et articles en pelleteries factices. Page 209 de 566,20,verifie
4401.11.0000,"2617  -- Bois de conifères en rondins, bûches, ramilles, fagots ou sous formes similaires",5,verifie
4401.12.0000,"2618 Bois de chauffage ( autres que de conifères) en rondins, bûches, ramilles, fagots ou sous formes similaires",5,verifie
4401.21.0000,2619  -- Bois en plaquettes ou en particules de conifères,5,verifie
4401.22.0000,2620  --  Bois en plaquettes ou en particules autres que de conifères,5,verifie
4401.31.0000,2621  -- Granulés de bois,5,verifie
4401.32.0000,2622  -- Briquettes de bois,5,verifie
4401.39.0000,"2623 -- Sciures, déchets et débris de bois, agglomérés sous forme de bûches ou formes similaires, à l'exclusion des granulés de bois et des briquettes de bois",5,verifie
4401.41.0000,"2624  -- Sciures de bois, non agglomérés",5,verifie
4401.49.0000,"2625  -- Déchets et débris de bois, non agglomérés",5,verifie
4402.10.0000,"2626  -  Charbon de bambou, même aggloméré",5,verifie
4402.20.0000,"2627  - Charbon de coques ou de noix, même aggloméré",5,verifie
4402.90.0000,"2628  - Charbon de bois, autres que de bambou, de coques ou de noix, même aggloméré",5,verifie
4403.11.0000,"2629 -- Bois bruts de conifères,..., désaubiérés ou équarris, traités avec une peinture, de la créosote ou d'autres agents de conservation",5,verifie
4403.12.0000,"2630 -- Bois bruts (autres que de conifères) ..., désaubiérés ou équarris, traités avec peinture, créosote ou autres agents de conservation",5,verifie
4403.21.0000,"2631 -- Bois bruts de pin (...), autr. que du N° 4403,1 …  ou equarris,  dont la plus petite dimension de la coupe transversale est égale ou supérieure à 15 cm Page 210 de 566",5,verifie
4403.22.0000,"2632 -- Bois bruts de pin (Pinnus spp.), , autr. que du N° 4403,1 ...  même ecorcés, désaubiérés ou equarris, à l'exclusion de ceux du N°4403 21",5,verifie
4403.23.0000,"2633 -- Bois bruts de sapin et d'épicéa, autr. que du N°4403.1 … équarris,  dont la plus petite dimension de la coupe transversale est égale ou supérieure à 15cm",5,verifie
4403.24.0000,"2634 -- Bois bruts de sapin (Abies spp.) et d'épicéa (Picea spp.), autres que du N°4403.1 , ... ou equarris, à l'exclusion de ceux du N°4403 23",5,verifie
4403.25.0000,"2635 -- Bois bruts de conifères (sauf pin et sapin), autr. que N°4403.1 ... equarris, dont la plus petite dimension de la coupe transversale est égale ou supérieure à 15cm",5,verifie
4403.26.0000,"2636 -- Bois bruts de conifères (sauf pin et sapin), autr. que N°4403.1 ... désaubiérés ou équarris, à l'exclusion de ceux du N°4403 25",5,verifie
4403.41.0000,"2637 -- Dark Red Meranti, Light Red Meranti et Meranti Bakau, bruts, même écorcés, désaubiérés ou équarris, autres que ceux du n°",5,verifie
4403.42.0000,"2638  -- Teak (Teck) bruts, même écorcés, désaubiérés ou équarris.",5,verifie
4403.49.0000,"2639 -- Bois tropicaux bruts, autres que du N°4403.1, même écorcés, désaubiérés ou équarris, à l'exclusion de ceux des N°s 4403.41 à 4403.42",5,verifie
4403.91.0000,"2640 -- Bois de chêne (Quercus spp.), bruts, même écorcés, désaubiérés ou équarris, autres que ceux du n°4403.10 Page 211 de 566",5,verifie
4403.93.0000,"2641 -- Bois bruts de hêtre (Fagus spp.), autres que du N°4403.1 ... ou équarris,  dont la plus petite dimension de la coupe transversale est égale ou supérieure à 15 cm",5,verifie
4403.94.0000,"2642 -- Bois bruts de hêtre (Fagus spp.), autres que du N°4403.1 ... ou équarris, à l'exclusion de ceux du N° 4403.93",5,verifie
4403.95.0000,"2643 -- Bois bruts de bouleau (Betula ...), autres que du N°4403.1 ... ou équarris,  dont la plus petite dimension de la coupe transversale est égale ou supérieure à 15 cm",5,verifie
4403.96.0000,"2644 -- Bois bruts de bouleau (Betula spp.), autres que du N°4403.1 ... ou équarris, à l'exclusion de ceux du N° 4403.94",5,verifie
4403.97.0000,"2645 -- Bois bruts de peuplier (Populus spp.), même écorcés, désaubiérés  ou équarris, autres que traités avec une peinture, de la créosote …",5,verifie
4403.98.0000,"2646 -- Bois bruts d'eucalyptus (Eucalypts spp.), même écorcés, désaubiérés  ou équarris, autres que traités avec une peinture, de la créosote …",5,verifie
4403.99.0000,"2647 -- Autres bois bruts, même écorcés, désaubiérés ou équarris, du n° 44.03",5,verifie
4404.10.0000,"2648 - Bois feuillards, échalas fendus, ... en bois, ...; bois simplement dégrossis ou ..., pour cannes, ...; bois en éclisses, ..., de conifères",5,verifie
4404.20.0000,"2649 - Bois feuillards, échalas ... en bois, ...; bois simplement dégrossis ou ..., pour cannes, ...; bois en éclisses, ...,aut. que de conifères",5,verifie
4405.00.0000,2650  Laine (paille) de bois; farine de bois. Page 212 de 566,5,verifie
4406.11.0000,"2651  -- Traverses de conifères non imprégnées, pour voies ferrées ou similaires",10,verifie
4406.12.0000,"2652 -- Traverses de bois (autres que de conifères) non imprégnées, pour voies ferrées ou similaires",10,verifie
4406.91.0000,"2653 -- Traverses de conifères, autres que non imprégnées, pour voies ferrées ou similaires",10,verifie
4406.92.0000,"2654 -- Traverses de bois (autres que de conifères), autres que non imprégnées, pour voies ferrées ou similaires",10,verifie
4407.11.0000,"2655 -- Bois de pin (Pinus spp.), sciés ou dédossés longitudinalement, tranchés ou déroulés, même rabotés (..), d'une épaisseur excédant 6 mm",10,verifie
4407.12.0000,"2656 -- Bois de sapin (...) et d'épicéa (…), sciés ou dédossés longitudinalement, tranchés ou déroulés (..), d'une épaisseur excédant 6 mm",10,verifie
4407.13.0000,"2657 -- Bois de E-P-S (épicéa (Picea spp.), pin (Pinus  spp.) et sapin (Abies spp.)), sciés ou dédossés longitudinalement, tranchés ou déroulés (..), d'une épaisseur excédant 6 mm",10,verifie
4407.14.0000,"2658 -- Bois de Hem-fir (hemlock de l'Ouest (Tsuga heterophylla) et sapin (Abies spp.)), sciés ou dédossés longitudinalement, tranchés ou déroulés (..), d'une épaisseur excédant 6 mm Page 213 de 566",10,verifie
4407.19.0000,"2659 -- Bois de conifères autres que ceux des N°s 4407.11 à 4407.14, sciés ou dédossés longitudinalement, tranchés ou déroulés, même rabotés, poncés ou collés par assemblage en bout, d'une épaisseur excédant 6 mm",10,verifie
4407.21.0000,"2660 -- Mahogany (Swietenia spp.), sciés ou dédossés longitudinalement, tranchés ou déroulés, même rabotés, ..., d'une épaisseur excédant 6 mm",10,verifie
4407.22.0000,"2661 -- Virola, Imbuia et Balsa, sciés ou dédossés longitudinalement, tranchés ou déroulés, même rabotés, ..., d'une épaisseur excédant 6 mm",10,verifie
4407.23.0000,"2662 -- Teak (Teck) , sciés ou dédossés longitudinalement, tranchés ou déroulés, même rabotés, ..., d'une épaisseur excédant 6 mm",10,verifie
4407.25.0000,"2663 -- Dark Red Meranti, Light Red Meranti et Meranti Bakau, sciés ou dédossés longitudinalement, tranchés ou ..., d'une épaisseur excédant 6 mm",10,verifie
4407.26.0000,"2664 -- White Lauan, White Meranti, White Seraya, Yellow Meranti et Alan, sciés ou dédossés longitudinalement, tranchés ...,épaisseur excède 6 mm",10,verifie
4407.27.0000,"2665 -- Sapelli, sciés ou dédossés longitudinalement, tranchés ou déroulés, même rabotés, ..., d'une épaisseur excédant 6 mm",10,verifie
4407.28.0000,"2666 -- Iroko, sciés ou dédossés longitudinalement, tranchés ou déroulés, même rabotés, ..., d'une épaisseur excédant 6 mm Page 214 de 566",10,verifie
4407.29.0000,"2667 -- Autres bois tropicaux du N° 44.07, sciés ou dédossés longitudinalement, tranchés ou déroulés, même rabotés, poncés ou collés par assemblage en bout, d'une épaisseur excédant 6 mm",10,verifie
4407.91.0000,"2668 -- Bois de chêne (...), sciés ou dédossés longitudinalement, tranchés ou déroulés, ... collés par assemblage en bout, épaisseur excède 6 mm",10,verifie
4407.92.0000,"2669 -- Bois de hêtre (...), sciés ou dédossés longitudinalement, tranchés ou déroulés, ... collés par assemblage en bout, épaisseur excède 6 mm",10,verifie
4407.93.0000,"2670 -- Bois d'érable (...), sciés ou dédossés longitudinalement, tranchés ou déroulés, ... collés par assemblage en bout, épaisseur excède 6 mm",10,verifie
4407.94.0000,"2671 -- Bois de cerisier(...), sciés ou dédossés longitudinalement, tranchés ou déroulés, ... collés par assemblage en bout, épaisseur excède 6mm",10,verifie
4407.95.0000,"2672 -- Bois de frêne (...), sciés ou dédossés longitudinalement, tranchés ou déroulés, ... collés par assemblage en bout, épaisseur excède 6 mm",10,verifie
4407.96.0000,"2673 -- Bois de bouleau (Betula spp.), sciés ou dédossés longitudinalement, tranchés ou déroulés, même rabotés (…), d'une épaisseur excédant 6 mm",10,verifie
4407.97.0000,"2674 -- Bois de peuplier (Populus spp.), sciés ou dédossés longitudinalement, tranchés ou déroulés, même rabotés(…), d'une épaisseur excédant 6mm Page 215 de 566",10,verifie
4407.99.0000,"2675 -- Autres bois, sciés ou dédossés longitudinalement, tranchés ou  ... collés par assemblage en bout, épaisseur excède 6 mm, du n° 44.07",10,verifie
4408.10.0000,"2676 - Feuilles de conifères pour placage ..., contre- plaqués ou bois stratifiés similaires et aut. bois, sciés ..., épaisseur n'excède pas 6 mm",10,verifie
4408.31.0000,"2677 -- Feuilles de Dark Red Meranti, Light Red et Bakau pour placage ...,contre-plaqués ou ... aut. bois, sciés ..., épaisseur n'excède pas 6 mm",10,verifie
4408.39.0000,"2678 -- Feuilles de bois tropicaux , pour placage ...,contre-plaqués ou ..., sciés ..., épaisseur n'excède pas 6mm sauf celles du N° 4408.31",10,verifie
4408.90.0000,"2679 - Autres feuilles pour placage(...), contre- plaqués ou ...sciés longitudinalement, tranchés ... bout, épaisseur n'excède pas 6mm, du n°44.08",10,verifie
4409.10.0000,"2680 - Bois de conifères (...) profilés (...) tout au long d'une ou de plusieurs rives, faces ou bouts, ... ou collés par assemblage en bout",10,verifie
4409.21.0000,"2681 -- Bois de bambou (...) profilés (...) tout au long d'une ou de plusieurs rives, faces ou bouts, ... ou collés par assemblage en bout",10,verifie
4409.22.0000,"2682 --  Bois tropicaux (sauf bambou), profilés (...) tout au long d'une ou plusieurs rives, faces ou bouts, ... ou collés par assemblage en bout",10,verifie
4409.29.0000,"2683 -- Autres bois (...) profilés (...) , … faces ou bouts, … poncés ou collés par assemblage en bout, du n° 44.09",10,verifie
4410.11.0000,2684  -- Panneaux de particules en bois Page 216 de 566,10,verifie
4410.12.0000,"2685  -- Panneaux dits «oriented strand board» (OSB), en bois",10,verifie
4410.19.0000,"2686  -- Panneaux similaires  à ceux des n° s 4410.11 et 4410.12 (...), en bois",10,verifie
4410.90.0000,"2687 - Panneaux de particules, ... (OSB) et similaires(...), en matières ligneuses, aut. que bois, même agglomérées avec résines ou organiques",10,verifie
4411.12.0000,"2688 -- Panneaux de fibres de bois ou d'autres matières ligneuses, ... , de densité moyenne (dits «MDF»), d'une épaisseur n'excédant pas 5 mm",10,verifie
4411.13.0000,"2689 -- Panneaux de fibres de bois ou d'autres matières ligneuses, ... , de densité moyenne (dits «MDF»), épaisseur excédant 5 mm mais pas 9 mm",10,verifie
4411.14.0000,"2690 -- Panneaux de fibres de bois ou d'autres matières ligneuses, ... , de densité moyenne (dits «MDF»), d'une épaisseur excédant 9 mm",10,verifie
4411.92.0000,"2691 -- Panneaux de fibres de bois ou aut. matières ligneuses, ... ,aut. que de densité moyenne (dits «MDF»), masse volumique excédant 0 8 g/cm³",10,verifie
4411.93.0000,"2692 -- Panneaux de fibres de bois ou aut. mat. ligneuses, ... ,aut. que de densité moyenne (...), masse vol. excédant 0,5g/cm³ mais pas 0 8g/cm³",10,verifie
4411.94.0000,"2693 -- Panneaux de fibres de bois ou aut. matières ligneuses, ... ,aut. que de densité moyenne (...), masse volumique n'excédant pas 0 5 g/cm³",10,verifie
4412.10.0000,"2694 - Bois contre-plaqués, bois plaqués et bois stratifiés similaires, en bambou Page 217 de 566",20,verifie
4412.31.0000,"2695 -- Bois contre-plaqués faits de feuilles de bois (sauf bambou),   … épaisseur n'excéde pas 6 mm, ... un pli extérieur en bois tropicaux …",20,verifie
4412.33.0000,"2696 -- Bois contre-plaqués en feuille de bois (sauf bambou), … épaisseur n'excéde pas 6 mm, ... un pli extérieur en bois  autr. que conifère ...",20,verifie
4412.34.0000,"2697 -- Bois contre-plaqués en feuille de bois (sauf bambou), … n'excéde pas 6 mm, ... un pli extérieur en bois autr. que conifère non dénommés dans le N°4412.33",20,verifie
4412.39.0000,"2698 -- Bois contre-plaqués en feuille de bois (sauf bambou), … épaisseur n'excéde pas 6 mm, ... 2 plis extérieurs en bois de conifère",20,verifie
4412.41.0000,2699 -- Bois de placage stratifié (lamibois (LVL)) ayant au moins un pli extérieur en bois tropicaux,20,verifie
4412.42.0000,"2700 -- Bois de placage stratifié (lamibois (LVL)), ayant au moins un pli extérieur en bois autres que de conifères et de tropicaux",20,verifie
4412.49.0000,"2701 -- Bois de placage stratifié (lamibois (LVL)), ayant les deux plis extérieurs en bois de conifères",20,verifie
4412.51.0000,"2702 -- Bois contre-plaqués, bois plaqués et bois stratifiés similaires, à âme panneautée, lattée ou lamellée, ayant au moins un pli extérieur en bois tropicaux",20,verifie
4412.52.0000,"2703 -- Bois contre-plaqués, bois plaqués et bois stratifiés similaires, ayant au moins un pli extérieur en bois autres que de conifères et de tropicaux Page 218 de 566",20,verifie
4412.59.0000,"2704 -- Bois contre-plaqués, bois plaqués et bois stratifiés similaires, ayant les deux plis extérieurs en bois de conifères",20,verifie
4412.91.0000,"2705 -- Autres bois contre-plaqués, bois plaqués et bois stratifiés similaires, ayant au moins un pli extérieur en bois    tropicaux non dénommés ni compris ailleurs du n° 44.12",20,verifie
4412.92.0000,"2706 -- Autres bois contre-plaqués, bois plaqués et bois stratifiés similaires, ayant au moins un pli extérieur en  bois autres que de conifères et de tropicaux",20,verifie
4412.99.0000,"2707 -- Autres bois contre-plaqués, bois plaqués ou bois stratifiés similaires, ayant les deux plis extérieurs de bois de conifères",20,verifie
4413.00.0000,"2708  Bois dits «densifiés», en blocs, planches, lames ou profilés.",10,verifie
4414.10.0000,"2709 - Cadres en bois tropicaux pour tableaux, photographies, miroirs ou objets similaires",10,verifie
4414.90.0000,"2710 - Cadres en bois (autres que tropicaux) pour tableaux, photographies, miroirs ou objets similaires",10,verifie
4415.10.0000,"2711 - Caisses, caissettes, cageots, cylindres et emballages similaires en bois; tambours (tourets) pour câbles, en bois",10,verifie
4415.20.0000,"2712 - Palettes simples, palettes-caisses et autres plateaux de chargement en bois; rehausses de palettes, en bois",10,verifie
4416.00.0000,"2713 Futailles, cuves, baquets et autres ouvrages de tonnellerie et leurs parties, en bois, y compris les merrains. Page 219 de 566",10,verifie
4417.00.0000,"2714 Outils, montures et manches d'outils, montures de brosses, manches de balais ou de brosses, en bois; formes, embauchoirs et tendeurs pour chaussures, en bois",20,verifie
4418.11.0000,"2715  -- Fenêtres, portes-fenêtres et leurs cadres et chambranles, en bois tropicaux",20,verifie
4418.19.0000,"2716 -- Fenêtres, portes-fenêtres et leurs cadres et chambranles, en bois autres que tropicaux",20,verifie
4418.21.0000,"2717  -- Portes et leurs cadres, chambranles et seuils, en bois tropicaux",20,verifie
4418.29.0000,"2718  -- Portes et leurs cadres, chambranles et seuils, en bois autres que tropicaux",20,verifie
4418.30.0000,"2719 - Poteaux et poutres autres que les produits des  n°s  4418.81 à 4418.90, en bois",20,verifie
4418.40.0000,"2720  - Coffrages pour le bétonnage, en bois",20,verifie
4418.50.0000,"2721  - Bardeaux («shingles» et «shakes»), en bois",20,verifie
4418.73.0000,"2722 -- Panneaux assemblés pour revêtement de sol, en bambou ou ayant au moins la couche supérieure en bambou",20,verifie
4418.74.0000,"2723 -- Panneaux assemblés pour sols mosaîques, autres qu'en bambou ou qu'ayant au moins la couche supérieure en bambou",20,verifie
4418.75.0000,"2724 -- Panneaux assemblés pour revêtement de sols, multicouches, autres qu'en bambou ou qu'ayant au moins la couche supérieure en bambou Page 220 de 566",20,verifie
4418.79.0000,"2725 -- Panneaux assemblés pour revêtement de sol, en bois (autres que bambou), à l'exclusion des multicouches ou panneaux pour sols mosaîques",20,verifie
4418.81.0000,2726  -- Bois lamellé-collé (BLC),20,verifie
4418.82.0000,2727  -- Bois lamellé croisé  (CLT ou X-lam),20,verifie
4418.83.0000,"2728  -- Poutres en I, en bois",20,verifie
4418.89.0000,"2729 -- Bois d’ingénierie structural autres que le bois lamellé-collé (BLC), le bois lamellé croisé  (CLT ou X-lam) et les poutres en I en bois",20,verifie
4418.91.0000,"2730 -- Autres ouvrages de menuiserie et pièces de charpente pour construction, du n°44.18, en bambou",20,verifie
4418.92.0000,2731  -- Panneaux cellulaires en bois,20,verifie
4418.99.0000,"2732 -- Autres ouvrages de menuiserie et pièces de charpente pour construction, du N°44.18, en bois (autres que bambous et panneaux cellulaires)",20,verifie
4419.11.0000,"2733  --  Planches à pain, planches à hacher et articles similaires, en bambou",20,verifie
4419.12.0000,2734  --  Baguettes en bambou pour la table ou la cuisine,20,verifie
4419.19.0000,"2735 -- Articles en bambou pour la table ou la cuisine, autres que planches à pain, planches à hacher et articles similaires, ou baguettes",20,verifie
4419.20.0000,2736  - Articles en bois tropicaux pour la table ou la cuisine,20,verifie
4419.90.0000,2737  - Articles en bois (autres que bambou et bois tropicaux) pour la table ou la cuisine,20,verifie
4420.11.0000,2738  -- Statuettes et autres objets d’ornement en bois tropicaux Page 221 de 566,20,verifie
4420.19.0000,"2739 -- Statuettes et autres objets d’ornement, en bois, à l'exclusion de ceux en bois tropicaux",20,verifie
4420.90.0000,"2740 - Bois marquetés et bois incrustés; coffrets, écrins et étuis pour bijouterie ou orfèvrerie, et ouvrages similaires, en bois; articles d'ameublement en bois ne relevant pas du Chapitre 94",20,verifie
4421.10.0000,"2741  - Cintres pour vêtements, en bois",20,verifie
4421.20.0000,2742  - Cercueils,20,verifie
4421.91.1000,2743  --- Bois de bambou préparés pour allumettes,10,verifie
4421.91.2000,2744  ---  Cure dents en bambou,20,verifie
4421.91.9000,2745  --- Autres ouvrages en bambou du N°44.21,20,verifie
4421.99.1000,2746  ---  Bois (autres que bambou) préparés pour allumettes,10,verifie
4421.99.2000,2747  --- Cure dents en bois (Autres que bambou),20,verifie
4421.99.9000,2748  --- Autres ouvrages en bois (autres que bambou) du N°44.21,20,verifie
4501.10.0000,2749  - Liège naturel brut ou simplement préparé,5,verifie
4501.90.0000,"2750  - Déchets de liège; liège concassé, granulé ou pulvérisé",5,verifie
4502.00.0000,"2751 Liège naturel, écroûté ou simplement équarri, ou en cubes, plaques, feuilles ou bandes de forme carrée ou rectangulaire (y compris les ébauches à arêtes vives pour bouchons)",5,verifie
4503.10.0000,2752  - Bouchons en liège naturel,10,verifie
4503.90.1000,"2753  -- Flotteurs pour filets de pêche, en liège naturel Page 222 de 566",5,verifie
4503.90.9000,"2754  -- Ouvrages en liège naturel, autres que bouchons et flotteurs pour filets de pêche",20,verifie
4504.10.0000,"2755 - Cubes, briques, plaques, feuilles et bandes; carreaux de toute forme; cylindres pleins, y compris les disques, en liège aggloméré",10,verifie
4504.90.0000,"2756 - Liège aggloméré (avec ou sans liant) et ouvrages en liège aggloméré, autres que ceux du n° 4504.10",20,verifie
4601.21.0000,"2757  -- Nattes, paillassons et claies, en  bambou",20,verifie
4601.22.0000,"2758  -- Nattes, paillassons et claies, en rotin",20,verifie
4601.29.0000,"2759 -- Nattes, paillassons et claies en matières végétales, autres que ceux en bambou ou en rotin",20,verifie
4601.92.0000,"2760 -- Tresses et articles similaires en bambou, ... bandes; aut. matières à tresser, ... en bambou, tissés … sauf nattes ... matières végétales",20,verifie
4601.93.0000,"2761 -- Tresses et articles similaires en rotin, ... bandes; aut. matières à tresser, ... en rotin, tissés … sauf nattes ... matières végétales",20,verifie
4601.94.0000,"2762 -- Tresses et articles similaires en matières à tresser, ... bandes; aut. … à tresser, ... tissés … sauf bambou, rotin, nattes ... végétales",20,verifie
4601.99.1000,"2763 --- Nattes, paillassons et claies, en matières à tresser (autres qu'en matières végétales)",20,verifie
4601.99.9000,"2764 ---Autres tresses et articles similaires en matières à tresser (aut. qu'en mat. végétales), sauf nattes, paillassons et claies du n°46 01 Page 223 de 566",20,verifie
4602.11.0000,2765  -- Ouvrages de vannerie en bambou,20,verifie
4602.12.0000,2766  -- Ouuvrages de vannerie en rotin,20,verifie
4602.19.0000,"2767 -- Ouvrages de vannerie obtenus directement en forme à partir de matières végétales (autres que bambou et rotin), à tresser; ouvrages en luffa",20,verifie
4602.90.0000,2768  - Ouvrages de vanneries confectionnés à l'aide des articles du n° 46.01,20,verifie
4701.00.0000,2769  Pâtes mécaniques de bois.,5,verifie
4702.00.0000,"2770  Pâtes chimiques de bois, à dissoudre.",5,verifie
4703.11.0000,"2771 -- Pâtes chimiques de conifères, à la soude ou au sulfate, autres que les pâtes à dissoudre, écrues",5,verifie
4703.19.0000,"2772 -- Pâtes chimiques de bois (autres que de conifères) à la soude ou au sulfate, autres que les pâtes à dissoudre, écrues",5,verifie
4703.21.0000,"2773 -- Pâtes chimiques de conifères, à la soude ou au sulfate, autres que les pâtes à dissoudre, mi-blanchies ou blanchies",5,verifie
4703.29.0000,"2774 -- Pâtes chimiques de bois (autres que de conifères), à la soude ou au sulfate, autres que les pâtes à dissoudre, mi-blanchies ou blanchies",5,verifie
4704.11.0000,"2775 -- Pâtes chimiques de conifères, au bisulfite, autres que les pâtes à dissoudre, écrues",5,verifie
4704.19.0000,"2776 -- Pâtes chimiques de bois (autres que de conifères), au bisulfite, autres que les pâtes à dissoudre, écrues",5,verifie
4704.21.0000,"2777 -- Pâtes chimiques de conifères, au bisulfite ou au sulfate, autres que les pâtes à dissoudre, mi-blanchies ou blanchies Page 224 de 566",5,verifie
4704.29.0000,"2778 -- Pâtes chimiques de bois (autres que de conifères), au bisulfite, autres que les pâtes à dissoudre, mi-blanchies ou blanchies",5,verifie
4705.00.0000,2779 Pâtes de bois obtenues par la combinaison d'un traitement mécanique et d'un traitement chimique.,5,verifie
4706.10.0000,2780  - Pâtes de linters de coton,5,verifie
4706.20.0000,2781 - Pâtes de fibres obtenues à partir de papier ou de carton recyclés (déchets et rebuts),5,verifie
4706.30.0000,2782  - Pâtes de fibres de bambou,5,verifie
4706.91.0000,2783  -- Pâtes de fibres mécaniques de matières fibreuses cellulosiques,5,verifie
4706.92.0000,2784  -- Pâtes de fibres chimiques de matières fibreuses cellulosiques,5,verifie
4706.93.0000,2785 -- Pâtes de fibres d'autres matières fibreuses cellulosiques obtenues par combinaison d'un traitement mécanique et d'un traitement chimique,5,verifie
4707.10.0000,2786  - Papiers ou cartons Kraft écrus ou papiers ou cartons ondulés,5,verifie
4707.20.0000,"2787 - Autres papiers ou cartons obtenus principalement à partir de pâte chimique blanchie, non colorés dans la masse",5,verifie
4707.30.0000,"2788 - Papiers ou cartons obtenus principalement à partir de pâte mécanique (journaux, périodiques et imprimés similaires par exemple)",5,verifie
4707.90.0000,"2789 - Autres papiers ou cartons à recycler (déchets et rebuts), y compris les déchets et rebuts non triés",5,verifie
4801.00.0000,"2790  Papier journal, en rouleaux ou en feuilles. Page 225 de 566",0,verifie
4802.10.0000,2791  - Papiers et cartons formés feuille à feuille (papiers et cartons à la main),5,verifie
4802.20.0000,"2792 - Papiers et cartons supports pour papiers ou cartons photosensibles, sensibles à la chaleur ou électrosensibles",5,verifie
4802.40.0000,2793  - Papiers supports pour papiers peints,5,verifie
4802.54.0000,"2794 -- Autres papiers et cartons, sans fibres ... mécanique ou ... 10% au plus en poids de composition fibreuse ... ,poids m² inférieur à 40 g",5,verifie
4802.55.1000,"2795 --- Autres papiers et cartons, sans fibres ...10% au plus… ,poids m² 40g ou plus, n'excède pas 150g, en rouleaux, largeur n'excède pas 150mm",5,verifie
4802.55.9000,"2796 --- Autres papiers et cartons, sans fibres ... 10% au plus … ,poids m² 40g ou plus, n'excède pas 150g, en rouleaux, largeur excède 150mm",5,verifie
4802.56.1000,"2797 --- Papiers supports pour carbone, sans fibres … 10% au plus … , poids m² de 40g ou plus, n'excède pas 150g, en feuilles ... l'état non plié",5,verifie
4802.56.9000,"2798 --- Autres papiers et cartons, sans fibres, poids m² de 40g ou plus, n'excède pas 150g, en feuilles  ... non plié, sauf papiers carbone",20,verifie
4802.57.0000,"2799 -- Autres papiers et cartons, sans fibres, poids m² de 40g ou plus, n'excède pas 150g, sauf en feuilles  ... non plié ou papiers carbone",5,verifie
4802.58.0000,"2800 -- Autres papiers et cartons, sans fibres ... mécanique ou ... 10% au plus en poids de composition fibreuse ... , poids au m² excédant 150g Page 226 de 566",5,verifie
4802.61.1000,"2801 --- Autres papiers et cartons, dont plus de 10 % en poids  de ... des fibres obtenues par procédé … ,en rouleaux, largeur n'excède pas 150mm",5,verifie
4802.61.9000,"2802 --- Autres papiers et cartons, dont plus de 10% en poids ... des fibres obtenues par procédé … ,en rouleaux, sauf larg. n'excède pas 150mm",5,verifie
4802.62.1000,"2803 --- Papiers supports pour carbone, dont plus de 10% en poids de ... fibres obtenues par procédé … , en feuilles, ... 435mm et ... non plié",5,verifie
4802.62.9000,"2804 --- Autres papiers et carton, dont plus de 10% en poids ... fibres obtenues … ,en feuilles, ... 435mm ... non plié, sauf papiers carbone",20,verifie
4802.69.1000,2805 --- Autres papiers supports pour carbone dont plus de 10% en poids de la composition fibreuse totale sont constituées par du n° 48 02,5,verifie
4802.69.9000,"2806 --- Autres papiers et cartons, dont plus de 10 % en poids ... des fibres obtenues par un procédé mécanique ou chimico- mécanique du n°48 02",20,verifie
4803.00.0000,"2807 Papiers pour toilette, pour serviettes à démaquiller, pour essuie-mains, pour serviettes ou pour papiers similaires..., d'hygiène ou de toilette, ouate de cellulose et nappes de fibres de cellulose, même crêpés, plissés, gaufrés,... ou imprimés en roulea Page 227 de 566",10,verifie
4804.11.0000,"2808 -- Papiers et cartons pour couverture, dits «Kraftliner», non couchés ..., en rouleaux ou feuilles, sauf ceux des n°s 48.02 ou 48 03 écrus",5,verifie
4804.19.0000,"2809 -- Papiers et cartons pr couverture, dits «Kraftliner», non couchés ...,en rouleaux ou feuilles, sauf ceux des n°s 48.02 ou 48 03 non écrus",5,verifie
4804.21.0000,"2810 -- Papiers Kraft pour sacs de grande contenance, non couchés ..., en rouleaux ou feuilles, sauf ceux des n°s 48.02 ou 48 03 écrus",5,verifie
4804.29.0000,"2811 -- Papiers Kraft pour sacs de grande contenance, non couchés ..., en rouleaux ou feuilles, sauf ceux des n°s 48.02 ou 48 03 autres qu'écrus",5,verifie
4804.31.0000,"2812 -- Autres papiers et cartons Kraft, ...n'excède pas 150g, non couchés ..., en rouleaux ou feuilles, sauf ceux des n°s 48 02 ou 48 03 écrus",5,verifie
4804.39.0000,"2813 -- Autres papiers et cartons Kraft, ...n'excède pas 150g, non couchés ..., rouleaux ou feuilles, sauf ceux des n°s 48 02 ou 48 03 non écrus",5,verifie
4804.41.0000,"2814 -- Autres papiers et cartons Kraft, ... entre 150g exclus et 225g exclus, non couchés ...,en rouleaux..., sauf n°s 48.02 ou 48.03, écrus",5,verifie
4804.42.0000,"2815 -- Autres papiers et cartons Kraft,... entre 150g exclus et 225g exclus,...,sauf n°s 48.02 ou 48.03,  blanchis ... plus de 95 % en poids Page 228 de 566",5,verifie
4804.49.0000,"2816 -- Autres papiers et cartons Kraft d'un poids au m² compris entre 150 g exclus et 225 g exclus, du n° 48.04",5,verifie
4804.51.0000,"2817 -- Autres papiers et cartons Kraft, poids au m² égal ou supérieur à 225g,..., en rouleaux ou ..., sauf ceux des n°s 48.02 ou 48 03 écrus",5,verifie
4804.52.0000,"2818 -- Autres papiers et cartons Kraft, poids au m² égal ou supérieur à 225 g,...,sauf n°s 48.02 ou 48.03,  blanchis ... plus de 95 % en poids",5,verifie
4804.59.0000,"2819 -- Autres papiers et cartons Kraft, d'un poids au m² égal ou supérieur à 225 g, du n° 48.04",5,verifie
4805.11.0000,"2820 -- Papier mi-chimique pour cannelure, non couchés ..., en rouleaux ... ou de traitements aut. que ceux stipulés dans la Note 3 du Chap 48",5,verifie
4805.12.0000,"2821 -- Papier paille pour cannelure, non couchés ..., en rouleaux ... ou de traitements aut. que ceux stipulés dans la Note 3 du Chap 48",5,verifie
4805.19.0000,"2822  -- Papiers pour cannelure, à l'exclusion des n°s 4805.11 et 4805.12",5,verifie
4805.24.0000,"2823 -- Testliner (fibres récupérées), d'un poids au m² n'excédant pas 150 g, non couchés ..., autres que ceux stipulés dans la Note 3 du Chap 48",5,verifie
4805.25.0000,"2824 -- Testliner (fibres récupérées), d'un poids au m² excédant 150 g, non couchés ..., autres que ceux stipulés dans la Note 3 du Chap 48 Page 229 de 566",5,verifie
4805.30.0000,"2825 - Papier sulfite d'emballage, non couchés ..., en rouleaux ... ou de traitements aut. que ceux stipulés dans la Note 3 du Chap 48",5,verifie
4805.40.0000,"2826 - Papier et carton filtre, non couchés ..., en rouleaux ... ou de traitements aut. que ceux stipulés dans la Note 3 du Chap.48",5,verifie
4805.50.0000,"2827 - Papier et carton feutre, papier et carton laineux, non couchés ... ou de traitements aut. que ceux stipulés dans la Note 3 du Chap 48",5,verifie
4805.91.0000,"2828 -- Autres papiers et cartons, ... traitements autres que ceux stipulés dans la Note 3 du Chap.48, poids au m² n'excède pas 150g, du n°48 05",5,verifie
4805.92.0000,"2829 -- Autres papiers et cartons, ... autres que ceux stipulés dans la Note3 du Chap.48, poids au m² excède 150g et inférieur à 225g du n°48 05",5,verifie
4805.93.0000,"2830 -- Autres papiers et cartons, ... autres que ceux stipulés dans la Note 3 du Chap.48, d'un poids au m² égal ou supérieur à 225 g, du n°48 05",5,verifie
4806.10.0000,"2831  - Papiers et cartons sulfurisés (parchemin végétal), en rouleaux ou en feuilles",10,verifie
4806.20.0000,"2832  - Papiers ingraissables (greaseproof), en rouleaux ou en feuilles",10,verifie
4806.30.0000,"2833  - Papiers-calques, en rouleaux ou en feuilles",10,verifie
4806.40.0000,"2834 - Papier dit «cristal» et autres papiers calandrés transparents ou translucides, en rouleaux ou en feuilles Page 230 de 566",10,verifie
4807.00.0000,"2835 Papiers et cartons assemblés à plat par collage, non couchés ni enduits à la surface ni imprégnés, même renforcés intérieurement, en rouleaux ou en feuilles.",10,verifie
4808.10.0000,"2836 - Papiers et cartons ondulés, même perforés, en rouleaux ou en feuilles, autres que les papiers des types décrits dans le libellé du n°48 03",10,verifie
4808.40.0000,"2837 - Papiers Kraft, crêpés ou plissés, même gaufrés, estampés ou perforés, en rouleaux ou en feuilles, autres que ceux du n°48 03",10,verifie
4808.90.0000,"2838 - Autres papiers et cartons ondulés, à l'exclusion des n°s 4808.10 et 4808.40, en rouleaux ou en feuilles, autres que ceux du n°48 03",10,verifie
4809.20.0000,"2839  - Papiers dits «autocopiants», même imprimés, en rouleaux ou en feuilles",10,verifie
4809.90.0000,"2840 - Papiers carbone et autres papiers pour duplication ou reports (...), même imprimés, en rouleaux ou en feuilles",10,verifie
4810.13.1000,"2841 --- Papiers et cartons pour l'écriture, l'impression ...,sans fibres obtenues par procédé mécaniq. ou ...10% au plus … en rouleaux imprimés",10,verifie
4810.13.9000,"2842 --- Autres papiers et cartons pour l'écriture, l'impression ..., sans fibres obtenues par  ...,10% au plus …en rouleaux aut qu'imprimés",10,verifie
4810.14.0000,"2843 -- Papiers et cartons pour écriture, impression ...10% au plus, en feuilles, ...un côté n'excède pas 435mm et l'autre 297mm état non plié Page 231 de 566",20,verifie
4810.19.0000,"2844 -- Papiers et cartons pour écriture...,10% au plus en feuilles, un côté n'excède pas 435mm et l'autre 297mm, non plié, sauf n°4810 14",20,verifie
4810.22.1000,"2845 --- Papier couché léger, dit «L.W.C»… plus de 10%,en rouleau, larg. n'excède pas 150mm ou ... côté n?'excède pas 435mm 297mm non plié",10,verifie
4810.22.9000,"2846 --- Papier couché léger, dit «L.W.C», … plus de 10%, autre que celui du n° 4810.22, non plié",10,verifie
4810.29.1000,"2847 --- Autres papiers et cartons pr écriture, ...plus de 10%,en rouleau, larg. n'excède pas 150mm ou ... pas 435mm ...,non plié, sauf n°4810 22",10,verifie
4810.29.9000,"2848 --- Autres papiers et cartons pr écriture, … plus de 10%, en rouleau, larg. n'excède pas 150mm ou ... non plié, sauf n°s 4810.22 et",10,verifie
4810.31.1000,"2849 --- Papiers et cartons Kraft aut. que  pr écriture,  blanchis ...pas 150g,en rouleau, larg. n'excède pas 150mm ou feuilles non plié",10,verifie
4810.31.9000,"2850 --- Papiers et cartons Kraft aut. que  pr écriture, blanchis ... pds n'excède pas 150g, en rouleau, ...non plié, sauf ceux du n°481031 10",10,verifie
4810.32.1000,"2851 --- Papiers et cartons Kraft aut. que  pr écriture, blanchis ...pds excède 150g,en rouleau, larg. n'excède pas 150mm ou feuilles non plié Page 232 de 566",10,verifie
4810.32.9000,"2852 --- Papiers et cartons Kraft aut. que  pr écriture, blanchis ... pds excède 150g, en rouleau, ...non plié, sauf ceux du n°481032 10",10,verifie
4810.39.1000,"2853 --- Papiers et cartons Kraft autres que pour écriture,..., non blanchis, en rouleau, larg. n'excède pas 150mm ou feuilles …, non plié",10,verifie
4810.39.9000,"2854 --- Papiers et cartons Kraft autres que pour écriture,..., non blanchis, en rouleau, ... ou feuilles …, non plié, sauf n°481039.10",10,verifie
4810.92.1000,"2855 --- Papiers et cartons, multicouches, en rouleau, largeur n'excède pas 150mm ou feuilles...pas  435 mm et ... pas 297 mm, non plié",10,verifie
4810.92.9000,"2856 --- Autres papiers et cartons, multicouches, en rouleau, ... ou feuilles...pas  435mm et ... pas 297 mm, non plié, sauf ceux du n°",10,verifie
4810.99.1000,"2857 --- Autres papiers et cartons, sauf multicouches, en rouleau, largeur n'excède pas 150mm ou feuilles...pas  435mm et ... pas 297mm non plié",10,verifie
4810.99.9000,"2858 --- Autres papiers et cartons, couchés au kaolin ou  … en rouleaux ou en feuilles, forme carrée ou rectangulaire, de tout format du n°48 10",10,verifie
4811.10.1000,"2859 -- Couvre-parquets à support de papier ou de carton goudronné, bitumé ou asphalté, même découpés",10,verifie
4811.10.9000,"2860 -- Papiers et cartons goudronnés, bitumés ou asphaltés, autres que ceux du n° Page 233 de 566",10,verifie
4811.41.1000,"2861 --- Papiers et cartons auto-adhésifs, en rouleau, largeur n'excède pas 150mm ou feuilles... pas 435 mm et ... pas 297 mm, non plié",10,verifie
4811.41.9000,"2862  --- Papiers auto-adhésifs, autres que ceux du n°481141.10",10,verifie
4811.49.1000,"2863 --- Papiers et cartons gommés ou adhésifs (sauf auto-adhésifs), en rouleau, largeur n'excède pas 150mm ou feuilles... , non plié",10,verifie
4811.49.9000,"2864 --- Papiers et cartons gommés ou adhésifs (sauf auto-adhésifs), en rouleau, ... ou feuilles... sauf ceux du n°481149.10",10,verifie
4811.51.1000,"2865 --- Autres papiers et cartons ... plastique (sauf adhésifs), blanchis, ... en rouleau ... ou en feuilles ... non plié",10,verifie
4811.51.2000,"2866 --- Couvre-parquets à support de papier ou carton, blanchis, d'un poids au m² excédant 150 g, enduits, ... matière plastique (sauf adhésifs)",20,verifie
4811.51.9000,"2867 --- Autres papiers et cartons ... plastique (sauf adhésifs), blanchis, d'un poids au m² excédant 150 g, du n° 48.11",10,verifie
4811.59.1000,"2868 --- Autres papiers et cartons ... plastique (sauf adhésifs), non blanchis, ... en rouleau ... ou en feuilles ... non plié",10,verifie
4811.59.2000,"2869 --- Couvre-parquets à support de papier ou carton, non blanchis, poids au m² excédant 150 g, enduits, ... matière plastique (sauf adhésifs)",20,verifie
4811.59.9000,"2870  --- Autres papiers et cartons ... plastique (sauf adhésifs), non blanchis, du n° 48.11 Page 234 de 566",10,verifie
4811.60.1000,"2871 -- Papiers et cartons enduits … de cire, paraffine, stéarine, huile ... en rouleau, largeur n'excède pas 150 mm... à l'état non plié",10,verifie
4811.60.2000,"2872 -- Couvre-parquets à support de papier ou de carton, enduits, imprégnés ou recouverts de cire, paraffine, stéarine, huile ou glycérol",20,verifie
4811.60.9000,"2873 -- Autres papiers et cartons enduits, imprégnés ou recouverts de cire, de paraffine, de stéarine, d'huile ou de glycérol du n°48 11",10,verifie
4811.90.1000,"2874 -- Autres papiers, cartons,ouate de cellulose et nappes de fibres de cellulose, en rouleau, larg. n'excède pas 150mm... non plié du n°48 11",10,verifie
4811.90.2000,"2875 -- Autres couvre-parquets à support de papier ou de carton, même découpés, du n° 48.11",20,verifie
4811.90.9000,"2876 -- Autres papiers, cartons, ouate de cellulose et nappes de fibres de cellulose, du n° 48.11",10,verifie
4812.00.0000,"2877  Blocs filtrants et plaques filtrantes, en pâte à papier.",10,verifie
4813.10.0000,"2878  - Papier à cigarettes découpé, en cahiers ou en tubes",10,verifie
4813.20.0000,"2879 - Papier à cigarettes découpé, en rouleaux d'une largeur n'excédant pas 5 cm",5,verifie
4813.90.0000,"2880  - Autre papier à cigarettes, même découpé à format, du n° 48.13 Page 235 de 566",10,verifie
4814.20.0000,"2881 - Papiers peints et revêtements muraux similaires, constitués par du papier enduit ou recouvert, sur l'endroit, d'une couche de matière plastique grainée, gaufrée, coloriée, imprimée de motifs ou autrement décorée",20,verifie
4814.90.0000,"2882 - Autres papiers peints et revêtements muraux similaires, du N° 48.14; vitrauphanies",20,verifie
4816.20.0000,"2883  - Papiers dits «autocopiants», même conditionnés en boîtes",10,verifie
4816.90.0000,"2884 - Papiers carbone et autres papiers pour duplication ou reports (autres que ceux du n° 48.09), stencils complets et plaques offset, en papier, même conditionnés en boîtes",10,verifie
4817.10.0000,2885  - Enveloppes en papier ou carton,20,verifie
4817.20.0000,"2886 - Cartes-lettres, cartes postales non illustrées et cartes pour correspondance, en papier ou carton",20,verifie
4817.30.0000,"2887 - Boîtes, pochettes et présentations similaires, en papier ou carton, renfermant un assortiment d'articles de correspondance",20,verifie
4818.10.0000,2888  - Papier hygiénique,20,verifie
4818.20.0000,"2889 - Mouchoirs, serviettes à démaquiller et essuie-mains, en pâte à papier, papier, ouate de cellulose ou nappes de fibres de cellulose",20,verifie
4818.30.0000,"2890 - Nappes et serviettes de table, en pâte à papier, papier, ouate de cellulose ou nappes de fibres de cellulose Page 236 de 566",20,verifie
4818.50.0000,"2891 - Vêtements et accessoires du vêtement, en pâte à papier, papier, ouate de cellulose ou nappes de fibres de cellulose",20,verifie
4818.90.0000,"2892 - Autres articles en pâte à papier, papier, ouate de cellulose ou nappes de fibres de cellulose, du n° 48.18",20,verifie
4819.10.0000,2893  - Boîtes et caisses en papier ou carton ondulé,20,verifie
4819.20.1000,"2894 -- Boîtes et cartonnages, pliants, en papier ou carton non ondulé, doublés de film en polypropylène",10,verifie
4819.20.9000,"2895 -- Boîtes et cartonnages, pliants, en papier ou carton non ondulé, autres que ceux doublés de film en polypropylène",20,verifie
4819.30.0000,"2896 - Sacs d'une largeur à la base de 40 cm ou plus, en papier, carton, ouate de cellulose ou nappes de fibres de cellulose",20,verifie
4819.40.0000,"2897 - Autres sacs; sachets, pochettes (sauf pour disques) et cornets, en papier, carton, ouate de cellulose ou nappes de fibres de cellulose",20,verifie
4819.50.0000,"2898 - Autres emballages, y compris les pochettes pour disques, en papier, carton, ouate de cellulose ou nappes de fibres de cellulose",20,verifie
4819.60.0000,"2899  - Cartonnages de bureau, de magasin ou similaires",20,verifie
4820.10.0000,"2900 - Registres, livres comptables, carnets (...), blocs-mémorandums, blocs ... à lettres, agendas et ouvrages similaires, en papier ou carton",20,verifie
4820.20.0000,2901  - Cahiers en papier ou carton Page 237 de 566,20,verifie
4820.30.0000,"2902 - Classeurs, reliures (autres que les couvertures pour livres), chemises et couvertures à dossiers, en papier ou carton",20,verifie
4820.40.0000,"2903 - Liasses et carnets manifold, même comportant des feuilles de papier carbone, en papier ou carton",20,verifie
4820.50.0000,"2904  - Albums pour échantillonnages ou pour collections, en papier ou carton",20,verifie
4820.90.1000,"2905  -- Autres articles scolaires, en papier ou carton",20,verifie
4820.90.9000,"2906 -- Agendas, sous-main, articles de bureau ou de papeterie et couvertures pour livres, en papier ou carton",20,verifie
4821.10.0000,"2907  - Etiquettes de tous genres, en papier ou carton, imprimées",10,verifie
4821.90.0000,"2908  - Etiquettes de tous genres, en papier ou carton, non imprimées",10,verifie
4822.10.0000,"2909 - Tambours, bobines, fusettes, canettes et supports similaires, en pâte à papier, papier ou carton, ... pour l'enroulement des fils textiles",10,verifie
4822.90.0000,"2910 - Tambours, bobines, fusettes, canettes et ... similaires, en pâte à papier, papier ou carton, …, sauf pour l'enroulement des fils textiles",10,verifie
4823.20.0000,2911  - Papier et carton-filtre,10,verifie
4823.40.0000,"2912 - Papiers à diagrammes pour appareils enregistreurs, en bobines, en feuilles ou en disques",20,verifie
4823.61.0000,"2913  -- Plateaux, plats, assiettes, tasses, gobelets et articles similaires, en bambou Page 238 de 566",20,verifie
4823.69.0000,"2914 -- Plateaux, plats, assiettes, tasses, gobelets et articles similaires, en papier ou carton, autres qu'en bambou",20,verifie
4823.70.0000,2915  - Articles moulés ou pressés en pâte à papier,20,verifie
4823.90.0000,2916  - Autres articles du n° 48.23,20,verifie
4901.10.0000,"2917  - Livres, brochures et imprimés similaires en feuillets isolés, même pliés",0,verifie
4901.91.0000,"2918  -- Dictionnaires et encyclopédies, même en fascicules",0,verifie
4901.99.1000,"2919  --- Livres, brochures et imprimés similaires scolaires ou scientifiques",0,verifie
4901.99.9000,"2920  --- Autres livres, brochures et imprimés similaires, du n° 49.01",0,verifie
4902.10.0000,"2921 - Journaux et publications périodiques imprimés, même illustrés ou contenant de la publicité paraissant au moins quatre fois par semaine",0,verifie
4902.90.0000,"2922 - Journaux et publications périodiques imprimés, même illustrés ou contenant de la publicité, autres que ceux du n° 4902.10",0,verifie
4903.00.0000,"2923  Albums ou livres d'images et albums à dessiner ou à colorier, pour enfants.",0,verifie
4904.00.0000,"2924  Musique manuscrite ou imprimée, illustrée ou non, même reliée.",0,verifie
4905.20.0000,"2925 - Ouvrages cartographiques de tous genres, y compris les cartes murales, les plans topographiques et les globes, imprimés, sous forme de livres ou de brochures Page 239 de 566",0,verifie
4905.90.0000,"2926 - Ouvrages cartographiques de tous genres, y compris les cartes murales, les plans topographiques et les globes, imprimés, autres que ceux sous forme de livres ou de brochures",0,verifie
4906.00.0000,"2927 Plans et dessins d'architectes, d'ingénieurs et autres plans et dessins industr., commerciaux, topographiq ou similaires, obtenus en original à la main; textes écrits à la main; reproduct° photographiq sur papier sensibilisé et copies obtenues au carbone",0,verifie
4907.00.0000,"2928 Timbres-poste, timbres fiscaux et analogues, non oblitérés, ayant cours ...; papier timbré; billets de banque; chèques; titres d'actions",0,verifie
4908.10.0000,2929  - Décalcomanies vitrifiables,10,verifie
4908.90.0000,"2930  - Décalcomanies de tous genres, autres que vitrifiables",10,verifie
4909.00.0000,"2931 Cartes postales imprimées ou illustrées; cartes imprimées comportant des vo?eux ou messages personnels, ... garnitures ou applications",20,verifie
4910.00.0000,"2932 Calendriers de tous genres, imprimés, y compris les blocs de calendriers à effeuiller.",20,verifie
4911.10.0000,"2933  - Imprimés publicitaires, catalogues commerciaux et similaires",20,verifie
4911.91.0000,"2934  -- Images, gravures et photographies",20,verifie
4911.99.1000,2935  --- Imprimés à caractère administratif,20,verifie
4911.99.9100,2936  ---- Cartes de recharge téléphoniques,20,verifie
4911.99.9900,2937  ---- Autres imprimés du n° 49.11,20,verifie
5001.00.0000,2938  Cocons de vers à soie propres au dévidage. Page 240 de 566,5,verifie
5002.00.0000,2939  Soie grège (non moulinée).,5,verifie
5003.00.0000,"2940 Déchets de soie (y compris les cocons non dévidables, les déchets de fils et les effilochés).",5,verifie
5004.00.0000,2941 Fils de soie (autres que les fils de déchets de soie) non conditionnés pour la vente au détail.,10,verifie
5005.00.0000,"2942  Fils de déchets de soie, non conditionnés pour la vente au détail.",10,verifie
5006.00.0000,"2943 Fils de soie ou de déchets de soie, conditionnés pour la vente au détail; poil de Messine (crin de Florence).",20,verifie
5007.10.0000,2944  - Tissus de bourrette,20,verifie
5007.20.0000,"2945 - Autres tissus de soie ou de déchets de soie, contenant au moins 85 % en poids de soie ou de déchets de soie autres que la bourrette",20,verifie
5007.90.0000,"2946 - Tissus de soie ou de déchets de soie, autres que la bourette ou les tissus contenant au moins 85% en poids de soie ou de déchets de soie",20,verifie
5101.11.0000,"2947 -- Laines de tonte, en suint, y compris les laines lavées à dos, non cardées ni peignées",5,verifie
5101.19.0000,"2948 -- Laines (autres que de tonte), en suint, y compris les laines lavées à dos, non cardées ni peignées",5,verifie
5101.21.0000,"2949  -- Laines de tonte, dégraissées, non carbonisées, non cardées ni peignées",5,verifie
5101.29.0000,"2950 -- Laines (autres que de tonte), dégraissées, non carbonisées, non cardées ni peignées",5,verifie
5101.30.0000,"2951  -  Laines carbonisées, non cardées ni peignées Page 241 de 566",5,verifie
5102.11.0000,"2952  -- Poils fins de chèvre de Cachemire, non cardés ni peignés",5,verifie
5102.19.0000,"2953  -- Poils fins (autres que de chèvre de Cachemire), non cardés ni peignés",5,verifie
5102.20.0000,"2954  - Poils grossiers, non cardés ni peignés",5,verifie
5103.10.0000,2955  - Blousses de laine ou de poils fins,5,verifie
5103.20.0000,"2956 - Autres déchets de laine ou de poils fins, y compris les déchets de fils, exclusion des effilochés et blousses de laines ou de poils fins",5,verifie
5103.30.0000,"2957 - Déchets de poils grossiers, y compris les déchets de fils mais à l'exclusion des effilochés",5,verifie
5104.00.0000,2958  Effilochés de laine ou de poils fins ou grossiers,5,verifie
5105.10.0000,2959  - Laine cardée,5,verifie
5105.21.0000,2960  -- «Laine peignée en vrac»,5,verifie
5105.29.0000,"2961  -- Laine peignée, à l'exclusion de «Laine peignée en vrac»",5,verifie
5105.31.0000,"2962  -- Poils fins, cardés ou peignés, de chèvre de Cachemire",5,verifie
5105.39.0000,"2963  -- Poils fins, cardés ou peignés, autres que de chèvre de Cachemire",5,verifie
5105.40.0000,"2964  - Poils grossiers, cardés ou peignés",5,verifie
5106.10.0000,"2965 - Fils de laine cardée, contenant au moins 85 % en poids de laine, non conditionnés pour la vente au détail",10,verifie
5106.20.0000,"2966 - Fils de laine cardée, contenant moins de 85 % en poids de laine, non conditionnés pour la vente au détail",10,verifie
5107.10.0000,"2967 - Fils de laine peignée, contenant au moins 85 % en poids de laine, non conditionnés pour la vente au détail Page 242 de 566",10,verifie
5107.20.0000,"2968 - Fils de laine peignée, contenant moins de 85 % en poids de laine, non conditionnés pour la vente au détail",10,verifie
5108.10.0000,"2969  - Fils de poils fins, cardés, non conditionnés pour la vente au détail",10,verifie
5108.20.0000,"2970  - Fils de poils fins, peignés, non conditionnés pour la vente au détail",10,verifie
5109.10.0000,"2971 - Fils de laine ou de poils fins, contenant au moins 85 % en poids de laine ou de poils fins, conditionnés pour la vente au détail",20,verifie
5109.90.0000,"2972 - Fils de laine ou de poils fins, autres que ceux contenant au moins 85 % en poids de ces matières, conditionnés pour la vente au détail",20,verifie
5110.00.0000,"2973 Fils de poils grossiers ou de crin (y compris les fils de crin guipés), même conditionnés pour la vente au détail",10,verifie
5111.11.0000,"2974 -- Tissus de laine cardée ou de poils fins cardés, contenant au moins 85 % en poids de laine ou de poils fins, poids n'excédant pas 300 g/m²",20,verifie
5111.19.0000,"2975 -- Tissus de laine cardée ou de poils fins cardés, contenant au moins 85% en poids de ces matières, autres que poids n'excédant pas 300g/m²",20,verifie
5111.20.0000,"2976 - Tissus de laine cardée ou de poils fins cardés, mélangés principalement ou uniquement avec des filaments synthétiques ou artificiels",20,verifie
5111.30.0000,"2977 - Tissus de laine ou de poils fins, cardés, mélangés principalement ou uniquement avec des fibres synthétiques ou artificielles discontinues Page 243 de 566",20,verifie
5111.90.0000,"2978  - Autres tissus de laine cardée ou de poils fins cardés, du n° 51.11",20,verifie
5112.11.0000,"2979 -- Tissus de laine peignée ou de poils fins peignés, contenant au moins 85 % en poids de ces matières, d'un poids n'excédant pas 200 g/m²",20,verifie
5112.19.0000,"2980 -- Tissus de laine ou de poils fins, peignés, contenant au moins 85% en poids de ces matières, aut. que ceux de poids n'excédant pas 200g/m²",20,verifie
5112.20.0000,"2981 - Tissus de laine peignée ou de poils fins peignés, mélangés principalement ou uniquement avec des filaments synthétiques ou artificiels",20,verifie
5112.30.0000,"2982 - Tissus de laine peignée ou de poils fins peignés, mélangés ... ou uniquement avec des fibres synthétiques ou artificielles discontinues",20,verifie
5112.90.0000,"2983  - Autres tissus de laine peignée ou de poils fins peignés, du n° 51.12",20,verifie
5113.00.0000,2984  Tissus de poils grossiers ou de crin.,20,verifie
5201.00.1000,"2985  - Coton, non cardé ni peigné, non égrené",5,verifie
5201.00.9000,"2986  - Coton, non cardé ni peigné, autre que non égrené",5,verifie
5202.10.0000,2987  - Déchets de fils de coton,5,verifie
5202.91.0000,2988  -- Effilochés de coton,5,verifie
5202.99.0000,"2989  -- Déchets de coton, à l'exclusion des déchets de fils et des effilochés",5,verifie
5203.00.1000,2990  - Coton cardé,5,verifie
5203.00.2000,2991  - Coton peigné,5,verifie
5204.11.0000,"2992 -- Fils à coudre de coton, non conditionnés pour la vente au détail, contenant au moins 85 % en poids de coton Page 244 de 566",10,verifie
5204.19.0000,"2993 -- Fils à coudre de coton, non conditionnés pour la vente au détail, à l'exclusion de ceux contenant au moins 85 % en poids de coton",10,verifie
5204.20.0000,"2994  - Fils à coudre de coton, conditionnés pour la vente au détail",10,verifie
5205.11.0000,"2995 -- Fils simples de coton (pas à coudre), en fibres non peignées … au moins 85% de coton, titrant 714,29 décitex ou plus  ... NCVD",10,verifie
5205.12.0000,"2996 -- Fils simples de coton (pas à coudre),en fibres non peignées … au moins 85% ...,titrant moins de 714,29, et pas moins de 232 56 décitex",10,verifie
5205.13.0000,"2997 -- Fils simples de coton (pas à coudre), en fibres non peignées … au moins 85% …,titrant moins de 232,56, et pas moins de 192 31 décitex",10,verifie
5205.14.0000,"2998 -- Fils simples de coton (pas à coudre), en fibres non peignées … au moins 85% …, titrant moins de 192,31 et pas moins de 125 décitex NCVD",10,verifie
5205.15.0000,"2999 -- Fils simples de coton (pas à coudre), en fibres non peignées … au moins 85% … , titrant moins de 125 décitex … NCVD",10,verifie
5205.21.0000,"3000 -- Fils simples de coton (pas à coudre), en fibres peignées, … au moins 85% …  titrant 714,29 décitex ou plus … NCVD",10,verifie
5205.22.0000,"3001 -- Fils simples de coton (pas à coudre), en fibres peignées… au moins 85% … , titrant moins de 714,29, et pas moins de 232 56 décitex NCVD Page 245 de 566",10,verifie
5205.23.0000,"3002 -- Fils simples de coton (pas à coudre), en fibres peignées… au moins 85% …, titrant moins de 232,56 et pas moins de 192 31 décitex NCVD",10,verifie
5205.24.0000,"3003 -- Fils simples de coton (pas à coudre) , en fibres peignées… au moins 85% …, titrant moins de 192,31 et pas moins de 125 décitex NCVD",10,verifie
5205.26.0000,"3004 -- Fils simples de coton (pas à coudre),en fibres peignées... au moins 85% …titrant moins de 125 et pas moins de 106 38 décitex NCVD",10,verifie
5205.27.0000,"3005 -- Fils simples de coton (pas à coudre), en fibres peignées … au moins 85% …, titrant moins de 106,38 et pas moins de 83 33 décitex NCVD",10,verifie
5205.28.0000,"3006 -- Fils simples de coton (pas à coudre), en fibres peignées … au moins 85% … , titrant moins de 83,33 décitex … NCVD",10,verifie
5205.31.0000,"3007 -- Fils retors ou câblés de coton (pas à coudre), en fibres non peignées … au moins 85% … 714,29 décitex  ou plus … NCVD",10,verifie
5205.32.0000,"3008 -- Fils retors ou câblés de coton (pas à coudre), en fibres non peignées …au moins 85% …moins de 714,29 et pas moins de 232 56 décitex NCVD",10,verifie
5205.33.0000,"3009 -- Fils retors ou câblés de coton (pas à coudre), en fibres non peignées …au moins 85% …moins de 232,56 et pas moins de 192 31 décitex NCVD Page 246 de 566",10,verifie
5205.34.0000,"3010 -- Fils retors ou câblés de coton (pas à coudre), en fibres non peignées … au moins 85% …moins de 192,31 et pas moins de 125 décitex NCVD",10,verifie
5205.35.0000,"3011 -- Fils retors ou câblés de coton (pas à coudre), en fibres non peignées … au moins 85% …titrant en fil simples moins de 125 décitex NCVD",10,verifie
5205.41.0000,"3012 -- Fils retors ou câblés de coton (pas à coudre), en fibres peignées … au moins 85% … titrant en fils simples 714 29 décitex ou plus NCVD",10,verifie
5205.42.0000,"3013 -- Fils retors ou câblés de coton (pas à coudre), en fibres peignées … au moins 85% … moins de 714,29, pas moins de 232 56 décitex NCVD",10,verifie
5205.43.0000,"3014 -- Fils retors ou câblés de coton (pas à coudre), en fibres peignées … au moins 85% … moins de 232,56, pas moins de 192 31 décitex NCVD",10,verifie
5205.44.0000,"3015 -- Fils retors ou câblés de coton (pas à coudre), en fibres peignées … au moins 85% … moins de 192,31 et pas moins de 125 décitex NCVD",10,verifie
5205.46.0000,"3016 -- Fils retors ou câblés de coton (pas à coudre), en fibres peignées … au moins 85% … moins de 125 et pas moins de 106 38 décitex NCVD",10,verifie
5205.47.0000,"3017 -- Fils retors ou câblés de coton (pas à coudre), en fibres peignées … au moins 85% … moins de 106,38 mais pas moins de 83,33 décitex … non conditionné pour la vente au détail Page 247 de 566",10,verifie
5205.48.0000,"3018 -- Fils retors ou câblés de coton (pas à coudre), en fibres peignées … au moins 85% … titrant en fils simples moins de 83 33 décitex NCVD",10,verifie
5206.11.0000,"3019 -- Fils simples de coton (pas à coudre), en fibres non peignées … moins de 85% .., titrant 714,29 décitex ou plus … NCVD",10,verifie
5206.12.0000,"3020 -- Fils simples de coton (pas à coudre), en fibres non peignées … moins de 85% ... moins de 714,29, et pas moins de 232 56 décitex NCVD",10,verifie
5206.13.0000,"3021 -- Fils simples de coton (pas à coudre), en fibres non peignées … moins de 85%…,titrant moins de 232,56, et pas moins de 192 31 décitex NCVD",10,verifie
5206.14.0000,"3022 -- Fils simples de coton (pas à coudre), en fibres non peignées … moins de 85% …, titrant moins de 192,31, et pas moins de 125 décitex NCVD",10,verifie
5206.15.0000,"3023 -- Fils simples de coton (pas à coudre), en fibres non peignées … moins de 85% …, moins de 125 décitex  (excède 80 numéros métriques) NCVD",10,verifie
5206.21.0000,"3024 -- Fils simples de coton (pas à coudre), en fibres peignées … moins de 85% en poids de coton …, titrant 714,29 décitex  ou plus NCVD",10,verifie
5206.22.0000,"3025 -- Fils simples de coton (pas à coudre), en fibres peignées … moins de 85% … ,titrant moins de 714,29, et pas moins de 232 56 décitex NCVD Page 248 de 566",10,verifie
5206.23.0000,"3026 -- Fils simples de coton (pas à coudre), en fibres peignées … moins de 85% … ,titrant moins de 232,56 et pas moins de 192 31 décitex NCVD",10,verifie
5206.24.0000,"3027 -- Fils simples de coton (pas à coudre), en fibres peignées … moins de 85% … ,titrant moins de 192,31 et pas moins de 106 38 décitex NCVD",10,verifie
5206.25.0000,"3028 -- Fils simples de coton (pas à coudre), en fibres peignées … moins de 85% … ,titrant moins de 125 décitex … NCVD",10,verifie
5206.31.0000,"3029 -- Fils retors ou câblés de coton (pas à coudre), en fibres non peignées … moins de 85% … 714,29 décitex ou plus … NCVD",10,verifie
5206.32.0000,"3030 -- Fils retors ou câblés de coton (pas à coudre), en fibres non peignées …moins de 85% …moins de 714,29 et pas moins de 232 56 décitex NCVD",10,verifie
5206.33.0000,"3031 -- Fils retors ou câblés de coton (pas à coudre), en fibres non peignées …moins de 85% …moins de 232,56 et pas moins de 192 31 décitex NCVD",10,verifie
5206.34.0000,"3032 -- Fils retors ou câblés de coton (pas à coudre), en fibres non peignées … moins de 85% … moins de 192,31 et pas moins de 125 décitex NCVD",10,verifie
5206.35.0000,"3033 -- Fils retors ou câblés de coton (pas à coudre), en fibres non peignées … moins de 85% … titrant en fils simples moins de 125 décitex NCVD",10,verifie
5206.41.0000,"3034 -- Fils retors ou câblés de coton (pas à coudre), en fibres peignées … moins de 85% … 714,29 décitex ou plus … NCVD Page 249 de 566",10,verifie
5206.42.0000,"3035 -- Fils retors ou câblés de coton (pas à coudre), en fibres peignées … moins de 85% … moins de 714,29, pas moins de 232 56 décitex NCVD",10,verifie
5206.43.0000,"3036 -- Fils retors ou câblés de coton (pas à coudre), en fibres peignées … moins de 85% … moins de 232,56, pas moins de 192 31 décitex NCVD",10,verifie
5206.44.0000,"3037 -- Fils retors ou câblés de coton (pas à coudre), en fibres peignées … moins de 85% … moins de 192,31 et pas moins de 125 décitex NCVD",10,verifie
5206.45.0000,"3038 -- Fils retors ou câblés de coton (pas à coudre), en fibres peignées … moins de 85% … titrant en fils simples moins de 125 décitex NCVD",10,verifie
5207.10.0000,"3039 - Fils de coton (pas à coudre), contenant au moins 85 % en poids de coton, conditionnés pour la vente au détail",10,verifie
5207.90.1000,"3040 -- Fils de coton (pas à coudre) pour la pêche conditionnés pour la vente au détail, sauf ceux contenant au moins 85% en poids de coton",5,verifie
5207.90.9000,"3041 -- Fils de coton (pas à coudre), conditionnés pour la vente au détail, contenant moins de 85% de coton, à l'exclusion de ceux pour la pêche",10,verifie
5208.11.0000,"3042 -- Tissus de coton, au moins 85% de coton, écrus, à armure toile, d'un poids n'excédant pas 100 g/m²",10,verifie
5208.12.0000,"3043 -- Tissus de coton, au moins 85% de coton, écrus, à armure toile, d'un poids excédant 100 g/m² mais pas 200 g/m² Page 250 de 566",10,verifie
5208.13.0000,"3044 -- Tissus de coton, au moins 85% de coton, poids n'excédant pas 200g/m², écrus, à armure sergé, ... dont le rapport d'armure n'excède pas 4",10,verifie
5208.19.0000,"3045 -- Autres tissus de coton écrus, contenant au moins 85% en poids de coton, d'un poids n'excédant pas 200 g/m²",10,verifie
5208.21.0000,"3046 -- Tissus de coton, au moins 85% de coton, blanchis, à armure toile, d'un poids n'excédant pas 100 g/m²",20,verifie
5208.22.0000,"3047 -- Tissus de coton, au moins 85% de coton, blanchis, à armure toile, d'un poids excédant 100 g/m² mais pas 200 g/m²",20,verifie
5208.23.0000,"3048 -- Tissus de coton, au moins 85% de coton, poids n'excéde pas 200g/m², blanchis, à armure sergé, ... dont le rapport d'armure n'excède pas 4",20,verifie
5208.29.1000,"3049 --- Basins, damassés et similaires, contenant au moins 85% de coton, blanchis, d'un poids n'excédant pas 200 g/m²",20,verifie
5208.29.9000,"3050 --- Autres tissus de coton blanchis contenant  au moins 85% de coton, blanchis, d'un poids n'excédant pas 200 g/m² du n° 52 08",20,verifie
5208.31.0000,"3051 -- Tissus de coton, contenant au moins 85% en poids de coton, teints, à armure toile, d'un poids n'excédant pas 100 g/m²",20,verifie
5208.32.0000,"3052 -- Tissus de coton, contenant au moins 85% en poids de coton, teints, à armure toile, d'un poids excédant 100 g/m² mais pas 200 g/m² Page 251 de 566",20,verifie
5208.33.0000,"3053 -- Tissus de coton, au moins 85% de coton, , poids n'excéde pas 200g/m², teints, à armure sergé, ... dont le rapport d'armure n'excède pas 4",20,verifie
5208.39.1000,"3054 --- Basins, damassés et similaires, contenant au moins 85% en poids de coton, teints, d'un poids n'excédant pas 200 g/m²",20,verifie
5208.39.9000,"3055 --- Autres tissus de coton, contenant  au moins 85% de coton, teints, d'un poids n'excédant pas 200 g/m², du n° 52.08",20,verifie
5208.41.0000,"3056 -- Tissus de coton, au moins 85% en poids de coton, en fils de diverses couleurs, à armure toile, d'un poids n'excédant pas 100 g/m²",20,verifie
5208.42.0000,"3057 -- Tissus de coton, au moins 85% en poids de coton, en fils de diverses couleurs, à armure toile, poids excédant 100 g/m² mais pas 200 g/m²",20,verifie
5208.43.0000,"3058 -- Tissus de coton, au moins 85% de coton, poids n'excéde pas 200g/m², en fils de diverses couleurs, à armure sergé, ... n'excède pas 4",20,verifie
5208.49.0000,"3059 -- Autres tissus de coton, au moins 85% de coton, en fils de diverses couleurs, poids n'excédant pas 200g/m²,  du n° 52.08",20,verifie
5208.51.1000,"3060 --- Tissus de coton imprimés, au moins 85% de coton,à armure toile, poids n'excède pas 100g/m²,... procédé d'impression à base de cire (WAX) Page 252 de 566",35,verifie
5208.51.9000,"3061 --- Tissus de coton imprimés, au moins 85% de coton,à armure toile, poids n'excède pas 100g/m², ... autre procédé d'impression sauf de cire",35,verifie
5208.52.1000,"3062 --- Tissus de coton imprimés, au moins 85% de coton,armure toile, poids excède 100g/m² mais pas 200g/m², ... impression à base de cire (WAX)",20,verifie
5208.52.9000,"3063 --- Tissus de coton imprimés, au moins 85% de coton, poids excède 100g/m² mais pas 200 g/m²,armure toile, impression autre qu'à base de cire",35,verifie
5208.59.0000,"3064 -- Autres tissus, contenant au moins 85% de coton, poids n'excédant pas 200 g/m², imprimés, à armure toile, du n° 52.08",35,verifie
5209.11.0000,"3065 -- Tissus de coton, au moins 85% de coton, d'un poids excédant 200 g/m², écrus, à armure toile",10,verifie
5209.12.0000,"3066 -- Tissus de coton, au moins 85% de coton, poids excédant 200g/m², écrus, à armure sergé, ... dont le rapport d'armure n'excède pas 4",10,verifie
5209.19.0000,"3067 -- Autres tissus de coton, contenant au moins 85% en poids de coton, d'un poids excédant 200 g/m², écrus, du n° 52.09",10,verifie
5209.21.0000,"3068 -- T²issus de coton, au moins 85% de coton, d'un poids excédant 200 g/m², blanchis, à armure toile",20,verifie
5209.22.0000,"3069 -- Tissus de coton, au moins 85% de coton, poids excédant 200g/m², blanchis, à armure sergé, ... dont le rapport d'armure n'excède pas 4 Page 253 de 566",20,verifie
5209.29.1000,"3070 --- Basins, damassés et similaires, contenant au moins 85% en poids de coton, d'un poids excédant 200 g/m², blanchis",20,verifie
5209.29.9000,"3071 --- Autres tissus de coton, blanchis, contenant au moins 85% en poids de coton, d'un poids excédant 200 g/m², du n°",20,verifie
5209.31.0000,"3072 -- Tissus de coton, contenant au moins 85% de coton, d'un poids excédant 200 g/m², teints, à armure toile",20,verifie
5209.32.0000,"3073 -- Tissus de coton, au moins 85% de coton, poids excédant 200g/m², teints, à armure sergé, ... dont le rapport d'armure n'excède pas 4",20,verifie
5209.39.1000,"3074 --- Basins, damassés et similaires, contenant au moins 85% en poids de coton, d'un poids excédant 200 g/m², teints",20,verifie
5209.39.9000,"3075 --- Autres  tissus de coton, contenant au moins 85% en poids de coton, d'un poids excédant 200 g/m², teints, du n° 52.09",20,verifie
5209.41.0000,"3076 -- Tissus de coton, contenant au moins 85% de coton, d'un poids excédant 200 g/m², en fils de diverses couleurs, à armure toile",20,verifie
5209.42.0000,"3077 -- Tissus dits «Denim», contenant au moins 85% de coton, d'un poids excédant 200 g/m², en fils de diverses couleurs",20,verifie
5209.43.0000,"3078 -- Tissus de coton, au moins 85% de coton, poids excédant 200g/m², en fils de diverses couleurs, à armure sergé, ... n'excède pas 4 Page 254 de 566",20,verifie
5209.49.0000,"3079 -- Autres  tissus de coton, contenant au moins 85% en poids de coton, d'un poids excédant 200 g/m², en fils de diverses couleurs du n°52 09",20,verifie
5209.51.1000,"3080 --- Tissus de coton, au moins 85% de coton, poids excédant 200g/m², imprimés, à armure toile, … impression à base de cire (WAX)",35,verifie
5209.51.9000,"3081 --- Tissus de coton, au moins 85% de coton, poids excédant 200g/m², imprimés, à armure toile, … impression autrement qu'à base de cire",35,verifie
5209.52.0000,"3082 -- Tissus de coton, au moins 85% de coton, poids excédant 200g/m², imprimés, à armure sergé, ... dont le rapport d'armure n'excède pas 4",35,verifie
5209.59.0000,"3083 -- Autres tissus de coton, contenant au moins 85% en poids de coton, d'un poids excédant 200 g/m², imprimés, du n°52.09",35,verifie
5210.11.0000,"3084 -- Tissus de coton, moins de 85% de coton, mélangés avec fibres synthétiq. ou … , poids n'excéde pas 200g/m², écrus, à armure toile",10,verifie
5210.19.0000,"3085 -- Tissus de coton, moins de 85% de coton, mélangés avec fibres synthétiq. ou ..., poids n'excéde pas 200g/m², écrus, armure aut que toile",10,verifie
5210.21.0000,"3086 -- Tissus de coton, moins de 85% de coton, mélangés avec fibres synthétiq. ou … , poids n'excéde pas 200g/m², blanchis, à armure toile Page 255 de 566",20,verifie
5210.29.0000,"3087 -- Tissus de coton, moins de 85% de coton, mélangés avec fibres synthétiq. ou … ,poids n'excéde pas 200g/m², blanchis, armure aut que toile",20,verifie
5210.31.0000,"3088 -- Tissus de coton, moins de 85% de coton, mélangés avec fibres synthétiq. ou … , poids n'excéde pas 200g/m², teints, à armure toile",20,verifie
5210.32.0000,"3089 -- Tissus de coton, moins de 85% de coton, avec fibres synthétiq. … , pds n'excéde pas 200g/m², teints, à armure sergé, ... n'excède pas 4",20,verifie
5210.39.0000,"3090 -- Autres tissus de coton, moins de 85% de coton, mélangés avec fibres synthétiq. … , poids n'excéde pas 200g/m², teints, du n°",20,verifie
5210.41.0000,"3091 -- Tissus de coton, moins de 85% de coton, avec fibres synthétiq. … ,pds n'excéde pas 200g/m², en fils de diverses couleurs, à armure toile",20,verifie
5210.49.0000,"3092 -- Tissus de coton, moins de 85% de coton, avec fibre synt. … ,pds n'excéde pas 200g/m², en fils de diverses couleurs, armure aut que toile",20,verifie
5210.51.1000,"3093 --- Tissus de coton imprimés, moins de 85% de coton, avec fibres synthéti. … ,pds n'excéde pas 200g/m², armure toile, ...à base de cire(WAX)",35,verifie
5210.51.9000,"3094 --- Tissus de coton, moins de 85% de coton, avec fibres synthéti. … ,pds n'excéde pas 200g/m², armure toile, imprimés autrement qu'à la cire Page 256 de 566",35,verifie
5210.59.0000,"3095 -- Tissus de coton, moins de 85% de coton, avec fibre synthétique. … ,poids n'excéde pas 200g/m², imprimés, armure autre que toile",35,verifie
5211.11.0000,"3096 -- Tissu de coton, moins de 85% de coton, mélangés avec fibres synthétiques ou artificielles, poids excède 200g/m², écrus, à armure toile",10,verifie
5211.12.0000,"3097 -- Tissu de coton, moins de 85% de coton, avec fibres synthétiques ... poids excède 200g/m², écrus, à armure sergé,... n'excède pas 4",10,verifie
5211.19.0000,"3098 -- Autres tissus de coton, moins de 85% de coton, avec fibres synthétiques ou artificielles, poids excède 200g/m², écrus, du n° 52 11",10,verifie
5211.20.0000,"3099 - Tissu de coton, moins de 85% de coton, mélangés avec fibres synthétiques ou artificielles, poids excède 200g/m², blanchis",20,verifie
5211.31.0000,"3100 -- Tissu de coton, moins de 85% de coton, mélangés avec fibres synthétiques ou artificielles, poids excède 200g/m², teints, à armure toile",20,verifie
5211.32.0000,"3101 -- Tissu de coton, moins de 85% de coton, avec fibres synthétiques … , poids excède 200g/m², teints, à armure sergé ... n'excède pas 4",20,verifie
5211.39.0000,"3102 -- Autres tissus de coton, moins de 85% de coton, avec fibres synthétiques … , poids excède 200g/m², teints, du n° 52.11 Page 257 de 566",20,verifie
5211.41.0000,"3103 -- Tissu de coton, moins de 85% de coton, avec fibres synthétiques ... , poids excède 200g/m², en fils de diverses couleurs, à armure toile",20,verifie
5211.42.0000,"3104 -- Tissus dits «Denim», moins de 85% de coton, avec fibres synthétiques ... , poids excède 200g/m², en fils de diverses couleurs",20,verifie
5211.43.0000,"3105 -- Tissu de coton, moins de 85% de coton, avec fibres synthét. … , poids excède 200g/m², en fils de diverses couleurs, à armure sergé",20,verifie
5211.49.0000,"3106 -- Autres tissus de coton, moins de 85% de coton, avec fibres synthét. ... , poids excède 200g/m², en fils de diverses couleurs du n° 52 11",20,verifie
5211.51.1000,"3107 --- Tissu de coton, moins de 85% de coton, avec fibres synthét. … , poids excède 200g/m², à armure toile, imprimés à base de cire (WAX)",35,verifie
5211.51.9000,"3108 --- Tissu de coton, moins de 85% de coton, avec fibres synthét. … ,poids excède 200g/m², armure toile, imprimés autrement qu'à base de cire",35,verifie
5211.52.0000,"3109 -- Tissu de coton, moins de 85% de coton, avec fibres synthét. … , poids excède 200g/m², imprimés, à armure sergé ... n'excède pas 4",35,verifie
5211.59.0000,"3110 -- Autres tissus de coton, moins de 85% de coton, avec fibres synthétiques ... , poids excède 200g/m², imprimés, du n° 52.11",35,verifie
5212.11.0000,"3111  -- Autres tissus de coton, d'un poids n'excédant pas 200g/m², écrus Page 258 de 566",10,verifie
5212.12.0000,"3112  -- Autres tissus de coton, d'un poids n'excédant pas 200g/m², blanchis",20,verifie
5212.13.0000,"3113  -- Autres tissus de coton, d'un poids n'excédant pas 200g/m², teints",20,verifie
5212.14.0000,"3114 -- Autres tissus de coton, d'un poids n'excédant pas 200g/m², en fils de diverses couleurs",20,verifie
5212.15.0000,"3115  --  Autres tissus de coton, d'un poids n'excédant pas 200g/m², imprimés",20,verifie
5212.21.0000,"3116  --  Autres tissus de coton, d'un poids excédant 200g/m², écrus",10,verifie
5212.22.0000,"3117  -- Autres tissus de coton, d'un poids excédant 200g/m², blanchis",20,verifie
5212.23.0000,"3118  -- Autres tissus de coton, d'un poids excédant 200g/m², teints",20,verifie
5212.24.0000,"3119 -- Autres tissus de coton, d'un poids excédant 200g/m², en fils de diverses couleurs",20,verifie
5212.25.0000,"3120  -- Autres tissus de coton, d'un poids excédant 200g/m², imprimés",35,verifie
5301.10.0000,3121  - Lin brut ou roui,5,verifie
5301.21.0000,3122  -- Lin brisé ou teillé mais non filé,5,verifie
5301.29.0000,3123  -- Lin peigné ou autrement travaillé mais non filé,5,verifie
5301.30.0000,3124  - Etoupes et déchets de lin (y compris les déchets du fil et les effilochés),5,verifie
5302.10.0000,3125  - Chanvre brut ou roui,5,verifie
5302.90.0000,3126 - Chanvre travaillé mais non filé autre que roui; étoupes et déchets de chanvre (y compris les déchets de fils et les effilochés),5,verifie
5303.10.0000,"3127 - Jute et autres fibres textiles libériennes (à l'exclusion du lin, du chanvre et de la ramie), bruts ou rouis Page 259 de 566",5,verifie
5303.90.0000,"3128 - Jute et autres fibres textiles libériennes (sauf lin, chanvre et ramie) travaillé mais non filé; etoupes et déchets de fibres textiles ( )",5,verifie
5305.00.0000,"3129 Coco, abaca (...), ramie et autres fibres textiles végétales NDCA, bruts ou travaillés mais non filés; étoupes et déchets de ces fibres( )",5,verifie
5306.10.0000,3130  - Fils de lin simples,10,verifie
5306.20.0000,3131  - Fils de lin retors ou câblés,10,verifie
5307.10.0000,"3132  - Fils de jute ou d'autres fibres textiles libériennes du n° 53.03, simples",10,verifie
5307.20.0000,"3133  - Fils de jute ou d'autres fibres textiles libériennes du n° 53.03, retors ou câblés",10,verifie
5308.10.0000,3134  - Fils de coco,10,verifie
5308.20.0000,3135  - Fils de chanvre,10,verifie
5308.90.1000,3136  -- Fils de sisal ou d'autres fibres végétales du genre agaves,10,verifie
5308.90.9000,3137  -- Fils d'autres fibres textiles végétales du n° 53.08; fils de papier,10,verifie
5309.11.0000,3138  -- Tissus de lin contenant au moins 85% en poids de lin écrus ou blanchis,10,verifie
5309.19.0000,3139  -- Tissus de lin contenant au moins 85% en poids de lin autres qu'écrus ou blanchis,20,verifie
5309.21.0000,3140  -- Tissus de lin contenant moins de 85% en poids de lin écrus ou blanchis,10,verifie
5309.29.0000,3141  -- Tissus de lin contenant moins de 85% en poids de lin autres qu'écrus ou blanchis,20,verifie
5310.10.0000,3142  - Tissus de jute ou d'autres fibres textiles libériennes du n° 53.03 écrus,10,verifie
5310.90.0000,3143  - Tissus de jute ou d'autres fibres textiles libériennes du n° 53.03 autres qu'écrus,20,verifie
5311.00.0000,3144  - Tissus d'autres fibres textiles végétales; tissus de fils de papier. Page 260 de 566,20,verifie
5401.10.0000,"3145 - Fils à coudre de filaments synthétiques, même conditionnés pour la vente au détail",10,verifie
5401.20.1000,3146  --  Fils à coudre de filaments artificiels conditionnés pour la vente au détail,10,verifie
5401.20.9000,3147 -- Fils à coudre de filaments artificiels autres que conditionnés pour la vente au détail,10,verifie
5402.11.0000,"3148 -- Fils d'aramides (autres que fils à coudre), non cond. pr la vente au dét., y cpris les monofilaments de moins de 67 dtx, à hte tenacité",10,verifie
5402.19.1000,"3149 --- Fils de nylon (autres que fils à coudre), non cond. pr la vente au dét., y cpris les monofilaments de moins de 67 dtx, à hte tenacité",10,verifie
5402.19.9000,"3150 --- Fils de polyamides NCVD (sauf fils à coudre), aut. que de nylon et d'aramides, y cpris les monofila. de moins de 67 dtx, à hte tenacité",10,verifie
5402.20.0000,"3151 - Fils à haute ténacité de polyesters NCVD (sauf fils à coudre), y compris les monofilaments de moins de 67 décitex",10,verifie
5402.31.0000,"3152 -- Fils texturés de nylon ou d'aut. polyamides NCVD (sauf fils à coudre), titrant en fils simples 50 tex ou moins y compris",10,verifie
5402.32.0000,"3153 -- Fils texturés de nylon ou d'autres polyamides NCVD (autres que les fils à coudre), titrant en fils simples plus de 50 tex y compris",50,verifie
5402.33.0000,3154 -- Fils texturés de polyesters NCVD (autres que fils à coudre) y compris les monofilaments de moins de 67 décitex Page 261 de 566,10,verifie
5402.34.0000,3155 -- Fils texturés de polypropylène NCVD (autres que fils à coudre) y compris les monofilaments de moins de 67 décitex,10,verifie
5402.39.0000,3156 -- Fils texturés du n° 54.02 NCVD (autres que les fils à coudre) y compris les monofilaments de moins de 67 décitex,10,verifie
5402.44.0000,"3157 -- Fils d'élastomères simples NCVD (sauf fils à coudre), sans torsion ou d'une torsion n'excédant pas 50 tours par mètre y compris",10,verifie
5402.45.0000,"3158 -- Fils de nylon ou d'autres polyamides simples NCVD (sauf fils à coudre), sans torsion ou de torsion n'excédant pas 50 tours/m y cpris",50,verifie
5402.46.0000,"3159 -- Fils de polyesters partiellement orientés simples NCVD (sauf fils à coudre), sans torsion ou de torsion n'excéd. pas 50 tours/m y cpris",50,verifie
5402.47.0000,"3160 -- Autres fils de polyesters simples NCVD (sauf fils à coudre), sans torsion ou de torsion n'excédant pas 50 tours par mètre, y compris",10,verifie
5402.48.0000,"3161 -- Fils de polypropylène simples NCVD (sauf fils à coudre), sans torsion ou de torsion n'excédant pas 50 tours par mètre, y compris",10,verifie
5402.49.0000,"3162 -- Autres fils, simples NCVD (sauf fils à coudre), sans torsion ou de torsion n'excédant pas 50 tours par mètre du n° 54 02 y compris",10,verifie
5402.51.0000,"3163 -- Fils de nylon ou d'autres polyamides simples NCVD (sauf fils à coudre), d'une torsion excédant 50 tours par mètre, y compris Page 262 de 566",10,verifie
5402.52.0000,"3164 -- Fils de polyesters simples NCVD (sauf fils à coudre), d'une torsion excédant 50 tours par mètre, y compris …",10,verifie
5402.53.0000,"3165 -- Fils de polypropylène, simples NCVD (sauf fils à coudre),d'une torsion excédant 50 tours par mètre",10,verifie
5402.59.0000,"3166 -- Autres fils, simples NCVD (sauf fils à coudre), d'une torsion excédant 50 tours par mètre, y compris …",10,verifie
5402.61.0000,"3167 -- Fils de nylon ou d'autres polyamides NCVD (sauf fils à coudre), retors ou câblés, y compris …",10,verifie
5402.62.0000,"3168  -- Fils de polyesters NCVD (sauf fils à coudre), retors ou câblés, y compris …",10,verifie
5402.63.0000,"3169  -- Fils de polypropylène NCVD (sauf fils à coudre), retors ou câblés, y compris …",10,verifie
5402.69.0000,"3170  -- Autres fils NCVD (sauf fils à coudre), retors ou câblés du n° 54.02, y compris …",10,verifie
5403.10.0000,"3171 - Fils à haute ténacité en rayonne viscose (sauf fils à coudre), NCVD, y compris les monofilaments artificiels de moins de 67 décitex",10,verifie
5403.31.0000,"3172 -- Fils de rayonne viscose simples NCVD (sauf fils à coudre), sans torsion ou d'une torsion n'excédant pas 120 tours par mètre y compris",10,verifie
5403.32.0000,"3173 -- Fils de rayonne viscose simples NCVD (sauf fils à coudre), sans torsion ou d'une torsion excédant 120 tours par mètre, y compris",10,verifie
5403.33.0000,"3174 -- Fils d'acétate de cellulose simples NCVD (sauf fils à coudre), y compris les monofilaments artificiels de moins de 67 décitex Page 263 de 566",10,verifie
5403.39.0000,"3175 -- Autres fils simples du n° 54.03 NCVD (sauf fils à coudre), y compris les monofilaments artificiels de moins de 67 décitex",10,verifie
5403.41.0000,"3176 -- Fils de rayonne viscose, retors ou câblés NCVD (sauf fils à coudre), y compris les monofilaments artificiels de moins de 67 décitex",10,verifie
5403.42.0000,"3177 -- Fils d'acétate de cellulose, retors ou câblés NCVD (sauf fils à coudre), y compris les monofilaments artificiels de moins de 67 décitex",5,verifie
5403.49.0000,"3178 -- Autres fils de filaments artificiels du n° 54.03 (sauf fils à coudre), retors ou câblés, NCVD, y compris ...",10,verifie
5404.11.0000,3179 -- Monofilaments d'élastomères de 67 décitex ou plus et dont la plus grande dimension de la coupe transversale n'excède pas 1 mm,10,verifie
5404.12.0000,3180 -- Monofilaments de polypropylène de 67 décitex ou plus dont la plus grande dimension de la coupe transversale n'excède pas 1 mm,10,verifie
5404.19.0000,3181 -- Autres monofilaments synthétiques du n°54.04 de 67 dtx ou plus et dont la plus grande dimension de la coupe transversale n'excède pas 1mm,10,verifie
5404.90.0000,"3182 - Lames et formes similaires ( paille artificielle, par ex.) en matières textiles synthétiques, dont la largeur apparente n'excède pas 5 mm Page 264 de 566",10,verifie
5405.00.0000,"3183 Monofilaments artificiels de 67 dtx ou plus, dont... n'excède pas 1mm; lames et formes simil. (...) en mat. textiles artif., larg max 5mm",10,verifie
5406.00.0000,"3184 Fils de filaments synthétiques ou artificiels (autres que les fils à coudre), conditionnés pour la vente au détail.",10,verifie
5407.10.0000,3185 - Tissus obtenus à partir de fils de filaments synthétiques à haute ténacité de nylon ou d'autres polyamides ou de polyesters,20,verifie
5407.20.1000,3186 -- Tissus obtenus à partir de lames ou formes similaires en polypropylène utilisés comme support de tapis,20,verifie
5407.20.9000,3187 -- Tissus obtenus à partir de lames ou formes similaires autres qu'en polypropylène utilisés comme support de tapis,20,verifie
5407.30.0000,3188 - «Tissus» de fils de filaments synthétiques visés à la Note 9 de la Section XI,20,verifie
5407.41.0000,"3189 -- Autres tissus de fils de filaments synthétiq., cont. au moins 85% en poids de filaments de nylon ou d'aut. polyamides, écrus ou blanchis",10,verifie
5407.42.0000,"3190 -- Autres tissus de fils de filaments synthétiques, contenant au moins 85% en poids de filaments de nylon ou d'autres polyamides teints",20,verifie
5407.43.0000,"3191 -- Autres tissus de fils de filaments synthétiques, cont. au moins 85% en poids de filaments de nylon ou ..., en fils de diverses couleurs Page 265 de 566",20,verifie
5407.44.0000,"3192 -- Autres tissus de fils de filaments synthétiques, contenant au moins 85% en poids de filaments de nylon ou d'autres polyamides imprimés",20,verifie
5407.51.0000,"3193 -- Autres tissus de fils de filaments synthétiques, contenant au moins 85% en poids de filaments de polyester texturés, écrus ou blanchis",10,verifie
5407.52.0000,"3194 -- Autres tissus de fils de filaments synthétiques, contenant au moins 85% en poids de filaments de polyester texturés, teints",20,verifie
5407.53.0000,"3195 -- Autres tissus de fils de filaments synthétiq., cont. au moins 85% en poids de filaments de polyester texturés, en fils de diver couleurs",20,verifie
5407.54.0000,"3196 -- Autres tissus de fils de filaments synthétiq., cont. au moins 85% en poids de filaments de polyester texturés, imprimés",20,verifie
5407.61.0000,"3197 -- Autres tissus de fils de filaments synthétiques, contenant au moins 85% en poids de filaments de polyesters non texturés",20,verifie
5407.69.0000,"3198 -- Autres tissus de fils de filaments synthétiques, contenant au moins 85% en poids de filaments de polyesters du n°",20,verifie
5407.71.0000,"3199 -- Autres tissus de fils de filaments synthétique, contenant au moins 85% en poids de filaments synthétiques écrus ou blanchis Page 266 de 566",10,verifie
5407.72.0000,"3200 -- Autres tissus de fils de filaments synthétique, contenant au moins 85% en poids de filaments synthétiques, teints",20,verifie
5407.73.0000,"3201 -- Autres tissus de fils de filaments synthétique, contenant au moins 85% en poids de filaments synthétiques, en fils de diverses couleurs",20,verifie
5407.74.0000,"3202 -- Autres tissus de fils de filaments synthétique, contenant au moins 85% en poids de filaments synthétiques, imprimés",20,verifie
5407.81.0000,"3203 -- Autres tissus, contenant moins de 85% en poids de filaments synthétiques et mélangés principalement avec du coton, écrus ou blanchis",10,verifie
5407.82.0000,"3204 -- Autres tissus, contenant moins de 85% en poids de filaments synthétiques et mélangés principalement avec du coton, teints",20,verifie
5407.83.0000,"3205 -- Autres tissus, cont. moins de 85% en poids de filaments synthétiq. et mélangés principalement avec du coton en fils de diverses couleurs",20,verifie
5407.84.0000,"3206 -- Autres tissus, contenant moins de 85% en poids de filaments synthétiques et mélangés principalement avec du coton, imprimés",20,verifie
5407.91.0000,"3207 -- Autres tissus de fils de filaments synthétiques, y compris les tissus obtenus à partir des produits du n° 54.04, écrus ou blanchis",10,verifie
5407.92.0000,"3208 -- Autres tissus de fils de filaments synthétiques, y compris les tissus obtenus à partir des produits du n° 54.04, teints Page 267 de 566",20,verifie
5407.93.0000,"3209 -- Autres tissus de fils de filaments synthétiq., y cpris les tissus obtenus à partir des produits du n° 54.04, en fils de diverses couleurs",20,verifie
5407.94.0000,"3210 -- Autres tissus de fils de filaments synthétiques, y compris les tissus obtenus à partir des produits du n° 54.04, imprimés",20,verifie
5408.10.0000,3211 - Tissus de fils de filaments artificiels obtenus à partir de fils à haute ténacité de rayonne viscose,20,verifie
5408.21.0000,"3212 -- Autres tissus, contenant au moins 85% en poids de filaments ou de lames ou formes similaires, artificiels, écrus ou blanchis",10,verifie
5408.22.0000,"3213 -- Autres tissus, contenant au moins 85% en poids de filaments ou de lames ou formes similaires, artificiels, teints",20,verifie
5408.23.0000,"3214 -- Autres tissus, contenant au moins 85% en poids de filaments ou de lames ou formes similaires, artificiels, en fils de diverses couleurs",20,verifie
5408.24.0000,"3215 -- Autres tissus, contenant au moins 85% en poids de filaments ou de lames ou formes similaires, artificiels, imprimés",20,verifie
5408.31.0000,"3216 -- Autres tissus de fils de filaments artificiels, y compris les tissus obtenus à partir des produits du n° 54.05, écrus ou blanchis",10,verifie
5408.32.0000,"3217 -- Autres tissus de fils de filaments artificiels, y compris les tissus obtenus à partir des produits du n° 54.05, teints Page 268 de 566",20,verifie
5408.33.0000,"3218 -- Autres tissus de fils de filaments artificiels, y cpris les tissus obtenus à partir des produits du n°54.05, en fils de diverses couleurs",20,verifie
5408.34.0000,"3219 -- Autres tissus de fils de filaments artificiels, y compris les tissus obtenus à partir des produits du n° 54.05, imprimés",20,verifie
5501.11.0000,3220  -- Cables de filaments synthétiques d’aramides,10,verifie
5501.19.0000,3221 -- Câbles de filaments synthétiques de nylon ou d’autres polyamides (sauf ceux d'aramides),10,verifie
5501.20.0000,3222  - Câbles de filaments synthétiques de polyesters,10,verifie
5501.30.0000,3223  - Câbles de filaments synthétiques acryliques ou modacryliques,10,verifie
5501.40.0000,3224  - Câbles de filaments synthétiques de polypropylène,10,verifie
5501.90.0000,3225  - Autres câbles de filaments synthétiques du n° 55.01,10,verifie
5502.10.0000,3226  - Câbles de filaments d'acétate de cellulose,5,verifie
5502.90.0000,"3227  - Câbles de filaments artificiels, autres que d'acétate de cellulose",5,verifie
5503.11.0000,"3228 -- Fibres synthétiques d'aramides discontinues, non cardées ni peignées ni autrement transformées pour la filature",10,verifie
5503.19.0000,"3229 -- Fibres synth. de nylon ou d'aut. polyamides (sauf aramides), discontinues, non cardées ni peignées ni autr. transformées pour la filature",10,verifie
5503.20.0000,"3230 - Fibres synthétiques de polyesters discontinues, non cardées ni peignées ni autrement transformées pour la filature Page 269 de 566",10,verifie
5503.30.0000,"3231 - Fibres synthétiques acryliques ou modacryliques discontinues, non cardées ni peignées ni autrement transformées pour la filature",10,verifie
5503.40.0000,"3232 - Fibres synthétiques de polypropylène discontinues, non cardées ni peignées ni autrement transformées pour la filature",10,verifie
5503.90.0000,"3233 - Autres fibres synthétiques discontinues, non cardées ni peignées ni autrement transformées pour la filature, du n° 55.03",10,verifie
5504.10.0000,"3234 - Fibres artificielles de rayonne viscose discontinues, non cardées ni peignées ni autrement transformées pour la filature",10,verifie
5504.90.0000,"3235 - Fibres artificielles discontinues autres que de rayonne viscose, non cardées ni peignées ni autrement transformées pour la filature",10,verifie
5505.10.0000,"3236 - Déchets de fibres synthétiques (y compris les blouses, les déchets de fils et les effilochés)",10,verifie
5505.20.0000,"3237 - Déchets de fibres artificielles (y compris les blouses, les déchets de fils et les effilochés)",10,verifie
5506.10.0000,"3238 - Fibres synthétiques discontinues de nylon ou d'autres polyamides, cardées, peignées ou autrement transformées pour la filature",10,verifie
5506.20.0000,"3239 - Fibres synthétiques discontinues de polyester, cardées, peignées ou autrement transformées pour la filature",10,verifie
5506.30.0000,"3240 - Fibres synthétiques discontinues acryliques ou modacryliques cardées, peignées ou autrement transformées pour la filature Page 270 de 566",10,verifie
5506.40.0000,"3241 - Fibres synthétiques discontinues de polypropylène, cardées, peignées ou autrement transformées pour la filature",10,verifie
5506.90.0000,"3242 - Autres fibres synthétiques discontinues, cardées, peignées ou autrement transformées pour la filature, du n° 55.06",10,verifie
5507.00.0000,"3243 Fibres artificielles discontinues, cardées, peignées ou autrement transformées pour la filature.",10,verifie
5508.10.0000,"3244 - Fils à coudre de fibres synthétiques discontinues, même conditionnés pour la vente au détail",10,verifie
5508.20.0000,"3245 - Fils à coudre de fibres artificielles discontinues, même conditionnés pour la vente au détail",10,verifie
5509.11.0000,"3246 -- Fils de fibres synth. discontinues (sauf fils à coudre), d'au moins 85% en poids de fib. de nylon ou d'aut. polyamides, simples NCVD",10,verifie
5509.12.0000,"3247 -- Fils à coudre de fibres synth. (sauf fils à coudre), d'au moins 85% en poids de fib. de nylon ou d'aut. polyamides retors ou cablés NCVD",10,verifie
5509.21.0000,"3248 -- Fils de fibres synthétiques discontinues (sauf fils à coudre),  contenant au moins 85% en poids de fibres de polyester, simples NCVD",10,verifie
5509.22.0000,"3249 -- Fils de fibres synthétiques discontinues (sauf fils à coudre), contenant au moins 85% en poids de fibres retors ou cablés, NCVD Page 271 de 566",10,verifie
5509.31.0000,"3250 Fils de fibres synthétiques discontinues (sauf fils à coudre), d'au moins 85% en poids de fibres acryliques ou modacryliques simples NCVD",10,verifie
5509.32.0000,"3251 -- Fils de fibres synth. discontinues (sauf fils à coudre), d'au moins 85% en poids de fib. acryliques ou modacryliq. retors ou cablés NCVD",10,verifie
5509.41.0000,"3252 -- Autres fils de fibres synth. discontinues (sauf fils à coudre), d'au moins 85% en poids de fib. synth. disc., simples, NCVD, du n° 55 09",10,verifie
5509.42.0000,"3253 -- Autres fils de fibres synthétiques discontinues (sauf fils à coudre), d'au moins 85% en poids de fib. retors ou câblés NCVD du n° 55 09",10,verifie
5509.51.0000,"3254 -- Autres fils de fibres discontinues de polyester (sauf fils à coudre), mélangées pcplt ou uniqment avec des fib. artificielles disc NCVD",10,verifie
5509.52.0000,3255 -- Autres fils de fibres discontinues de ployester (sauf fils à coudre) mélangées pcplt ou uniqment avec de la laine ou des poils fins NCVD,10,verifie
5509.53.0000,"3256 -- Autres fils de fibres discontinues de polyester (sauf fils à coudre), mélangées principalement ou uniquement avec du coton NCVD",10,verifie
5509.59.0000,"3257 -- Autres fils de fibres discontinues de polyester (sauf fils à coudre), non conditionnés pour la vente au détail,du n° Page 272 de 566",10,verifie
5509.61.0000,3258 -- Autres fils de fibres disc. acryliq. ou modacryliq.(sauf fils à coudre) mélangées pcplt ou uniqt avec de la laine ou des poils fins NCVD,10,verifie
5509.62.0000,"3259 -- Autres fils de fibres discontinues acryliques ou modacryliques (sauf fils à coudre), mélangées pcpalt ou uniquement avec du coton NCVD",10,verifie
5509.69.0000,"3260 - Autres fils de fibres discontinues acryliques ou modacryliques (sauf fils à coudre), non conditionés pour la vente au détail du n° 55 09",10,verifie
5509.91.0000,3261 -- Autres fils de fibres synthétiques discontinues (sauf fils à coudre) mélangés pcplt ou uniqment avec de la laine ou des poils fins NCVD,10,verifie
5509.92.0000,3262 -- Autres fils de fibres synthétiques discontinues (sauf fils à coudre) mélangés principalement ou uniquement avec du coton NCVD,10,verifie
5509.99.0000,"3263 -- Autres fibres synthétiques discontinues (autres que les fils à coudre), non conditionnés pour la vente au détail, du n°",10,verifie
5510.11.0000,"3264 -- Fils de fibres artificielles (sauf fils à coudre) contenant au moins 85% en poids de fibres artificielles discontinues, simples, NCVD",10,verifie
5510.12.0000,"3265 -- Fils de fibres artificielles (sauf fils à coudre) cont. au moins 85% en poids de fib. artificielles discontinues, retors ou câblés NCVD Page 273 de 566",10,verifie
5510.20.0000,3266 - Autres fils de fibres artifficielles discontinues (sauf fils à coudre) mélangés pcplt ou uniqment avec de la laine ou des poils fins NCVD,10,verifie
5510.30.0000,"3267 - Autres fils de fibres artifficielles discontinues (sauf fils à coudre), mélangés principalement ou uniquement avec du coton NCVD",10,verifie
5510.90.0000,"3268 - Autres fils de fibres artificielles discontinues (autres que les fils à coudre), non conditionnés pour la vente au détail, du n° 55 10",10,verifie
5511.10.0000,"3269 - Fils de fibres synthétiques discontinues (sauf fils à coudre), contenant au moins 85% en poids de ces fibres, CVD",10,verifie
5511.20.0000,"3270 - Fils de fibres synthétiques discontinues (sauf fils à coudre), contenant moins de 85% en poids de ces fibres, CVD",10,verifie
5511.30.0000,"3271 - Fils de fibres artificielles discontinues (sauf fils à coudre), conditionnés pour la vente au détail",10,verifie
5512.11.0000,"3272 -- Tissus de fibres synthétiques discontinues contenant au moins 85% en poids de fibres discontinues de polyester, écrus ou blanchis",10,verifie
5512.19.1000,"3273 ---Tissus de fibres synthétiques discontinues contenant au moins 85% en poids de fibres discontinues de polyester, imprimés",20,verifie
5512.19.9000,"3274 --- Tissus de fibres synthétiques discontinues contenant au moins 85% en poids de fib. de polyester, autres qu'imprimés ecrus ou blanchis Page 274 de 566",20,verifie
5512.21.0000,3275 -- Tissus de fibres synthétiques discontinues contenant au moins 85% en poids de fibres acryliques ou modacryliques écrus ou blanchis,10,verifie
5512.29.1000,3276 --- Tissus de fibres synthétiques discontinues contenant au moins 85% en poids de fibres discontinues acryliques ou modacryliques imprimés,20,verifie
5512.29.9000,"3277 --- Tissus de fibres synthétiq. discontinues cont. au moins 85% en poids de fib. Acryliq. ou modacryliq, aut. qu'imprimés, ecrus ou blanchis",20,verifie
5512.91.0000,"3278 -- Autres tissus de fibres synthétiques discontinues contenant au moins 85% en poids de fibres discontinues, écrus ou blanchis",10,verifie
5512.99.1000,"3279 --- Autres tissus de fibres synthétiques discontinues contenant au moins 85% en poids de fibres discontinues, imprimés",20,verifie
5512.99.9000,"3280 --- Autres tissus de fibres synthétiques discontinues contenant au moins 85% en poids de fibres discontinues, du n° 55.12",20,verifie
5513.11.0000,"3281 -- Tissus de fib. synt. disc. de polyester,à...toile,moins de 85% en poids...mélangés...avec du coton,..n'excd. pas 170g/m², ecrus ou blanc.",10,verifie
5513.12.0000,"3282 -- Tissus de fib. synt. disc. de polyester,à…sergé...moins de 85% en poids...mélangés...avec du coton,..n'excd. pas 170g/m², ecrus ou blanc. Page 275 de 566",10,verifie
5513.13.0000,"3283 -- Autres tissus de fib. synt. disc. de polyester...moins de 85% en poids...mélangés...avec du coton,..n'excd. pas 170g/m², ecrus ou blanc.",10,verifie
5513.19.0000,"3284 -- Tissus de fibres synt. disc. aut. que polyester...moins de 85% en poids...mélangés..avec du coton,..n'excd. pas 170g/m² ecrus ou blanc",10,verifie
5513.21.0000,"3285 -- Tissus de fib. synt. disc. de polyester, à armure toile, moins de 85% en poids...mélangés...avec du coton,..n'excd. pas 170g/m² teints",20,verifie
5513.23.0000,"3286 -- Autres tissus de fib. synt. disc. de polyester contenant moins de 85% en poids...mélangés...avec du coton,..n'excd. pas 170g/m² teints",20,verifie
5513.29.0000,"3287 -- Tissus de fibres synt. disc. aut. que polyester contenant moins de 85% en poids...mélangés..avec du coton,..n'excd. pas 170g/m² teints",20,verifie
5513.31.0000,"3288 --Tissus de fib. synt. disc. de polyester,à...toile,moins de 85% en poids...mél...du coton...n'excd. pas 170g/m² en fils diverses couleurs",20,verifie
5513.39.0000,"3289 -- Autres tissus de fib. synt. disc. contenant moins de 85% en poids...mél...du coton,..n'excd. pas 170g/m², en fils  de diverses couleurs",20,verifie
5513.41.0000,"3290 -- Tissus de fibres synthétiques discontinues de polyester,à...toile,moins de 85% en poids...mél...du coton...n'excd. pas 170g/m² imprimés Page 276 de 566",20,verifie
5513.49.0000,"3291 -- Tissus de fib. synt. disc. autres que de polyester,à armure toile, moins de 85% en poids...mél...du coton...n'excd. pas 170g/m² imprimés",20,verifie
5514.11.0000,"3292 -- Tissus de fib. synt. disc. de polyester,à...toile,moins de 85% en poids...mélangés...avec du coton,...excédant 170g/m², ecrus ou blanc.",10,verifie
5514.12.0000,"3293 -- Tissus de fib. synt. disc. de polyester,à…sergé...moins de 85% en poids...mélangés...avec du coton,...excédant 170g/m², ecrus ou blanc.",10,verifie
5514.19.0000,"3294 -- Autres tissus de fibres synt. disc. cont. moins de 85% en poids...mélangés..avec du coton,...excédant pas 170g/m², écrus ou blanchis",10,verifie
5514.21.0000,"3295 -- Tissus de fib. synt. disc. de polyester, à armure toile, moins de 85% en poids...mélangés...avec du coton excédant 170g/m² teints",20,verifie
5514.22.0000,"3296 -- Tissus de fib. synt. disc. de polyester, à armure sergé...moins de 85% en poids...mélangés...avec du coton excédant 170g/m² teints",20,verifie
5514.23.0000,"3297 -- Autres tissus de fibres synthétiques discont. de polyester, moins de 85% en poids...mélangés...avec du coton excédant 170g/m² teints",20,verifie
5514.29.0000,"3298 -- Tissus de fibres synthétiques disc. aut. que de polyester, moins de 85% en poids...mélangés...avec du coton excédant 170g/m² teints Page 277 de 566",20,verifie
5514.30.0000,"3299 - Tissus de fibres synt. disc., cont. moins de 85 % en poids... mélangés...avec du coton...excédant 170g/m², en fils de diverses couleurs",20,verifie
5514.41.0000,"3300 -- Tissus de fib. synt. disc. de polyester, à armure toile, moins de 85% en poids...mélangés...avec du coton excédant 170g/m² imprimés",20,verifie
5514.42.0000,"3301 -- Tissus de fib. synt. disc. de polyester, à armure sergé...moins de 85% en poids...mélangés...avec du coton excédant 170g/m² imprimés",20,verifie
5514.43.0000,"3302 -- Autres tissus de fibres synthétiques discont. de polyester, moins de 85% en poids...mélangés...avec du coton excédant 170g/m² imprimés",20,verifie
5514.49.0000,"3303 -- Tissus de fibres synthétiques disc. aut. que de polyester, moins de 85% en poids...mélangés...avec du coton excédant 170g/m² imprimés",20,verifie
5515.11.0000,3304 -- Tissus de fibres discontinues de polyester mélangées principalement ou uniquement avec des fibres discontinues de rayonne viscose,20,verifie
5515.12.0000,3305 -- Tissus de fibres discontinues de polyester mélangées principalement ou uniquement avec des filaments synthétiques ou artificiels,20,verifie
5515.13.0000,3306 -- Tissus de fibres discontinues de polyester mélangées principalement ou uniquement avec de la laine ou des poils fins,20,verifie
5515.19.0000,3307  -- Autres tissus de fibres discontinues de polyester du n° 55.15 Page 278 de 566,20,verifie
5515.21.0000,3308 --Tissus de fibres discontinues acryliques ou modacryliques mélangées pcplt ou uniquement avec des filaments synthétiques ou artificiels,20,verifie
5515.22.0000,3309 -- Tissus de fibres discontinues acryliques ou modacryliques mélangées principalement ou uniquement avec de la laine ou des poils fins,20,verifie
5515.29.0000,3310  -- Autres tissus de fibres discontinues acryliques ou modacryliques du n° 55.15,20,verifie
5515.91.0000,3311 -- Autres tissus de fibres synthétiques discontinues mélangés principalement ou uniquement avec des filaments synthétiques ou artificiels,20,verifie
5515.99.0000,3312  -- Autres tissus de fibres synthétiques discontinues du n° 55.15,20,verifie
5516.11.0000,"3313 --Tissus de fibres artificielles discontinues contenant au moins 85% en poids de fibres artificielles discontinues, écrus ou blanchis",10,verifie
5516.12.0000,"3314 -- Tissus de fibres artificielles discontinues contenant au moins 85% en poids de fibres artificielles discontinues, teints",20,verifie
5516.13.0000,"3315 -- Tissus de fibres artificielles discontinues cont. au moins 85% en poids de fib. artificielles discontinues, en fils de diverses couleurs",20,verifie
5516.14.0000,"3316 -- Tissus de fibres artificielles discontinues contenant au moins 85% en poids de fibres artificielles discontinues, imprimés",20,verifie
5516.21.0000,"3317 -- Tissus de fibres artif. disc. moins de 85% en poids de ces fib. mél. pcplt ou uniqt avec des filaments synt. ou artif., écrus ou blanchis Page 279 de 566",10,verifie
5516.22.0000,3318 -- Tissus de fibres artificielles discont. moins de 85% en poids de ces fib. mél. pcplt ou uniqt avec des filaments synt. ou artif teints,20,verifie
5516.23.0000,3319 -- Tissus de fibres artif. disc. moins de 85% en poids de ces fib. mél. pcplt ou...avec des filam. synt. ou artif. en fils diverses couleurs,20,verifie
5516.24.0000,"3320 -- Tissus de fibres artificielles disc. moins de 85% en poids de ces fib. mél. pcplt ou uniqt avec des filaments synt. ou artif., imprimés",20,verifie
5516.31.0000,"3321 -- Tissus de fibres artif. disc. moins de 85% en poids de ces fib. mél. pcplt ou uniqt avec de la laine ou des poils fins, écrus ou blanchis",10,verifie
5516.32.0000,3322 --Tissus de fibres artificielles discont. moins de 85% en poids de ces fibres mél. pcplt ou uniqt avec de la laine ou des poils fins teints,20,verifie
5516.33.0000,"3323 -- Tissus de fibres artif. disc. moins de 85% en poids de ces fib. mél. pcplt..avec de la laine ou des poils fins,en fils  diverses couleurs",20,verifie
5516.34.0000,"3324 -- Tissus de fibres artificielles disc. moins de 85% en poids de ces fib. mél. pcplt ou uniqt avec de la laine ou des poils fins, imprimés",20,verifie
5516.41.0000,"3325 -- Tissus de fibres artificielles discontinues moins de 85% en poids de ces fibres mél. pcplt ou uniqt avec du coton, écrus ou blanchis Page 280 de 566",10,verifie
5516.42.0000,3326 -- Tissus de fibres artificielles discontinues moins de 85% en poids de ces fibres mélangées pcplt ou uniquement avec du coton teints,20,verifie
5516.43.0000,"3327 -- Tissus de fibres artificielles discontinues moins de 85% en poids de ces fib. mél. pcplt ou uniqt avec du coton,en fils diverses couleurs",20,verifie
5516.44.0000,3328 -- Tissus de fibres artificielles discontinues moins de 85% en poids de ces fibres mélangées pcplt ou uniquement avec du coton imprimés,20,verifie
5516.91.0000,"3329 -- Autres tissus de fibres artificielles discontinues, écrus ou blanchis, du n°",20,verifie
5516.92.0000,"3330  -- Autres tissus de fibres artificielles discontinues, teints, du n° 55.16",20,verifie
5516.93.0000,"3331 -- Autres tissus de fibres artificielles discontinues, en fils de diverses couleurs,du n° 55.16",20,verifie
5516.94.0000,"3332  -- Autres tissus de fibres artificielles discontinues, imprimés, du n° 55.16",20,verifie
5601.21.0000,3333  -- Ouates de coton et article en ouates de coton,20,verifie
5601.22.0000,3334  -- Ouates de fibres synthétiques ou artificielles et articles en ces matiéres,20,verifie
5601.29.0000,"3335  -- Autres ouates de matières textiles et articles en ces ouates, du n° 56.01",20,verifie
5601.30.0000,"3336  - Tontisses, n?oeuds et noppes (boutons) de matières textiles",20,verifie
5602.10.0000,"3337 - Feutres aiguilletés et produits cousus- tricotés, même imprégnés, enduits, couverts ou stratifiés Page 281 de 566",20,verifie
5602.21.0000,"3338 -- Feutres de laine ou de poils fins, non imprégnés ni enduits ni recouverts ni stratifiés",20,verifie
5602.29.0000,"3339 -- Feutres d'autres matières textiles, non imprégnés ni enduits ni recouverts ni stratifiés",20,verifie
5602.90.0000,"3340 - Autres feutres, même imprégnés, enduits, recouverts ou stratifiés, du n°",20,verifie
5603.11.0000,"3341 -- Nontissés de filaments synthétiques ou artificiels, même imprégnés, enduits, recouverts ou stratifiés, d'un poids n'excédant pas 25 g/m²",20,verifie
5603.12.0000,"3342 -- Nontissés de filaments synthétiq. ou artificiels, même imprégnés, enduits, recouverts ou ..., poids sup. à 25g/m² mais n'excd pas 70g/m²",20,verifie
5603.13.0000,"3343 -- Nontissés de filaments synthétiq. ou artificiels, même imprégnés, enduits, recouverts ou..., poids sup. à 70g/m² mais n'excd pas 150g/m²",20,verifie
5603.14.0000,"3344 -- Nontissés de filaments synthétiques ou artificiels, même imprégnés, enduits, recouverts ou stratifiés, d'un poids supérieur à 150 g/m²",20,verifie
5603.91.0000,"3345 -- Autres nontissés, même imprégnés, enduits, recouverts ou stratifiés, d'un poids n'excédant pas 25 g/m²",20,verifie
5603.92.0000,"3346 -- Autres nontissés, même imprégnés, enduits, recouverts ou stratifiés, d'un poids supérieur à 25 g/m² mais n'excédant pas 70 g/m² Page 282 de 566",20,verifie
5603.93.0000,"3347 -- Autres nontissés, même imprégnés, enduits, recouverts ou stratifiés, d'un poids supérieur à 70 g/m² mais n'excédant pas 150 g/m²",20,verifie
5603.94.0000,"3348 -- Autres nontissés, même imprégnés, enduits, recouverts ou stratifiés, d'un poids supérieur à 150 g/m²",20,verifie
5604.10.0000,"3349  - Fils et cordes de caoutchouc, recouverts de textiles",10,verifie
5604.90.0000,"3350 - Fils textiles, lames et formes similaires des n°s 54.04 ou 54.05, imprégnés, enduits, recouverts ou gainés de caoutchouc ou de mat plast",10,verifie
5605.00.0000,"3351 Filés métalliques et fils métallisés, même guipés, consti. par des fils textiles, des lames ou formes simil. des n°54.04 ou 54 05 de métal",10,verifie
5606.00.0000,"3352 Fils, lames et formes simil. des n°54.04 ou 54.05, guipés aut. que ...n°56.05 et ...crin guipés; fils de chenille; fils dits «de chaînette»",10,verifie
5607.21.0000,"3353 -- Ficelles lieuses ou botteleuses de sisal ou d'autres fibres textiles du genre Agave, même imprégnées...de caoutchouc ou de mat plastique",10,verifie
5607.29.0000,"3354 -- Autres ficelles, cordes et cordages de sisal ou d'autres fibres textiles du genre Agave, même imprégnés...de caoutchouc ou de mat plast",10,verifie
5607.41.0000,"3355 -- Ficelles lieuses ou botteleuses de polyéthylène ou de polypropylène, même imprégnées, ...ou gainées de caoutchouc ou de matière plastique Page 283 de 566",10,verifie
5607.49.0000,"3356 -- Autres ficelles, cordes et cordages de polyéthylène ou  de polypropylène, même imprégnés ...de caoutchouc ou de matières plastiques",10,verifie
5607.50.0000,"3357 - Ficelles, cordes et cordages d'autres fibres synthétiques, même imprégnés, enduits, ...ou gainés de caoutchouc ou de matière plastique",10,verifie
5607.90.0000,"3358 - Autres ficelles, cordes et cordages, même imprégnés, enduits, recouverts ou gainés de caoutchouc ou de matière plastique du n° 56 07",10,verifie
5608.11.0000,3359 -- Filets confectionnés pour la pêche en matières textiles synthétiques ou artificielles,5,verifie
5608.19.0000,"3360 -- Filets confectionnés en matières textiles synthétiques ou artificielles, autres que pour la pêche",20,verifie
5608.90.1000,3361 -- Filets confectionnés pour la pêche autres qu'en matières textiles synthétiques ou artificielles,5,verifie
5608.90.9000,"3362 -- Filets à mailles nouées, en nappes ou en pièces, obtenus à partir de ficelles, cordes ou cordages; autres filets en matières textiles",20,verifie
5609.00.0000,"3363 Articles en fils, lames ou formes similaires des n°s 54.04 ou 54.05, ficelles, cordes ou cordages, non dénommés ni compris ailleurs",20,verifie
5701.10.0000,"3364 - Tapis en matières de laine ou de poils fins, à point noués ou enroulés, même confectionnés Page 284 de 566",20,verifie
5701.90.0000,"3365 - Tapis en matières textiles, autres que de laine ou de poils fins, à point noués ou enroulés, même confectionnés",20,verifie
5702.10.0000,"3366 - Tapis dits «Kelim» ou «Kilim», «Schumacks» ou «Soumak», «Karamanie» et tapis similaires tissés à la main",20,verifie
5702.20.0000,3367  - Revêtements de sol en coco,20,verifie
5702.31.0000,"3368 -- Tapis et autres revêtements de sol, de laine ou de poils fins, à velours, non confectionnés, non touffetés ni floqués",20,verifie
5702.32.0000,"3369 -- Tapis et autres revêtements de sol, de mat. textiles synthétiq. ou artificielles, à velours, non confectionnés, non touffetés ni floqués",20,verifie
5702.39.0000,"3370 -- Tapis et autres revêtements de sol, d'autres matières textiles, à velours, non confectionnés, non touffetés ni floqués",20,verifie
5702.41.0000,"3371 -- Tapis et autres revêtements de sol, de laine ou de poils fins, à velours, confectionnés, non touffetés ni floqués",20,verifie
5702.42.0000,"3372 -- Tapis et autres revêtements de sol, de mat. textiles synthétiq. ou artificielles, à velours, confectionnés, non touffetés ni floqués",20,verifie
5702.49.0000,"3373 -- Tapis et autres revêtements de sol, d'autres matières textiles, à velours, confectionnés, non touffetés ni floqués",20,verifie
5702.50.0000,"3374 - Autres tapis et revêtements de sol, en matières textiles, sans velours, tissés, non touffetés ni floqués, non confectionnés",20,verifie
5702.91.0000,"3375 -- Autres tapis et revêtements de sol, de laine ou de poils fins, sans velours, confectionnés, tissés, non touffetés ni floqués Page 285 de 566",20,verifie
5702.92.0000,"3376 -- Autres tapis et revêtements de sol, de mat. textil. synthétiq. ou artificiel,sans velours, tissés,non touffetés ni floqués, confectionnés",20,verifie
5702.99.0000,"3377 -- Autres tapis et revêtements de sol, d'autres matières textiles, sans velours, tissés, non touffetés ni floqués, confectionnés",20,verifie
5703.10.0000,"3378 - Tapis et autres revêtements de sol, de laine ou de poils fins, touffetés, même confectionnés",20,verifie
5703.21.0000,"3379 -- Gazon (de nylon ou d'autres polyamides), touffetés, même confectionnés",20,verifie
5703.29.0000,"3380 -- Tapis et autres revêtements de sol (à l'exclusion du gazon) de nylon ou d'autres polyamides, touffetés, même confectionnés",20,verifie
5703.31.0000,"3381 -- Gazon (d'autres matières textiles synthétiques ou de matières textiles artificielles) à l'exclusion de celui de nylon ou d'autres polyamides, touffeté, même confectionné",20,verifie
5703.39.0000,"3382 -- Tapis et autres revêtements de sol (d'autres matières textiles synthétiques ou de matières textiles artificielles) , touffetés, même confectionnés, à l'exclusion de ceux de laines ou de poils fins,  de nylon ou d'autres polyamides et du gazon",20,verifie
5703.90.0000,"3383 - Tapis et autres revêtements de sol, d'autres matières textiles, touffetés, même confectionnés du N° 57.03 Page 286 de 566",20,verifie
5704.10.0000,"3384 - Carreaux en feutre non touffetés ni floqués, même confectionnés, dont la superficie n'excède pas 0,3 m²",20,verifie
5704.20.0000,"3385 - Carreaux en feutre, non touffetés ni floqués même confectionnés dont la surface excède 0,3 m² mais n'excède pas 1 m²",20,verifie
5704.90.0000,"3386 - Autres tapis et revêtements de sol, en feutre, non touffetés ni floqués, même confectionnés, du N° 57.04",20,verifie
5705.00.0000,"3387  Autres tapis et revêtements de sol en matières textiles, même confectionnés.",20,verifie
5801.10.0000,"3388 - Velours et peluche tissés et tissus de chenille, de laine ou de poils fins, autres que les articles des n°s 58.02 ou 58.06",20,verifie
5801.21.0000,"3389 -- Velours et peluches par la trame, de coton, non coupés, autres que les articles des n°s 58.02 ou 58.06",20,verifie
5801.22.0000,"3390 -- Velours et peluches par la trame, de coton, coupés, côtelés, autres que les articles des n°s 58.02 ou 58.06",20,verifie
5801.23.0000,"3391 -- Autres velours et peluches par la trame, de coton, autres que les articles des n°s 58.02 ou 58.06",20,verifie
5801.26.0000,"3392  -- Tissus de chenille, de coton, autres que les articles des n°58.02 ou 58.06",20,verifie
5801.27.0000,"3393 -- Velours et peluches par la chaîne, de coton, autres que les articles des n°s 58.02 ou 58.06",20,verifie
5801.31.0000,"3394 -- Velours et peluches par la trame, de fibres synthétiques ou artificielles, non coupés, autres que les articles des n°s 58 02 ou 58 06 Page 287 de 566",20,verifie
5801.32.0000,"3395 -- Velours et peluches par la trame, de fibres synthétiq. ou artificielles, coupés, côtelés, autres que les articles des n°s 58 02 ou 58 06",20,verifie
5801.33.0000,"3396 -- Autres velours et peluches par la trame, de fibres synthétiques ou artificielles, autres que les articles des n°s 58.02 ou",20,verifie
5801.36.0000,"3397 -- Tissus de chenille, de fibres synthétiques ou artificielles, autres que les articles des n°s 58.02 ou 58.06",20,verifie
5801.37.0000,"3398 -- Velours et peluches par la chaîne, de fibres synthétiques ou artificielles, autres que les articles des n°s 58.02 ou 58.06",20,verifie
5801.90.0000,"3399 - Velours et peluches tissés et tissus de chenille, d'autres matières textiles, autres que les articles des n°s 58.02 ou 58.06",20,verifie
5802.10.0000,"3400  - Tissus bouclés du genre éponge, en coton,  autres que les articles du n° 58.06",20,verifie
5802.20.0000,"3401 - Tissus bouclés du genre éponge, en matières textiles à l'exclusion du coton, autres que les articles du n°58.06",20,verifie
5802.30.0000,"3402  - Surfaces textiles touffetées, autres que les produits du n° 57.03",20,verifie
5803.00.1000,"3403 --Tissus à point de gaze, en polypropylène utilisés comme support de tapis, autres que les articles du n° 58.06",20,verifie
5803.00.9000,"3404 -- Tissus à point de gaze, autres que les tissus en polypropylène utilisés comme support de tapis et les articles du n° 58.06",20,verifie
5804.10.0000,"3405  - Tulles, tulles-bobinots et tissus à mailles nouées Page 288 de 566",20,verifie
5804.21.0000,"3406 -- Dentelles à la mécanique, de fibres synthétiq. ou artificielles, en pièces, bande ou motifs,autres que les produits des n°s 60 02 à 60 06",20,verifie
5804.29.0000,"3407 -- Dentelles à la mécanique d'autres matières textiles, en pièces, bande ou motifs,autres que les produits des n°s 60 02 à 60 06",20,verifie
5804.30.0000,"3408 - Dentelles à la main, en pièces, en bande ou en motifs, autres que les produits des n°s 60.02 à 60.06",20,verifie
5805.00.0000,"3409 Tapisseries tissées à la main (genre Gobelins, ... et similaires) et tapisseries à l'aiguille (au petit point ... ), même confectionnées",20,verifie
5806.10.0000,"3410 - Rubanerie de velours, de peluches, de tissus de chenille ou de tissus bouclés du genre éponge, autres que les articles du n°",20,verifie
5806.20.0000,"3411 - Autre rubanerie, contenant en poids 5 % ou plus de fils d'élastomères ou de fils de caoutchouc, autres que les articles du n°",20,verifie
5806.31.0000,"3412  - Rubanerie de coton, autres que les articles du n° 58.07",20,verifie
5806.32.0000,"3413 -- Rubanerie de fibres synthétiques ou artificielles, autres que les articles du n°",20,verifie
5806.39.0000,"3414  - Autres rubanerie d'autres matières textiles, autres que les articles du n° 58.07",20,verifie
5806.40.0000,"3415  - Rubans sans trame, en fils ou fibres parallélisés et encollés (bolducs) Page 289 de 566",20,verifie
5807.10.0000,"3416 - Etiquettes, écussons et articles similaires en matières textiles, en pièces, en rubans ou découpés, non brodés, tissés",20,verifie
5807.90.0000,"3417 - Etiquettes, écussons et articles similaires en matières textiles, en pièces, en rubans ou découpés, non brodés, autres que tissés",20,verifie
5808.10.0000,3418  - Tresses en pièces,20,verifie
5808.90.0000,"3419 -Articles de passementerie et ornementaux analogues, en pièces, sans broderie, autres que ceux en bonneterie; glands floches similaires",20,verifie
5809.00.0000,"3420 Tissus de fils de métal et tissus de filés métalliques ou de fils textiles métallisés du n°56.05, pour l'habillement, l'ameublement NDCA",20,verifie
5810.10.0000,"3421 - Broderies chimiques ou aériennes et broderies à fond découpé, en pièces, en bandes ou en motifs",20,verifie
5810.91.0000,"3422  -- Broderies de coton, en pièces, en bandes ou en motifs",20,verifie
5810.92.0000,"3423 -- Broderies de fibres synthétiques ou artificielles, en pièces, en bandes ou en motifs",20,verifie
5810.99.0000,"3424 -- Broderies d'autres matières textiles, en pièces, en bandes ou en motifs, du n°",20,verifie
5811.00.0000,"3425 Produits textiles matelassés en pièces, constitués d'une ou plusieurs couches de matières textiles … , autres que les broderies du n° 58 10 Page 290 de 566",10,verifie
5901.10.0000,"3426 - Tissus enduits de colle ou de matières amylacées, des types utilisés pour la reliure, le cartonnage, la gainerie ou usages similaires",20,verifie
5901.90.0000,3427 - Toiles à calquer ou transparentes pour dessin; toiles préparées pour la peinture; bougran et tissus similaires raidis  pour la chapellerie,20,verifie
5902.10.0000,3428 - Nappes tramées pour pneumatiques obtenues à partir de fils à haute ténacité de nylon ou d'autres polyamides,10,verifie
5902.20.0000,3429 - Nappes tramées pour pneumatiques obtenues à partir de fils à haute ténacité de polyesters,10,verifie
5902.90.0000,3430 - Nappes tramées pour pneumatiques obtenues à partir de fils à haute ténacité de rayonne viscose,10,verifie
5903.10.0000,"3431 - Tissus imprégnés, enduits ou recouverts de matière plastique ou stratifiés avec du polychlorure de vinyle",20,verifie
5903.20.0000,"3432 - Tissus imprégnés, enduits ou recouverts de matière plastique ou stratifiés avec du polyuréthanne",20,verifie
5903.90.0000,"3433 - Autres tissus imprégnés, enduits ou recouverts de matière plastique ou stratifiés avec de la matière plastique, du n° 59 03",20,verifie
5904.10.0000,"3434  - Linoléums, même découpés",20,verifie
5904.90.0000,"3435 - Revêtements de sol consistant en un enduit ou un recouvrement appliqué sur un support textile, même découpés",20,verifie
5905.00.0000,3436  Revêtements muraux en matières textiles. Page 291 de 566,20,verifie
5906.10.0000,3437  - Rubans adhésifs d'une largeur n'excédant pas 20 cm,20,verifie
5906.91.0000,"3438  -- Tissus caoutchoutés de bonneterie, autres que ceux du n° 59.02",20,verifie
5906.99.0000,"3439  -- Autres tissus caoutchoutés, du n° 59.06",20,verifie
5907.00.0000,"3440 Autres tissus imprégnés, enduits ou recouverts; toiles peintes pour décors de théâtres, fonds d'atelier ou usages analogues",20,verifie
5908.00.0000,"3441 Mèches tissées, tressées ou tricotées,en mat. textiles, pour lampes ... similaires; manchons à incandescence et étoffes  ... même imprégnés",20,verifie
5909.00.0000,"3442 Tuyaux pour pompes et tuyaux similaires, en matières textiles, même avec armatures ou accessoires en autres matières",20,verifie
5910.00.0000,"3443 Courroies transporteuses ou de transmission en mat. textiles, même imprégnées ... avec de la mat. plastiques ou renforcées de métal ou",10,verifie
5911.10.0000,"3444 - Tissus, feutres et tissus doublés de feutre, combinés avec une ou plusieurs couches de caoutchouc, de cuir ou d'autr matières, pour fabricat° de garnitures de cardes, et produits analog pour d'autr usages techniq, y cpris les rubans de velours, imprégné",10,verifie
5911.20.0000,"3445  - Gazes et toiles à bluter, même confectionnées Page 292 de 566",10,verifie
5911.31.0000,"3446 -- Tissus et feutres sans fin ou munis de moyens de jonction, utilisés sur les machines à papier ou similaires (à pâte, à amiante-ciment, par exemple), d'un poids au m² inférieur à 650 g",10,verifie
5911.32.0000,"3447 -- Tissus et feutres sans fin ou munis de moyens de jonction, utilisés sur les machines à papier ou similaires (à pâte, à amiante-ciment, par exemple), d'un poids au m² égal ou supérieur à 650 g",10,verifie
5911.40.0000,"3448 - Toiles filtrantes, tissus épais et étreindelles des types utilisés sur des presses d'huilerie ou pour des usages techniques analogues, y compris ceux en cheveux",10,verifie
5911.90.0000,"3449 - Autres produits et articles textiles pour usages techniques, visés à la note 8 du Chapitre 59",10,verifie
6001.10.0000,"3450  - Etoffes dites «à longs poils», en bonneterie",20,verifie
6001.21.0000,"3451  -- Etoffes à boucles de coton, en bonneterie",20,verifie
6001.22.0000,"3452  -- Etoffes à boucles de fibres synthétiques artificielles, en bonneterie",20,verifie
6001.29.0000,"3453  -- Etoffes à boucles d'autres matières textiles, en bonneterie",20,verifie
6001.91.0000,"3454  -- Velours et peluches, de coton, en bonneterie",20,verifie
6001.92.0000,"3455 -- Velours et peluches, de fibres synthétiques ou artificielles, en bonneterie",20,verifie
6001.99.0000,"3456  -- Velours et peluches, d'autres matières textiles, du n° 60.01 Page 293 de 566",20,verifie
6002.40.0000,"3457 - Etoffes de bonneterie d'une largeur n'excédant pas 30 cm, contenant en poids 5 % ou plus de fils d'élastomères sans fils de caoutchouc",20,verifie
6002.90.0000,"3458 - Autres étoffes de bonneterie d'une largeur n'excédant pas 30 cm, contenant en poids 5 % ou plus de fils d'élastomères ou de caoutchouc",20,verifie
6003.10.0000,"3459 - Etoffes de bonneterie de laine ou de poils fins d'une largeur n'excédant pas 30 cm, autres que celles des n°s 60.01 et 60.02",20,verifie
6003.20.0000,"3460 - Etoffes de bonneterie de coton d'une largeur n'excédant pas 30 cm, autres que celles des n°s 60.01 et 60.02",20,verifie
6003.30.0000,"3461 - Etoffes de bonneterie de fibres synthétiques d'une largeur n'excédant pas 30 cm, autres que celles des n°s 60.01 et",20,verifie
6003.40.0000,"3462 - Etoffes de bonneterie de fibres artificielles d'une largeur n'excédant pas 30 cm, autres que celles des n°s 60.01 et",20,verifie
6003.90.0000,"3463 - Autres étoffes de bonneterie d'une largeur n'excédant pas 30 cm, autres que celles des n°s 60.01 et 60.02",20,verifie
6004.10.0000,"3464 - Etoffes de bonneterie d'une largeur excédant 30cm, contenant en poids 5 % ou plus de fils d?'élastomères sans fils de caoutchouc",20,verifie
6004.90.0000,"3465 - Autres étoffes de bonneterie d'une largeur excédant 30 cm, contenant en poids 5 % ou plus de fils d'élastomères ou de caoutchouc Page 294 de 566",20,verifie
6005.21.0000,"3466 -- Etoffes de bonneterie-chaîne (y compris celles obtenues sur métiers à galonner), de coton, écrues ou blanchies, autres que celles des n°s 60 01 à 60 04",20,verifie
6005.22.0000,"3467 -- Etoffes de bonneterie-chaîne (y compris celles obtenues sur métiers à galonner), de coton, teintes, autres que celles des n°s 60 01 à 60 04",20,verifie
6005.23.0000,"3468 -- Etoffes de bonneterie-chaîne (y compris celles obtenues sur métiers à galonner), de coton, en fils de diverses couleurs, autres que celles des n°s 60.01 à 60.04",20,verifie
6005.24.0000,"3469 -- Etoffes de bonneterie-chaîne (y compris celles obtenues sur métiers à galonner), de coton, imprimées, autres que celles des n°s 60 01 à 60 04",20,verifie
6005.35.0000,"3470 -- Etoffes de bonneterie-chaîne (y compris celles obtenues sur métiers à galonner), de fibres synthétiques, mentionnées dans la Note 1 de sous-positions du Chapitre 60, autres que celles des n°s 60.01 à 60.04",20,verifie
6005.36.0000,"3471 -- Etoffes de bonneterie-chaîne (y compris celles obtenues sur métiers à galonner), de fibres synthétiques, autres que celles mentionnées dans la Note 1 de sous- positions du Chapitre 60 ou celles des n°s 60 01 à 60 04 écrues ou blanchies Page 295 de 566",20,verifie
6005.37.0000,"3472 -- Etoffes de bonneterie-chaîne (y compris celles obtenues sur métiers à galonner), de fibres synthétiques, autres que celles mentionnées dans la Note 1 de sous- positions du Chapitre 60 ou celles des n°s 60 01 à 60 04 teintes",20,verifie
6005.38.0000,"3473 -- Etoffes de bonneterie-chaîne (y compris celles obtenues sur métiers à galonner), de fibres synthétiques, autres que celles mentionnées dans la Note 1 de sous- positions du Chapitre 60 ou celles des n°s 60.01 à 60.04, en fils de diverses couleurs",20,verifie
6005.39.0000,"3474 -- Etoffes de bonneterie-chaîne (y compris celles obtenues sur métiers à galonner), de fibres synthétiques, autres que celles mentionnées dans la Note 1 de sous- positions du Chapitre 60 ou celles des n°s 60 01 à 60 04 imprimées",20,verifie
6005.41.0000,"3475 -- Etoffes de bonneterie-chaîne (y compris celles obtenues sur métiers à galonner), de fibres artificielles, écrues ou blanchies, autres que celles des n°s 60.01 à 60.04",20,verifie
6005.42.0000,"3476 -- Etoffes de bonneterie-chaîne (y compris celles obtenues sur métiers à galonner), de fibres artificielles, teintes, autres que celles des n°s 60 01 à 60 04",20,verifie
6005.43.0000,"3477 -- Etoffes de bonneterie-chaîne (y compris celles obtenues sur métiers à galonner), de fibres artificielles, en fils de diverses couleurs, autres que celles des n°s 60.01 à Page 296 de 566",20,verifie
6005.44.0000,"3478 -- Etoffes de bonneterie-chaîne (y compris celles obtenues sur métiers à galonner), de fibres artificielles, imprimées, autres que celles des n°s 60.01 à 60.04",20,verifie
6005.90.0000,"3479 - Autres étoffes de bonneterie-chaîne (y compris celles obtenues sur métiers à galonner), autres que de coton, de fibres synthétiques, de fibres artificielles ou celles des n°s 60 01 à 60 04",20,verifie
6006.10.0000,3480  - Autres étoffes de bonneterie de laine ou de poils fins,20,verifie
6006.21.0000,"3481  -- Autres étoffes de bonneterie de coton, écrues ou blanchies",20,verifie
6006.22.0000,"3482  -- Autres étoffes de bonneterie de coton, teintes",20,verifie
6006.23.0000,"3483  -- Autres étoffes de bonneterie de coton, en fils de diverses couleurs",20,verifie
6006.24.0000,"3484  -- Autres étoffes de bonneterie de coton, imprimées",20,verifie
6006.31.0000,"3485  -- Autres étoffes de bonneterie de fibres synthétiques, écrues ou blanchies",20,verifie
6006.32.0000,"3486  --  Autres étoffes de bonneterie de fibres synthétiques, teintes",20,verifie
6006.33.0000,"3487  -- Autres étoffes de bonneterie de fibres synthétiques, en fils de diverses couleurs",20,verifie
6006.34.0000,"3488 -- Autres étoffes de bonneterie de fibres synthétiques, en fils de diverses couleurs, imprimées",20,verifie
6006.41.0000,"3489  -- Autres étoffes de bonneterie de fibres artificielles, écrues ou blanchies",20,verifie
6006.42.0000,"3490  -- Autres étoffes de bonneterie de fibres artificielles, teintes Page 297 de 566",20,verifie
6006.43.0000,"3491  -- Autres étoffes de bonneterie de fibres artificielles, en fils de diverses couleurs",20,verifie
6006.44.0000,"3492  -- Autres étoffes de bonneterie de fibres artificielles, imprimées",20,verifie
6006.90.0000,"3493  - Autres étoffes de bonneterie, du n° 60.06",20,verifie
6101.20.0000,"3494 - Manteaux, cabans, capes, anoraks, blousons et similaires, en bonneterie de coton, pour hommes ou garçonnets, sauf articles du n° 61 03",20,verifie
6101.30.0000,"3495 - Manteaux, cabans, capes...et similaires, en bonneterie de fib. synthétiq. ou artificielles pour hommes ou garçonnets, sauf art du n°61 03",20,verifie
6101.90.0000,"3496 - Manteaux, cabans, capes, anoraks...et similaires, en bonneterie d'autres mat. textiles, pour hommes ou garçonnets, sauf art du n°61 03",20,verifie
6102.10.0000,"3497 - Manteaux, cabans, capes, anoraks... et similaires, en bonneterie de laine ou de poils fins pour femmes ou fillettes, sauf art du n°61 04",20,verifie
6102.20.0000,"3498 - Manteaux, cabans, capes, anoraks, blousons et similaires, en bonneterie de coton, pour femmes ou fillettes, sauf articles du n° 61 04",20,verifie
6102.30.0000,"3499 - Manteaux, cabans, capes…et similaires, en bonneterie de fibres synthétiq. ou artificielle, pour femmes ou fillettes, sauf art du n°61 04",20,verifie
6102.90.0000,"3500 - Manteaux, cabans, capes, anoraks... et similaires, en bonneterie d'autres mat. textiles pour femmes ou fillettes, sauf art. du n°61 04 Page 298 de 566",20,verifie
6103.10.0000,3501  - Costumes ou complets en bonneterie pour hommes ou garçonnets,20,verifie
6103.22.0000,"3502  -- Ensembles de coton, en bonneterie, pour hommes ou garçonnets",20,verifie
6103.23.0000,"3503  -- Ensembles de fibres synthétiques, en bonneterie pour hommes ou garçonnets",20,verifie
6103.29.0000,"3504 -- Ensembles d'autres matières textiles, en bonneterie pour hommes ou garçonnets",20,verifie
6103.31.0000,"3505  -- Vestons de laine ou de poils fins, en bonneterie, pour hommes ou garçonnets",20,verifie
6103.32.0000,"3506  -- Vestons de coton, en bonneterie, pour hommes ou garçonnets",20,verifie
6103.33.0000,"3507  -- Vestons de fibres synthétiques, en bonneterie pour hommes ou garçonnets",20,verifie
6103.39.0000,"3508  -- Vestons  d'autres matières textiles, en bonneterie, pour hommes ou garçonnets",20,verifie
6103.41.0000,"3509 -- Pantalons, salopettes à bretelles, culottes et shorts (sauf pour bain), de laine ou poils fins, en bonneterie, pour hommes ou garçonnets",20,verifie
6103.42.0000,"3510 -- Pantalons, salopettes à bretelles, culottes et shorts de coton, en bonneterie, pour hommes ou garçonnets",20,verifie
6103.43.0000,"3511 -- Pantalons, salopettes à bretelles, culottes et shorts (sauf pour bain), de fibres synthétiques, en bonneterie, pour hommes ou garçonnets",20,verifie
6103.49.0000,"3512 -- Pantalons, salopettes à bretelles, culottes et shorts (sauf pour bain), d'autres mat. textiles, en bonneterie, pour hommes ou garçonnets Page 299 de 566",20,verifie
6104.13.0000,"3513 -- Costumes tailleurs de fibres synthétiques, en bonneterie, pour femmes ou fillette",20,verifie
6104.19.0000,"3514 -- Costumes tailleurs d'autres matières textiles, en bonneterie, pour femmes ou fillettes",20,verifie
6104.22.0000,"3515  -- Ensembles de coton, en bonneterie, pour femmes ou fillettes",20,verifie
6104.23.0000,"3516  -- Ensembles de fibres synthétiques, en bonneterie, pour femmes ou fillettes",20,verifie
6104.29.0000,"3517  -- Ensembles d'autres matières textiles, en bonneterie, pour femmes ou fillettes",20,verifie
6104.31.0000,"3518  -- Vestes de laine ou de poils fins, en bonneterie, pour femmes ou fillettes",20,verifie
6104.32.0000,"3519  -- Vestes de coton, en bonneterie, pour femmes ou fillettes",20,verifie
6104.33.0000,"3520  -- Vestes de fibres synthétiques, en bonneterie, pour femmes ou fillettes",20,verifie
6104.39.0000,"3521  -- Vestes d'autres matières textiles, en bonneterie, pour femmes ou fillettes",20,verifie
6104.41.0000,"3522  -- Robes de laine ou de poils fins, en bonneterie, pour femmes ou fillettes",20,verifie
6104.42.0000,"3523  -- Robes de coton, en bonneterie, pour femmes ou fillettes",20,verifie
6104.43.0000,"3524  -- Robes de fibres synthétiques, en bonneterie, pour femmes ou fillettes",20,verifie
6104.44.0000,"3525  -- Robes de fibres artificielles, en bonneterie, pour femmes ou fillettes",20,verifie
6104.49.0000,"3526  -- Robes d'autres matières textiles, en bonneterie, pour femmes ou fillettes",20,verifie
6104.51.0000,"3527 -- Jupes et jupes-culottes de laine ou de poils fins, en bonneterie, pour femmes ou fillettes Page 300 de 566",20,verifie
6104.52.0000,"3528  -- Jupes et jupes-culottes de coton, en bonneterie, pour femmes ou fillettes",20,verifie
6104.53.0000,"3529 -- Jupes et jupes-culottes de fibres synthétiques, en bonneterie, pour femmes ou fillettes",20,verifie
6104.59.0000,"3530 -- Jupes et jupes-culottes d'autres matières textiles, en bonneterie, pour femmes ou fillettes",20,verifie
6104.61.0000,"3531 -- Pantalons, salopettes à bretelles, culottes et shorts (sauf pour bain), de laine ou poils fins, en bonneterie, pour femmes ou fillettes",20,verifie
6104.62.0000,"3532 -- Pantalons, salopettes à bretelles, culottes et shorts (sauf pour bain), de coton , en bonneterie, pour femmes ou fillettes",20,verifie
6104.63.0000,"3533 -- Pantalons, salopettes à bretelles, culottes et shorts (sauf pour bain), de fibres synthétiques, en bonneterie, pour femmes ou fillettes",20,verifie
6104.69.0000,"3534 -- Pantalons, salopettes à bretelles, culottes et shorts (sauf pour bain), d'autres mat. textiles, en bonneterie, pour femmes ou fillettes",20,verifie
6105.10.0000,"3535  - Chemises et chemisettes de coton, en bonneterie, pour hommes ou garçonnets",20,verifie
6105.20.0000,"3536 - Chemises et chemisettes de fibres synthétiques ou artificielles, en bonneterie, pour hommes ou garçonnets",20,verifie
6105.90.0000,"3537 - Chemises et chemisettes d'autres matières textiles, en bonneterie, pour hommes ou garçonnets Page 301 de 566",20,verifie
6106.10.0000,"3538 - Chemisiers, blouses, blouses-chemisiers et chemisettes de coton, en bonneterie, pour femmes ou fillettes",20,verifie
6106.20.0000,"3539 - Chemisiers, blouses, blouses-chemisiers et chemisettes de fibres synthétiques ou artificielles, en bonneterie, pour femmes ou fillettes",20,verifie
6106.90.0000,"3540 - Chemisiers, blouses, blouses-chemisiers et chemisettes d'autres matières textiles, en bonneterie, pour femmes ou fillettes",20,verifie
6107.11.0000,"3541  -- Slips et caleçons de coton, en bonneterie, pour hommes ou garçonnets",20,verifie
6107.12.0000,"3542 -- Slips et caleçons de fibres synthétiques ou artificielles, en bonneterie, pour hommes ou garçonnets",20,verifie
6107.19.0000,"3543 -- Slips et caleçons d'autres matières textiles, en bonneterie, pour hommes ou garçonnets",20,verifie
6107.21.0000,"3544 -- Chemises de nuit et pyjamas de coton, en bonneterie, pour hommes ou garçonnets",20,verifie
6107.22.0000,"3545 -- Chemises de nuit et pyjamas de fibres synthétiques ou artificielles, en bonneterie, pour hommes ou garçonnets",20,verifie
6107.29.0000,"3546 -- Chemises de nuit et pyjamas d'autres matières textiles, en bonneterie, pour hommes ou garçonnets",20,verifie
6107.91.0000,"3547 -- Peignoirs de bain, robes de chambre et articles similaires de coton, en bonneterie, pour hommes ou garçonnets",20,verifie
6107.99.0000,"3548 -- Peignoirs de bain, robes de chambre et articles similaires d'autres matières textiles, en bonneterie, pour hommes ou garçonnets Page 302 de 566",20,verifie
6108.11.0000,"3549 -- Combinaisons ou fonds de robes et jupons de fibres synthétiques ou artificielles, en bonneterie, pour femmes ou fillettes",20,verifie
6108.19.0000,"3550 -- Combinaisons ou fonds de robes et jupons d'autres matières textiles, en bonneterie, pour femmes ou fillettes",20,verifie
6108.21.0000,"3551  -- Slips et culottes de coton, en bonneterie, pour femmes ou fillettes",20,verifie
6108.22.0000,"3552 -- Slips et culottes de fibres synthétiques ou artificielles, en bonneterie, pour femmes ou fillettes",20,verifie
6108.29.0000,"3553 -- Slips et culottes d'autres matières textiles, en bonneterie, pour femmes ou fillettes",20,verifie
6108.31.0000,"3554  -- Chemises de nuit et pyjamas de coton, en bonneterie, pour femmes ou fillettes",20,verifie
6108.32.0000,"3555 -- Chemises de nuit et pyjamas de fibres synthétiques ou artificielles, en bonneterie, pour femmes ou fillettes",20,verifie
6108.39.0000,"3556 -- Chemises de nuit et pyjamas d'autres matières textiles, en bonneterie, pour femmes ou fillettes",20,verifie
6108.91.0000,"3557 -- Déshabillés, peignoirs de bain, robes de chambre et articles similaires de coton, en bonneterie, pour femmes ou fillettes",20,verifie
6108.92.0000,"3558 -- Déshabillés, peignoirs de bain, robes de chambre et similaires de fib. synthétiq. ou artificiel., en bonneterie, pour femmes ou fillettes",20,verifie
6108.99.0000,"3559 -- Déshabillés, peignoirs de bain, robes de chambre et articles similaires d'autres mat. textiles, en bonneterie, pour femmes ou fillettes Page 303 de 566",20,verifie
6109.10.0000,"3560  - T- shirts et maillots de corps de coton, en bonneterie",20,verifie
6109.90.0000,"3561  -T- shirts et maillots de corps d'autres matières textiles, en bonneterie",20,verifie
6110.11.0000,"3562 -- Chandails, pull-overs, cardigans, gilets et articles similaires y compris les sous-pulls, de laine, en bonneterie",20,verifie
6110.12.0000,"3563 -- Chandails, pull-overs, cardigans, gilets et articles similaires y compris les sous-pulls, de chèvre de Cachemire, en bonneterie",20,verifie
6110.19.0000,"3564 -- Chandails, pull-overs, cardigans, gilets et articles similaires y compris les sous-pulls, d'autres poils fins, en bonneterie",20,verifie
6110.20.0000,"3565 - Chandails, pull-overs, cardigans, gilets et articles similaires y compris les sous-pulls, de coton, en bonneterie",20,verifie
6110.30.0000,"3566 - Chandails, pull-overs, cardigans, gilets et similaires y compris les sous-pulls, de fibres synthétiques ou artificielles, en bonneterie",20,verifie
6110.90.0000,"3567 - Chandails, pull-overs, cardigans, gilets et articles similaires y compris les sous-pulls, d'autres matières textiles, en bonneterie",20,verifie
6111.20.0000,"3568  - Vêtements et accessoires de vêtements, de coton, en bonneterie, pour bébé",20,verifie
6111.30.0000,"3569 - Vêtements et accessoires de vêtements, de fibres synthétiques, en bonneterie, pour bébé",20,verifie
6111.90.0000,"3570 - Vêtements et accessoires de vêtements, d'autres matières textiles, en bonneterie, pour bébé",20,verifie
6112.11.0000,"3571  -- Survêtements de sport (trainings) de coton, en bonneterie Page 304 de 566",20,verifie
6112.12.0000,"3572  -- Survêtements de sport (trainings) de fibres synthétiques, en bonneterie",20,verifie
6112.19.0000,"3573  -- Survêtements de sport (trainings) d'autres matières textiles, en bonneterie",20,verifie
6112.20.0000,"3574  - Combinaisons et ensembles de ski, en bonneterie",20,verifie
6112.31.0000,"3575 -- Maillots, culottes et slips de bain, de fibres synthétiques, en bonneterie, pour hommes ou garçonnets",20,verifie
6112.39.0000,"3576 -- Maillots, culottes et slips de bain, d'autres matières textiles, en bonneterie, pour hommes ou garçonnets",20,verifie
6112.41.0000,"3577 -- Maillots, culottes et slips de bain, de fibres synthétiques, en bonneterie, pour femmes et fillettes",20,verifie
6112.49.0000,"3578 -- Maillots, culottes et slips de bain, d'autres matières textiles, en bonneterie, pour femmes et fillettes",20,verifie
6113.00.0000,"3579  Vêtements confectionnés en étoffes de bonneterie des n°s 59.03, 59.06 ou 59.07.",20,verifie
6114.20.0000,"3580  - Autres vêtements de coton, en bonneterie",20,verifie
6114.30.0000,"3581  - Autres vêtements de fibres synthétiques ou artificielles, en bonneterie",20,verifie
6114.90.0000,"3582  - Autres vêtements d'autres matières textiles, en bonneterie",20,verifie
6115.10.0000,"3583 - Collants (bas-culottes), bas et mi-bas à compression dégressive (les bas à varices, par exemple), en bonneterie",20,verifie
6115.21.0000,"3584 -- Autres collants ( bas-culottes) de fibres synthétiques, titrant en fils simples moins de 67 décitex, en bonneterie Page 305 de 566",20,verifie
6115.22.0000,"3585 -- Autres collants ( bas-culottes) de fibres synthétiques, titrant en fils simples 67 décitex ou plus, en bonneterie",20,verifie
6115.29.0000,"3586  -- Autres collants ( bas-culottes) d'autres matières textiles, en bonneterie",20,verifie
6115.30.0000,"3587 - Autres bas et mi-bas de femmes titrant en fils simples moins de 67 décitex, en bonneterie",20,verifie
6115.94.0000,"3588 -- Autres chausettes et articles chaussants, de laine ou de poils fins, en bonneterie",20,verifie
6115.95.0000,"3589  -- Autres chaussettes et articles chaussants, de coton, en bonneterie",20,verifie
6115.96.0000,"3590 -- Autres chaussettes et articles chaussants, de fibres syntétiques, en bonneterie",20,verifie
6115.99.0000,"3591 -- Autres chaussettes et articles chaussants, d'autres matières textiles, en bonneterie",20,verifie
6116.10.0000,"3592 - Gants, mitaines et moufles, imprégnés, enduits, recouverts de matières plastiques ou de caoutchouc ou stratifiés avec ces mêmes matières en bonneterie",20,verifie
6116.91.0000,"3593  -- Gants, mitaines et moufles, de laine ou de poils fins, en bonneterie",20,verifie
6116.92.0000,"3594  -- Gants, mitaines et moufles de coton, en bonneterie",20,verifie
6116.93.0000,"3595  -- Gants, mitaines et moufles de fibres synthétiques, en bonneterie",20,verifie
6116.99.0000,"3596  -- Gants, mitaines et moufles d'autres matières textiles, en bonneterie",20,verifie
6117.10.0000,"3597 - Châles, écharpes, foulards, cache-nez, cache-col, mantilles, voiles, voilettes et articles similaires, en bonneterie Page 306 de 566",20,verifie
6117.80.0000,"3598  - Autres accessoires confectionnés du vêtement, en bonneterie",20,verifie
6117.90.0000,"3599  - Parties de vêtements ou accessoires de vêtements, en bonneterie",20,verifie
6201.20.0000,"3600 -  Manteaux, cabans, capes, anoraks, blousons et articles similaires de laine ou de poils fins, pour hommes ou garçonnets, à l’exclusion des articles du n° 62.03.",20,verifie
6201.30.0000,"3601 -  Manteaux, cabans, capes, anoraks, blousons et articles similaires de coton, pour hommes ou garçonnets, à l’exclusion des articles du n° 62 03",20,verifie
6201.40.0000,"3602 -  Manteaux, cabans, capes, anoraks, blousons et articles similaires de fibres synthétiques ou artificielles, pour hommes ou garçonnets, à l’exclusion des articles du n° 62 03",20,verifie
6201.90.0000,"3603 -  Manteaux, cabans, capes, anoraks, blousons et articles similaires, de matières textiles (autres que laine, poils fins, coton, fibres synthétiques ou artificielles), pour hommes ou garçonnets, à l’exclusion des articles du n° 62.03.",20,verifie
6202.20.0000,"3604 -  Manteaux, cabans, capes, anoraks, blousons et articles similaires de laine ou de poils fins, pour femmes ou fillettes, à l’exclusion des articles du n° 62 03",20,verifie
6202.30.0000,"3605 -  Manteaux, cabans, capes, anoraks, blousons et articles similaires de coton, pour femmes ou fillettes, à l’exclusion des articles du n° 62 03 Page 307 de 566",20,verifie
6202.40.0000,"3606 -  Manteaux, cabans, capes, anoraks, blousons et articles similaires de fibres synthétiques ou artificielles, pour femmes ou fillettes, à l’exclusion des articles du n°",20,verifie
6202.90.0000,"3607 -  Manteaux, cabans, capes, anoraks, blousons et articles similaires, de matières textiles (autres que laine, poils fins, coton, fibres synthétiques ou artificielles), pourfemmes ou fillettes, à l’exclusion des articles du n° 62 03",20,verifie
6203.11.0000,"3608  -- Costumes ou complets de laine ou de poils fins, pour hommes ou garçonnets",20,verifie
6203.12.0000,"3609 -- Costumes ou complets de fibres synthétiques, pour hommes ou garçonnets",20,verifie
6203.19.0000,"3610 -- Costumes ou complets d'autres matières textiles  (autres que laine, poils fins ou fibres synthétiques), pour hommes ou garçonnets",20,verifie
6203.22.0000,3611  -- Ensembles de coton pour hommes ou garçonnets,20,verifie
6203.23.0000,3612  -- Ensembles de fibres synthétiques  pour hommes ou garçonnets,20,verifie
6203.29.0000,3613 -- Ensembles d'autres matières textiles (autres que coton ou fibres synthétiques) pour hommes ou garçonnets,20,verifie
6203.31.0000,3614  -- Vestons de laine ou de poils fins pour hommes ou garçonnets,20,verifie
6203.32.0000,3615  -- Vestons de coton pour hommes ou garçonnets,20,verifie
6203.33.0000,3616  -- Vestons de fibres synthétiques  pour hommes ou garçonnets Page 308 de 566,20,verifie
6203.39.0000,"3617 -- Vestons d'autres matières textiles (autres que laine, poils fins, coton ou fibres synthétiques) pour hommes ou garçonnets",20,verifie
6203.41.0000,"3618 -- Pantalons, salopettes à bretelles, culottes et shorts (autres que pour le bain), de laine ou de poils fins, pour hommes ou garçonnets",20,verifie
6203.42.0000,"3619 -- Pantalons, salopettes à bretelles, culottes et shorts (autres que pour le bain), de coton, pour hommes ou garçonnets",20,verifie
6203.43.0000,"3620 -- Pantalons, salopettes à bretelles, culottes et shorts (autres que pour le bain), de fibres synthétiques, pour hommes ou garçonnets",20,verifie
6203.49.0000,"3621 -- Pantalons, salopettes à bretelles, culottes et shorts (autres que pour le bain), d'autres matières textiles  (à l'exception de la laine, des poils fins, du coton ou des fibres synthétiques), pour hommes ou garçonnets",20,verifie
6204.11.0000,3622  -- Costumes tailleurs de laine ou de poils fins pour femmes ou fillettes,20,verifie
6204.12.0000,3623  -- Costumes tailleurs de coton pour femmes ou fillettes,20,verifie
6204.13.0000,3624  -- Costumes tailleurs de fibres synthétiques pour femmes ou fillettes,20,verifie
6204.19.0000,"3625 -- Costumes tailleurs d'autres matières textiles (autres que laine, poils fins, coton ou fibres synthétiques) pour femmes ou fillettes",20,verifie
6204.21.0000,3626  -- Ensembles de laine ou de poils fins pour femmes ou fillettes Page 309 de 566,20,verifie
6204.22.0000,3627  -- Ensembles de coton pour femmes ou fillettes,20,verifie
6204.23.0000,3628  -- Ensembles de fibres synthétiques pour femmes ou fillettes,20,verifie
6204.29.0000,"3629 -- Ensembles d'autres matières textiles (autres que laine, poils fins, coton ou fibres synthétiques) pour femmes ou fillettes",20,verifie
6204.31.0000,"3630  -- Vestes de laine ou de poils fins, pour femmes ou fillettes",20,verifie
6204.32.0000,"3631  -- Vestes de coton, pour femmes ou fillettes",20,verifie
6204.33.0000,"3632  -- Vestes de fibres synthétiques, pour femmes ou fillettes",20,verifie
6204.39.0000,"3633 -- Vestes d'autres matières textiles (autres que laine, poils fins, coton ou fibres synthétiques), pour femmes ou fillettes",20,verifie
6204.41.0000,3634  -- Robes de laine ou de poils fins pour femmes ou fillettes,20,verifie
6204.42.0000,3635  -- Robes de coton  pour femmes ou fillettes,20,verifie
6204.43.0000,3636  -- Robes de fibres synthétiques pour femmes ou fillettes,20,verifie
6204.44.0000,3637  -- Robes de fibres artificielles pour femmes ou fillettes,20,verifie
6204.49.0000,"3638 -- Robes d'autres matières textiles (autres que laine, poils fins, coton, fibres synthétiques ou artificielles) pour femmes ou fillettes",20,verifie
6204.51.0000,"3639  -- Jupes et jupes-culottes de laine ou de poils fins, pour femmes ou fillettes",20,verifie
6204.52.0000,"3640  -- Jupes et jupes-culottes de coton, pour femmes ou fillettes Page 310 de 566",20,verifie
6204.53.0000,"3641  -- Jupes et jupes-culottes de fibres synthétiques, pour femmes ou fillettes",20,verifie
6204.59.0000,"3642 -- Jupes et jupes-culottes d'autres matières textiles (autres que laine, poils fins, coton ou fibres synthétiques), pour femmes ou fillettes",20,verifie
6204.61.0000,"3643 -- Pantalons, salopettes à bretelles, culottes et shorts (autres que pour le bain), de laine ou de poils fins, pour femmes ou fillettes",20,verifie
6204.62.0000,"3644 -- Pantalons, salopettes à bretelles, culottes et shorts (autres que pour le bain), de coton, pour femmes ou fillettes",20,verifie
6204.63.0000,"3645 -- Pantalons, salopettes à bretelles, culottes et shorts (autres que pour le bain), de fibres synthétiques, pour femmes ou fillettes",20,verifie
6204.69.0000,"3646 -- Pantalons, salopettes à bretelles, culottes et shorts (autres que pour le bain), d'autres matières textiles (autres que laine, poils fins, coton ou fibres synthétiques) pour femmes ou fillettes",20,verifie
6205.20.0000,"3647  - Chemises et chemisettes de coton, pour hommes ou garçonnets",20,verifie
6205.30.0000,"3648 - Chemises et chemisettes de fibres synthétiques ou artificielles, pour hommes ou garçonnets",20,verifie
6205.90.0000,"3649 - Chemises et chemisettes d'autres matières textiles (autres que coton, fibres synthétiques ou artificielles), pour hommes ou garçonnets",20,verifie
6206.10.0000,"3650 - Chemisiers, blouses, blouses-chemisiers et chemisettes de soie ou de déchets de soie, pour femmes ou fillettes Page 311 de 566",20,verifie
6206.20.0000,"3651 -Chemisiers, blouses, blouses-chemisiers et chemisettes de laine ou de poils fins, pour femmes ou fillettes",20,verifie
6206.30.0000,"3652 - Chemisiers, blouses, blouses-chemisiers et chemisettes de coton, pour femmes ou fillettes",20,verifie
6206.40.0000,"3653 - Chemisiers, blouses, blouses-chemisiers et chemisettes de fibres synthétiques ou artificielles, pour femmes ou fillettes",20,verifie
6206.90.0000,"3654 - Chemisiers, blouses, blouses-chemisiers et chemisettes d'autres matières textiles (autres que soie ou de déchets de soie, laine, poils fins, coton, fibres synthétiques ou artificielles) pour femmes ou fillettes",20,verifie
6207.11.0000,"3655  -- Slips, caleçons et articles similaires, de coton, pour hommes ou garçonnets",20,verifie
6207.19.0000,"3656 -- Slips, caleçons et articles similaires, d'autres matières textiles (autres que coton), pour hommes ou garçonnets",20,verifie
6207.21.0000,"3657 -- Chemises de nuits, pyjamas et articles similaires, de coton, pour hommes ou garçonnets",20,verifie
6207.22.0000,"3658 -- Chemises de nuits, pyjamas et articles similaires, de fibres synthétiques ou artificielles, pour hommes ou garçonnets",20,verifie
6207.29.0000,"3659 -- Chemises de nuits, pyjamas et articles similaires, d'autres matières textiles (autres que coton, fibres synthétiques ou artificielles) pour hommes ou garçonnets",20,verifie
6207.91.0000,"3660 -- Gilets de corps, peignoirs de bain, robes de chambre et articles similaires, de coton, pour hommes ou garçonnets Page 312 de 566",20,verifie
6207.99.0000,"3661 -- Gilets de corps, peignoirs de bain, robes de chambre et articles similaires, d'autres matières textiles (autres que coton), pour hommes ou garçonnets",20,verifie
6208.11.0000,"3662 -- Combinaison ou fonds de robes, jupons et articles similaires, de  fibres synthétiques ou artificielles, pour femmes ou fillettes",20,verifie
6208.19.0000,"3663 -- Combinaison ou fonds de robes, jupons et articles similaires, d'autres matières textiles (autres que fibres synthétiques ou artificielles) pour femmes ou fillettes",20,verifie
6208.21.0000,"3664 -- Chemises de nuits, pyjamas et articles similaires, de coton, pour femmes ou fillettes",20,verifie
6208.22.0000,"3665 -- Chemises de nuits, pyjamas et articles similaires, de fibres synthétiques ou artificielles, pour femmes ou fillettes",20,verifie
6208.29.0000,"3666 -- Chemises de nuits, pyjamas et articles similaires, d'autres matières textiles (autres que coton, fibres synthétiques ou artificielles) pour femmes ou fillettes",20,verifie
6208.91.0000,"3667 -- Gilets de corps et chemises de jour, slips, déshabillés, peignoirs de bain, robes de chambre et articles similaires, de coton, pour femmes ou fillettes",20,verifie
6208.92.0000,"3668 -- Gilets de corps et chemises de jour, slips, déshabillés, peignoirs de bain, robes de chambre et articles similaires, de fibres synthétiques ou artificielles, pour femmes ou fillettes Page 313 de 566",20,verifie
6208.99.0000,"3669 -- Gilets de corps et chemises de jour, slips, déshabillés, peignoirs de bain, robes de chambre et articles similaires, d'autres matières textiles (autres que coton, fibres synthétiques ou artificielles), pour femmes ou fillettes",20,verifie
6209.20.0000,3670  - Vêtements et accessoirs du vêtement de coton pour bébés,20,verifie
6209.30.0000,3671  - Vêtements et accessoirs du vêtement de fibres synthétiques pour bébés,20,verifie
6209.90.0000,3672 - Vêtements et accessoirs du vêtement d'autres matières textiles (autres que coton ou fibres synthétiques) pour bébés,20,verifie
6210.10.0000,3673  - Vêtements confectionnés en produits des n°s 56.02 ou 56.03,20,verifie
6210.20.0000,"3674 - Autres vêtements, des types visés dans le n° 62.01, confectionnés en produits des n°s 59.03, 59.06 ou 59.07",20,verifie
6210.30.0000,"3675 - Autres vêtements, des types visés dans le n° 62.02, confectionnés en produits des n°s 59.03, 59.06 ou 59.07",20,verifie
6210.40.0000,"3676 - Autres vêtements ( autres que des types visés dans le n° 62.01) pour hommes ou garçonnets, confectionnés en produits des n°s 59 03 59 06 ou 59 07",20,verifie
6210.50.0000,"3677 - Autres vêtements ( autres que des types visés dans le n° 62.02) pour femmes ou fillettes, confectionnés en produits des n°s 59 03 59 06 ou 59 07",20,verifie
6211.11.0000,"3678  -- Maillots, culottes et slips de bain pour hommes ou garçonnets",20,verifie
6211.12.0000,"3679  -- Maillots, culottes et slips de bain  pour femmes ou fillettes",20,verifie
6211.20.0000,3680  - Combinaisons et ensembles de ski Page 314 de 566,20,verifie
6211.32.0000,3681  -- Autres vêtements de coton pour hommes ou garçonnets,20,verifie
6211.33.0000,3682 -- Autres vêtements de fibres synthétiques ou artificielles pour hommes ou garçonnets,20,verifie
6211.39.0000,3683  -- Autres vêtements d'autres matières textiles pour hommes ou garçonnets,20,verifie
6211.42.0000,3684  -- Autres vêtements de coton pour femmes ou fillettes,20,verifie
6211.43.0000,3685 -- Autres vêtements de fibres synthétiques ou artificielles  pour femmes ou fillettes,20,verifie
6211.49.0000,3686  -- Autres vêtements d'autres matières textiles  pour femmes ou fillettes,20,verifie
6212.10.0000,"3687 - Soutiens-gorge, bustiers et articles similaires et leurs parties, même en bonneterie",20,verifie
6212.20.0000,"3688 - Gaines, gaines-culottes et articles similaires et leurs parties,  même en bonneterie",20,verifie
6212.30.0000,"3689  - Combinés et articles similaires et leurs parties, même en bonneterie",20,verifie
6212.90.0000,"3690 - Corsets, bretelles, jarretelles, jarretières et articles similaires et leurs parties, même en bonneterie",20,verifie
6213.20.0000,3691  - Mouchoirs et pochettes de coton,20,verifie
6213.90.0000,"3692  - Mouchoirs et pochettes d'autres matières textiles, à l'exclusion du coton",20,verifie
6214.10.0000,"3693 - Châles, écharpes, foulards, cache-nez, cache-sol, mantilles, voiles et voilettes et articles similaires, de soie ou de déchets de soie Page 315 de 566",20,verifie
6214.20.0000,"3694 -Châles, écharpes, foulards, cache-nez, cache-sol, mantilles, voiles et voilettes et articles similaires, de laine ou de poils fins",20,verifie
6214.30.0000,"3695 - Châles, écharpes, foulards, cache-nez, cache-sol, mantilles, voiles et voilettes et articles similaires, de fibres synthétiques",20,verifie
6214.40.0000,"3696 -Châles, écharpes, foulards, cache-nez, cache-sol, mantilles, voiles et voilettes et articles similaires, de fibres artificielles",20,verifie
6214.90.0000,"3697 - Châles, écharpes, foulards, cache-nez, cache-sol, mantilles, voiles et voilettes et articles similaires, d'autres matières textiles",20,verifie
6215.10.0000,"3698  - Cravates, nœuds papillons et foulards cravates de soie ou de déchets de soie",20,verifie
6215.20.0000,"3699 - Cravates, nœuds papillons et foulards cravates de fibres synthétiques ou artificielles",20,verifie
6215.90.0000,"3700  - Cravates, nœuds papillons et foulards cravates d'autres matières textiles",20,verifie
6216.00.0000,"3701  Gants, mitaines et moufles.",20,verifie
6217.10.0000,3702  - Autres accessoires confectionnés du vêtement,20,verifie
6217.90.0000,3703  - Parties de vêtements ou d'accessoirs de vêtements autres que celles du n° 62.12,20,verifie
6301.10.0000,3704  - Couvertures chauffantes électriques,20,verifie
6301.20.0000,3705 - Couvertures (autres que les couvertures chauffantes électriques) de laine ou de poils fins,20,verifie
6301.30.0000,3706  - Couvertures (autres que les couvertures chauffantes électriques) de coton,20,verifie
6301.40.0000,3707 - Couvertures (autres que les couvertures chauffantes électriques) de fibres synthétiques Page 316 de 566,20,verifie
6301.90.0000,3708  - Autres couvertures du n° 63.01,20,verifie
6302.10.0000,3709  - Linge de lit en bonneterie,20,verifie
6302.21.0000,"3710  -- Linge de lit, de coton, imprimé",20,verifie
6302.22.0000,"3711  -- Linge de lit, de fibres synthétiques ou artificielles, imprimé",20,verifie
6302.29.0000,"3712  -- Linge de lit, d'autres matières textiles, imprimé",20,verifie
6302.31.0000,"3713  -- Autre linge de lit, de coton, autres qu'en bonneterie ou imprimé",20,verifie
6302.32.0000,"3714 -- Autre linge de lit, de fibres synthétiques ou artificielles, autres qu'en bonneterie ou imprimé",20,verifie
6302.39.0000,"3715 -- Autre linge de lit, d'autres matières textiles, autres qu'en bonneterie ou imprimé",20,verifie
6302.40.0000,3716  - Linge de table en bonneterie,20,verifie
6302.51.0000,"3717  -- Linge de table de coton, autre qu'en bonneterie",20,verifie
6302.53.0000,"3718  -- Linge de table de fibres synthétiques ou artificielles, autre qu'en bonneterie",20,verifie
6302.59.0000,"3719  -- Linge de table d'autres matières textiles, autre qu'en bonneterie",20,verifie
6302.60.0000,"3720  - Linge de toilette ou de cuisine, bouclé du genre éponge, de coton",20,verifie
6302.91.0000,"3721 -- Linge de toilette ou de cuisine de coton, autre que le bouclé du genre éponge",20,verifie
6302.93.0000,3722  -- Linge de toilette ou de cuisine de fibres synthétiques ou artificielles,20,verifie
6302.99.0000,3723  -- Linge de toilette ou de cuisine d'autres matières textiles,20,verifie
6303.12.0000,"3724 -- Vitrages, rideaux et stores d'intérieur, cantonnières et tours de lits, de fibres synthétiques, en bonneterie Page 317 de 566",20,verifie
6303.19.0000,"3725 -- Vitrages, rideaux et stores d'intérieur, cantonnières et tours de lits, d'autres matières textiles, en bonneterie",20,verifie
6303.91.0000,"3726 -- Vitrages, rideaux et stores d'intérieur, cantonnières et tours de lits, de coton, autres qu'en bonneterie",20,verifie
6303.92.0000,"3727 -- Vitrages, rideaux et stores d'intérieur, cantonnières et tours de lits, de fibres synthétiques, autres qu'en bonneterie",20,verifie
6303.99.0000,"3728 -- Vitrages, rideaux et stores d'intérieur, cantonnières et tours de lits, d'autres matières textiles, autres qu'en bonneterie",20,verifie
6304.11.0000,3729  -- Couvre-lits en bonneterie,20,verifie
6304.19.0000,3730  -- Couvre-lits autres qu'en bonneterie,20,verifie
6304.20.0000,3731 - Moustiquaires pour lits mentionnées dans la Note 1 de sous-positions du chapitre 63,0,verifie
6304.91.0000,"3732 -- Autres articles d'ameublement, à l'exclusion de ceux du n° 94.04, en bonneterie, du N°63.04",20,verifie
6304.92.0000,"3733 -- Autres articles d'ameublement, à l'exclusion de ceux du n° 94.04, autres qu'en bonneterie, de coton",20,verifie
6304.93.0000,"3734 -- Autres articles d'ameublement, à l'exclusion de ceux du n° 94.04, autres qu'en bonneterie, de fibres synthétiques",20,verifie
6304.99.0000,"3735 -- Autres articles d'ameublement, à l'exclusion de ceux du n° 94.04, autres qu'en bonneterie, d'autres matières textiles",20,verifie
6305.10.0000,3736 - Sacs et sachets d'emballage de jute ou d'autres fibres textiles libériennes du n° 53.03,20,verifie
6305.20.0000,3737  - Sacs et sachets d'emballage de coton Page 318 de 566,20,verifie
6305.32.0000,"3738 -- Contenants souples pour matières en vrac, de matières textiles synthétiques ou artificielles",20,verifie
6305.33.0000,3739 -- Autres sacs et sachets d'emballage obtenues à partir de lames ou formes similaires de polyéthylène ou de polypropylène,20,verifie
6305.39.0000,3740 -- Autres sacs et sachet d'emballage de matières textiles synthétiques ou artificielles,20,verifie
6305.90.0000,3741  - Sacs et sachets d'emballage d'autres matières textiles,20,verifie
6306.12.0000,3742  -- Bâches et stores d'extérieur de fibres synthétiques,20,verifie
6306.19.0000,3743  -- Bâches et stores d'extérieur d'autres matières textiles,20,verifie
6306.22.0000,3744 -- Tentes (y compris les tonnelles temporaires et articles similaires) de fibres synthétiques,20,verifie
6306.29.0000,3745 -- Tentes (y compris les tonnelles temporaires et articles similaires) de matières textiles autres que de fibres synthétiques,20,verifie
6306.30.0000,3746  - Voiles pour embarcations,20,verifie
6306.40.0000,3747  - Matelas pneumatiques,20,verifie
6306.90.0000,3748 - Planches à voile ou chars à voile; articles de campement autres que les matelas pneumatiques,20,verifie
6307.10.0000,"3749 - Serpillières ou wassingues, lavettes, chamoisettes et articles d'entretien similaires",20,verifie
6307.20.0000,3750  - Ceintures et gilets de sauvetage,5,verifie
6307.90.0000,"3751  - Autres articles confectionnés, y compris les patrons de vêtements, du n° 63.07 Page 319 de 566",20,verifie
6308.00.0000,"3752 Assortiments composés de pièces de tissus et de fils, même avec accessoires, pour la confection de tapis … pour la vente au détail",20,verifie
6309.00.0000,3753  Articles de friperie.,20,verifie
6310.10.1000,"3754 -- Chiffons triés, en matières textiles, sous forme de déchets ou d'articles hors d'usage",20,verifie
6310.10.9000,"3755 -- Ficelles, cordes et cordages, triés, en matières textiles, sous forme de déchets ou d'articles hors d'usage",20,verifie
6310.90.1000,"3756 -- Chiffons, autres que triés, en matières textiles, sous forme de déchets ou d'articles hors d'usage",20,verifie
6310.90.9000,"3757 -- Ficelles, cordes et cordages, autres que triés, en matières textiles, sous forme de déchets ou d'articles hors d'usage",20,verifie
6401.10.1000,"3758 -- Chaussures comportant, à l'avant une coquille de protection en métal…à l?'état démonté ou non monté importées pour l'industrie du montage",10,verifie
6401.10.9000,"3759 -- Chaussures comportant, à l'avant, une coquille de protection en métal importées autres que pour l'industrie du montage",20,verifie
6401.92.1000,"3760 --- Chaussures couvrant la cheville mais ne couvrant pas le genou…à l'état démonté ou non monté, importées pour l'industrie du montage",10,verifie
6401.92.9000,"3761 --- Chaussures couvrant la cheville mais ne couvrant pas le genou, importées autres que pour l'industrie du montage Page 320 de 566",20,verifie
6401.99.1000,3762 --- Chaussures autres que celles couvrant la cheville mais pas le genou…à l'état démonté ou non monté importées pour l?'industrie du montage,10,verifie
6401.99.9000,3763 --- Chaussures autres que celles couvrant la cheville mais ne couvrant pas le genou importées autres que pour l?'industrie du montage,20,verifie
6402.12.1000,"3764 --- Chaussures de ski et  chaussures pour le surf des neiges, … à l?'état démonté ou non monté importées pour l'?industrie du montage",20,verifie
6402.12.9000,"3765 --- Chaussures de ski et  chaussures pour le surf des neiges, importées autres que pour l'?industrie du montage",20,verifie
6402.19.1000,3766 --- Chaussures de sport autres que celles de ski et pour le surf des neiges...démonté ou non monté importées pour l?'industrie du montage,10,verifie
6402.19.9000,3767 --- Chaussures de sport autres que celles de ski et pour le surf des neiges importées autres que pour l?'industrie du montage,20,verifie
6402.20.1000,3768 --- Chaussures avec dessus en lanières ou brides fixées à la semelle par des tétons...démonté ou non monté importées pr l?'indus du montage,10,verifie
6402.20.9000,3769 --- Chaussures avec dessus en lanières ou brides fixées à la semelle par des tétons importées autres que pour l?'industrie du montage,20,verifie
6402.91.1000,"3770 --- Chaussures couvrant la cheville, présentées entièrement à l?'état démonté ou non monté importées pour l?'industrie du montage Page 321 de 566",10,verifie
6402.91.9000,"3771 --- Chaussures couvrant la cheville, importées autres que pour l?'industrie du montage",20,verifie
6402.99.1000,3772 --- Chaussures autres que celles couvrant la cheville ... entièrement à l?'état démonté ou non monté importées pour l?'industrie du montage,10,verifie
6402.99.2000,3773  --- Sandales (tong),20,verifie
6402.99.9000,"3774 --- Autres chaussures à semelles extérieures et dessus en caoutchouc ou en matière plastique, du n° 64.02",20,verifie
6403.12.1000,3775 --- Chaussures de ski et chaussures pour le surf des neiges … à l?'état démonté ou non monté importées pour l?'industrie du montage,20,verifie
6403.12.9000,3776 --- Chaussures de ski et chaussures pour le surf des neiges  importées autres que pour l?'industrie du montage,20,verifie
6403.19.1000,"3777 --- Chaussures de sport autres que de ski ou pour le surf des neiges, …à l'état démonté ou non monté, importées pour l?'industrie du montage",10,verifie
6403.19.9000,"3778 --- Chaussures de sport à l'exclusion des chaussures de ski ou pour le surf des neiges, importées autres que pour l?'industrie du montage",20,verifie
6403.20.1000,3779 -- Chaussures à semelles extérieures en cuir naturel et... le gros orteil...à l'état démonté ou non monté importés pr l'industrie du montage,10,verifie
6403.20.9000,3780 -- Chaussures à semelles extérieures en cuir naturel et dessus constitués... le gros orteil importés autres que pour l'industrie du montage Page 322 de 566,20,verifie
6403.40.1000,"3781 -- Autre chaussures comportant, à l'avant, une coquille de protection en métal...démonté ou non monté, importées pour l'industrie du montage",10,verifie
6403.40.9000,"3782 -- Autre chaussures comportant, à l'avant, une coquille de protection en métal, importées autres que pour l'industrie du montage",20,verifie
6403.51.1000,"3783 --- Autres chaussures à semelles extérieures en cuir naturel couvrant la cheville...démonté ou non monté,importées pr l'industrie du montage",10,verifie
6403.51.9000,"3784 --- Autres chaussures à semelles extérieures en cuir naturel couvrant la cheville, importées autres que pour l'industrie du montage",20,verifie
6403.59.1000,"3785 --- Autres chaussures à semelles ext. en cuir naturel,ne couvrant pas la cheville...démonté ou non monté,importées pr l'industrie du montage",10,verifie
6403.59.9000,"3786 --- Autres chaussures à semelles extérieures en cuir naturel, ne couvrant pas la cheville, importées autres que pour l'industrie du montage",20,verifie
6403.91.1000,"3787 --- Autres chaussures couvrant la cheville, ... à l?'état démonté ou non monté importées pour l?'industrie du montage, du n° 64 03",10,verifie
6403.91.9000,"3788 --- Autres chaussures couvrant la cheville, importées autres que pour l?'industrie du montage, du n° 64.03 Page 323 de 566",20,verifie
6403.99.1000,"3789 --- Autres chaussures ne couvrant pas la cheville, ... à l?'état démonté ou non monté importées pour l?'industrie du montage du n° 64 03",10,verifie
6403.99.9000,"3790 --- Autres chaussures ne couvrant pas la cheville, importées autres que pour l?'industrie du montage, du n° 64.03",20,verifie
6404.11.1000,"3791 --- Chaussures de sport...similaires, à semelles ext. en caout. ou en mat. plast...démonté ou non monté importés pour l'industrie du montage",10,verifie
6404.11.9000,"3792 --- Chaussures de sport...similaires, à semelles ext. en caout. ou en matières plastiques, importés autres que pour l'industrie du montage",20,verifie
6404.19.1000,3793 --- Autres chaussures à semelles ext. en caout. ou en mat. plast... démonté ou non monté importées pour l?'industrie du montage du n°64 04,10,verifie
6404.19.9000,3794 --- Autres chaussures à semelles extérieures en caoutchouc ou en mat. plastiques importées autres que pr l?'industrie du montage du n°64 04,20,verifie
6404.20.1000,3795 -- Chaussures à semelles extérieures en cuir naturel ou reconstitué ...à l?'état démonté ou non monté importées pr l?'industrie du montage,10,verifie
6404.20.9000,"3796 -- Chaussures à semelles extérieures en cuir naturel ou reconstitué importées, autres que pour l?'industrie du montage",20,verifie
6405.10.1000,"3797 -- Autres chaussures à dessus en cuir naturel ou reconstitué, … à l?'état démonté ou non monté importées pour l?'industrie du montage Page 324 de 566",10,verifie
6405.10.9000,"3798 -- Autres chaussures à dessus en cuir naturel ou reconstitué, importées, autres que pour l?'industrie du montage",20,verifie
6405.20.1000,3799 -- Autres chaussures à dessus en matières textiles ... à l?'état démonté ou non monté importées pour l?'industrie du montage,10,verifie
6405.20.9000,"3800 -- Autres chaussures à dessus en matières textiles, importées autres que pour l?'industrie du montage",20,verifie
6405.90.1000,"3801 -- Autres chaussures, présentées entièrement à l?'état démonté ou non monté importées pour l?'industrie du montage du n° 64 05",10,verifie
6405.90.9000,"3802 -- Autres chaussures importées, du n° 64.05, autres que pour l?'industrie du montage",20,verifie
6406.10.0000,"3803  - Dessus de chaussures et leurs parties, à l'exclusion des contreforts et bouts durs",10,verifie
6406.20.0000,"3804  - Semelles extérieures et talons, en caoutchouc ou en matière plastique",10,verifie
6406.90.1000,"3805  -- Jambières, guêtres et articles similaires et leurs parties",10,verifie
6406.90.2000,3806 -- Assemblages formés de dessus de chaussures fixés aux semelles premières en toutes matières autres que le métal,10,verifie
6406.90.9000,"3807 -- Semelles intérieures amovibles, talonnettes et articles similaires amovibles",10,verifie
6501.00.0000,"3808 Cloches non dressées (...) ni tournurées (...), plateaux (...), manchons (...) même fendus ... sens de la hauteur, en feutre, pour chapeaux Page 325 de 566",10,verifie
6502.00.0000,"3809 Cloches ou formes pour chapeaux, tressées ou fabriquées par l'assemblage de bandes...non dressées (...) ni tournurées ( ) ni garnies",10,verifie
6504.00.0000,"3810 Chapeaux et autres coiffures, tressés ou fabriqués par l'assemblage de bandes en toutes matières, même garnis.",20,verifie
6505.00.1000,"3811  - Résilles et filets à cheveux en toutes matières, même garnis",20,verifie
6505.00.9000,"3812 - Chapeaux et autres coiffures en bonneterie ou confectionnés à l'aide de dentelles, feutre ou aut. prod. text. en pièces ( ) même garnis",20,verifie
6506.10.0000,"3813  - Coiffures de sécurité, même garnies",10,verifie
6506.91.0000,"3814 -- Autres chapeaux et coiffures, à l'exclusion des coiffures de sécurité, en caoutchouc ou en matière plastique, même garnis",20,verifie
6506.99.0000,"3815 -- Autres chapeaux et coiffures, à l'exclusion des coiffures de sécurité ou de ceux en caoutchouc ou en matière plastique même garnis",20,verifie
6507.00.0000,"3816 Bandes pour garniture intérieure, coiffes, couvre-coiffures, carcasses, visières et jugulaires pour la chapellerie.",10,verifie
6601.10.0000,3817  - Parasols de jardin et articles similaires,20,verifie
6601.91.0000,"3818 -- Parapluies, ombrelles et parasols (y compris les parapluies-cannes et articles similaires) à mât ou manche télescopique, à l'exclusion des parasols de jardin et articles similaires Page 326 de 566",20,verifie
6601.99.0000,"3819 -- Parapluies, ombrelles et parasols (y compris les parapluies-cannes et articles similaires) autres qu'à mât ou manche télescopique, à l'exclusion des parasols de jardin et articles similaires",20,verifie
6602.00.0000,"3820  Cannes, cannes-sièges, fouets, cravaches et articles similaires.",20,verifie
6603.20.0000,"3821 - Montures assemblées, même avec mâts ou manches, pour  parapluies, ombrelles ou parasols",10,verifie
6603.90.0000,"3822  - Autres parties, garnitures et accessoires pour articles des n°s 66.01 ou 66.02",10,verifie
6701.00.0000,"3823 Peaux et autres parties d'oiseaux … art. en ces matières, autres que les produits du n° 05.05 et les tuyaux et tiges de plumes, travaillés",20,verifie
6702.10.0000,"3824 - Fleurs, feuillages et fruits et leurs parties, articles confectionnés en fleurs,feuillages ou de fruits artificiels en matières plastiques",20,verifie
6702.90.0000,"3825 - Fleurs, feuillages et fruits et leurs parties, art. confectionnés en fleurs,feuillages ou de fruits artificiels autres qu'en mat. plastiq",20,verifie
6703.00.0000,"3826 Cheveux remis... ou autrement préparés; laine, poils et autres mat. textiles, préparés pour la fabrication de perruques ou d'art similaires",20,verifie
6704.11.0000,3827  -- Perruques complètes en matières textiles synthétiques,20,verifie
6704.19.0000,"3828 -- Barbes, sourcils, cils, mèches et articles analogues, en matières textiles synthétiques Page 327 de 566",20,verifie
6704.20.0000,"3829 - Perruques, barbes, sourcils, cils, mèches et articles analogues en cheveux; ouvrages en cheveux non dénommés ni compris ailleurs",20,verifie
6704.90.0000,"3830 - Perruques, barbes, sourcils, cils, mèches et articles analogues, en poils ou autres matières textiles",20,verifie
6801.00.0000,"3831 Pavés, bordures de trottoirs et dalles de pavage, en pierres naturelles (autres que l'ardoise).",10,verifie
6802.10.0000,"3832 - Carreaux, cubes, dés et similaires …dans un carré dont le côté est inférieur à 7 cm; granulés, éclats et poudres, colorés artificiellement",20,verifie
6802.21.0000,"3833 -- Marbre, travertin, albâtre et ouvrages simplement taillés ou sciés et à surface plane ou unie",20,verifie
6802.23.0000,3834  -- Granit et ouvragessimplement taillés ou sciés et à surface plane ou unie,20,verifie
6802.29.0000,"3835 -- Pierre de taille ou de construction et ouvrages, sauf marbre, travertin, albâtre et granit, ... taillée ou sciée, à surface plane ou unie",20,verifie
6802.91.0000,"3836 -- Marbre, travertin et albâtre et ouvrages, autres que ceux simplement taillés ou sciés et à surface plane ou unie",20,verifie
6802.92.0000,"3837 -- Pierres calcaires et ouvrages, aut. que ... taillés ou sciés et à surface plane ou unie, à l'exclusion des marbre, travertin et albâtre",20,verifie
6802.93.0000,"3838 -- Granit et ouvrages, autres que simplement taillés ou sciés et à surface plane ou unie Page 328 de 566",20,verifie
6802.99.1000,"3839 --- Stéatite naturelle et ouvrages, autres que simplement taillés ou sciés et à surface plane ou unie",20,verifie
6802.99.9000,3840 --- Autres pierres de taille ou de construction et ouvrages en ces pierres du n° 68.02,20,verifie
6803.00.0000,3841 Ardoise naturelle travaillée et ouvrages en ardoise naturelle ou agglomérée (ardoisine).,20,verifie
6804.10.0000,"3842 - Meules à moudre ou à défibrer, sans bâtis, et parties, en pierres naturelles ... ou en céramique, même avec parties en autres matières",10,verifie
6804.21.0000,"3843 -- Meules et art. simil., sans bâtis, et parties, à broyer... en diamant naturel ou synthétiq., aggloméré, même avec parties en autres mat",10,verifie
6804.22.0000,"3844 -- Meules et art. simil., sans bâtis, et parties, à broyer...en autres abrasifs agglomérés ou en céramique, même avec parties en autres mat",10,verifie
6804.23.0000,"3845 -- Meules et articles similaires, sans bâtis, et parties, à broyer, aiguiser... en pierres naturelles, même avec parties en autres matières",10,verifie
6804.30.0000,"3846 - Pierres à aiguiser ou à polir à la main, et leurs parties, en pierres naturelles, en abrasifs naturels..., même avec parties en aut mat",10,verifie
6805.10.0000,"3847 - Abrasifs naturels ou artificiels en poudre ou en grains, appliqués sur tissus en matière textile, même découpés, cousus ou autr assemblés Page 329 de 566",10,verifie
6805.20.0000,"3848 - Abrasifs naturels ou artificiels en poudre ou en grains, appliqués sur papier ou carton seulement, même découpés, cousus ou aut assemblés",10,verifie
6805.30.0000,"3849 - Abrasifs naturels ou artificiels en poudre ou en grains, appliqués sur des matières aut. que textile, papier, carton, même… aut assemblés",10,verifie
6806.10.0000,"3850 - Laines de laitier, de scories, de roche et laines minérales similaires, même mélangées entre elles, en masses, feuilles ou rouleaux",10,verifie
6806.20.0000,"3851 - Vermiculite expansée, argiles expansées, mousse de scories et produits minéraux similaires expansés, même mélangés entre eux",10,verifie
6806.90.0000,"3852 - Mélanges et ouvrages en matières minérales à usages d'isolant thermiq... pour l'absorb. du son, à l'exclu. des n° 68 11 68 12 ou Chap 69",20,verifie
6807.10.0000,"3853 - Ouvrages en asphalte ou en produits similaires (poix de pétrole, brais, par exemple), en rouleaux",20,verifie
6807.90.0000,"3854 - Ouvrages en asphalte ou en produits similaires (poix de pétrole, brais, par exemple), autres qu'en rouleaux",20,verifie
6808.00.0000,"3855 Panneaux, planches, carreaux, blocs et articles simil., en fibre végétale...ou aut. déchets de bois, agglo. avec du ciment… liants minéraux",20,verifie
6809.11.0000,"3856 -- Planches, plaques, panneaux, carreaux et articles simil., non ornementés, en plâtre ou..., revêtus ou renforcés de papier ou de carton Page 330 de 566",20,verifie
6809.19.0000,"3857 -- Planches, plaques, panneaux, carreaux et articles similaires, non ornementés, en plâtre ou..., autres que ceux du n° 6809.11",20,verifie
6809.90.0000,"3858 - Autres ouvrages en plâtre ou en compositions à base de plâtre aut. que planche, plaque, panneau, carreau et article simil non ornementés",20,verifie
6810.11.0000,"3859 -- Blocs et briques en ciment, en béton ou en pierre artificielle, même armés, pour la construction",20,verifie
6810.19.0000,"3860 -- Tuiles, carreaux, dalles,articles similaires, en ciment, béton ou pierre artificielle, même armés, sauf blocs et briques pr construction",20,verifie
6810.91.0000,"3861 -- Eléments préfabriqués pour le bâtiment ou le génie civil en ciment, en béton ou en pierre artificielle, même armés.",20,verifie
6810.99.0000,"3862 -- Autres ouvrages en ciment, en béton ou en pierre artificielle, même armés du n°",20,verifie
6811.40.1000,"3863 -- Tuyaux, gaines et accessoires de tuyauterie en amiante-ciment pour canalisation d'eau, contenant de l'amiante",5,verifie
6811.40.9000,"3864 -- Ouvrages contenant de l'amiante à l'exclusion des tuyaux, gaines et accessoires de tuyauterie pour canalisation d'eau",20,verifie
6811.81.0000,3865  -- Plaques ondulées ne contenant pas d'amiante,20,verifie
6811.82.0000,"3866 -- Plaques autres qu'ondulées, panneaux, carreaux, tuiles et articles similaires, ne contenant pas d'amiante Page 331 de 566",20,verifie
6811.89.1000,"3867 --- Tuyaux, gaines et accessoires de tuyauterie en cellulose-ciment ou similaires, pour canalisation d'eau, ne contenant pas d'amiante",5,verifie
6811.89.9000,"3868  --- Autres ouvrages ne contenant pas d'amiante, du n° 68.11",20,verifie
6812.80.0000,"3869 - Ouvrages en crocidolite (fils, tissus, vêtements, coiffures, chaussures, joints par ex.), même armés, aut. que ceux des n°s 68 11 ou 68 13",20,verifie
6812.91.0000,"3870 -- Vêtements et accessoires, chaussures et coiffures en amiante  ... autres qu'en crocidolite, même armés, sauf ceux des n°s 68 11 ou 68 13",20,verifie
6812.99.0000,"3871 -- Amiante travaillé, en fibres; mélanges à base d'amiante ou à base d'amiante et de carbonate de magnésium; autres ouvrages du n°68 12",20,verifie
6813.20.0000,"3872 - Garnitures de friction (...), non montées, pour organes de frottement, contenant de l'amiante … même combinés avec d'autres matières",10,verifie
6813.81.0000,"3873 -- Garnitures de freins ne contenant pas d'amiante, non montées, pour organes de frottement,… même combinés avec d'autres matières",10,verifie
6813.89.0000,"3874 -- Autres garnitures de friction pour organes de frottement ne contenant pas d'amiante, du n° 68.13",10,verifie
6814.10.0000,"3875 - Plaques, feuilles et bandes en mica aggloméré ou reconstitué, même sur support Page 332 de 566",20,verifie
6814.90.0000,"3876 - Mica travaillé, y compris le mica aggloméré ou constitué, et autres ouvrages en mica, même sur support en autres matières",20,verifie
6815.11.0000,3877  -- Fibres de carbone,20,verifie
6815.12.0000,3878  -- Textiles en fibres de carbone pour usages autres qu’électriques,20,verifie
6815.13.0000,"3879 --  Autres ouvrages en fibres de carbone (à l'exclusion du textiles en fibres de carbone), pour usages autres qu’électriques",20,verifie
6815.19.0000,"3880 --  Autres ouvrages en graphite ou autre carbone pour usages autres qu’électriques, du n° 68.15.",20,verifie
6815.20.0000,3881  - Ouvrages en tourbe,20,verifie
6815.91.0000,"3882 -- Ouvrages en pierres ou en autres matières minérales contenant de la magnésite, de la magnésie sous forme de périclase, de la dolomie y  compris sous forme de chaux dolomitique, ou de la chromite",20,verifie
6815.99.0000,3883 -- Autres ouvrages en pierre ou en autres matières minérales  non dénommés ni compris ailleurs,20,verifie
6901.00.0000,"3884 Briques, dalles, carreaux et autres pièces céramiques en farines siliceuses fossiles (kieselguhr,...) ou en terres siliceuses analogues",20,verifie
6902.10.0000,"3885 - Briques, dalles, carreaux et pièces céramiques..., réfractaires, aut. que ceux du n°69.01,contenant en poids plus de 50 % en Mg Ca ou Cr Page 333 de 566",20,verifie
6902.20.0000,"3886 - Briques, dalles, carreaux et pièces céramiques.., réfractaires, aut. que ceux du n°69.01, contenant en poids plus de 50% d'alumine silice",20,verifie
6902.90.0000,"3887 - Briques, dalles, carreaux et pièces céramiques analogues de construction...réfractaires, autres que ceux des n°s 69 01 6902 10 et 6902 20",20,verifie
6903.10.0000,"3888 - Articles céramiques réfractaires (cornues...), aut. que ceux des n°s 69.01, 69.02 ...contenant en poids plus de 50% de carbone libre",20,verifie
6903.20.0000,"3889 - Articles céramiques réfractaires (cornues…) aut. que des n°s 69.01, 69.02...contenant en poids plus de 50% d'alumine( ) ou silice( )",20,verifie
6903.90.0000,"3890 - Articles céramiques réfractaires aut. que des n°s 69.01, 69.02 ou ceux contenant plus de 50% de graphite, ... carbone, d'alumine de silice",20,verifie
6904.10.0000,3891  - Briques de construction en céramique autres que celles des n°69.01 et 69.02,20,verifie
6904.90.0000,"3892  - Hourdis, cache-poutrelles et articles similaires, en céramique",20,verifie
6905.10.0000,3893  - Tuiles en céramique,20,verifie
6905.90.0000,"3894 - Eléments de cheminée, conduits de fumée, ornements architectoniques, en céramique, et autres poteries de bâtiment",20,verifie
6906.00.0000,"3895  Tuyaux, gouttières et accessoires de tuyauterie, en céramique. Page 334 de 566",20,verifie
6907.21.0000,"3896 -- Carreaux et dalles de pavement ou de revêtement, sauf ceux des N°s 6907.30 et 6907.40, d'un coefficient ... ou égal à 0,5%, en céramique",20,verifie
6907.22.0000,"3897 -- Carreaux et dalles de pavement ou de revêtement, sauf ceux des N°s 6907.30 et 6907.40, d'un coefficient ... ou égal à 10%, en céramique",20,verifie
6907.23.0000,"3898 -- Carreaux et dalles de pavement ou de revêtement, sauf ceux des N°s 6907.30 et 6907.40, d'un coefficient ... superieur à 10% en céramique",20,verifie
6907.30.0000,"3899 - Cubes, dés et articles similaires pour mosaïques, autres que ceux du n° 6907.40, en céramique, même sur un support",20,verifie
6907.40.0000,3900  - Pièces de finition en céramique,20,verifie
6909.11.0000,"3901 -- Appareils et articles pour usages chimiques ou autres usages techniques, en porcelaine",5,verifie
6909.12.0000,"3902 -- Art. pr usages chimiq. ou aut. usages techniq., dureté équivalente à 9 ou plus sur l'échelle de Mohs, en céramiq. aut. que porcelaine",5,verifie
6909.19.0000,"3903 -- Appareils et articles pour usages chimiques ou autres usages techniques, en céramique, autres que ceux des n°s 6909 11 et 6909 12",5,verifie
6909.90.0000,"3904 - Auges, bacs et récipients similaires pour l'économie rurale, cruchons et récipients similaires de transport ou d'emballage, en céramique Page 335 de 566",5,verifie
6910.10.0000,"3905 - Eviers, lavabos, colonnes de lavabos, baignoires, bidets, cuvettes d'aisance, réservoirs de chasse, urinoir et appareils en porcelaine",20,verifie
6910.90.0000,"3906 - Eviers, lavabos, colonnes de lavabos, baignoires, bidets, cuvettes d'aisance, réservoirs ...similaires, en céramiq., aut. qu'en porcelaine",20,verifie
6911.10.0000,"3907  - Articles pour le service de la table ou de la cuisine, en porcelaine",20,verifie
6911.90.0000,"3908 - Autres articles de ménage ou d'économie domestique et articles d'hygiène ou de toilette, en porcelaine",20,verifie
6912.00.1000,"3909 - Articles pour le service de la table ou de la cuisine, en céramique, autres qu'en porcelaine",20,verifie
6912.00.9000,"3910 - Autres articles de ménage ou d'économie domestique et articles d'hygiène ou de toilette, en céramique, autres qu'en porcelaine",20,verifie
6913.10.0000,"3911  - Statuettes et autres objets d'ornementation, en porcelaine",20,verifie
6913.90.0000,"3912 - Statuettes et autres objets d'ornementation, en céramique, autres qu'en porcelaine",20,verifie
6914.10.0000,3913  - Autres ouvrages en porcelaine,20,verifie
6914.90.0000,"3914  - Autres ouvrages en céramique, autres qu'en porcelaine",20,verifie
7001.00.0000,"3915 - Calcin et autres déchets et débris de verre, à l’exclusion du verre de tubes cathodiques et autres verres activés du n° 85 49; verre en masse",10,verifie
7002.10.0000,"3916  - Verre en billes (autres que les microsphères du n° 70.18), non travaillé Page 336 de 566",10,verifie
7002.20.0000,"3917  - Verre en barres ou baguettes, non travaillé",10,verifie
7002.31.0000,"3918  -- Verre en tubes non travaillé, en quartz ou en autre silice fondus",20,verifie
7002.32.0000,"3919 -- Verre en tubes non travaillé (sauf ceux du n° 7002.31), coeff. de dilatation linéaire n'excéd. pas 5 x 10-6 par Kelvin entre 0°C et 300°C",20,verifie
7002.39.0000,3920 -- Verre en tubes non travaillé autre qu'en quartz ou autre silice fondus ou verre d'un coeff. dilatation n'excéd. pas 5x10-6 par Kelvin,20,verifie
7003.12.0000,"3921 -- Verre dit «coulé» en plaques et feuilles, non armées  colorées dans la masse, opacifiées... ou à couche absorbante...non autr travaillé",20,verifie
7003.19.0000,"3922 -- Verre dit «coulé» en plaques et feuilles non armées, mais non autrement travaillé, à l'exclusion du n° 7003.12",20,verifie
7003.20.0000,"3923 - Verre dit «coulé» en plaques et feuilles, armées, même à couche absorbante, réfléchissante ou non, mais non autrement travaillé",20,verifie
7003.30.0000,"3924 - Verre dit «coulé» en profilés, même à couche absorbante, réfléchissante ou non réfléchissante, mais non autrement travaillé",20,verifie
7004.20.0000,"3925 - Verre étiré ou soufflé en feuilles, coloré dans la masse, opacifié, plaqué (doublé) ou à couche absorbante ...mais non autrement travaillé",20,verifie
7004.90.0000,"3926 - Verre étiré ou soufflé en feuilles, mais non autrement travaillé, à l'exclusion du n° Page 337 de 566",20,verifie
7005.10.0000,"3927 - Glace non armée en plaques ou en feuilles, à couche absorbante, réfléchissante ou non réfléchissante, mais non autrement travaillée",20,verifie
7005.21.0000,"3928 -- Autre glace non armée, en plaques ou en feuilles, colorée dans la masse...ou simplement doucie, mais non autrement travaillée",20,verifie
7005.29.0000,"3929 -- Autre glace non armée, en plaques ou en feuilles, mais non autrement travaillée, du n° 70.05",20,verifie
7005.30.0000,"3930 - Glace (…) armée en plaques ou en feuilles, même à couche absorbante, réfléchissante ou non réfléchissante, mais non autrement travaillée",20,verifie
7006.00.0000,"3931 Verre des n°s 70.03 à 70.05, courbé, biseauté, gravé, percé, émaillé ou autrement travaillé, mais non encadré ni associé à d'autres matières",20,verifie
7007.11.0000,"3932 -- Verres trempés de dimensions et formats permettant leur emploi dans les automobiles, véhicules aériens, bateaux ou autres véhicules",20,verifie
7007.19.0000,"3933 -- Verres trempés autres que ceux de dimensions et formats permettant leur emploi dans les automobiles, véhicules aériens bateaux ou autres",20,verifie
7007.21.0000,"3934 -- Verres formés de feuilles contre-collées de dimensions et formats permettant leur emploi dans les automobiles, véhicules aériens bateaux Page 338 de 566",20,verifie
7007.29.0000,3935 -- Verres formés de feuilles contre-collées autres que ceux de dimensions...permettant leur emploi dans les automobiles véhicules aériens,20,verifie
7008.00.0000,3936  Vitrages isolants à parois multiples.,20,verifie
7009.10.1000,3937  -- Miroirs rétroviseurs pour motocycles et cycles,10,verifie
7009.10.9000,3938  -- Miroirs rétroviseurs pour véhicules autres que motocycles et cycles,10,verifie
7009.91.0000,3939  -- Miroirs en verre non encadrés,20,verifie
7009.92.0000,3940  -- Miroirs en verre encadrés,20,verifie
7010.10.0000,3941  - Ampoules en verre,10,verifie
7010.20.0000,"3942  - Bouchons, couvercles et autres dispositifs de fermeture en verre",10,verifie
7010.90.1100,"3943  --- Bouteilles, bonbonnes et flacons, en verre, d'une contenance excédant 1 l",10,verifie
7010.90.1200,"3944 --- Bocaux, pots et autres récipients similaires y compris les bocaux à conserves, en verre, d'une contenance excédant 1 l",10,verifie
7010.90.1900,"3945 --- Emballages tubulaires et autres récipients de transport ou d'emballage, en verre, d'une contenance excédant 1 l",10,verifie
7010.90.2100,"3946 --- Bouteilles, bonbonnes et flacons, en verre, d'une contenance excédant 0,33 l mais n'excédant pas 1 l",10,verifie
7010.90.2200,"3947 --- Bocaux, pots et autres récipients simil. y compris les bocaux à conserves, en verre, d'une contenance excéd. 0,33 l mais n'excéd pas 1l",10,verifie
7010.90.2900,"3948 --- Emballages tubulaires et autres récipients de transport ou d'emballage, en verre, d'une contenance excédant 0,33l mais n'excédant pas 1l Page 339 de 566",10,verifie
7010.90.3100,"3949 --- Bouteilles, bonbonnes et flacons, en verre, d'une contenance excédant 0,15 l mais n'excédant pas 0,33 l",10,verifie
7010.90.3200,"3950 --- Bocaux, pots et autres récipients simil. y cpris les bocaux à conserves, en verre, d'une contenance excéd. 0,15l mais n'excéd pas 0 33l",10,verifie
7010.90.3900,"3951 --- Emballages tubulaires et autres récipients de transport ou d'emballage, en verre, d'une contenance excéd. 0,15l mais n'excéd pas 0 33l",10,verifie
7010.90.4100,"3952 --- Bouteilles, bonbonnes et flacons, en verre, d'une contenance n'excédant pas 0,15 l",10,verifie
7010.90.4200,"3953 --- Bocaux, pots et autres récipients similaires y compris les bocaux à conserves, en verre, d'une contenance n'excédant pas 0 15 l",10,verifie
7010.90.4900,"3954 --- Emballages tubulaires et autres récipients de transport ou d'emballage, en verre, d'une contenance n'excédant pas 0 15 l",10,verifie
7011.10.0000,"3955 - Ampoules et enveloppes tubulaires, ouvertes, et leurs parties, en verre, sans garnitures, pour lampes et sources lumineuses électriques, tubes cathodiques ou similaires, pour l'éclairage électrique",20,verifie
7011.20.0000,"3956 - Ampoules et enveloppes tubulaires, ouvertes, et leurs parties, en verre, sans garnitures, pour lampes et sources lumineuses électriques, tubes cathodiques ou similaires, pour tubes cathodiques Page 340 de 566",20,verifie
7011.90.0000,"3957 - Ampoules et enveloppes tubulaires, ouvertes, et leurs parties, en verre, sans garnitures, pour lampes et sources lumineuses électriques, tubes cathodiques ou similaires, aut. que pr l'éclairage élect. et tubes cathodi",20,verifie
7013.10.0000,"3958 - Objets en vitrocérame pour le service de la table, la cuisine, la toilette, le bureau, l'ornementation...(sauf n°70.10 ou n°70 18)",20,verifie
7013.22.0000,"3959  -- Verres à boire à pied, en cristal au plomb",20,verifie
7013.28.0000,"3960  -- Verres à boire à pied, autres qu'en vitrocérame et cristal au plomb",20,verifie
7013.33.0000,"3961  -- Verres à boire, autres qu'à pied, en cristal au plomb",20,verifie
7013.37.0000,"3962 -- Verres à boire (à l'exclusion des verres à pied), autres qu'en vitrocérame et cristal au plomb",20,verifie
7013.41.0000,"3963 -- Objets pour le service de la table (autres que les verres à boire) ou pour la cuisine, en cristal au plomb",20,verifie
7013.42.0000,"3964 -- Objets pour le service de la table, la cuisine (sauf les verres à boire), en verre, coeff. de dilatation linéaire n'excédant pas 5x10-6",20,verifie
7013.49.0000,"3965 -- Autres objets en verre pour le service de la table (autres que les verres à boire) ou pour la cuisine, aut. qu'en vitrocérame, du n°70 13",20,verifie
7013.91.0000,"3966 -- Autres objets en cristal au plomb, pour la toilette, le bureau, l'ornementation des appartements ou usages similaires, du n° Page 341 de 566",20,verifie
7013.99.0000,"3967 -- Autres objets en verre, pour la toilette, le bureau, l'ornementation des appartements ou usages similaires, du n°",20,verifie
7014.00.0000,"3968 Verrerie de signalisation et éléments d'optique en verre (autres que ceux du n° 70.15), non travaillés optiquement.",20,verifie
7015.10.0000,"3969 - Verres de lunetterie médicale, bombés, cintrés, creusés ou similaires, non travaillés optiquement",5,verifie
7015.90.0000,"3970 - Verres d'horlogerie et analogues, de lunetterie commune, bombés...; sphères (...) creuses et segments, en verre, pr fabric de ces verres",20,verifie
7016.10.0000,"3971 - Cubes, dés et autre verrerie, même sur support, pour mosaïques ou décorations similaires",20,verifie
7016.90.0000,"3972 - Pavés, dalles, briques, carreaux, tuiles...en verre pressé...pr la construction; verres assemblés en vitraux; verre dit ""multicellulaire""",20,verifie
7017.10.0000,"3973 - Verrerie de laboratoire, d'hygiène ou de pharmacie, même graduée ou jaugée, en quartz ou en autre silice fondus",5,verifie
7017.20.0000,"3974 - Verrerie de laboratoire, d'hygiène ou de pharmacie, même graduée,jaugée, en verre d'un coeff. de dilatation linéaire n'excéd pas 5 x10-6",5,verifie
7017.90.0000,"3975 - Autre verrerie de laboratoire, d'hygiène ou de pharmacie, même graduée ou jaugée, du n° 70.17",10,verifie
7018.10.0000,"3976 - Perles de verre, imitations de perles fines ou de culture, de pierres gemmes et articles similaires de verroterie Page 342 de 566",20,verifie
7018.20.0000,3977  - Microsphères de verre d'un diamètre n'excédant pas 1 mm,20,verifie
7018.90.0000,"3978 - Yeux en verre autres que de prothèse; ouvrages des articles de verroterie, objets d'ornementation... autres que la bijouterie de fantaisie",20,verifie
7019.11.0000,"3979 -- Fils coupés (chopped strands), d'une longueur n'excédant pas 50 mm, en fibres de verre (à l'exclusion de la laine de verre)",10,verifie
7019.12.0000,3980  -- Stratifils (rovings) en fibres de verre (à l'exclusion de la laine de verre),10,verifie
7019.13.0000,"3981 -- Fils coupés ( sauf chopped strands, d'une longueur n'excédant pas 50 mm) ou non, et  mèches, en fibres de verre (à l'exclusion de la laine de verre)",10,verifie
7019.14.0000,"3982  -- Mats en fibres de verre (à l'exclusion de la laine de verre), liés mécaniquement",10,verifie
7019.15.0000,"3983  -- Mats en fibres de verre (à l'exclusion de la laine de verre), liés chimiquement",10,verifie
7019.19.0000,"3984 -- Mats en fibres de verre (à l'exclusion de la laine de verre), liés autre que mécaniquement ou chimiquement.",10,verifie
7019.61.0000,"3985 -- Tissus de stratifils (rovings), en fibres de verre (à l'exclusion de la laine de verre), à maille fermée, liés mécaniquement",20,verifie
7019.62.0000,"3986 --  Autres étoffes (à l'exception tissus) de stratifils (rovings), en fibres de verre (à l'exclusion de la laine de verre), à maille fermée liés mécaniquement",20,verifie
7019.63.0000,"3987 -- Tissus de fils à maille fermée, en fibres de verre (à l'exclusion de la laine de verre), à armure toile non enduits ni stratifiés, liés mécaniquement Page 343 de 566",20,verifie
7019.64.0000,"3988 -- Tissus de fils à maille fermée, en fibres de verre (à l'exclusion de la laine de verre), à armure toile, enduits ou stratifiés, liés mécaniquement",20,verifie
7019.65.0000,"3989 -- Tissus à maille ouverte, en fibres de verre (à l'exclusion de la laine de verre), d'une largeur n'excédant pas 30 cm, liés mécaniquement",20,verifie
7019.66.0000,"3990 -- Tissus à maille ouverte, en fibres de verre (à l'exclusion de la laine de verre), d'une largeur excédant 30 cm, liés mécaniquement",20,verifie
7019.69.0000,"3991 --  Autres étoffes en fibres de verre (à l'exclusion de la laine de verre),  liées mécaniquement, du N° 70.19 non dénommées ni comprises ailleurs",20,verifie
7019.71.0000,"3992 -- Voiles (fines couches),  en fibres de verre (à l'exclusion de la laine de verre), liées chimiquement",20,verifie
7019.72.0000,"3993 --  Autres étoffes (à l'exception des voiles ""fines couches"") , en fibres de verre (à l'exclusion de la laine de verre), à maille fermée liées chimiquement",20,verifie
7019.73.0000,"3994 --  Autres étoffes (à l'exception des voiles ""fines couches"") , en fibres de verre (à l'exclusion de la laine de verre), à maille ouverte liées chimiquement",20,verifie
7019.80.0000,3995  - Laine de verre et ouvrages en Laine de verre,20,verifie
7019.90.0000,3996 - Fibres de verre (à l'exclusion de la laine de verre) et autres ouvrages en fibres de verre,20,verifie
7020.00.1000,3997  - Flotteurs pour filets de pêche en verre Page 344 de 566,5,verifie
7020.00.9000,3998  - Autres ouvrages en verre à l'exclusion des flotteurs pour filets de pêche,20,verifie
7101.10.0000,"3999 - Perles fines, même travaillées ou assorties mais non enfilées, ni montées ni serties; perles fines enfilées temporairement pour transport",5,verifie
7101.21.0000,"4000 -- Perles brutes de culture, non enfilées, ni montées ni serties; perles brutes de culture, enfilées temporairement pour du transport",5,verifie
7101.22.0000,"4001 -- Perles de culture travaillées, même assorties mais non enfilées, ni montées ni..; perles de culture travaillées, enfilées temporairement",10,verifie
7102.10.0000,"4002  - Diamants non triés, non montés ni sertis",5,verifie
7102.21.0000,"4003 -- Diamants industriels, bruts ou simplement sciés, clivés ou débrutés, mais non montés ni sertis",5,verifie
7102.29.0000,"4004 -- Diamants industriels, travaillés, autres que simplement sciés, clivés ou débrutés, mais non montés ni sertis",10,verifie
7102.31.0000,"4005 -- Diamants non industriels, bruts ou simplement sciés, clivés ou débrutés, mais non montés ni sertis",5,verifie
7102.39.0000,"4006 -- Diamants non industriels, travaillés, autres que simplement sciés, clivés ou débrutés, mais non montés ni sertis",10,verifie
7103.10.0000,"4007 - Pierres gemmes aut. que les diamants, brutes ou simplement sciées ou dégrossies, assorties mais non enfilées non assorties mais enfilées Page 345 de 566",5,verifie
7103.91.0000,"4008 -- Rubis, saphirs et émeraudes travaillés autres que simplement sciés ou dégrossis, assortis mais non enfilés...non assortis mais enfilés",10,verifie
7103.99.0000,"4009 -- Autres pierres gemmes (precieuses ou fines) autres que les diamants, autrement travaillées, du n° 71.03",10,verifie
7104.10.0000,"4010 - Quartz piézo-électrique, même travaillé, assorti mais non enfilé, ni monté, ni serti ou non assorti mais enfilé temporairement transport",5,verifie
7104.21.0000,"4011 -- Diamants bruts ou simplement sciés ou dégrossis, assorti mais non enfilé, ni monté, ni serti ou non assorti mais enfilé temporairement transport",5,verifie
7104.29.0000,"4012 -- Autres pierres synthétiques (à l'exclusion du quartz piézo-électrique et les diamants) brutes ou simplement dégrossies, assorties mais non enfilées, ni montées, ni serties ou non assorties mais enfilées temporairement transport",5,verifie
7104.91.0000,"4013 -- Diamants ( à l'exclusion des diamants bruts ou simplement sciés ou dégrossis), assortis mais non enfilés, ni montés, ni sertis ou non assortis mais enfilés temporairement transport",5,verifie
7104.99.0000,"4014 -- Autres pierres synthétiques  ou reconstituées (à l'exclusion du quartz piézo- électrique et les diamants), assorties mais non enfilées, ni montées, ni serties ou non assorties mais enfilées temporairement transport du N° 71 04",5,verifie
7105.10.0000,4015  - Egrisés et poudres de diamants Page 346 de 566,5,verifie
7105.90.0000,4016 - Egrisés et poudres de pierres gemmes ou de pierres synthétiques autres que de diamants,5,verifie
7106.10.0000,"4017  - Argent (y compris l'argent doré ou vermeil et l'argent platiné), en poudre",5,verifie
7106.91.0000,"4018 -- Argent (y compris l'argent doré ou vermeil et l'argent platiné), sous formes brutes",5,verifie
7106.92.0000,"4019 -- Argent (y compris l'argent doré ou vermeil et l'argent platiné), sous formes mi- ouvrées",10,verifie
7107.00.0000,"4020 Plaqués ou doublés d'argent sur métaux communs, sous formes brutes ou mi- ouvrées.",10,verifie
7108.11.0000,"4021  -- Or (y compris l'or platiné) en poudre, à usages non monétaires",5,verifie
7108.12.0000,"4022  -- Or (y compris l'or platiné) sous formes brutes, à usages non monétaires",5,verifie
7108.13.1000,"4023  --- Or (y compris l'or platiné) sous formes de lingots d?or, à usages non monétaires",10,verifie
7108.13.9000,"4024 --- Or (y compris l'or platiné) sous formes mi-ouvrées autres que de lingots d'or, à usages non monétaires",10,verifie
7108.20.0000,"4025 - Or (y compris l'or platiné) sous formes brutes ou mi-ouvrées, ou en poudre, à usage monétaire",10,verifie
7109.00.0000,"4026 Plaqués ou doublés d'or sur métaux communs ou sur argent, sous formes brutes ou mi-ouvrées.",10,verifie
7110.11.0000,4027  -- Platine sous formes brutes ou en poudre,5,verifie
7110.19.0000,4028  -- Platine sous formes mi-ouvrées,10,verifie
7110.21.0000,4029  -- Palladium sous formes brutes ou en poudre Page 347 de 566,5,verifie
7110.29.0000,4030  -- Palladium sous formes mi-ouvrées,10,verifie
7110.31.0000,4031  -- Rhodium sous formes brutes ou en poudre,5,verifie
7110.39.0000,4032  -- Rhodium sous formes mi-ouvrées,10,verifie
7110.41.0000,"4033  -- Iridium, osmium et ruthénium sous formes brutes ou en poudre",5,verifie
7110.49.0000,"4034  -- Iridium, osmium et ruthénium sous formes mi-ouvrées",10,verifie
7111.00.0000,"4035 Plaqués ou doublés de platine sur métaux communs, sur argent ou sur or, sous formes brutes ou mi-ouvrées.",10,verifie
7112.30.0000,4036 - Cendres contenant des métaux précieux ou des composés de métaux précieux (sauf cendres d'orfèvre) du type de ceux utilisés principalement pour la récupération des métaux précieux autres que les produits du N° 85 49,10,verifie
7112.91.0000,"4037 -- Déchets et débris d'or, même de plaqué ou doublé d'or, à l'exclusion des cendres d'orfèvre contenant d'autres métaux précieux",10,verifie
7112.92.0000,"4038 -- Déchets et débris de platine, même de plaqué ou doublé de platine, à l'exclusion des cendres d'orfèvre contenant d'autres métaux précieux",10,verifie
7112.99.0000,"4039 -- Autres déchets et débris de métaux précieux ou de plaqué ou de doublé de métaux précieux, autres déchets et débris contenant des métaux précieux ou des composés de métaux précieux du type de ceux utilisés principalement pour la récupération des métaux Page 348 de 566",10,verifie
7113.11.0000,"4040 -- Articles de bijouterie ou de joaillerie et leurs parties en argent, même revêtu, plaqué ou doublé d'autres métaux précieux",20,verifie
7113.19.0000,"4041 -- Articles de bijouterie ou de joaillerie et leurs parties, en autres métaux précieux, même revêtus, plaqués ou doublés de métaux précieux",20,verifie
7113.20.0000,4042 - Articles de bijouterie ou de joaillerie et leurs parties en plaqués ou doublés de métaux précieux sur métaux communs,20,verifie
7114.11.0000,"4043 -- Articles d'orfèvrerie et leurs parties en argent, même revêtu, plaqué ou doublé d'autres métaux précieux",20,verifie
7114.19.0000,"4044 -- Articles d'orfèvrerie et leurs parties en métaux précieux (autre qu'en argent), même revêtus, plaqués ou doublés de métaux précieux",20,verifie
7114.20.0000,4045 - Articles d'orfèvrerie et leurs parties en plaqués ou doublés de métaux précieux sur métaux communs,20,verifie
7115.10.0000,4046  - Catalyseurs sous forme de toiles ou de treillis en platine,20,verifie
7115.90.0000,4047 -  Autres ouvrages en métaux précieux (autres que ceux du n° 7115.10) ou en plaqués ou doublés de métaux précieux,20,verifie
7116.10.0000,4048  - Ouvrages en perles fines ou de culture,20,verifie
7116.20.0000,4049  - Ouvrages en pierres gemmes ou en pierres synthétiques ou reconstituées,20,verifie
7117.11.0000,"4050 -- Boutons de manchettes et boutons similaires en métaux communs, même argentés, dorés ou platinés Page 349 de 566",20,verifie
7117.19.0000,"4051 -- Bijouterie de fantaisie en métaux communs, même argentés, dorés ou platinés, à l'exclusion des boutons de manchettes et similaires",20,verifie
7117.90.0000,"4052 -  Bijouterie de fantaisie autre qu'en métaux communs, argentés, dorés ou platinés",20,verifie
7118.10.0000,"4053  - Monnaies n'ayant pas cours légal, autres que les pièces d'or",20,verifie
7118.90.0000,"4054  - Monnaies ayant cours légal, autres que les pièces d'or",0,verifie
7201.10.0000,"4055 - Fontes brutes non alliées contenant en poids 0,5 % ou moins de phosphore en gueuses, saumons ou autres formes primaires",5,verifie
7201.20.0000,"4056 - Fontes brutes non alliées contenant en poids plus de 0,5 % de phosphore en gueuses, saumons ou autres formes primaires",5,verifie
7201.50.0000,"4057 - Fontes brutes alliées et fontes spiegel, en gueuses, saumons ou autres formes primaires",5,verifie
7202.11.0000,4058  -- Ferromanganèse contenant en poids plus de 2 % de carbone,5,verifie
7202.19.0000,4059  -- Ferromanganèse contenant en poids au plus 2 % de carbone,5,verifie
7202.21.0000,4060  -- Ferrosilicium contenant en poids plus de 55 % de silicium,5,verifie
7202.29.0000,4061  -- Ferrosilicium contenant en poids au plus 55 % de silicium,5,verifie
7202.30.0000,4062  - Ferro-silico-manganèse,5,verifie
7202.41.0000,4063  -- Ferrochrome contenant en poids plus de 4 % de carbone Page 350 de 566,5,verifie
7202.49.0000,4064  -- Ferrochrome contenant en poids au plus 4 % de carbone,5,verifie
7202.50.0000,4065  - Ferro-silico-chrome,5,verifie
7202.60.0000,4066  - Ferronickel,5,verifie
7202.70.0000,4067  - Ferromolybdène,5,verifie
7202.80.0000,4068  - Ferrotungstène et ferro-silico-tungstène,5,verifie
7202.91.0000,4069  -- Ferrotitane et ferro-silico-titane,5,verifie
7202.92.0000,4070  -- Ferrovanadium,5,verifie
7202.93.0000,4071  -- Ferroniobium,5,verifie
7202.99.0000,"4072  -- Autres ferro-alliages, du n° 72.02",5,verifie
7203.10.0000,"4073 - Produits ferreux obtenus par réduction directe des minerais de fer, en morceaux, boullettes ou formes similaires",5,verifie
7203.90.0000,"4074 - Autres produits ferreux spongieux et fer d'une pureté minimale en poids de 99,94 %, en morceaux, boulettes ou formes similaires",5,verifie
7204.10.0000,4075  - Déchets et débris de fonte,5,verifie
7204.21.0000,4076  -- Déchets et débris d'aciers inoxydables,5,verifie
7204.29.0000,4077  -- Déchets et débris d'aciers alliés autres que inoxydables,5,verifie
7204.30.0000,4078  - Déchets et débris de fer ou d'acier étamés,5,verifie
7204.41.0000,"4079 -- Tournures, frisons, copeaux, meulures, sciures, limailles et chutes d'estampage ou de découpage, même en paquets, d'autres fer et acier",5,verifie
7204.49.0000,"4080  -- Autres déchets et débris, du n° 72.04",5,verifie
7204.50.0000,4081  - Déchets lingotés en fer ou en acier,5,verifie
7205.10.0000,"4082  - Grenailles de fonte brute, de fonte spiegel, de fer ou d'acier",5,verifie
7205.21.0000,4083  -- Poudres d'aciers alliés Page 351 de 566,5,verifie
7205.29.0000,"4084 -- Poudres de fonte brute, de fonte spiegel, de fer ou d'acier autres que d'aciers d'alliés",5,verifie
7206.10.0000,"4085  - Fer et aciers non alliés en lingots, à l'exclusion du fer du n° 72.03",5,verifie
7206.90.0000,"4086 - Fer et aciers non alliés sous formes primaires autres que de lingots, à l'exclusion du fer du n° 72.03",5,verifie
7207.11.0000,"4087 -- Demi-produits en fer ou en aciers non alliés, contenant en poids moins de 0,25 % de carbone, de section transversale carrée ou rectangul",5,verifie
7207.12.0000,"4088 -- Demi-produits en fer ou en aciers non alliés, contenant en poids moins de 0,25% de carbone, de section transversale rectangul aut que",5,verifie
7207.19.0000,"4089 -- Demi-produits en fer ou en aciers non alliés, contenant en poids moins de 0,25% de carborne, du n° 72.07",5,verifie
7207.20.0000,"4090 - Demi-produits en fer ou en aciers non alliés contenant en poids 0,25 % ou plus de carbone",5,verifie
7208.10.0000,"4091 - Produits laminés plats, en fer ou en aciers non alliés, largeur 600mm ou plus, enroulés, simplement laminés à chaud, avec motifs en relief",5,verifie
7208.25.0000,"4092 -- Produit laminé plat, en fer ou acier non allié, larg. 600mm ou plus, enroulé, simplement laminé à chaud, décapé, épaisseur 4 75mm ou plus",5,verifie
7208.26.0000,"4093 -- Produit laminé plat en fer ou acier non allié, larg.600mm ou plus, enroulé, simpl. laminé à chaud, décapé, épais.de 3mm à moins de 4 75mm Page 352 de 566",5,verifie
7208.27.0000,"4094 -- Produit laminé plat, en fer ou acier non allié, larg. 600mm ou plus, enroulé, simplement laminé à chaud, décapé, épais. inférieure à 3mm",5,verifie
7208.36.0000,"4095 -- Produit laminé plat, en fer ou acier non allié, largeur 600mm ou plus, enroulé, simplement laminé à chaud, d'une épaisseur excédant 10mm",5,verifie
7208.37.0000,"4096 -- Produit laminé plat, en fer ou acier non allié, largeur 600mm ou plus, enroulé, simplement laminé à chaud, d'épaisseur 4 75mm à 10mm",5,verifie
7208.38.0000,"4097 -- Produit laminé plat, en fer ou acier non allié, larg. 600mm ou plus, enroulé, simplement laminé à chaud, épais. de 3mm à moins de 4 75mm",5,verifie
7208.39.0000,"4098 -- Produit laminé plat, en fer ou acier non allié, largeur 600mm ou plus, enroulé, simplement laminé à chaud, d'épaisseur inférieure à 3mm",5,verifie
7208.40.0000,"4099 - Produit laminé plat, en fer ou en acier non alliés, largeur 600mm ou plus, non enroulé, simplement laminé à chaud, avec motifs en relief",5,verifie
7208.51.0000,"4100 -- Produit laminé plat, en fer ou acier non allié, largeur 600mm ou plus, non enroulé, simplement laminé à chaud, d'une épais. excédant 10mm",5,verifie
7208.52.0000,"4101 -- Produit laminé plat, en fer ou acier non allié, largeur 600mm ou plus, non enroulé, simplement laminé à chaud, épaisseur de 4 75mm à 10mm Page 353 de 566",5,verifie
7208.53.0000,"4102 -- Produit laminé plat, en fer ou acier non allié, larg. 600mm ou plus, non enroulé, simpl. laminé à chaud, épais. de 10mm à moins de 4 75mm",10,verifie
7208.54.0000,"4103 -- Produit laminé plat, en fer ou acier non allié, largeur 600mm ou plus, non enroulé, simplement laminé à chaud, épaisseur inférieure à 3mm",10,verifie
7208.90.0000,"4104 - Autres produits laminés plats, en fer ou en aciers non alliés, largeur 600mm ou plus, laminés à chaud, non plaqués ni revêtus du n°72 08",10,verifie
7209.15.0000,"4105 -- Produits laminés plats, en fer ou en aciers non alliés, larg. 600mm ou plus, enroulés, simplement laminés à froid, épais de 3mm ou plus",5,verifie
7209.16.0000,"4106 -- Produit laminé plat, en fer ou en acier non allié, larg. 600mm ou plus, enroulé, simpl. laminé à froid, épais. excéd. 1mm et moins de 3mm",5,verifie
7209.17.0000,"4107 -- Produits laminés plats, en fer ou en aciers non alliés, larg. 600mm ou plus, enroulés, simplement laminés à froid, épaiss de 0 5mm à 1mm",5,verifie
7209.18.0000,"4108 -- Produits laminés plats, en fer ou en aciers non alliés, larg. 600mm ou plus, enroulés, simpl. laminés à froid, épais. inférieure à 0 5mm",5,verifie
7209.25.0000,"4109 -- Produits laminés plats, en fer ou en aciers non alliés, larg. 600mm ou plus, non enroulés, simplement laminés à froid, épais 3mm ou plus Page 354 de 566",10,verifie
7209.26.0000,"4110 -- Produit laminé plat, en fer ou acier non allié, larg. 600mm ou plus,non enroulé, simpl. laminé à froid, épais. excéd. 1mm et moins de 3mm",10,verifie
7209.27.0000,"4111 -- Produits laminés plats, en fer ou aciers non alliés, larg. 600mm ou plus, non enroulés, simplement laminés à froid, épais de 0 5mm à 1mm",10,verifie
7209.28.0000,"4112 -- Produit laminé plat, en fer ou acier non alliés, larg. 600mm ou plus, non enroulé, simplement laminé à froid, épais. inférieure à 0 5mm",10,verifie
7209.90.0000,"4113 - Autres produits laminés plats, en fer ou aciers non alliés, largeur de 600mm ou plus, laminés à froid, non plaqués ni revêtus du n°72 09",10,verifie
7210.11.0000,"4114 -- Produits laminés plats, en fer ou en aciers non alliés, d'une largeur de 600 mm ou plus, étamés, d'une épaisseur de 0 5 mm ou plus",5,verifie
7210.12.0000,"4115 -- Produits laminés plats, en fer ou en aciers non alliés, d'une largeur de 600 mm ou plus, étamés, d'une épaisseur inférieure à 0 5 mm",5,verifie
7210.20.0000,"4116 - Produits laminés plats, en fer ou en aciers non alliés, d'une largeur de 600 mm ou plus, plombés, y compris le fer terne",5,verifie
7210.30.0000,"4117 - Produits laminés plats, en fer ou en aciers non alliés, d'une largeur de 600 mm ou plus, zingués électrolytiquement",5,verifie
7210.41.0000,"4118 -- Produits laminés plats, en fer ou en aciers non alliés, d'une largeur de 600 mm ou plus, autrement zingués, ondulés Page 355 de 566",20,verifie
7210.49.1000,"4119 --- Produits laminés plats, en fer ou en aciers non alliés, d'une largeur de 600 mm ou plus, autrement zingués, enroulés",5,verifie
7210.49.9000,"4120 --- Produits laminés plats, en fer ou en aciers non alliés, d'une largeur de 600 mm ou plus, autrement zingués, du n° 72.10",20,verifie
7210.50.0000,"4121 - Produits laminés plats, en fer ou aciers non alliés, larg. de 600mm ou plus, revêtus d'oxydes de chrome ou de chrome et oxydes de chrome",5,verifie
7210.61.1000,"4122 --- Produits laminés plats, en fer ou en acier non allié, d'une largeur de 600mm ou plus, revêtus d'alliage d'aluminium et de zinc enroulés",5,verifie
7210.61.9000,"4123 --- Produits laminés plats, en fer ou en aciers non alliés, de largeur de 600mm ou plus, revêtus d'alliage d'aluminium et zinc, non enroulés",20,verifie
7210.69.1000,"4124 --- Produits laminés plats, en fer ou acier non allié, d'une largeur de 600 mm ou plus, revêtus d'aluminium autre que du n°7210 61 enroulés",5,verifie
7210.69.9000,"4125 --- Produits laminés plats, en fer ou aciers non alliés, largeur de 600 mm ou plus, revêtus d'aluminium autre que du n°7210 61 non enroulés",20,verifie
7210.70.1000,"4126 --- Produits laminés plats, en fer ou acier non allié, largeur de 600 mm ou plus, peints, vernis ou revêtus de matières plastiques enroulés",5,verifie
7210.70.9000,"4127 --- Produits laminés plats, en fer ou acier non allié, largeur 600mm ou plus, peints, vernis ou revêtus de matières plastiques, non enroulés Page 356 de 566",20,verifie
7210.90.1000,"4128 -- Tôles ondulées, en fer ou en aciers non alliés, d'une largeur de 600 mm ou plus, revêtues d?'autres matières",20,verifie
7210.90.9000,"4129 -- Autres produits laminés plats, en fer ou en aciers non alliés, d'une largeur de 600 mm ou plus, plaqués ou revêtus, du n°",20,verifie
7211.13.0000,"4130 -- Produit laminé plat, en fer ou en acier non allié, larg. excéd. 150mm, épais. 4mm ou plus, simpl. laminé à chaud ... non enroulé et ne",5,verifie
7211.14.0000,"4131 -- Produit laminé plat, en fer ou acier non allié, largeur inférieure à 600mm, simpl. laminé à chaud, épais. 4,75 mm ou plus, sauf n°7211 13",5,verifie
7211.19.0000,"4132 -- Autres produits laminés plats, en fer ou en aciers non alliés, d'une largeur inférieure à 600 mm, simplement laminés à chaud du n° 72 11",5,verifie
7211.23.0000,"4133 -- Produit laminé plat, en fer ou acier non allié, largeur inférieure à 600mm, simpl. laminé à froid, contenant moins de 0,25% de carbone",5,verifie
7211.29.0000,"4134 -- Produits laminés plats, en fer ou en aciers non alliés, largeur inférieure à 600 mm, simplement laminés à chaud, autres que du n°7211 23",5,verifie
7211.90.0000,"4135 - Autres produits laminés plats, en fer ou en aciers non alliés, d'une largeur inférieure à 600 mm, non plaqués ni revêtus du n° 72 11",5,verifie
7212.10.0000,"4136 - Produits laminés plats, en fer ou en aciers non alliés, d'une largeur inférieure à 600 mm, étamés Page 357 de 566",5,verifie
7212.20.0000,"4137 - Produits laminés plats, en fer ou en aciers non alliés, d'une largeur inférieure à 600 mm, zingués électrolytiquement",5,verifie
7212.30.0000,"4138 - Produits laminés plats, en fer ou en aciers non alliés, d'une largeur inférieure à 600 mm, zingués autrement qu'électrolytiquement",5,verifie
7212.40.0000,"4139 - Produits laminés plats, en fer ou en aciers non alliés, d'une largeur inférieure à 600mm, peints, vernis ou revêtus de matières plastiques",5,verifie
7212.50.0000,"4140 - Produits laminés plats, en fer ou en aciers non alliés, d'une largeur inférieure à 600mm, autrement revêtus, du n° 72.12",5,verifie
7212.60.0000,"4141 - Produits laminés plats, en fer ou en aciers non alliés, d'une largeur inférieure à 600 mm, plaqués",5,verifie
7213.10.0000,"4142 - Fil machine en fer ou en aciers non alliés comportant des indentations, bourrelets, creux ou reliefs obtenus au cours du laminage",5,verifie
7213.20.1000,"4143 -- Fil machine en aciers de décolletage de section circulaire d?un diamètre n?'excédant pas 5,5 mm",5,verifie
7213.20.9000,"4144 -- Fil machine en aciers de décolletage, autre que de section circulaire d?'un diamètre ?n'excédant pas 5,5 mm",5,verifie
7213.91.1000,"4145 --- Fil machine en fer ou en aciers non alliés d'?un diamètre n?'excédant pas 5,5mm, autre que des n°s 7213.10 et Page 358 de 566",20,verifie
7213.91.9000,"4146 --- Fil machine en fer ou en aciers non alliés d'?un diamètre excédant 5,5 mm mais inférieur 14 mm, autre que des n°s 7213 10 et 7213 20",20,verifie
7213.99.0000,"4147  -- Autre fil machine en fer ou en aciers non alliés, du n° 72.13",5,verifie
7214.10.0000,"4148  - Barres en fer ou en aciers non alliés, forgées",20,verifie
7214.20.0000,"4149 - Barres en fer ou en aciers non alliés, laminées à chaud comportant des indentations, bourrelets…ou ayant subi une torsion après laminage",20,verifie
7214.30.0000,"4150 - Barres en aciers de décolletage, simplement laminées ou filées à chaud ainsi que celles ayant subi une torsion après laminage",20,verifie
7214.91.0000,"4151 -- Barres en fer ou en aciers non alliés, simplement laminées à chaud, de section transversale rectangulaire",20,verifie
7214.99.0000,"4152 -- Autres barres en fer ou en aciers non alliés, simplement laminées ou filées à chaud, du n° 72.14",20,verifie
7215.10.0000,"4153 - Barres en aciers de décolletage, simplement obtenues ou parachevées à froid",20,verifie
7215.50.0000,"4154 - Barres en fer ou en aciers non alliés (autres qu'en aciers de decolletage), simplement obtenues ou parachevées à froid",20,verifie
7215.90.0000,"4155 - Barres en fer ou en aciers non alliés autres que simplement obtenues ou parachevées à froid, du n° 72.15 Page 359 de 566",20,verifie
7216.10.0000,"4156 - Profilés en fer ou en aciers non alliés, en U, en I ou en H, simplement laminés ou filés à chaud, d'une hauteur de moins de 80 mm",20,verifie
7216.21.0000,"4157 -- Profilés en fer ou en aciers non alliés, en L, simplement laminés ou filés à chaud, d'une hauteur de moins de 80 mm",20,verifie
7216.22.0000,"4158 -- Profilés en fer ou en aciers non alliés, en T, simplement laminés ou filés à chaud, d'une hauteur de moins de 80 mm",20,verifie
7216.31.0000,"4159 -- Profilés en fer ou en aciers non alliés, en U,  simplement laminés ou filés à chaud, d'une hauteur de 80 mm ou plus",20,verifie
7216.32.0000,"4160 -- Profilés en fer ou en aciers non alliés, en I, simplement laminés ou filés à chaud, d'une hauteur de 80 mm ou plus",20,verifie
7216.33.0000,"4161 -- Profilés en fer ou en aciers non alliés, en H, simplement laminés ou filés à chaud, d'une hauteur de 80 mm ou plus",20,verifie
7216.40.0000,"4162 - Profilés en fer ou en aciers non alliés, en L ou en T, simplement laminés ou filés à chaud, d'une hauteur de 80 mm ou plus",20,verifie
7216.50.0000,"4163 - Autres profilés en fer ou en aciers non alliés, simplement laminés ou filés à chaud, du n° 72.16",20,verifie
7216.61.0000,"4164 -- Profilés en fer ou en aciers non alliés, obtenus à froid à partir de produits laminés plats",20,verifie
7216.69.0000,"4165 -- Profilés en fer ou en aciers non alliés, obtenus ou parachevés à froid, à l'exclusion de ceux du n° 7216.61 Page 360 de 566",20,verifie
7216.91.0000,"4166 -- Autres profilés en fer ou en aciers non alliés, obtenus ou parachevés à froid à partir de produits laminés plats, du n°",20,verifie
7216.99.0000,4167  -- Autres profilés en fer ou en aciers du n°,20,verifie
7217.10.1000,"4168 -- Fils en fer ou en aciers non alliés, non revêtus, même polis, d'?un diamètre n?'excédant pas 5,5 mm",10,verifie
7217.10.9000,"4169 -- Fils en fer ou en aciers non alliés, non revêtus, même polis, autres que ceux d'?un diamètre n'excédant pas 5,5 mm",10,verifie
7217.20.1000,"4170 -- Fils en fer ou en aciers non alliés, zingués, d'?un diamètre n?'excédant pas 5,5 mm",10,verifie
7217.20.9000,"4171 -- Fils en fer ou en aciers non alliés, zingués, autres que ceux d'?un diamètre n'excédant pas 5,5 mm",10,verifie
7217.30.1000,"4172 -- Fils en fer ou en aciers non alliés, revêtus de métaux communs (sauf zinc), d'?un diamètre n'?excédant pas 5,5 mm",10,verifie
7217.30.9000,"4173 -- Fils en fer ou en aciers non alliés, revêtus de métaux communs (sauf zinc), autres que ceux d'?un diamètre n'excédant pas 5 5 mm",10,verifie
7217.90.1000,"4174 -- Autres fils en fer ou en aciers non alliés, d'un diamètre n?'excédant pas 5,5 mm, du n° 72.17",10,verifie
7217.90.9000,"4175 -- Autres fils en fer ou en aciers non alliés, autres que ceux d'?un diamètre n'excédant pas 5,5 mm, du n° 72.17",10,verifie
7218.10.0000,4176  - Aciers inoxydables en lingots ou autres formes primaires Page 361 de 566,5,verifie
7218.91.0000,4177  -- Demi-produits en aciers inoxydables de section transversale rectangulaire,5,verifie
7218.99.0000,4178 -- Demi-produits en aciers inoxydables autre que de section transversale rectangulaire,5,verifie
7219.11.0000,"4179 -- Produits laminés plats en aciers inoxydables, simplement laminés à chaud, enroulés, largeur de 600 mm ou plus, épaisseur excédant 10 mm",5,verifie
7219.12.0000,"4180 -- Produits laminés plats en aciers inoxydables, simplement laminés à chaud, enroulés, largeur de 600 mm ou plus, épaisseur de 4 75mm à 10mm",5,verifie
7219.13.0000,"4181 -- Produits laminés plats en aciers inoxydables, laminés à chaud, enroulés, larg. 600mm ou plus, épais. de 3mm ou plus mais moins de 4 75mm",5,verifie
7219.14.0000,"4182 -- Produits laminés plats en aciers inoxydables, simplement laminés à chaud, enroulés, largeur de 600mm ou plus, épaisseur inférieure à 3 mm",5,verifie
7219.21.0000,"4183 -- Produits laminés plats en aciers inoxydables, simplement laminés à chaud, non enroulés, largeur de 600mm ou plus, épaisseur excédant 10mm",5,verifie
7219.22.0000,"4184 -- Produits laminés plats en aciers inoxydables, simplement laminés à chaud, non enroulés, largeur de 600mm ou plus, épais de 4 75mm à 10mm",5,verifie
7219.23.0000,"4185 -- Produits laminés plats en aciers inoxydables, laminés à chaud, non enroulés, larg.600mm ou plus, épais. de 3mm ou plus moins de 4 75mm Page 362 de 566",5,verifie
7219.24.0000,"4186 -- Produits laminés plats en aciers inoxydables, simplement laminés à chaud, non enroulés, larg. de 600mm ou plus, épais inférieure à 3 mm",5,verifie
7219.31.0000,"4187 -- Produits laminés plats en aciers inoxydables, simplement laminés à froid, d'une largeur de 600mm ou plus, épaisseur de 4 75mm ou plus",5,verifie
7219.32.0000,"4188 -- Produits laminés plats en aciers inoxydables, laminés à froid, d'une larg. de 600mm ou plus, épais. de 3mm ou plus mais moins de 4 75mm",5,verifie
7219.33.0000,"4189 -- Produits laminés plats en aciers inoxydables, laminés à froid, largeur de 600mm ou plus, épaisseur excédant 1mm mais inférieure à 3mm",5,verifie
7219.34.0000,"4190 -- Produits laminés plats en aciers inoxydables, laminés à froid, largeur de 600mm ou plus, épaisseur de 0,5 mm mais n'excédant pas 1mm",5,verifie
7219.35.0000,"4191 -- Produits laminés plats en aciers inoxydables, simplement laminés à froid, largeur de 600mm ou plus, épaisseur inférieure à 0 5 mm",5,verifie
7219.90.0000,"4192 - Autres produits laminés plats en aciers inoxydables, d'une largeur de 600 mm ou plus, du n° 72.19",5,verifie
7220.11.0000,"4193 -- Produits laminés plats en aciers inoxydables, simplement laminés à chaud, largeur inférieure à 600 mm, épaisseur de 4 75 mm ou plus Page 363 de 566",5,verifie
7220.12.0000,"4194 -- Produits laminés plats en aciers inoxydables, simplement laminés à chaud, largeur inférieure à 600mm, d'une épaisseur inférieure à 4 75mm",5,verifie
7220.20.0000,"4195 - Produits laminés plats en aciers inoxydables, simplement laminés à froid, d'une largeur inférieure à 600 mm",5,verifie
7220.90.0000,"4196 - Autres produits laminés plats en aciers inoxydables, d'une largeur inférieure à 600 mm, du n° 72.20",5,verifie
7221.00.0000,4197  Fil machine en aciers inoxydables.,5,verifie
7222.11.0000,"4198 -- Barres en aciers inoxydables, simplement laminées ou filées à chaud, de section circulaire",10,verifie
7222.19.0000,"4199 -- Barres en aciers inoxydables, simplement laminées ou filées à chaud, autres que de section circulaire",10,verifie
7222.20.0000,"4200 - Barres en aciers inoxydables, simplement obtenues ou parachevées à froid",10,verifie
7222.30.0000,"4201  - Autres barres en aciers inoxydables, du n°",10,verifie
7222.40.0000,4202  - Profilés en aciers inoxydables,10,verifie
7223.00.0000,4203  Fils en aciers inoxydables.,10,verifie
7224.10.0000,4204  - Autres aciers alliés en lingots ou autres formes primaires,5,verifie
7224.90.0000,4205  - Demi-produits en autres aciers alliés,5,verifie
7225.11.0000,"4206 -- Produits laminés plats en aciers au silicium dits «magnétiques», d'une largeur de 600 mm ou plus, à grains orientés",5,verifie
7225.19.0000,"4207 -- Produits laminés plats en aciers au silicium dits «magnétiques», d'une largeur de 600 mm ou plus, autres qu'à grains orientés Page 364 de 566",5,verifie
7225.30.0000,"4208 - Produits laminés plats en autres aciers alliés (sauf aciers au silicium), largeur de 600 mm ou plus, simplement laminés à chaud enroulés",5,verifie
7225.40.0000,"4209 - Produits laminés plats en autres aciers alliés (sauf aciers au silicium), larg. de 600mm ou plus, simplement laminés à chaud non enroulés",5,verifie
7225.50.0000,"4210 - Produits laminés plats en autres aciers alliés (sauf aciers au silicium), d'une largeur de 600 mm ou plus, simplement laminés à froid",5,verifie
7225.91.0000,"4211 -- Produits laminés plats en autres aciers alliés (sauf aciers au silicium), d'une largeur de 600 mm ou plus, zingués électrolytiquement",5,verifie
7225.92.0000,"4212 -- Produits laminés plats en autres aciers alliés (sauf aciers au silicium), larg. de 600mm ou plus, zingués autrement qu'électrolytiquement",5,verifie
7225.99.0000,"4213 -- Autres produits laminés plats en autres aciers alliés, d'une largeur de 600 mm ou plus, du n° 72.25",5,verifie
7226.11.0000,"4214 -- Produits laminés plats en aciers au silicium dits «magnétiques», d'une largeur inférieure à 600 mm, à grains orientés",5,verifie
7226.19.0000,"4215 -- Produits laminés plats en aciers au silicium dits «magnétiques», d'une largeur inférieure à 600 mm, autres qu'à grains orientés",5,verifie
7226.20.0000,"4216  - Produits laminés plats en aciers à coupe rapide, d'une largeur inférieure à 600 mm Page 365 de 566",5,verifie
7226.91.0000,"4217 -- Produits laminés plats en aut. aciers alliés (sauf aciers au silicium ou à coupe rapide),larg. inférieure à 600mm, simpl. laminés à chaud",5,verifie
7226.92.0000,"4218 -- Produits laminés plats en aut. aciers alliés (sauf aciers au silicium ou à coupe rapide),larg. inférieure à 600mm, simpl. laminés à froid",5,verifie
7226.99.0000,"4219 -- Autres produits laminés plats en autres aciers alliés, d'une largeur inférieure à 600 mm, du n° 72.26",5,verifie
7227.10.0000,4220  - Fil machine en autres aciers à coupe rapide,5,verifie
7227.20.0000,4221  - Fil machine en aciers silico-manganeux,5,verifie
7227.90.0000,"4222  - Fil machine en autres aciers alliés, du n°72.27",5,verifie
7228.10.0000,4223  - Barres en aciers à coupe rapide,20,verifie
7228.20.0000,4224  - Barres en aciers silico-manganeux,20,verifie
7228.30.0000,"4225 - Barres en autres aciers alliés (sauf en aciers à coupe rapide ou silico- manganeux), simplement laminées ou filées à chaud",20,verifie
7228.40.0000,"4226 - Barres en autres aciers alliés (sauf en aciers à coupe rapide ou silico- manganeux), simplement forgées",20,verifie
7228.50.0000,"4227 - Barres en autres aciers alliés (sauf en aciers à coupe rapide ou silico- manganeux), simplement obtenues ou parachevées à froid",20,verifie
7228.60.0000,"4228  - Autres barres en autres aciers alliés, du n° 72.28",20,verifie
7228.70.0000,4229  - Profilés en autres aciers alliés,20,verifie
7228.80.0000,"4230  - Barres creuses pour le forage, en aciers alliés ou non alliés Page 366 de 566",20,verifie
7229.20.0000,4231  - Fils en aciers silico-manganeux,10,verifie
7229.90.0000,4232  - Fils en autres aciers alliés autres qu'en aciers silico-manganeux,10,verifie
7301.10.0000,"4233  - Palplanches en fer ou en acier, même percées ou faites d'éléments assemblés",10,verifie
7301.20.0000,"4234  - Profilés obtenus par soudage, en fer ou en acier",20,verifie
7302.10.0000,"4235  - Rails en fonte, fer ou acier",5,verifie
7302.30.0000,"4236 - Aiguilles, pointes de c?ur, tringles d'aiguillage et autres éléments de croisement ou de changement de voies, en fonte fer ou acier",5,verifie
7302.40.0000,"4237  - Eclisses et selles d'assise, en fonte, fer ou acier",5,verifie
7302.90.0000,"4238  - Autres éléments de voies ferrées, en fonte, fer ou acier, du n° 73.02",5,verifie
7303.00.1000,"4239 - Tubes, tuyaux et profilés creux, en fonte, des types utilisés pour canalisation sous pression",10,verifie
7303.00.9000,"4240 - Tubes, tuyaux et profilés creux, en fonte autres que des types utilisés pour canalisation sous pression",20,verifie
7304.11.0000,"4241 -- Tubes et tuyaux, sans soudure, en aciers inoxydables, des types utilisés pour oléoducs ou gazoducs",5,verifie
7304.19.0000,"4242 -- Tubes et tuyaux, sans soudure, en fer ou en acier (autres qu'en aciers inoxydables), des types utilisés pour oléoducs ou gazoducs",5,verifie
7304.22.0000,"4243 -- Tiges de forage, sans soudure,en aciers inoxydables, des types utilisés pour l'extraction du pétrole ou de gaz Page 367 de 566",5,verifie
7304.23.0000,"4244 -- Tiges de forage, sans soudure, en fer ou en acier (sauf en aciers inoxydables) des types utilisés pour l'extraction du pétrole ou de gaz",5,verifie
7304.24.0000,"4245 -- Tubes et tuyaux de cuvelage ou de production, sans soudure, en aciers inoxydables, types utilisés pour l'extraction du pétrole ou de gaz",5,verifie
7304.29.0000,"4246 -- Tubes et tuyaux de cuvelage ou de production, sans soudure, en fer ou en acier (sauf en aciers inox.), pr extraction du pétrole ou de gaz",5,verifie
7304.31.1000,"4247 --- Tubes, tuyaux et profilés creux, sans soudure, section circulaire, en fer ou acier non allié, étirés...à froid...pr canal. sous pression",10,verifie
7304.31.2000,"4248 --- Tubes, tuyaux et profilés creux, sans soudure, section circul., en fer ou acier non allié, étirés...à froid, pr industrie ... motocycles",5,verifie
7304.31.9000,"4249 --- Tubes, tuyaux et profilés creux, sans soudure, section circulaire, en fer ou en aciers non alliés, étirés ou laminés à froid, du n°73 04",20,verifie
7304.39.1000,"4250 --- Tubes, tuyaux et profilés creux, sans soudure, section circul., en fer ou aciers non alliés, non étirés ni...à froid, pour canalisation",10,verifie
7304.39.2000,"4251 --- Tubes, tuyaux et profilés creux, sans soudure, section circul., en fer ou aciers non alliés, non étirés ni...à froid, pr cadres moto Page 368 de 566",5,verifie
7304.39.9000,"4252 --- Autres tubes, tuyaux et profilés creux, sans soudure, de section circulaire, en fer ou aciers non alliés, du n° 73.04",20,verifie
7304.41.1000,"4253 --- Tubes, tuyaux et profilés creux, sans soudure, de section circulaire, en aciers inox., étirés...à froid, pour canalisation sous pression",10,verifie
7304.41.9000,"4254 --- Tubes, tuyaux et profilés creux, sans soudure, section circul., en acier inox., étirés...à froid, aut. que pr canalisation sous pression",20,verifie
7304.49.1000,"4255 --- Tubes, tuyaux et profilés creux, sans soudure, section circulaire, en aciers inox., non étirés ni…à froid, pr canalisation sous pression",10,verifie
7304.49.9000,"4256 --- Tubes, tuyaux et profilés creux, sans soudure, section circul., en aciers inox., non étirés ni...à froid, aut. que pr canalisation sous",20,verifie
7304.51.1000,"4257 --- Tubes, tuyaux et profilés creux, sans soudure, section circul.,en aut. aciers alliés, étirés ou...à froid, pr canalisation sous pression",10,verifie
7304.51.9000,"4258 --- Tubes, tuyaux et profilés creux, sans soudure, sect. circul., en aut. aciers alliés, étirés ou...à froid, aut. que pr canalisation sous",20,verifie
7304.59.1000,"4259 --- Tubes, tuyaux et profilés creux, sans soudure, section circul., en aut. aciers alliés, non étirés ni...à froid, pr canalisation sous Page 369 de 566",10,verifie
7304.59.9000,"4260 --- Tubes, tuyaux et profilés creux, sans soudure, section circul., en aut. aciers alliés, non étirés ni...à froid, aut. que pr canal sous",20,verifie
7304.90.0000,"4261 - Autres tubes, tuyaux et profilés creux, sans soudure, en fer ou en acier, du n°",20,verifie
7305.11.0000,"4262 -- Tubes et tuyaux soudés longitudinalement à l'arc immergé, section circulaire, diamètre excédant 406,4mm, pr oléoducs en fer ou acier",10,verifie
7305.12.0000,"4263 -- Tubes et tuyaux soudés longitudinalement aut. qu'à l'arc immergé, sect. circul., diamètre excéd. 406,4mm, pr oléoducs en fer ou acier",5,verifie
7305.19.0000,"4264 -- Tubes et tuyaux autres que soudés longitudinalement, section circulaire, diamètre excédant 406,4mm, pour oléoducs ou en fer ou acier",5,verifie
7305.20.0000,"4265 - Tubes et tuyaux de cuvelage, section circulaire, diamètre extérieur excédant 406,4mm, en fer ou acier, pr extraction du pétrole ou du gaz",5,verifie
7305.31.1000,"4266 --- Tubes et tuyaux soudés longitudinalement, section circulaire, diamètre excédant 406,4mm, en fer ou acier pr canalisation sous pression",10,verifie
7305.31.9000,"4267 --- Autres tubes et tuyaux soudés longitudinalement, de section circulaire, d'un diamètre excédant 406,4mm, en fer ou en acier du n°73 05 Page 370 de 566",20,verifie
7305.39.1000,"4268 --- Tubes et tuyaux soudés autr. que longitudinalement, sect. circul., diamètre excéd. 406,4mm, en fer ou acier, pr canalisat sous pression",10,verifie
7305.39.9000,"4269 --- Autres tubes et tuyaux soudés autr. que longitudinalement, section circulaire, diamètre excédant 406,4mm, en fer ou acier du n°73 05",20,verifie
7305.90.1000,"4270 -- Tubes et tuyaux autres que soudés, de section circulaire, diamètre excédant 406,4mm, en fer ou en acier, pour canalisation sous pression",10,verifie
7305.90.9000,"4271 -- Autres tubes et tuyaux autres que soudés, de section circulaire, d'un diamètre excédant 406,4mm, en fer ou en acier du n° 73 05",20,verifie
7306.11.0000,"4272 -- Tubes et tuyaux soudés, en aciers inoxydables, des types utilisés pour oléoducs ou gazoducs",5,verifie
7306.19.0000,"4273 -- Tubes et tuyaux en fer ou en acier (sauf ceux soudés, en aciers inoxydables), des types utilisés pour oléoducs ou gazoducs",5,verifie
7306.21.0000,"4274 -- Tubes et tuyaux de cuvelage ou de production, soudés, en aciers inoxydables, des types utilisés pour l'extraction du pétrole ou de gaz",5,verifie
7306.29.0000,"4275 -- Tubes et tuyaux de cuvelage ou de production, en fer ou acier (sauf ceux soudés, en aciers inoxydables), pr extraction du pétrole ou gaz",5,verifie
7306.30.1000,"4276 -- Tubes, tuyaux et profilés creux, soudés, de section circulaire, en fer ou en aciers non alliés, pour canalisation sous pression Page 371 de 566",10,verifie
7306.30.9000,"4277 -- Tubes, tuyaux et profilés creux, soudés, de section circulaire, en fer ou en aciers non alliés aut. que pour canalisation sous pression",20,verifie
7306.40.1000,"4278 -- Tubes, tuyaux et profilés creux, soudés, de section circulaire, en aciers inoxydables, des types utilisés pour canalisation sous pression",10,verifie
7306.40.9000,"4279 -- Tubes, tuyaux et profilés creux, soudés, de section circulaire, en aciers inoxydables, autres que pour canalisation sous pression",20,verifie
7306.50.1000,"4280 -- Tubes, tuyaux et profilés creux, soudés, section circulaire, en autres aciers alliés, des types utilisés pour canalisation sous pression",10,verifie
7306.50.9000,"4281 -- Tubes, tuyaux et profilés creux, soudés, de section circulaire, en autres aciers alliés, autres que pour canalisation sous pression",20,verifie
7306.61.0000,"4282 -- Tubes, tuyaux et profilés creux, de section carrée ou rectangulaire, en fer ou en acier",20,verifie
7306.69.0000,"4283 -- Tubes, tuyaux et profilés creux, de section non circulaire, autre que carrée ou rectangulaire, en fer ou en acier",20,verifie
7306.90.0000,"4284  - Autres tubes, tuyaux et profilés creux, en fer ou en acier, du n° 73.06",20,verifie
7307.11.1000,"4285 --- Accessoires de tuyauterie, moulés, en fonte non malléable, des types utilisés pour canalisation sous pression",10,verifie
7307.11.9000,"4286 --- Accessoires de tuyauterie, moulés, en fonte non malléable, autres que des types utilisés pour canalisation sous pression Page 372 de 566",20,verifie
7307.19.0000,"4287  -- Accessoires de tuyauterie, moulés, en fonte ( sauf non malléable), fer ou acier",20,verifie
7307.21.0000,4288  -- Brides en aciers inoxydables,20,verifie
7307.22.0000,"4289  -- Coudes, courbes et manchons, filetés, en aciers inoxydables",20,verifie
7307.23.0000,"4290  -- Accessoires de tuyauterie à souder bout à bout, en aciers inoxydables",20,verifie
7307.29.0000,"4291  -- Autre accessoires de tuyauterie, en aciers inoxydables, du n° 73.07",20,verifie
7307.91.0000,"4292  -- Brides en fonte, fer ou acier (autres qu'en aciers inoxydables)",20,verifie
7307.92.0000,"4293 -- Coudes, courbes et manchons, filetés, en fonte, fer ou acier (autres qu'en aciers inoxydables)",20,verifie
7307.93.0000,"4294 -- Accessoires de tuyauterie à souder bout à bout, en fonte, fer ou acier (autres qu'en aciers inoxydables)",20,verifie
7307.99.0000,"4295  -- Autres accessoires de tuyauterie, en fonte, fer ou acier, du n° 73.07",20,verifie
7308.10.0000,"4296  - Ponts et éléments de ponts, en fonte, fer ou acier",5,verifie
7308.20.1000,"4297 -- Tours et pylônes en fonte, fer ou acier, des types utilisés pour le transport de l'énergie électrique",5,verifie
7308.20.9000,"4298 -- Tours et pylônes en fonte, fer ou acier autres que ceux des types utilisés pour le transport de l'énergie électrique",5,verifie
7308.30.0000,"4299 - Portes, fenêtres et leurs cadres et chambranles et seuils, en fonte, fer ou acier",20,verifie
7308.40.0000,"4300 - Matériel d'échafaudage, de coffrage, d'étançonnement ou d'étayage, en fonte, fer ou acier Page 373 de 566",5,verifie
7308.90.1000,"4301 -- Poteaux d'éclairage d'une hauteur de feu égale ou supérieure à 8 m, en fonte, fer ou acier",5,verifie
7308.90.9100,"4302  --- Buses métalliques, en fonte, fer ou acier",20,verifie
7308.90.9900,"4303 --- Autres constructions et parties de construct., articles préparés pour utilisation dans la construct., en fonte, fer ou acier du n°73 08",5,verifie
7309.00.1000,"4304 - Réservoirs, silos, bacs, pour toutes matières (sauf gaz), en fonte, fer ou acier, d'une capacité minimale de 50 000 l sans dispositifs",10,verifie
7309.00.9000,"4305 - Autres récipients pour toutes matières (sauf gaz), en fonte, fer ou acier, d'une contenance excédant 300 l, du n°73.09",10,verifie
7310.10.0000,"4306 - Réservoirs, fûts, tambours, bidons...similaires pour toutes matières (sauf gaz), en fonte, fer ou acier, d'une contenance de 50 l à 300 l",20,verifie
7310.21.0000,"4307 -- Boîtes à fermer par soudage ou sertissage, en fonte, fer ou acier, d'une contenance de moins de 50 l, sans dispositifs mécaniques ou",20,verifie
7310.29.0000,"4308 -- Autres récipients pour toutes matières (sauf gaz), en fonte, fer ou acier, d'une contenance de moins de 50 l, du n° 73.10",20,verifie
7311.00.0000,"4309  Récipients pour gaz comprimés ou liquéfiés, en fonte, fer ou acier.",20,verifie
7312.10.1000,"4310 -- Câbles de freins et de dérailleur pour cycles et motocycles, en fer ou en acier, non isolés pour l'électricité",10,verifie
7312.10.9100,"4311  --- Câbles en acier galvanisé, non isolés pour l'électricité Page 374 de 566",10,verifie
7312.10.9900,"4312 --- Torons et câbles (autres cables des n°s 7312.10.10 et 7312.10.91), en fer ou en acier, non isolés pour l'électricité",20,verifie
7312.90.0000,"4313 - Tresses, élingues et articles similaires, en fer ou en acier, non isolés pour l'électricité",20,verifie
7313.00.0000,"4314 Ronces artificielles en fer ou acier; torsades, barbelées ou non, en fils ou feuillard de fer ou acier, des types utilisés pour les clôtures",20,verifie
7314.12.0000,"4315 -- Toiles métalliques tissées, continues ou sans fin, pour machines, en aciers inoxydables",20,verifie
7314.14.0000,"4316 -- Toiles métalliques tissées (à l'exclusion des toiles métalliques continues ou sans fin, pour machines), en aciers inoxydables",20,verifie
7314.19.0000,4317  -- Toiles métalliques tissées en fer ou en acier (autres qu'en aciers inoxydables),20,verifie
7314.20.0000,"4318 - Grillages et treillis, soudés aux points de rencontre, en fils de fer ou acier dont…au moins 3mm et la surf. des mailles a au moins 100cm²",20,verifie
7314.31.0000,"4319 -- Grillages et treillis, soudés aux points de rencontre (autres que du n°7314.20) en fils de fer ou d'acier, zingués",20,verifie
7314.39.0000,"4320 -- Autres grillages et treillis, soudés aux points de rencontre, en fils de fer ou d'acier, du n° 73.14",20,verifie
7314.41.0000,"4321 -- Toiles métalliques, grillages et treillis (autres que des n°s 7314.12 à 7314.39), en fils de fer ou d'acier, zingués Page 375 de 566",20,verifie
7314.42.0000,"4322 -- Toiles métalliques, grillages et treillis (aut. que des n°s 7314.12 à 7314.39),en fils de fer ou d'acier, recouverts de matières plastiq",20,verifie
7314.49.0000,"4323  -- Autres toiles métalliques, grillages et treillis, en fils de fer ou d'acier, du n°73.14",20,verifie
7314.50.0000,"4324  - Tôles et bandes déployées, en fer ou en acier",20,verifie
7315.11.1000,"4325  --- Chaînes à rouleaux en fonte, fer ou acier, pour cycles et motocycles",10,verifie
7315.11.9000,"4326 --- Chaînes à rouleaux en fonte, fer ou acier autres que pour cycles et motocycles",20,verifie
7315.12.0000,"4327 -- Chaînes à maillons articulés en fonte, fer ou acier, autres que les chaînes à rouleaux",20,verifie
7315.19.1000,"4328  --- Manilles, en fonte, fer ou acier",10,verifie
7315.19.9000,"4329 --- Parties de chaînes à maillons articulés, en fonte, fer ou acier autres que les manilles",10,verifie
7315.20.0000,"4330  - Chaînes antidérapantes, en fonte, fer ou acier",20,verifie
7315.81.0000,"4331  -- Chaînes à maillons à étais, en fonte, fer ou acier",20,verifie
7315.82.0000,"4332  -- Chaînes, à maillons soudés, en fonte, fer ou acier",20,verifie
7315.89.0000,"4333  -- Autres chaînes et chaînettes, en fonte, fer ou acier, du n° 73.15",20,verifie
7315.90.0000,"4334 - Parties de chaînes (autres que de chaînes à maillons articulés) et de chaînettes, en fonte, fer ou acier",20,verifie
7316.00.0000,"4335  Ancres, grappins et leurs parties, en fonte, fer ou acier. Page 376 de 566",20,verifie
7317.00.1000,"4336 - Clous et agrafes ondulées, en fonte, fer ou acier, même avec tête en autre matière, à l'exclusion de ceux avec tête en cuivre",20,verifie
7317.00.9000,"4337 - Pointes, punaises, crampons appointés, agrafes biseautées et articles similaires, en fonte, fer ou acier, même avec tête en autre matière, à l'exclusion de ceux avec tête en cuivre du n° 73 17",20,verifie
7318.11.0000,"4338  -- Tire-fond en fonte, fer ou acier",20,verifie
7318.12.0000,"4339  -- Vis à bois autres que les tire-fond, en fonte, fer ou acier",20,verifie
7318.13.0000,"4340  -- Crochets et pitons à pas de vis, en fonte, fer ou acier",20,verifie
7318.14.0000,"4341  -- Vis autotaraudeuses en fonte, fer ou acier",20,verifie
7318.15.0000,"4342  -- Autres vis et boulons, même avec leurs écrous ou rondelles, en fonte, fer ou acier",20,verifie
7318.16.0000,"4343  -- Ecrous en fonte, fer ou acier",20,verifie
7318.19.0000,"4344  -- Articles filetés en fonte, fer ou acier, du n°73.18",20,verifie
7318.21.0000,"4345 -- Rondelles destinées à faire ressort et autres rondelles de blocage, en fonte, fer ou acier",20,verifie
7318.22.0000,"4346  -- Rondelles autres que les rondelles de blocage, en fonte, fer ou acier",20,verifie
7318.23.0000,"4347  -- Rivets, en fonte, fer ou acier",20,verifie
7318.24.0000,"4348  -- Goupilles et clavettes, en fonte, fer ou acier",20,verifie
7318.29.0000,"4349  -- Autres articles non filetés, en fonte, fer ou acier, du n° 73.18",20,verifie
7319.40.0000,"4350 - Epingles de sûreté et autres épingles, en fer ou en acier, non dénommées ni comprises ailleurs Page 377 de 566",20,verifie
7319.90.0000,"4351 - Aiguilles à coudre ou à tricoter, passe- lacets, crochets, poinçons à broder et articles similaires, pr usage à la main, en fer ou en acier",20,verifie
7320.10.0000,"4352  - Ressorts à lames et leurs lames, en fer ou en acier",20,verifie
7320.20.0000,"4353  - Ressorts en hélice, en fer ou en acier",20,verifie
7320.90.0000,"4354  - Autres ressorts et lames de ressorts, en fer ou en acier, du n°73.20",20,verifie
7321.11.1100,"4355 ---- Appareils de cuisson et chauffe-plats, en fonte, fer ou acier, à combustibles gazeux..., à deux brûleurs au plus, démonté montage",10,verifie
7321.11.1900,"4356 ---- Appareils de cuisson et chauffe-plats en fonte, fer ou acier, à combustibles gazeux..., à deux brûleurs au plus, aut. que pr industrie",20,verifie
7321.11.9100,"4357 ---- Appareils de cuisson et chauffe-plats, en fonte, fer ou acier, à combustibles gazeux..., à plus de deux brûleurs, démonté montage",10,verifie
7321.11.9900,"4358 ---- Appareils de cuisson et chauffe-plats, en fonte, fer ou acier, à combustibles gazeux...,à plus de deux brûleurs, aut. que pr industrie",20,verifie
7321.12.1000,"4359 ---- Appareils de cuisson et chauffe-plats, en fonte, fer ou acier, à combustibles liquides, à deux brûleurs au plus",20,verifie
7321.12.9000,"4360 ---- Appareils de cuisson et chauffe-plats en fonte, fer ou acier, à combustibles liquides, à plus de deux brûleurs Page 378 de 566",20,verifie
7321.19.0000,"4361 -- Appareils de cuisson et chauffe-plats en fonte, fer ou acier, à autres combustibles, y compris les appareils à combustibles solides",20,verifie
7321.81.0000,"4362 -- Autres appareils non électriques, à usage domestique, en fonte, fer ou acier, à combustibles gazeux … et autres combustibles du n°73 21",20,verifie
7321.82.0000,"4363 -- Autres appareils non électriques, à usage domestique, en fonte, fer ou acier, à combustibles liquides, du n°73.21",20,verifie
7321.89.0000,"4364 -- Autres appareils non électriques, usage domestique, en fonte, fer ou acier, à aut. comb., y cpris ceux à combustibles solides, du n°73 21",20,verifie
7321.90.0000,"4365 - Parties des appareils non électriques, à usage domestique, en fonte, fer ou acier, du n°73.21",10,verifie
7322.11.0000,"4366 -- Radiateurs pour le chauffage central, à chauffage non électrique, et leurs parties, en fonte",20,verifie
7322.19.0000,"4367 -- Radiateurs pour le chauffage central, à chauffage non électrique, et leurs parties, en fer ou acier",20,verifie
7322.90.0000,"4368 - Générateurs et distributeur d'air chaud (...), à chauffage non électrique (…) et leurs parties, en fonte, fer ou acier",20,verifie
7323.10.0000,"4369 - Paille de fer ou d'acier; éponges, torchons, gants et articles similaires pr le récurage, le polissage ou usages analogues en fer ou acier",20,verifie
7323.91.0000,"4370 -- Articles de ménage ou d'économie domestique et leurs parties, en fonte, non émaillés Page 379 de 566",20,verifie
7323.92.0000,"4371 -- Articles de ménage ou d'économie domestique et leurs parties, en fonte, émaillés",20,verifie
7323.93.0000,"4372 -- Articles de ménage ou d'économie domestique et leurs parties, en aciers inoxydables",20,verifie
7323.94.0000,"4373 -- Articles de ménage ou d'économie domestique et leurs parties, en fer ou en acier, émaillés",20,verifie
7323.99.1000,"4374 --- Articles de ménage ou d'économie domestique et leurs parties, en fer ou acier, galvanisés",20,verifie
7323.99.9000,"4375 --- Autres articles de ménage ou d'économie domestique et leurs parties, en fer ou acier, du n° 73.23",20,verifie
7324.10.0000,4376  - Eviers et lavabos en aciers inoxydables,20,verifie
7324.21.0000,"4377  -- Baignoires en fonte, même émaillées",20,verifie
7324.29.0000,4378  -- Baignoires en fer ou en acier,20,verifie
7324.90.1000,"4379 -- Autres articles d'hygiène ou de toilette, y compris les parties, en fonte, fer ou acier, émaillés",20,verifie
7324.90.2000,"4380 -- Autres articles d'hygiène ou de toilette, y compris les parties, en fonte, fer ou acier, galvanisés",20,verifie
7324.90.9000,"4381 -- Autres articles d'hygiène ou de toilette, y compris les parties, en fonte, fer ou acier, du n° 73.24",20,verifie
7325.10.0000,4382  - Autres ouvrages moulés en fonte non malléable,20,verifie
7325.91.0000,"4383  -- Boulets et articles similaires, moulés, pour broyeurs, en fonte, fer ou acier",5,verifie
7325.99.1000,"4384  --- Accessoires pour lignes électriques, moulés, en fonte, fer ou acier Page 380 de 566",20,verifie
7325.99.9000,"4385  --- Autres ouvrages moulés en fonte, fer ou acier, du n° 73.25",20,verifie
7326.11.0000,"4386 -- Boulets et articles similaires pour broyeurs, en fer ou en acier, forgés ou estampés mais non autrement travaillés",5,verifie
7326.19.0000,"4387 -- Autres ouvrages en fer ou en acier, forgés ou estampés mais non autrement travaillés, à l'exclusion des boulets et similaires pr broyeurs",20,verifie
7326.20.1000,4388  -- Tringles mono filaires pour pneumatiques en fils de fer ou d'acier,10,verifie
7326.20.9000,4389 -- Ouvrages en fils de fer ou d'acier autres que les tringles mono filaires pour pneumatiques,20,verifie
7326.90.1000,4390  -- Accessoires pour lignes électriques en fer ou en acier,20,verifie
7326.90.9000,4391  -- Autres ouvrages en fer ou en acier du n°,20,verifie
7401.00.0000,4392  Mattes de cuivre; cuivre de cément (précipité de cuivre).,5,verifie
7402.00.0000,4393  Cuivre non affiné; anodes en cuivre pour affinage électrolytique.,5,verifie
7403.11.0000,4394  -- Cathodes et sections de cathodes en cuivre affiné,5,verifie
7403.12.0000,4395  -- Barres à fil (wire-bars) en cuivre affiné,5,verifie
7403.13.0000,4396  -- Billettes en cuivre affiné,5,verifie
7403.19.0000,"4397  -- Autres articles en cuivre affiné, du 74.03",5,verifie
7403.21.0000,"4398  -- Alliages de cuivre sous forme brute, à base de cuivre-zinc (laiton)",5,verifie
7403.22.0000,"4399  -- Alliages de cuivre sous forme brute, à base de cuivre-étain (bronze) Page 381 de 566",5,verifie
7403.29.0000,"4400 -- Autres alliages de cuivre (à l'exception des alliages mères du n° 74.05), sous forme brute, du n° 74.03",5,verifie
7404.00.0000,4401  Déchets et débris de cuivre.,5,verifie
7405.00.0000,4402  Alliages mères de cuivre.,5,verifie
7406.10.0000,4403  - Poudres de cuivre à structure non lamellaire,5,verifie
7406.20.0000,4404  - Poudres de cuivre à structure lamellaire; paillettes de cuivre,5,verifie
7407.10.0000,4405  - Barres et profilés en cuivre affiné,5,verifie
7407.21.0000,"4406  -- Barres et profilés en alliages de cuivre, à base de cuivre-zinc (laiton)",5,verifie
7407.29.0000,4407  -- Barres et profilés en alliages de cuivre autres qu'à base de cuivre-zinc (laiton),5,verifie
7408.11.0000,4408 -- Fils en cuivre affiné dont la plus grande dimension de la section transversale excède 6 mm,5,verifie
7408.19.0000,4409 -- Fils en cuivre affiné autres que ceux dont la plus grande dimension de la section transversale excède 6 mm,20,verifie
7408.21.0000,4410  -- Fils en alliages de cuivre à base de cuivre- zinc (laiton),5,verifie
7408.22.0000,4411 -- Fils en alliages de cuivre à base de cuivre- nickel (cupronickel) ou de cuivre-nickel- zinc (maillechort),5,verifie
7408.29.0000,4412  -- Autres fils en alliages de cuivre du n°,5,verifie
7409.11.0000,"4413  -- Tôles et bandes en cuivre affiné, d'une épaisseur excédant 0,15 mm, enroulées",10,verifie
7409.19.0000,"4414 -- Tôles et bandes en cuivre affiné, d'une épaisseur excédant 0,15 mm, autres qu'enroulées Page 382 de 566",10,verifie
7409.21.0000,"4415 -- Tôles et bandes en alliages à base de cuivre-zinc (laiton), d'une épaisseur excédant 0,15 mm, enroulées",10,verifie
7409.29.0000,"4416 -- Tôles et bandes en alliages à base de cuivre-zinc (laiton), d'une épaisseur excédant 0,15 mm, autres qu'enroulées",10,verifie
7409.31.0000,"4417 -- Tôles et bandes en alliages à base de cuivre-étain (bronze), d'une épaisseur excédant 0,15 mm, enroulées",10,verifie
7409.39.0000,"4418 -- Tôles et bandes en alliages à base de cuivre-étain (bronze), d'une épaisseur excédant 0,15 mm, autres qu'enroulées",10,verifie
7409.40.0000,"4419 - Tôles et bandes en alliages à base de cuivre-nickel (cupronickel) ou de cuivre- nickel-zinc (maillechort), d'une épaisseur excédant 0 15 mm",10,verifie
7409.90.0000,"4420 - Tôles et bandes en autres alliages de cuivre, d'une épaisseur excédant 0,15 mm, du n°74.09",10,verifie
7410.11.0000,"4421 -- Feuilles et bandes minces en cuivre affiné, d'une épaisseur n'excédant pas 0,15 mm, sans support",15,verifie
7410.12.0000,"4422 -- Feuilles et bandes minces en alliages de cuivre, d'une épaisseur n'excédant pas 0,15 mm, sans support",10,verifie
7410.21.0000,"4423 -- Feuilles et bandes minces en cuivre affiné, d'une épaisseur n'excédant pas 0,15 mm (support non compris), sur support",15,verifie
7410.22.0000,"4424 -- Feuilles et bandes minces en alliages de cuivre, d'une épaisseur n'excédant pas 0,15 mm (support non compris), sur support",10,verifie
7411.10.0000,"4425  - Tubes et tuyaux, en cuivre affiné Page 383 de 566",20,verifie
7411.21.0000,4426  --Tubes et tuyaux en alliages de cuivre à base de cuivre-zinc (laiton),20,verifie
7411.22.0000,4427 -- Tubes et tuyaux en alliages de cuivre à base de cuivre-nickel (cupronickel) ou de cuivre-nickel-zinc (maillechort),20,verifie
7411.29.0000,"4428  -- Autres tubes et tuyaux en alliages de cuivre, du n° 74.11",20,verifie
7412.10.0000,"4429 - Accessoires de tuyauterie (raccords, coudes, manchons, par exemple), en cuivre affiné",20,verifie
7412.20.0000,"4430 - Accessoires de tuyauterie (raccords, coudes, manchons, par exemple), en alliages de cuivre",20,verifie
7413.00.0000,"4431 Torons, câbles, tresses et articles similaires, en cuivre, non isolés pour l'électricité.",20,verifie
7415.10.0000,"4432 - Pointes et clous, punaises, crampons appointés et articles similaires, en cuivre ou avec tige en fer ou en acier et tête en cuivre",20,verifie
7415.21.0000,"4433  -- Rondelles (y compris les rondelles destinées à faire ressort), en cuivre",20,verifie
7415.29.0000,"4434  -- Articles non filetés en cuivre, autres que les rondelles",20,verifie
7415.33.0000,4435  -- Vis en cuivre; boulons et écrous en cuivre,20,verifie
7415.39.0000,"4436  -- Articles filetés en cuivre, autres que vis, boulons et écrous",20,verifie
7418.10.0000,"4437 - Articles de ménage ou d'éco. domestique et parties, éponges, torchons, gants et articles simil. pr le récurage...usages analog en cuivre",20,verifie
7418.20.0000,"4438  - Articles d'hygiène ou de toilette et leurs parties, en cuivre Page 384 de 566",20,verifie
7419.20.0000,"4439 - Autres ouvrages en cuivre, coulés, moulés, estampés ou forgés, mais non autrement travaillés",20,verifie
7419.80.1000,"4440 -- Réservoirs, cuves et autres récipients en cuivre, à l'exclusion de ceux coulés, moulés, estampés ou forgés",20,verifie
7419.80.2000,"4441 -- Accessoires pour lignes de transport d'énergie électrique en cuivre, à l'exclusion de ceux coulés, moulés, estampés ou forgés",20,verifie
7419.80.9000,"4442 -- Autres ouvrages en cuivre (à l'exclusion de ceux coulés, moulés, estampés ou forgés) du N° 74.19",20,verifie
7501.10.0000,4443  - Mattes de nickel,5,verifie
7501.20.0000,4444 - «Sinters» d'oxydes de nickel et autres produits intermédiaires de la métallurgie du nickel,5,verifie
7502.10.0000,4445  - Nickel non allié sous forme brute,5,verifie
7502.20.0000,4446  - Alliages de nickel sous forme brute,5,verifie
7503.00.0000,4447  Déchets et débris de nickel.,5,verifie
7504.00.0000,4448  Poudres et paillettes de nickel.,5,verifie
7505.11.0000,4449  -- Barres et profilés en nickel non allié,20,verifie
7505.12.0000,4450  -- Barres et profilés en alliages de nickel,20,verifie
7505.21.0000,4451  -- Fils en nickel non allié,10,verifie
7505.22.0000,4452  -- Fils en alliages de nickel,10,verifie
7506.10.0000,"4453  - Tôles, bandes et feuilles en nickel non allié",10,verifie
7506.20.0000,"4454  - Tôles, bandes et feuilles en alliages de nickel",10,verifie
7507.11.0000,4455  -- Tubes et tuyaux en nickel non allié,20,verifie
7507.12.0000,4456  -- Tubes et tuyaux en alliages de nickel,20,verifie
7507.20.0000,"4457 - Accessoires de tuyauterie (raccords, coudes, manchons, par exemple), en nickel Page 385 de 566",20,verifie
7508.10.0000,"4458  - Toiles métalliques et grillages, en fils de nickel",20,verifie
7508.90.1000,"4459  -- Cadres et circonférences utilisés pour l'impression du textile, en nickel",10,verifie
7508.90.9000,4460  -- Autres ouvrages en nickel du n° 75.08,20,verifie
7601.10.0000,4461  - Aluminium non allié sous forme brute,5,verifie
7601.20.0000,4462  - Alliages d'aluminium sous forme brute,5,verifie
7602.00.0000,4463  Déchets et débris d'aluminium.,5,verifie
7603.10.0000,4464  - Poudres d'aluminium à structure non lamellaire,5,verifie
7603.20.0000,4465  - Poudres d'aluminium à structure lamellaire; paillettes d'aluminium,5,verifie
7604.10.0000,4466  - Barres et profilés en aluminium non allié,10,verifie
7604.21.0000,4467  -- Profilés creux en alliages d'aluminium,10,verifie
7604.29.0000,4468  -- Barres et profilés (sauf profilés creux) en alliages d'aluminium,10,verifie
7605.11.0000,4469 (--) Fils en aluminium non allié dont la plus grande dimension de la section transversale excède 7 mm,5,verifie
7605.19.0000,4470 (--) Fils en aluminium non allié autres que ceux dont la plus grande dimension de la section transversale excède 7 mm,10,verifie
7605.21.0000,4471 (--) Fils en alliage d'aluminium non allié dont la plus grande dimension de la section transversale excède 7 mm,10,verifie
7605.29.0000,4472 (--) Fils en alliage d'aluminium non allié autres que ceux dont la plus grande dimension de la section transversale excède 7 mm,10,verifie
7606.11.1000,"4473 --- Tôles et bandes en aluminium non allié, d'une épaisseur excédant 0,2 mm, de forme carrée ou rectangulaire, ondulées Page 386 de 566",20,verifie
7606.11.9000,"4474 --- Tôles et bandes en aluminium non allié, d'une épaisseur excédant 0,2 mm, de forme carrée ou rectangulaire, autres qu'ondulées",5,verifie
7606.12.1000,"4475 --- Tôles et bandes en alliages d'aluminium, d'une épaisseur excédant 0,2 mm, de forme carrée ou rectangulaire, ondulées",20,verifie
7606.12.9000,"4476 --- Tôles et bandes en alliages d'aluminium, d'une épaisseur excédant 0,2 mm, de forme carrée ou rectangulaire, autres qu'ondulées",5,verifie
7606.91.1000,"4477 --- Tôles et bandes en aluminium non allié, d'une épaisseur excédant 0,2 mm, ondulées, autres que de forme carrée ou rectangulaire",20,verifie
7606.91.9100,"4478 ---- Tôles et bandes en aluminium non allié, d'épaisseur excédant 0,2 mm, peintes, revêtues ou vernies, aut. qu'ondulées ou de forme carrée",5,verifie
7606.91.9900,"4479 ---- Tôles et bandes en aluminium non allié, d'épaisseur excédant 0,2mm, aut. qu'ondulées ou peintes, revêtues, vernies ou de forme carrée",5,verifie
7606.92.1000,"4480 --- Tôles et bandes en alliages d'aluminium, d'une épaisseur excédant 0,2 mm, ondulées, autres que de forme carrée ou rectangulaire",20,verifie
7606.92.9100,"4481 ---- Tôles et bandes en alliages d'aluminium, d'épaisseur excédant 0,2mm, peintes, revêtues ou vernies, aut. qu'ondulées ou de forme carrée Page 387 de 566",5,verifie
7606.92.9900,"4482 ---- Autres tôles et bandes en alliages d'aluminium, d'une épaisseur excédant 0,2mm, du n° 76.06",5,verifie
7607.11.0000,"4483 -- Feuilles et bandes minces en aluminium, d'une épaisseur n'excédant pas 0,2 mm, sans support, simplement laminées",10,verifie
7607.19.1000,"4484 --- Feuilles et bandes minces en aluminium, d'une épaisseur n'excédant pas 0,2 mm, sans support, imprimées",10,verifie
7607.19.9000,"4485 --- Feuilles et bandes minces en aluminium, d'une épaisseur n'excédant pas 0,2 mm, sans support, autres que simplement laminées ou imprimées",10,verifie
7607.20.1000,"4486 -- Feuilles et bandes minces en aluminium, d'une épaisseur n'excédant pas 0,2 mm (support non compris), sur support, imprimées",10,verifie
7607.20.9000,"4487 -- Feuilles et bandes minces en aluminium, d'une épaisseur n'excédant pas 0,2 mm (support non compris), sur support, autres qu'imprimées",10,verifie
7608.10.0000,"4488  - Tubes et tuyaux, en aluminium non allié",20,verifie
7608.20.0000,"4489  - Tubes et tuyaux, en alliages d'aluminium",20,verifie
7609.00.0000,"4490 Accessoires de tuyauterie (raccords, coudes, manchons, par exemple), en aluminium.",20,verifie
7610.10.0000,"4491 - Portes, fenêtres et leurs cadres, chambranles et seuils, en aluminium, à l'exception des constructions préfabriquées du n° 94 06 Page 388 de 566",20,verifie
7610.90.0000,"4492 - Autres constructions et leurs parties, articles préparés en vue de leur utilisation dans la construction, en aluminium, du n°76 10",10,verifie
7611.00.0000,"4493 Réservoirs, foudres, cuves et récipients...pour toutes matières (sauf gaz), en aluminium, d'une contenance excédant 300 l sans dispositifs",20,verifie
7612.10.0000,"4494 - Etuis tubulaires souples en aluminium, pour toutes matières (sauf gaz), d'une contenance n'excédant pas 300 l, sans dispositif mécanique",20,verifie
7612.90.1000,"4495 -- Boîtes  en aluminium, pour toutes matières (sauf gaz), d'une contenance n'excédant pas 300 l, sans dispositifs mécaniques ou thermiques",10,verifie
7612.90.9000,"4496 -- Autres récipients en aluminium, pour toutes matières (sauf gaz), d'une contenance n'excédant pas 300 l, sans dispositifs du n°76 12",20,verifie
7613.00.0000,4497  Récipients en aluminium pour gaz comprimés ou liquéfiés.,20,verifie
7614.10.0000,"4498 - Torons, câbles, tresses et similaires, en aluminium, non isolés pour l'électricité, avec âme en acier",20,verifie
7614.90.1000,"4499 -- Conducteurs neutres en aluminium munis d'une gaine d'étanchéité en plomb, non isolés pour l'électricité",10,verifie
7614.90.9000,"4500  -- Autres articles en aluminium, non isolés pour l'électricité, du n° 76.14",20,verifie
7615.10.1000,"4501 -- Eponges, torchons, gants et articles similaires pour le récurage, le polissage ou usages analogues, en aluminium Page 389 de 566",20,verifie
7615.10.9000,"4502  -- Articles de ménage ou d'économie domestique et leurs parties, en aluminium",20,verifie
7615.20.0000,"4503  - Articles d'hygiène ou de toilette et leurs parties, en aluminium",20,verifie
7616.10.0000,"4504 - Pointes, clous, crampons appointés, vis, boulons, écrous, crochets à pas de vis, rivets, goupilles, chevilles, clavettes..., en aluminium",20,verifie
7616.91.0000,"4505  -- Toiles métalliques, grillages et treillis, en fils d'aluminium",20,verifie
7616.99.1000,4506  --- Accessoires pour lignes électriques en aluminim,20,verifie
7616.99.9000,"4507  --- Autres ouvrages en aluminium, du n°",20,verifie
7801.10.0000,4508  - Plomb affiné sous forme brute,5,verifie
7801.91.0000,"4509 -- Plomb sous forme brute, contenant de l'antimoine comme autre élément prédominant en poids",5,verifie
7801.99.0000,"4510  -- Plomb sous forme brute, autre, du n°",5,verifie
7802.00.0000,4511  Déchets et débris de plomb.,5,verifie
7804.11.0000,"4512 -- Feuilles et bandes en plomb, d'une épaisseur n'excédant pas 0,2 mm (support non compris)",10,verifie
7804.19.0000,"4513 -- Feuilles et bandes d'une épaisseur excédant 0,2 mm (support non compris), tôles, en plomb",10,verifie
7804.20.0000,4514  - Poudres et paillettes de plomb,5,verifie
7806.00.1000,"4515  - Barres, tringles, profilés et fils, en plomb",20,verifie
7806.00.2000,4516  - Lests pour filets de pêche en plomb,5,verifie
7806.00.9000,4517  - Autres ouvrages en plomb du n° 78.06,20,verifie
7901.11.0000,"4518 -- Zinc non allié, sous forme brute, contenant en poids 99,99 % ou plus de zinc Page 390 de 566",5,verifie
7901.12.0000,"4519 -- Zinc non allié, sous forme brute,contenant en poids moins de 99,99 % de zinc",5,verifie
7901.20.0000,4520  - Alliages de zinc sous forme brute,5,verifie
7902.00.0000,4521  Déchets et débris de zinc.,5,verifie
7903.10.0000,4522  - Poussières de zinc,5,verifie
7903.90.0000,4523  - Poudres et paillettes de zinc,5,verifie
7904.00.0000,"4524  Barres, profilés et fils, en zinc.",20,verifie
7905.00.0000,"4525  Tôles, feuilles et bandes, en zinc.",10,verifie
7907.00.1000,4526  - Ouvrages de zinc de forme autre que carrée ou rectangulaire (pastilles de zinc),20,verifie
7907.00.9000,4527 - Ouvrages en zinc à l'exception de ceux de forme autre que carrée ou rectangulaire (pastilles de zinc),20,verifie
8001.10.0000,"4528  - Etain non allié, sous forme brute",5,verifie
8001.20.0000,4529  - Alliages d'étain sous forme brute,5,verifie
8002.00.0000,4530  Déchets et débris d'étain.,5,verifie
8003.00.0000,"4531  Barres, profilés et fils, en étain.",20,verifie
8007.00.0000,4532  Autres ouvrages en étain.,20,verifie
8101.10.0000,4533  - Poudres de tungstène,5,verifie
8101.94.0000,"4534 -- Tungstène sous forme brute, y compris les barres simplement obtenues par frittage",5,verifie
8101.96.0000,4535  -- Fils en tungstène,10,verifie
8101.97.0000,4536  -- Déchets et débris de tungstène,5,verifie
8101.99.1000,"4537 --- Barres, autres que celles simplement obtenues par frittage, profilés, tôles, bandes et feuilles, en tungstène",10,verifie
8101.99.9000,4538  --- Autres ouvrages en tungstène du n°,20,verifie
8102.10.0000,4539  - Poudres de molybdène,5,verifie
8102.94.0000,"4540 -- Molybdène sous forme brute, y compris les barres simplement obtenues par frittage Page 391 de 566",5,verifie
8102.95.0000,"4541 -- Barres, autres que celles simplement obtenues par frittage, profilés, tôles, bandes et feuilles, en molybdène",10,verifie
8102.96.0000,4542  -- Fils en molybdène,10,verifie
8102.97.0000,4543  -- Déchets et débris de molybdène,5,verifie
8102.99.0000,4544  -- Autres ouvrages en molybdène du n°,20,verifie
8103.20.0000,"4545 - Tantale sous forme brute, y compris les barres simplement obtenues par frittage; poudres de tantale",5,verifie
8103.30.0000,4546  - Déchets et débris de tantale,5,verifie
8103.91.0000,4547  -- Creusets en tantale,20,verifie
8103.99.0000,4548  -- Autres ouvrages en tantale du N° 81.03,20,verifie
8104.11.0000,"4549 -- Magnésium sous forme brute, contenant au moins 99,8 % en poids de magnésium",5,verifie
8104.19.0000,"4550 -- Magnésium sous forme brute, contenant moins 99,8 % en poids de magnésium",5,verifie
8104.20.0000,4551  - Déchets et débris de magnésium,5,verifie
8104.30.0000,"4552  - Copeaux, tournures et granules calibrés, en magnésium; poudres de magnésium",5,verifie
8104.90.0000,4553  - Autres ouvrages en magnésium du n°,20,verifie
8105.20.0000,4554 - Mattes de cobalt et autres produits intermédiaires de la métallurgie du cobalt; cobalt sous forme brute; poudres de cobalt,5,verifie
8105.30.0000,4555  - Déchets et débris de cobalt,5,verifie
8105.90.0000,4556  - Autres ouvrages en cobalt du n° 81.05,5,verifie
8106.10.0000,"4557 - Bismuth et ouvrages en bismuth, y compris les déchets et débris, contenant plus de 99,99 % en poids de bismuth Page 392 de 566",20,verifie
8106.90.0000,"4558 - Bismuth et ouvrages en bismuth, y compris les déchets et débris, à l'exclusion de ceux contenant plus de 99,99 % en poids de bismuth",20,verifie
8108.20.0000,4559  - Titane sous forme brute; poudres de titane,5,verifie
8108.30.0000,4560  - Déchets et débris de titane,5,verifie
8108.90.0000,4561  - Autres ouvrages en titane du n° 81.08,20,verifie
8109.21.0000,"4562 -- Zirconium sous forme brute ou poudres de zirconium, contenant moins d’une partie de hafnium pour 500 parties en poids de zirconium",5,verifie
8109.29.0000,"4563 -- Zirconium sous forme brute ou poudres de zirconium, à l'exclusion de ceux contenant moins d’une partie de hafnium pour 500 parties en poids de zirconium",5,verifie
8109.31.0000,4564 -- Déchets et débris de Zirconium contenant moins d’une partie de hafnium pour 500 parties en poids de zirconium,5,verifie
8109.39.0000,"4565 -- Déchets et débris de Zirconium, à l'exclusion de ceux contenant moins d’une partie de hafnium pour 500 parties en poids de zirconium",5,verifie
8109.91.0000,"4566 -- Zirconium (autre que sous forme brute ou poudre) et ouvrages en Zirconium, contenant moins d’une partie de hafnium pour 500 parties en poids de zirconium",20,verifie
8109.99.0000,"4567 -- Zirconium (autre que sous forme brute ou poudre) et ouvrages en Zirconium, à l'exclusion de ceux contenant moins d’une partie de hafnium pour 500 parties en poids de zirconium",20,verifie
8110.10.0000,4568  - Antimoine sous forme brute; poudres d'antimoine Page 393 de 566,5,verifie
8110.20.0000,4569  - Déchets et débris d'antimoine,5,verifie
8110.90.0000,4570  - Autres ouvrages en antimoine du n°,20,verifie
8111.00.0000,"4571  Manganèse et ouvrages en manganèse, y compris les déchets et débris.",20,verifie
8112.12.0000,4572  -- Béryllium sous forme brute; poudres de béryllium,5,verifie
8112.13.0000,4573  -- Déchets et débris de béryllium,5,verifie
8112.19.0000,4574  -- Autres ouvrages en béryllium du n°,20,verifie
8112.21.0000,4575  -- Chrome sous forme brute; poudres de chrome,5,verifie
8112.22.0000,4576  -- Déchets et débris de chrome,5,verifie
8112.29.0000,4577  -- Autres ouvrages en chrome du n°81.12,20,verifie
8112.31.0000,"4578 --  Hafnium (celtium) sous forme brute; déchets, débris et poudres de Hafnium(celtium)",5,verifie
8112.39.0000,4579  --  Autres ouvrages en Hafnium (celtium) du N°81.12,20,verifie
8112.41.0000,"4580  --  Rhénium sous forme brute; déchets, débris et poudres de Rhénium",5,verifie
8112.49.0000,4581  --  Autres ouvrages en Rhénium du N°81.12,20,verifie
8112.51.0000,4582  -- Thallium sous forme brute; poudres de thallium,5,verifie
8112.52.0000,4583  -- Déchets et débris de thallium,5,verifie
8112.59.0000,4584  -- Autres ouvrages en thallium du n° 81.12,20,verifie
8112.61.0000,4585  -- Déchets et débris de Cadmium,5,verifie
8112.69.0000,4586  -- Cadmium sous forme brute et autres ouvrages en Cadmium du N° 81.12 Page 394 de 566,20,verifie
8112.92.0000,"4587 -- Germanium, vanadium, gallium, hafnium (celtium), indium, niobium(columbium) et rhénium sous forme brute, de déchets, débris ou de poudres",5,verifie
8112.99.0000,"4588  -- Autres ouvrages en métaux communs, du n° 81.12",20,verifie
8113.00.0000,"4589  Cermets et ouvrages en cermets, y compris les déchets et débris.",20,verifie
8201.10.1000,4590  -- Ebauches de bêches et pelles,10,verifie
8201.10.9000,4591  -- Bêches et pelles autres qu'ébauches,20,verifie
8201.30.1000,"4592  -- Ebauches de pioches, pics, houes, binettes, râteaux et racloirs",10,verifie
8201.30.9000,"4593  -- Pioches, pics, houes, binettes, râteaux et racloirs autres qu'ébauches",20,verifie
8201.40.1000,4594  -- Ebauches de machettes,10,verifie
8201.40.2000,"4595 -- Ebauches de haches, serpes et outils similaires à taillants autres que de machettes",10,verifie
8201.40.9000,"4596  -- Haches, serpes et outils similaires à taillants autres qu'ébauches",20,verifie
8201.50.1000,4597  -- Ebauches de sécateurs (y compris les cisailles à volaille) maniés à une main,10,verifie
8201.50.9000,"4598 -- Sécateurs (y compris les cisailles à volaille) maniés à une main, autres qu'ébauches",20,verifie
8201.60.1000,"4599  -- Ebauches de cisailles à haies, sécateurs et outils similaires, maniés à deux mains",10,verifie
8201.60.9000,"4600 -- Cisailles à haies, sécateurs et outils similaires, maniés à deux mains, autres qu'ébauches",20,verifie
8201.90.1000,"4601  -- Ebauches d'autres outils agricoles, horticoles ou forestiers  main, du n° 82.01 Page 395 de 566",10,verifie
8201.90.9000,"4602 -- Autres outils agricoles, horticoles ou forestiers, à main, autres qu'ébauches, du n° 82.01",20,verifie
8202.10.0000,4603  - Scies à main,20,verifie
8202.20.0000,4604  - Lames de scies à ruban,10,verifie
8202.31.0000,"4605 -- Lames de scies circulaires (y compris les fraises-scies), avec partie travaillante en acier",10,verifie
8202.39.0000,"4606 -- Lames de scies circulaires (y compris les fraises-scies) y compris les parties, autres que avec partie travaillante en acier",10,verifie
8202.40.0000,"4607  - Chaînes de scies, dites coupantes",10,verifie
8202.91.0000,"4608  -- Lames de scies droites, pour le travail des métaux",10,verifie
8202.99.0000,4609  -- Autres lames de scies du n° 82.02,10,verifie
8203.10.0000,"4610  - Limes, râpes et outils similaires, à main",20,verifie
8203.20.0000,"4611  - Pinces (même coupantes), tenailles, brucelles et outils similaires, à main",10,verifie
8203.30.0000,"4612  - Cisailles à métaux et outils similaires, à main",10,verifie
8203.40.0000,"4613  - Coupe-tubes, coupe-boulons, emporte- pièce et outils similaires, à main",10,verifie
8204.11.0000,"4614  -- Clés de serrage à main (y compris les clés dynamométriques), à ouverture fixe",20,verifie
8204.12.0000,"4615 -- Clés de serrage à main (y compris les clés dynamométriques), à ouverture variable",20,verifie
8204.20.0000,"4616  - Douilles de serrage interchangeables, même avec manches",20,verifie
8205.10.0000,"4617  - Outils de perçage, de filetage ou de taraudage",10,verifie
8205.20.0000,4618  - Marteaux et masses Page 396 de 566,10,verifie
8205.30.0000,"4619 - Rabots, ciseaux, gouges et outils tranchants similaires pour le travail du bois",10,verifie
8205.40.0000,4620  - Tournevis,20,verifie
8205.51.1000,"4621  --- Fers à repasser, non électriques",20,verifie
8205.51.9000,"4622 --- Autres outils et outillage à main (y compris les diamants de vitriers) d'économie domestique, autres que fers à repasser non électriques",20,verifie
8205.59.0000,"4623  -- Enclumes; forges portatives; meules avec bâtis, à main ou à pédale",20,verifie
8205.60.0000,4624  - Lampes à souder et similaires,10,verifie
8205.70.0000,"4625 - Etaux, serre-joints et similaires, autres que ceux constituant des accessoires ou des parties de machines-outils",20,verifie
8205.90.0000,"4626 - Autres outils et outillage à main, y compris les assortiments d'articles d'au moins deux des sous-positions de la présente position",20,verifie
8206.00.0000,"4627 Outils d'au moins deux des n°s 82.02 à 82.05, conditionnés en assortiments pour la vente au détail.",10,verifie
8207.13.0000,"4628  -- Outils de forage ou de sondage, avec partie travaillante en cermets",10,verifie
8207.19.0000,"4629 -- Outils de forage ou de sondage, y compris les parties, autres qu'avec partie travaillante en cermets",10,verifie
8207.20.0000,4630  - Filières pour l'étirage ou le filage (extrusion) des métaux,10,verifie
8207.30.0000,"4631  - Outils à emboutir, à estamper ou à poinçonner",10,verifie
8207.40.0000,4632  - Outils à tarauder ou à fileter,10,verifie
8207.50.0000,4633  - Outils à percer,10,verifie
8207.60.0000,4634  - Outils à aléser ou à brocher Page 397 de 566,10,verifie
8207.70.0000,4635  - Outils à fraiser,10,verifie
8207.80.0000,4636  - Outils à tourner,10,verifie
8207.90.0000,"4637 - Autres outils interchangeables pour outillage à main, mécanique ou non, ou pour machines-outils, du n°82.07",20,verifie
8208.10.0000,4638  - Couteaux et lames tranchantes pour le travail des métaux,10,verifie
8208.20.0000,4639  - Couteaux et lames tranchantes pour le travail du bois,10,verifie
8208.30.0000,4640 - Couteaux et lames tranchantes pour appareils de cuisine ou pour machines pour l'industrie alimentaire,10,verifie
8208.40.0000,"4641 - Couteaux et lames tranchantes pour machines agricoles, horticoles ou forestières",10,verifie
8208.90.0000,"4642 - Autres couteaux et lames tranchantes, pour machines ou pour appareils mécaniques, du n° 82.02",10,verifie
8209.00.0000,"4643 Plaquettes, baguettes, pointes et objets similaires pour outils, non montés, constitués par des cermets.",20,verifie
8210.00.0000,"4644 Appareils mécaniques actionnés à la main, d'un poids de 10 kg ou moins, pour préparer, conditionner ou servir les aliments ou les boissons",10,verifie
8211.10.0000,"4645 - Assortiments de couteaux (autres que ceux du n° 82.08) à lame tranchante ou dentelée, y compris les serpettes fermantes et leurs lames",20,verifie
8211.91.0000,"4646  -- Couteaux de table à lame fixe, tranchante ou dentelée",20,verifie
8211.92.0000,"4647  -- Couteaux à lame fixe, tranchante ou dentelée autres que les couteaux de table Page 398 de 566",20,verifie
8211.93.0000,"4648 -- Couteaux à lame tranchante ou dentelée, autres qu'à lame fixe, y compris les serpettes fermantes",20,verifie
8211.94.0000,"4649 -- Lames de couteaux (autres que ceux du n° 82.08) tranchante ou dentelée, y compris les serpettes fermantes",20,verifie
8211.95.0000,"4650 -- Manches en métaux communs de couteaux (autres que ceux du n° 82.08) à lame tranchante ou dentelée, y compris les serpettes fermantes",20,verifie
8212.10.0000,4651  - Rasoirs,20,verifie
8212.20.0000,"4652  - Lames de rasoirs de sûreté, y compris les ébauches en bandes",20,verifie
8212.90.1000,4653  -- Têtes de rasoirs destinées aux industries,10,verifie
8212.90.9000,"4654  -- Autres parties de rasoirs, du n° 82.12",20,verifie
8213.00.0000,4655  Ciseaux à doubles branches et leurs lames.,10,verifie
8214.10.0000,"4656  - Coupe-papier, ouvre-lettres, grattoirs, taille-crayons et leurs lames",20,verifie
8214.20.0000,4657 - Outils et assortiments d'outils de manucures ou de pédicures (y compris les limes à ongles),10,verifie
8214.90.0000,4658  - Autres articles de coutellerie du n° 82.14,20,verifie
8215.10.0000,"4659 - Assortiments de cuillers, fourchettes, louches, écumoires, pelles à tarte, ..., contenant au moins un objet argenté, doré ou platiné",20,verifie
8215.20.0000,"4660 - Assortiments de cuillers, fourchettes, louches, écumoires, pelles à tarte, couteaux ..., ne contenant pas d'objet argenté doré ou platiné Page 399 de 566",20,verifie
8215.91.0000,"4661 -- Cuillers, fourchettes, louches, écumoires, pelles à tarte, couteaux spéciaux à poisson ou à beurre, pinces... argentés dorés ou platinés",20,verifie
8215.99.0000,"4662 -- Cuillers, fourchettes, louches, écumoires, pelles à tarte, couteaux spéciaux à poisson ou beurre... autres qu'argentés dorés ou platinés",20,verifie
8301.10.0000,"4663  - Cadenas (à clef, à secret ou électriques) en métaux communs",20,verifie
8301.20.0000,"4664 - Serrures (à clef, à secret ou électriques) des types utilisés pour véhicules automobiles, en métaux communs",20,verifie
8301.30.0000,"4665 - Serrures (à clef, à secret ou électriques) des types utilisés pour meubles, en métaux communs",20,verifie
8301.40.0000,"4666 - Autres serrures et verrous (à clef, à secret ou électriques) en métaux communs, du n°",20,verifie
8301.50.0000,"4667 - Fermoirs et montures-fermoirs comportant une serrure, en métaux communs",20,verifie
8301.60.0000,"4668 - Parties de cadenas, serrures et verrous (à clef, secret ou élec.), fermoirs et montures- fermoirs comportant une serrure, en métaux communs",10,verifie
8301.70.0000,"4669 - Clefs  des articles du n° 83.01, présentées isolément, en métaux communs",20,verifie
8302.10.0000,"4670 - Charnières de tous genres (y compris les paumelles et pentures), en métaux communs",20,verifie
8302.20.0000,4671  - Roulettes avec monture en métaux communs Page 400 de 566,20,verifie
8302.30.0000,"4672 - Autres garnitures, ferrures et articles similaires pour véhicules automobiles, en métaux communs",20,verifie
8302.41.0000,"4673 -- Autres garnitures, ferrures et articles similaires, pour bâtiments, en métaux communs",20,verifie
8302.42.0000,"4674 -- Autres garnitures, ferrures et articles similaires, pour meubles, en métaux communs",20,verifie
8302.49.0000,"4675 -- Autres garnitures, ferrures et articles similaires, en métaux communs, du n°",20,verifie
8302.50.0000,"4676  - Patères, porte-chapeaux, supports et articles similaires, en métaux communs",20,verifie
8302.60.0000,4677  - Ferme-portes automatiques en métaux communs,20,verifie
8303.00.0000,"4678 Coffres-forts, portes blindées et compartiments pour chambres fortes, coffres et cassettes de sûreté et articles simil en métaux communs",20,verifie
8304.00.0000,"4679 Classeurs, fichiers, boîtes de classement, porte-copies, plumiers … similaires de bureau, en métaux communs, sauf ceux du n° 94 03",20,verifie
8305.10.0000,"4680 - Mécanismes pour reliure de feuillets mobiles ou pour classeurs, en métaux communs",20,verifie
8305.20.0000,"4681 - Agrafes présentées en barrettes (de bureau, pour tapissiers, emballeurs, par exemple), en métaux communs",20,verifie
8305.90.0000,"4682 - Attache-lettres, coins de lettres, trombones, onglets de signalisation... y compris les parties des ouvrages du n°83 05 en métaux communs Page 401 de 566",20,verifie
8306.10.0000,"4683 - Cloches, sonnettes, gongs et articles similaires, non électriques, en métaux communs",20,verifie
8306.21.0000,"4684 -- Statuettes et autres objets d'ornement, en métaux communs, argentés, dorés ou platinés",20,verifie
8306.29.0000,"4685 -- Statuettes et autres objets d'ornement, en métaux communs autres qu'argentés, dorés ou platinés",20,verifie
8306.30.0000,"4686 - Cadres pour photographies, gravures ou similaires en métaux communs ; miroirs en métaux communs",20,verifie
8307.10.1000,4687  -- Gaines pour câble en fer ou en acier,20,verifie
8307.10.9000,"4688 -- Tuyaux flexibles en fer ou en acier, même avec leurs accessoires autres que les gaines pour câble",20,verifie
8307.90.0000,"4689 - Tuyaux flexibles, même avec leurs accessoires, en autres métaux communs autres qu'en fer ou en acier",20,verifie
8308.10.0000,"4690 - Agrafes, crochets et ?œillets pour vêtements, chaussures, bâches, maroquinerie, ou pr toutes confections ou équipements en métaux communs",10,verifie
8308.20.0000,"4691  - Rivets tubulaires ou à tige fendue, en métaux communs",10,verifie
8308.90.0000,"4692 - Fermoirs, montures-fermoirs, boucles, boucles-fermoirs… perles et ..., y compris les parties des ouvrages du n°83.08, en métaux communs",10,verifie
8309.10.1000,"4693 -- Bouchons-couronnes destinés à l'?industrie pharmaceutique, en métaux communs Page 402 de 566",10,verifie
8309.10.9000,"4694 -- Bouchons-couronnes autres que ceux destinés à l'industrie pharmaceutique, en métaux communs",10,verifie
8309.90.1000,"4695 -- Bouchons (sauf bouchons-couronnes), couvercles... autres accessoires pr l'emballage, en métaux communs, pour l?'industrie pharmaceutique",10,verifie
8309.90.9000,"4696 -- Bouchons (sauf bouchons-couronnes), couvercles... aut. accessoires pr l'emballage, en métaux communs, aut. que pr industrie pharmaceutiq",10,verifie
8310.00.0000,"4697 Plaques indicatrices, plaques-enseignes..et similaires, chiffres, lettres et enseignes diverses, en métaux communs, sauf ceux du n° 94 05",20,verifie
8311.10.0000,"4698  - Electrodes enrobées pour le soudage à l'arc, en métaux communs",20,verifie
8311.20.0000,"4699  - Fils fourrés pour le soudage à l'arc, en métaux communs",20,verifie
8311.30.0000,"4700 - Baguettes enrobées et fils fourrés pour le brasage ou le soudage à la flamme, en métaux communs",20,verifie
8311.90.0000,"4701  - Autres ouvrages en métaux communs, du n° 83.11",20,verifie
8401.10.0000,4702  - Réacteurs nucléaires,5,verifie
8401.20.0000,"4703  - Machines et appareils pour la séparation isotopique, et leurs  parties",5,verifie
8401.30.0000,4704  - Eléments combustibles (cartouches) non irradiés pour réacteurs nucléaires,5,verifie
8401.40.0000,4705  - Parties de réacteurs nucléaires,5,verifie
8402.11.0000,4706 -- Chaudières à vapeur aquatubulaires d'une production horaire de vapeur excédant 45 tonnes Page 403 de 566,5,verifie
8402.12.0000,4707 -- Chaudières à vapeur aquatubulaires d'une production horaire de vapeur n'excédant pas 45 tonnes,5,verifie
8402.19.0000,"4708  -- Autres chaudières à vapeur, y compris les chaudières mixtes, du n° 84.02",5,verifie
8402.20.0000,4709  - Chaudières dites «à eau surchauffée»,5,verifie
8402.90.0000,4710  - Parties des chaudières à vapeur et de chaudière dite «à eau surchauffée»,5,verifie
8403.10.0000,4711  - Chaudières pour le chauffage central autres que celles du n° 84.02,5,verifie
8403.90.0000,4712  - Parties des chaudières pour le chauffage central autres que celles du n° 84.02,5,verifie
8404.10.0000,"4713 - Appareils auxiliaires pour chaudières des n° 84.02 ou 84.03 (économiseurs, surchauffeurs, appareils de ramonage ou de récupération",5,verifie
8404.20.0000,4714  - Condenseurs pour machines à vapeur,5,verifie
8404.90.0000,4715  - Parties des appareils auxiliaires du n°,5,verifie
8405.10.0000,"4716 - Générateurs de gaz à l'air ou de gaz à l'eau ...; générateurs d'acétylène et générateurs similaires de gaz, par procédé à l'eau",5,verifie
8405.90.0000,"4717 - Parties de générateurs de gaz à l'air ou à l'eau … , et de générateurs d'acétylène et générateurs similaires de gaz, par procédé à l'eau",5,verifie
8406.10.0000,4718  - Turbines à vapeur pour la propulsion de bateaux,5,verifie
8406.81.0000,4719 -- Turbines à vapeur (autres que pour la propulsion de bateaux) d'une puissance excédant 40 MW Page 404 de 566,5,verifie
8406.82.0000,4720 -- Turbines à vapeur (autres que pour la propulsion de bateaux) d'une puissance n'excédant pas 40 MW,5,verifie
8406.90.0000,4721  - Parties des turbines à vapeur,5,verifie
8407.10.0000,4722  - Moteurs pour l'aviation,10,verifie
8407.21.0000,4723  -- Moteurs pour la propulsion de bateaux du type hors-bord,5,verifie
8407.29.0000,4724  -- Moteurs pour la propulsion de bateaux autres que du type hors-bord,10,verifie
8407.31.1000,"4725 --- Moteurs à piston alternatif pour la propulsion des véhicules du Chap. 87, cylindrée n'excédant pas 50 cm3 pour l'industrie du montage",5,verifie
8407.31.9000,"4726 --- Moteurs à piston alternatif pour propulsion des véhicules du Chap.87, cylindrée n'excède pas 50cm3 aut. que pour l'industrie du montage",10,verifie
8407.32.1000,"4727 --- Moteurs à piston alternatif pour propulsion de véhicules du Chap.87, cylindrée excède  50 cm3 mais pas 250cm3 pour industrie du montage",5,verifie
8407.32.9000,"4728 --- Moteur à piston alternatif pr propulsion de véhicules du Chap.87, cylindrée excède 50cm3 mais pas 250cm3 aut. que pr indus. du montage",10,verifie
8407.33.0000,"4729 -- Moteurs à piston alternatif pour la propulsion des véhicules du Chap. 87, cylindrée excédant  250 cm3  mais n'excédant pas 1 000 cm³",10,verifie
8407.34.0000,4730 -- Moteurs à piston alternatif des types utilisés pour la propulsion des véhicules du chapitre 87 d'une cylindrée excédant 1 000 cm³ Page 405 de 566,10,verifie
8407.90.0000,"4731 - Autres moteurs à piston alternatif ou rotatif, à allumage par étincelles (moteurs à explosion), du n° 84.07",10,verifie
8408.10.0000,"4732 - Moteurs à piston, à allumage par compression (moteur diesel ou semi- diesel) pour la propulsion de bateaux",10,verifie
8408.20.0000,"4733 - Moteurs à piston, à allumage par compression (moteur diesel ou semi- diesel) des types utilisés pour la propulsion de véhicules du Chap 87",10,verifie
8408.90.0000,"4734 - Autres moteurs à piston, à allumage par compression (moteur diesel ou semi- diesel), du n° 84.08",10,verifie
8409.10.0000,4735  - Parties de moteurs pour l'aviation,10,verifie
8409.91.0000,4736 -- Parties reconnaissables comme étant exclusivement ou principalement destinées aux moteurs à piston à allumage par étincelles,10,verifie
8409.99.0000,4737 -- Autres parties reconnaissables comme étant exclusivement ou principalement destinées aux moteurs des n°s 84.07 ou,10,verifie
8410.11.0000,4738  -- Turbines et roues hydrauliques d'une puissance n'excédant pas 1.000 kW,5,verifie
8410.12.0000,4739 -- Turbines et roues hydrauliques d'une puissance excédant 1.000 kW mais n'excédant pas 10.000 kW,5,verifie
8410.13.0000,4740  -- Turbines et roues hydrauliques d'une puissance excédant 10.000 kW,5,verifie
8410.90.0000,"4741 - Parties des turbines hydrauliques et roues hydrauliques, y compris les régulateurs, du n° 84.10",5,verifie
8411.11.0000,4742  -- Turboréacteurs d'une poussée n'excédant pas 25 kN Page 406 de 566,5,verifie
8411.12.0000,4743  -- Turboréacteurs d'une poussée excédant 25 kN,5,verifie
8411.21.0000,4744  -- Turbopropulseurs d'une puissance n'excédant pas 1.100 kW,5,verifie
8411.22.0000,4745  -- Turbopropulseurs d'une puissance excédant 1.100 kW,5,verifie
8411.81.0000,"4746 -- Turbines à gaz, autres que les turboréacteurs et les turbopropulseurs, d'une puissance n'excédant pas 5.000 kW",5,verifie
8411.82.0000,"4747 -- Turbines à gaz, autres que les turboréacteurs et les turbopropulseurs, d'une puissance excédant 5.000 kW",5,verifie
8411.91.0000,4748  -- Parties de turboréacteurs ou de turbopropulseurs,5,verifie
8411.99.0000,"4749 -- Parties des turbines à gaz, autres que celles des turboréacteurs et turbopropulseurs",5,verifie
8412.10.0000,4750  - Propulseurs à réaction autres que les turboréacteurs,5,verifie
8412.21.0000,4751  -- Moteurs hydrauliques à mouvement rectiligne (cylindres),5,verifie
8412.29.0000,4752  -- Moteurs hydrauliques autres qu'à mouvement rectiligne (cylindres),5,verifie
8412.31.0000,4753  -- Moteurs pneumatiques à mouvement rectiligne (cylindres),5,verifie
8412.39.0000,4754  -- Moteurs pneumatiques autres qu'à mouvement rectiligne (cylindres),5,verifie
8412.80.0000,"4755 - Autres moteurs et machines motrices, à l'exclusion des moteurs hydrauliques ou pneumatiques, du n° 84.12",5,verifie
8412.90.0000,"4756  - Parties d'autres moteurs et machines motrices, du n° 84.12 Page 407 de 566",5,verifie
8413.11.0000,"4757 -- Pompes pour la distribution de carburants ou de lubrifiants, des types utilisés dans les stations-service ou les garages",10,verifie
8413.19.0000,"4758 -- Pompes comportant  un dispositif mesureur ou conçues pour comporter un tel dispositif, autres que celles du n°",10,verifie
8413.20.0000,"4759  - Pompes actionnées à la main, autres que celles des n°s 8413.11 ou 8413.19",5,verifie
8413.30.0000,"4760 - Pompes à carburant, à huile ou à liquide de refroidissement pour moteurs à allumage par étincelles ou par compression",10,verifie
8413.40.0000,4761  - Pompes à béton,5,verifie
8413.50.0000,4762  - Autres pompes volumétriques alternatives,5,verifie
8413.60.0000,4763  - Autres pompes volumétriques rotatives,5,verifie
8413.70.0000,4764  - Autres pompes centrifuges,5,verifie
8413.81.0000,4765  -- Autres pompes du n° 84.13,5,verifie
8413.82.0000,4766  -- Elévateurs à liquides,5,verifie
8413.91.1000,4767  --- Parties de pompes pour tous véhicules automobiles,5,verifie
8413.91.2000,4768  --- Parties de pompes à mains,5,verifie
8413.91.9000,4769  --- Parties de pompes autres que celles destinées aux véhicules et  celles à mains,5,verifie
8413.92.0000,4770  -- Parties d'élévateurs à liquides,5,verifie
8414.10.0000,4771  - Pompes à vide,5,verifie
8414.20.1000,"4772  -- Pompes à air, à main ou à pied pour gonfler les pneumatiques",20,verifie
8414.20.9000,"4773  -- Pompes à air, à main ou à pied, autres que pour gonfler les pneumatiques Page 408 de 566",20,verifie
8414.30.1000,4774 -- Compresseurs des types utilisés dans les équipements frigorifiques destinés aux industries du montage,5,verifie
8414.30.9000,"4775 -- Compresseurs des types utilisés dans les équipements frigorifiques, autres que ceux destinés aux industries du montage",10,verifie
8414.40.0000,4776  - Compresseurs d'air montés sur châssis à roues et remorquables,10,verifie
8414.51.0000,"4777 -- Ventilateurs de table,sol, muraux, plafonniers, toitures ou de fenêtres, à moteur électrique incorporé, puissance n'excédant pas 125 W",20,verifie
8414.59.0000,"4778 -- Ventilateurs autres que de table, sol, muraux, plafonniers,  toitures ou fenêtres, à moteur électrique incorporé, puissance excédant 125W",20,verifie
8414.60.0000,4779  - Hottes dont le plus grand côté horizontal n'excède pas 120 cm,20,verifie
8414.70.0000,"4780  -  Enceintes de sécurité biologique étanches aux gaz, mêmes filtrantes",20,verifie
8414.80.1000,4781  -- Compresseurs d'air industriels,5,verifie
8414.80.9000,4782  -- Autres articles du n° 84.14,20,verifie
8414.90.1000,4783  -- Parties des articles relevant des n s° 8414.20 à 8414.51,10,verifie
8414.90.9000,4784  -- Autres parties des  articles du n° 84.14,10,verifie
8415.10.1000,"4785 -- Machines et appareils pour le conditionnement de l'air ...  mural ou fenêtres, ... «split-system» ... non monté pour industrie du montage",5,verifie
8415.10.9000,"4786 -- Machines et appareils pr conditionnement d'air ...  mural ou fenêtre, ... «split-system» ... non monté autres que pr industrie du montage Page 409 de 566",20,verifie
8415.20.0000,4787 - Machines et appareils pour le conditionnement de l'air  utilisés pour le confort des personnes dans les véhicules automobiles,20,verifie
8415.81.0000,4788 -- Autres machines et appareils pour conditionnement d'air avec dispositif de réfrigération et soupape d'inversion du cycle thermique ( ),20,verifie
8415.82.0000,"4789 -- Autres machines et appareils du n° 84.15, avec dispositif de réfrigération sans soupape d'inversion du cycle thermique",20,verifie
8415.83.0000,"4790  -- Autres machines et appareils du n° 84.15, sans dispositif de réfrigération",20,verifie
8415.90.1000,"4791 -- Parties de machines et appareils du n° 84.15, destinées aux industries du montage",5,verifie
8415.90.9000,"4792 -- Parties de machines et appareils du n° 84.15, autres que celles destinées aux industries du montage",10,verifie
8416.10.0000,4793  - Brûleurs  pour l'alimentation des foyers à combustibles liquides,5,verifie
8416.20.0000,"4794 - Brûleurs pour l'alimentation des foyers, à combustibles solides pulvérisés ou à gaz y compris les brûleurs mixtes",5,verifie
8416.30.0000,"4795 - Foyers automatiques et leurs avant- foyers, grilles mécaniques, dispositifs mécaniques pr évacuation des cendres et dispositifs similaires",5,verifie
8416.90.0000,4796  - Parties des appareils du n° 84.16,5,verifie
8417.10.0000,"4797 - Fours pour le grillage, la fusion ou autres traitements thermiques des minerais ou des métaux Page 410 de 566",5,verifie
8417.20.0000,"4798  - Fours de boulangerie, de pâtisserie ou de biscuiterie",5,verifie
8417.80.0000,"4799 - Autres fours industriels ou de laboratoire y compris les insinérateurs, non électriques, du n° 84.17",5,verifie
8417.90.0000,"4800 - Parties des fours industriels ou de laboratoire y compris les insinérateurs non électriques, du n° 84.17",5,verifie
8418.10.1000,"4801 -- Combinaisons de réfrigérateurs et de congélateurs conservateurs munis de portes ou de tiroirs extérieurs séparés, ou d’une combinaison de ces éléments... montés pour industrie du montage",5,verifie
8418.10.9000,"4802 -- Combinaisons de réfrigérateurs et de congélateurs conservateurs munis de portes ou de tiroirs extérieurs séparés, ou d’une combinaison de ces éléments, autres que pour industrie du montage",20,verifie
8418.21.1000,4803 --- Réfrigérateurs du type ménager à compression présentés entièrement à l'état démonté ou non monté importés pour l'industrie du montage,5,verifie
8418.21.9000,4804 --- Réfrigérateurs du type ménager à compression autres que ceux destinés à l'industrie du montage,20,verifie
8418.29.1000,4805 --- Réfrigérateurs du type ménager autres qu'à compression non monté pour l'industrie du montage,5,verifie
8418.29.9000,4806 --- Réfrigérateurs du type ménager autres qu'à compression à l'exclusion de ceux destinés à l'industrie du montage Page 411 de 566,20,verifie
8418.30.1000,4807 -- Meubles congélateurs conservateurs du type coffre d'une capacité n'excédant pas 800 l …démonté ou non monté pour l'industrie du montage,5,verifie
8418.30.9000,4808 -- Meubles congélateurs conservateurs du type coffre d'une capacité n'excédant pas 800 l autres que ceux destinés à  l'industrie du montage,20,verifie
8418.40.1000,"4809 -- Meubles congélateurs conservateurs du type armoire, d'une capacité n'excédant pas 900 l …démonté ou non monté pour l'industrie du montage",5,verifie
8418.40.9000,"4810 -- Meuble congélateur conservateur du type armoire, d'une capacité n'excédant pas 900 l autres que ceux destinés à l'industrie du montage",20,verifie
8418.50.1000,4811 -- Autr. meuble (coffres…) pr conservat. et exposit. de produit incorporant équipem. pr product. du froid…non montés pr industrie du montage,5,verifie
8418.50.9000,4812 -- Autr. meuble (coffres…) pr conservat. et exposit. de produit incorporant équipem. pr product. du froid autres que pr industrie du montage,20,verifie
8418.61.0000,4813 -- Pompes à chaleur autres que les machines et appareils pour le conditionnement de l'air du n° 84.15,5,verifie
8418.69.0000,"4814  -- Autres matériels, machines et appareils pour la production du froid",5,verifie
8418.91.0000,4815 -- Parties de meubles conçus pour recevoir un équipement pour la production du froid,5,verifie
8418.99.0000,4816  -- Autres parties des articles du n° 84.18 Page 412 de 566,5,verifie
8419.11.0000,"4817  -- Chauffe-eau non électriques, à chauffage instantané, à gaz",20,verifie
8419.12.0000,"4818  --  Chauffe-eau solaires, à chauffage instantané ou à accumulation",5,verifie
8419.19.0000,"4819 --  Chauffe-eau non électriques, à chauffage instantané ou à accumulation, autres que ceux à chauffage instantané à gaz ou les chauffe-eau solaires",20,verifie
8419.20.0000,4820  - Stérilisateurs médico-chirurgicaux ou de laboratoires,5,verifie
8419.33.0000,"4821 --  Appareils de lyophilisation, appareils de cryodessiccation et séchoirs à pulvérisation",5,verifie
8419.34.0000,4822  -- Séchoirs pour produits agricoles,5,verifie
8419.35.0000,"4823  -- Séchoirs pour le bois, la pâte à papier, le papier ou le carton",5,verifie
8419.39.0000,"4824 -- Séchoirs du N° 84.19 autres que  les appareils de lyophilisation, appareils de cryodessiccation et séchoirs à pulvérisation les séchoirs pour les produits agricoles, le bois, les pâtes à papier, papiers ou cartons",5,verifie
8419.40.0000,4825  - Appareils de distillation ou de rectification,5,verifie
8419.50.0000,4826  - Echangeurs de chaleur,5,verifie
8419.60.0000,4827  - Appareils et dispositifs pour la liquéfaction de l'air ou d'autres gaz,5,verifie
8419.81.0000,4828 -- Appareils et dispositifs pour la préparation de boissons chaudes ou la cuisson ou le chauffage des aliments,10,verifie
8419.89.0000,4829  -- Autres appareils et dispositifs du n°,10,verifie
8419.90.0000,"4830  - Parties des appareils, dispositifs et chauffe-eau non électriques, du n° 84.19 Page 413 de 566",5,verifie
8420.10.0000,4831  - Calandres et laminoirs autres que pour les métaux ou le verre,10,verifie
8420.91.0000,"4832  -- Cylindres des calandres et laminoirs, autres que pour les métaux ou le verre",5,verifie
8420.99.0000,"4833 -- Parties des calandres et laminoirs, à l'exclusion des cylindres, autres que pour les métaux ou le verre",5,verifie
8421.11.0000,4834  -- Ecrémeuses,10,verifie
8421.12.0000,4835  -- Essoreuses à linge,10,verifie
8421.19.0000,"4836 -- Centrifugeuses, y compris les essoreuses centrifuges autres que les écrémeuses et les essoreuses à linge",10,verifie
8421.21.1000,"4837  --- Appareils pour la filtration ou l'épuration des eaux, à usage domestique",5,verifie
8421.21.9000,"4838 --- Appareils pour la filtration ou l'épuration des eaux, autres qu'à usage domestique",5,verifie
8421.22.1000,"4839 --- Appareils pour la filtration ou l'épuration des boissons autres que l'eau, à usage domestique",5,verifie
8421.22.9000,"4840 --- Appareils pour la filtration ou l'épuration des boissons autres que l'eau, à l'exclusion de ceux à usage domestique",5,verifie
8421.23.0000,4841 -- Appareils pour la filtration des huiles minérales dans les moteurs à allumage par étincelles ou par compression,5,verifie
8421.29.0000,"4842 -- Appareils pour la filtration ou l'épuration des liquides         (autres que pour les huiles minérales, les boissons et les eaux)",5,verifie
8421.31.0000,4843 -- Filtres d'entrée d'air pour moteurs à allumage par étincelles ou par compression Page 414 de 566,5,verifie
8421.32.0000,"4844 --  Convertisseurs catalytiques et filtres à particules,  même combinés, pour l’épuration ou la filtration  des gaz d'échappement des moteurs à allumage par étincelles ou par compression",5,verifie
8421.39.1000,4845  --- Filtres pour réfrigérateurs et congélateurs,5,verifie
8421.39.9000,4846 --- Appareils pr filtration ou épuration des gaz (autres que les filtres d'entrée d'air pour moteurs... les filtres pour réfrigérateurs,5,verifie
8421.91.0000,"4847  -- Parties de centrifugeuses, y compris d'essoreuses centrifuges",5,verifie
8421.99.0000,4848  -- Parties des appareils pour la filtration ou l'épuration des liquides ou des gaz,5,verifie
8422.11.0000,4849  -- Machines à laver la vaisselle de type ménager,20,verifie
8422.19.0000,4850  -- Machines à laver la vaisselle autres que de type ménager,5,verifie
8422.20.0000,4851 - Machines et appareils servant à nettoyer ou à sécher les bouteilles ou autres récipients,5,verifie
8422.30.0000,"4852 - Machines et appareils à remplir...bouteilles ou aut. contenants, à capsuler les bouteilles ou contenants anal. ou à gazéifier les boissons",5,verifie
8422.40.0000,"4853 - Autres machines et appareils à empaqueter, à emballer les marchandises (y compris ceux à emballer sous film thermorétractable)",5,verifie
8422.90.0000,4854  - Parties des macchines et appareils  du n°,5,verifie
8423.10.0000,"4855  - Pèse-personnes, y compris les pèse- bébés; balances de ménage Page 415 de 566",5,verifie
8423.20.0000,4856  - Bascules à pesage continu sur transporteurs,5,verifie
8423.30.0000,4857 - Bascules à pesées constantes et balances et bascules ensacheuses ou doseuses,5,verifie
8423.81.0000,4858  -- Autres appareils et instruments de pesage d'une portée n'excédant pas 30 kg,5,verifie
8423.82.0000,4859 -- Autres appareils et instruments de pesage d'une portée excédant 30 kg mais n'excédant pas 5.000 kg,5,verifie
8423.89.0000,4860  -- Autres appareils et instruments de pesage du n° 84.23,5,verifie
8423.90.0000,4861  - Poids pour toutes balances; parties d'appareils ou instruments de pesage,5,verifie
8424.10.0000,"4862  - Extincteurs, même chargés",5,verifie
8424.20.0000,4863  - Pistolets aérographes et appareils similaires,10,verifie
8424.30.0000,"4864  - Machines et appareils à jet de sable, à jet de vapeur et appareils à jet similaires",10,verifie
8424.41.0000,4865  -- Pulvérisateurs portables pour l'agriculture ou l'horticulture,5,verifie
8424.49.0000,"4866  -- Pulvérisateurs, autres que portables, pour l'agriculture ou l'horticulture",5,verifie
8424.82.0000,"4867 -- Appareils mécaniques (même à main) à projeter ou disperser  des matières liquides ou en poudre,  pour l'agriculture ou l'horticulture",5,verifie
8424.89.0000,"4868 -- Appareils mécaniques (même à main) à projeter, disperser  ou pulvériser des matières liquides ou en poudre autr. que pr l'agriculture",5,verifie
8424.90.0000,4869  - Parties des appareils du n° 84.24,5,verifie
8425.11.0000,4870  -- Palans à moteur électrique,5,verifie
8425.19.0000,4871  -- Palans autres qu'à moteur électrique Page 416 de 566,5,verifie
8425.31.0000,"4872  -- Treuils et cabestans, à moteur électrique",5,verifie
8425.39.0000,"4873  -- Treuils et cabestans, autres qu'à moteur électrique",5,verifie
8425.41.0000,4874  -- Crics et vérins élévateurs fixes de voitures pour garages,5,verifie
8425.42.0000,"4875  -- Autres crics et vérins, hydrauliques",5,verifie
8425.49.0000,"4876 -- Crics et vérins, à l'exclusion des élévateurs fixes de voitures pour garages, et des hydrauliques",5,verifie
8426.11.0000,"4877  -- Ponts roulants et poutres roulantes, sur supports fixes",5,verifie
8426.12.0000,4878  -- Portiques mobiles sur pneumatiques et chariots-cavaliers,5,verifie
8426.19.0000,"4879  -- Ponts-grues et autres ponts roulants, poutres roulantes et portiques",5,verifie
8426.20.0000,4880  - Grues à tour,5,verifie
8426.30.0000,4881  - Grues sur portiques,5,verifie
8426.41.0000,"4882  -- Autres machines et appareils, autopropulsés sur pneumatiques",5,verifie
8426.49.0000,4883  -- Machines et appareils autopropulsés autres que ceux sur pneumatiques,5,verifie
8426.91.0000,4884  -- Autres machines et appareils conçus pour être montés sur un véhicule routier,5,verifie
8426.99.0000,"4885  -- Bigues, blondins et chariots-grues",5,verifie
8427.10.0000,4886  - Chariots autopropulsés à moteur électrique,5,verifie
8427.20.0000,"4887  - Chariots autopropulsés, autres qu'à moteur électrique",5,verifie
8427.90.0000,"4888 - Chariots-gerbeurs et autres chariots de manutention munis d'un dispositif de levage, à l'exclusion des chariots autopropulsés",5,verifie
8428.10.0000,4889  - Ascenseurs et monte-charge Page 417 de 566,5,verifie
8428.20.0000,"4890  - Appareils élévateurs ou transporteurs, pneumatiques",5,verifie
8428.31.0000,"4891 -- Autres appareils élévateurs, transporteurs ou...à action continue,pr marchandises, conçus pr mines au fond ou pr aut travaux souterrains",5,verifie
8428.32.0000,"4892 -- Autres appareils élévateurs, transporteurs ou convoyeurs, à action continue, pour marchandises, à benne",5,verifie
8428.33.0000,"4893 -- Autres appareils élévateurs, transporteurs ou convoyeurs, à action continue, pour marchandises, à bande ou à courroie",5,verifie
8428.39.0000,"4894 -- Autres appareils élévateurs, transporteurs ou convoyeurs à action continue, pour marchandises, du n° 84.28",5,verifie
8428.40.0000,4895  - Escaliers mécaniques et trottoirs roulants,5,verifie
8428.60.0000,4896 - Téléphériques (y compris les télésièges et remonte-pentes); mécanismes de traction pour funiculaires,5,verifie
8428.70.0000,4897  - Robots industriels,5,verifie
8428.90.0000,"4898 - Autres machines et appareils de levage, de chargement, de déchargement ou de manutention, du n° 84.28",5,verifie
8429.11.0000,"4899  -- Bouteurs (bulldozers) et bouteurs biais (angledozers), à chenilles, autopropulsés",5,verifie
8429.19.0000,"4900 -- Bouteurs (bulldozers) et bouteurs biais (angledozers), autres qu'à chenilles, autopropulsés",5,verifie
8429.20.0000,"4901  - Niveleuses, autopropulsées",5,verifie
8429.30.0000,"4902  - Décapeuses (scrapers), autopropulsés",5,verifie
8429.40.0000,"4903  - Compacteuses et rouleaux compresseurs, autopropulsés Page 418 de 566",5,verifie
8429.51.0000,"4904  -- Chargeuses et chargeuses-pelleteuses à chargement frontal, autopropulsés",5,verifie
8429.52.0000,"4905 -- Engins dont la superstructure peut effectuer une rotation de 360°, autopropulsés",5,verifie
8429.59.0000,"4906 -- Pelles mécaniques, excavateurs et autres chargeuses et chargeuses- pelleteuses, autopropulsés",5,verifie
8430.10.0000,4907  - Sonnettes de battage et machines pour l'arrachage des pieux,5,verifie
8430.20.0000,4908  - Chasse-neige,5,verifie
8430.31.0000,"4909 -- Haveuses, abatteuses et machines à creuser les tunnels ou les galeries, autopropulsées",5,verifie
8430.39.0000,"4910 -- Haveuses, abatteuses et machines à creuser les tunnels ou les galeries, autres qu'autopropulsées",5,verifie
8430.41.0000,"4911  -- Machines de sondage ou de forage, autopropulsées",5,verifie
8430.49.0000,"4912  -- Machines de sondage ou de forage, autres qu'autopropulsées",5,verifie
8430.50.0000,"4913  - Autres machines et appareils, autopropulsés, du n° 84.30",5,verifie
8430.61.0000,"4914  -- Machines et appareils à tasser ou à compacter, non autopropulsés",5,verifie
8430.69.0000,"4915 -- Machines et appareils non autopropulsés, autres qu' à tasser ou à compacter, du n° 84.30",5,verifie
8431.10.0000,4916 - Parties reconnaissables comme étant exclusivement ou principalement destinées aux machines ou appareils du n° Page 419 de 566,5,verifie
8431.20.0000,4917 - Parties reconnaissables comme étant exclusivement ou principalement destinées aux  machines ou appareils du n°,5,verifie
8431.31.0000,"4918  -- Parties d'ascenseurs, monte-charge ou escaliers mécaniques du n° 84.28",5,verifie
8431.39.0000,"4919 -- Parties de machines ou d'appareils du n° 84.28 autres que parties d'ascenseurs, monte-charge ou escaliers mécaniques",5,verifie
8431.41.0000,"4920  -- Godets, bennes, bennes-preneuses, pelles, grappins et pinces",5,verifie
8431.42.0000,4921  -- Lames de bouteurs (bulldozers) ou de bouteurs biais (angledozers),5,verifie
8431.43.0000,4922  -- Parties de machines de sondage ou de forage des n°s 8430.41 ou 8430.49,5,verifie
8431.49.0000,"4923  -- Autres parties de machines et d'appareils des n°s 84.26, 84.29 ou 84.30",5,verifie
8432.10.0000,4924  - Charrues,10,verifie
8432.21.0000,4925  -- Herses à disques (pulvériseurs),5,verifie
8432.29.0000,"4926 -- Scarificateurs, cultivateurs, extirpateurs, houes, sarcleuses, bineuses et autres herses",10,verifie
8432.31.0000,"4927  -- Semoirs, plantoirs et repiqueurs, sans labour",10,verifie
8432.39.0000,"4928  -- Semoirs, plantoirs et repiqueurs, avec labour",10,verifie
8432.41.0000,4929  -- Epandeurs de fumier,5,verifie
8432.42.0000,4930  -- Distributeurs d'engrais,5,verifie
8432.80.0000,"4931 - Autres machines, appareils et engins agricoles, horticoles ou sylvicoles ...ou pour la culture; rouleaux pour pelouses ou terrain de sport Page 420 de 566",5,verifie
8432.90.0000,"4932 - Parties de machines, appareils et engins agricoles, horticoles ou sylvicoles et rouleaux pour pelouses ou terrain  de sport du n° 84 32",5,verifie
8433.11.0000,"4933 -- Tondeuses à gazon à  moteur, dont le dispositif de coupe tourne dans un plan horizontal",5,verifie
8433.19.0000,4934 -- Tondeuses à gazon autres qu'à  moteur dont le dispositif de coupe tourne dans un plan horizontal,5,verifie
8433.20.0000,"4935  - Faucheuses, y compris les barres de coupe à monter sur tracteur",5,verifie
8433.30.0000,4936  - Autres machines et appareils de fenaison,5,verifie
8433.40.0000,"4937  - Presses à paille ou à fourrage, y compris les presses ramasseuses",5,verifie
8433.51.0000,4938  -- Moissonneuses-batteuses,5,verifie
8433.52.0000,"4939  -- Machines et appareils pour le battage, autres que les moissonneuses-batteuses",5,verifie
8433.53.0000,4940  -- Machines pour la récolte des racines ou tubercules,5,verifie
8433.59.0000,"4941 -- Machines et appareils pour la récolte, à l'exclusion des machines pour la récolte des racines ou tubercules",5,verifie
8433.60.0000,"4942 - Machines pour le nettoyage ou le triage des ?oeufs, fruits ou autres produits agricoles, autres que les machines et appareils du n° 84 37",5,verifie
8433.90.0000,"4943  - Parties de machines, appareils ou engins du n° 84.33",5,verifie
8434.10.0000,4944  - Machines à traire,5,verifie
8434.20.0000,4945  - Machines et appareils de laiterie,5,verifie
8434.90.0000,4946  - Parties des machines à traire ou machines et appareils de laiterie Page 421 de 566,5,verifie
8435.10.0000,"4947 - Presses, pressoirs, fouloirs, machines, appareils analogues pour la fabrication du vin, du cidre, des jus de fruit ou boissons similaires",5,verifie
8435.90.0000,"4948 - Parties de presse, pressoir, fouloir, machine, appareils analogues pr la fabrication du vin, cidre, de jus de fruit ou boissons similaires",5,verifie
8436.10.0000,4949 - Machines et appareils pour la préparation des aliments ou provendes pour animaux,5,verifie
8436.21.0000,4950  -- Couveuses et éleveuses,5,verifie
8436.29.0000,4951  -- Machines et appareils pour l'aviculture autres que couveuses et éleveuses,5,verifie
8436.80.0000,"4952 - Autres machines et appareils pour l'agriculture, l'horticulture, la sylviculture, l'apiculture, y compris les germoirs ..., du n° 84 36",5,verifie
8436.91.0000,4953  -- Parties de machines ou appareils d'aviculture,5,verifie
8436.99.0000,4954 -- Parties de machines ou appareils du n° 84.36 autres que les parties de machines ou appareils d'aviculture,5,verifie
8437.10.0000,"4955  - Machines pour le nettoyage, le triage ou le criblage des grains ou des légumes secs",5,verifie
8437.80.0000,4956 - Machines et appareils pour la minoterie ou le traitement des céreales ou légumes secs autres que les machines et appareils du type fermier,5,verifie
8437.90.0000,4957  - Parties des machines et appareils du n°,5,verifie
8438.10.0000,"4958 - Machines et appareils pour la boulangerie, la pâtisserie, la biscuiterie ou pour la fabrication des pâtes alimentaires Page 422 de 566",5,verifie
8438.20.0000,4959 - Machines et appareils pour la confiserie ou pour la fabrication du cacao ou du chocolat,5,verifie
8438.30.0000,4960  - Machines et appareils pour la sucrerie,5,verifie
8438.40.0000,4961  - Machines et appareils pour la brasserie,5,verifie
8438.50.0000,4962  - Machines et appareils pour le travail des viandes,5,verifie
8438.60.0000,4963  - Machines et appareils pour la préparation des fruits ou des légumes,5,verifie
8438.80.0000,"4964 - Autres machines et appareils, NDCA dans le Chapitre 84, pour la préparation ou la fabrication industrielles d’aliments ou de boissons, autres que les machines et appareils pour l’extraction ou la préparation des huiles ou graisses végétales ou d'origine",5,verifie
8438.90.0000,4965  - Parties de machines et appareils du n°,5,verifie
8439.10.0000,4966 - Machines et appareils pour la fabrication de la pâte de matières fibreuses cellulosiques,5,verifie
8439.20.0000,4967  - Machines et appareils pour la fabrication du papier ou du carton,5,verifie
8439.30.0000,4968  - Machines et appareils pour le finissage du papier ou du carton,5,verifie
8439.91.0000,4969 -- Parties de machines ou appareils pour la fabrication de la pâte de matières fibreuses cellulosiques,5,verifie
8439.99.0000,4970 -- Parties de machines ou appareils pour la fabrication ou le finissage du papier ou du carton,5,verifie
8440.10.0000,"4971 - Machines et appareils pour le brochage ou la réliure, y compris les machines à coudre les feuillets Page 423 de 566",5,verifie
8440.90.0000,"4972 - Parties de machines ou appareils pour le brochage ou la réliure, y compris les machines à coudre les feuillets",5,verifie
8441.10.0000,4973  - Coupeuses,5,verifie
8441.20.0000,"4974 - Machines pour la fabrication de sacs, sachets ou enveloppes en pâte à papier, papier ou carton",5,verifie
8441.30.0000,"4975 - Machines pour la fabrication de boîtes, caisses...ou contenants similaires en pâte à papier, papier ou carton, autrement que par moulage",5,verifie
8441.40.0000,"4976  - Machines à mouler les articles en pâte à papier, papier ou carton",5,verifie
8441.80.0000,"4977 - Autres machines et appareils pour le travail de la pâte à papier, du papier ou du carton, du n° 84.41",5,verifie
8441.90.0000,4978  - Parties de machines et appareils du n°,5,verifie
8442.30.0000,"4979 - Machines, appareils et matériels (…) pour la préparation ou la fabrication des clichés, planches, cylindres ou autres organes imprimants",5,verifie
8442.40.0000,"4980  - Parties des machines, appareils ou matériels du n°84.42",5,verifie
8442.50.0000,"4981 - Cliché, planche, cylindre et aut. organes imprimants; pierres lithographiques, planche, plaque et cylindre préparé pour l'impression ( )",5,verifie
8443.11.0000,"4982  -- Machines et appareils à imprimer offset, alimentés en bobines",5,verifie
8443.12.0000,"4983 -- Machine et app. à imprimer offset de bureau, alimenté en feuil un côté n?excède pas 22 cm et l?autr n?excède pas 36 cm à l?état non plié Page 424 de 566",5,verifie
8443.13.0000,"4984  -- Autres machines et appareils à imprimer offset, du n° 84.43",5,verifie
8443.14.0000,"4985 -- Machines et appareils à imprimer, typographiques, alimentés en bobines, à l'exclusion des machines et appareils flexographiques",5,verifie
8443.15.0000,"4986 -- Machines et appareils à imprimer, typographiques, aut. qu'?alimentés en bobines, à l'exclusion des machines et appareils flexographiques",5,verifie
8443.16.0000,"4987  -- Machines et appareils à imprimer, flexographiques",5,verifie
8443.17.0000,"4988  -- Machines et appareils à imprimer, héliographiques",5,verifie
8443.19.0000,"4989 -- Autres machines et appareils servant à l'impression au moyen de planches, cylindres et autres organes imprimants du n° 84 42",5,verifie
8443.31.1000,"4990 --- Machines assurant au moins deux des fonctions: impression, copie ou trans. de télécopie, incorporant une fonct. copie, aptes un réseau",20,verifie
8443.31.9000,"4991 --- Machines assurant les fonctions d'impression et de transmission de télécopie, n'incorporant pas une fonction de copie aptes un réseau",5,verifie
8443.32.1000,"4992 --- Machines à copier, aptes à être connectées à une machine automatique de traitement de l'information ou à un réseau",20,verifie
8443.32.9000,"4993 --- Autres imprimantes et machines à télécopier, aptes à être connectées à une machine automatique de traitement de l'info ou à un réseau Page 425 de 566",5,verifie
8443.39.1000,"4994 --- Machines à copier, autres que celles aptes à être connectées à une machine automatique de traitement de l'information ou à un réseau",20,verifie
8443.39.9000,"4995 --- Autres imprimantes et machines à télécopier, sauf celles aptes à être connectées à une machine auto. de trait. de l'info ou à un réseau",5,verifie
8443.91.0000,"4996 -- Parties et accessoires de machines et appareils servant à l'?impression au moyen de planche, cylindre et aut. organe imprimant du n°84 42",5,verifie
8443.99.0000,"4997 -- Parties et accessoires d'autres imprimantes, machines à copier et machines à télécopier, même combinées entre elles",5,verifie
8444.00.0000,"4998 Machines pour le filage (extrusion), l'étirage, la texturation ou le tranchage des matières textiles synthétiques ou artificielles",5,verifie
8445.11.0000,4999  -- Cardes,5,verifie
8445.12.0000,5000  -- Peigneuses,5,verifie
8445.13.0000,5001  -- Bancs à broches,5,verifie
8445.19.0000,"5002 -- Autres machines pour la préparation des matières textiles à l'exclusion des (cardes, peigneuses, bancs à broches)",5,verifie
8445.20.0000,5003  - Machines pour la filature des matières textiles,5,verifie
8445.30.0000,5004  - Machines pour le doublage ou le retordage des matières textiles,5,verifie
8445.40.0000,5005 - Machines à bobiner (y compris les canetières) ou à dévider les matières textiles Page 426 de 566,5,verifie
8445.90.0000,5006 - Autres machines et appareils pr la fabr. des fils textiles ou pr la prép. des fils textiles pr utilis. sur machines des n°s 84 46 ou 84 47,5,verifie
8446.10.0000,5007  - Métiers à tisser pour tissus d'une largeur n'excédant pas  30 cm,5,verifie
8446.21.0000,"5008 -- Métiers à tisser pour tissus d'une largeur excédant 30 cm à navette, à moteur",5,verifie
8446.29.0000,5009 -- Métiers à tisser pour tissus d'une largeur excédant 30 cm à navette autres qu'à moteur,5,verifie
8446.30.0000,"5010  - Métiers à tisser pour tissus d'une largeur excédant 30 cm, sans navettes",5,verifie
8447.11.0000,5011 -- Métiers à bonneterie circulaire avec cylindre d'un diamètre n'excédant pas 165 mm,5,verifie
8447.12.0000,5012  -- Métiers à bonneterie circulaire avec cylindre d'un diamètre excédant 165 mm,5,verifie
8447.20.0000,5013  - Métiers à bonneterie rectilignes; machines de couture-tricotage,5,verifie
8447.90.0000,"5014 - Autres machines et métiers à bonneterie, à guipure, à tulle, à dentelle, à broderie, à passementerie, à tresse, à filet ou à touffeter",5,verifie
8448.11.0000,"5015 -- Ratières (...) et mécaniques Jacquard; réducteurs, perforatrices et copieuses de cartons; machines à lacer les cartons après perforation",5,verifie
8448.19.0000,"5016 -- Autres machines et appareils auxiliaires pour les machines des n°s 84.44, 84.45, 84.46 ou 84.47 Page 427 de 566",5,verifie
8448.20.0000,5017 - Parties et accessoires des machines du n° 84.44 ou de leurs machines ou appareils auxiliaires,5,verifie
8448.31.0000,5018  -- Garnitures de cardes,5,verifie
8448.32.0000,"5019 -- Parties et accessoires de machines pour la préparation des matières textiles, autres que les garnitures de cardes",5,verifie
8448.33.0000,"5020  -- Broches et leurs ailettes, anneaux et curseurs",5,verifie
8448.39.0000,5021 -- Autres parties et accessoires des machines du n° 84.45 ou de leurs machines ou appareils auxiliaires,5,verifie
8448.42.0000,"5022  -- Peignes, lisses et cadres de lisses",5,verifie
8448.49.0000,"5023 -- Parties et accessoires des métiers à tisser ou de leurs machines ou appareils auxiliaires autres que peignes, lisses et cadres de lisses",5,verifie
8448.51.0000,"5024  -- Platines, aiguilles et autres articles participant à la formation des mailles",5,verifie
8448.59.0000,"5025 -- Partie des métiers, machine du n°84.47 ou de leur app. auxil. aut. que platine, ...ou aut. article participant à la formation des mailles",5,verifie
8449.00.0000,"5026 Machine et appareil pr fabricat, finissage du feutre, des nontissés,en pièce, en forme...pr fabricat chapeau en feutre; forme de chapellerie",5,verifie
8450.11.0000,"5027 -- Machines à laver le linge, même avec dispositif de séchage, d'une capacité de linge sec n'excédant pas 10 kg, entièrement automatiques Page 428 de 566",20,verifie
8450.12.0000,"5028 -- Machines à laver le linge, même avec dispositif de séchage, capacité de linge sec n'excède pas 10kg avec essoreuse centrifuge incorporée",20,verifie
8450.19.0000,"5029 -- Autres machines à laver le linge, même avec dispositif de séchage, d'une capacité de linge sec n'excédant pas 10 kg, du n°",20,verifie
8450.20.0000,"5030 - Machines à laver le linge, même avec dispositif de séchage, d'une capacité unitaire exprimée en poids de linge sec excédant 10 kg",5,verifie
8450.90.0000,"5031  - Parties de machines à laver le linge, même avec dispositif de séchage",5,verifie
8451.10.0000,5032  - Machines (autres que les machines du n° 84.50) pour le nettoyage à sec,5,verifie
8451.21.0000,5033 -- Machines (autres que les machines du n° 84.50) à sécher d'une capacité unitaire exprimée en poids de linge sec n'excédant pas 10 kg,20,verifie
8451.29.0000,"5034 -- Machines (autres que les machines du n° 84.50) à sécher le linge, sauf celles d'une capacité en poids de linge sec n'excédant pas 10 kg",5,verifie
8451.30.0000,"5035 - Machines et presses à repasser (autres que les machines du n° 84.50), y compris les presses à fixer",5,verifie
8451.40.0000,"5036 - Machines (autres que les machines du n° 84.50) pour le lavage, le blanchiment ou la teinture",5,verifie
8451.50.0000,"5037  - Machines à enrouler, dérouler, plier, couper ou denteler les tissus Page 429 de 566",5,verifie
8451.80.0000,"5038 - Autres machines et appareils (autres que les machines du n° 84.50) pour l'essorage, l'appret, le finissage, l'enduction ou…, du n° 84 51",5,verifie
8451.90.0000,"5039  - Parties de machines et appareils (autres que les machines du n° 84.50), du n° 84.51",5,verifie
8452.10.0000,"5040 - Machines à coudre, autres que les machines à coudre les feuillets du n° 84.40, de type ménager",5,verifie
8452.21.0000,5041  -- Machines  coudre des types des unités automatiques,5,verifie
8452.29.0000,"5042 -- Autres machines à coudre, autres que les machines à coudre les feuillets du n° 84.40 et du n° 84.52",5,verifie
8452.30.0000,5043  - Aiguilles pour machines à coudre,5,verifie
8452.90.0000,"5044 - Meubles, embases et couvercles pour machines à coudre et leurs parties; autres parties de machines à coudre",5,verifie
8453.10.0000,"5045 - Machines et appareils pour la préparation, le tannage ou le travail des cuirs ou peaux, autres que les machines à coudre",5,verifie
8453.20.0000,"5046 - Machines et appareils pour la fabrication ou la réparation des chaussures, autres que les machines à coudre",5,verifie
8453.80.0000,"5047 - Autres machines et appareils pour la fabrication ou la réparation d'autres ouvrages en cuir ou en peaux, autres que les machines à coudre",5,verifie
8453.90.0000,5048  - Parties de machines et appareils du n°,5,verifie
8454.10.0000,5049  - Convertisseurs,5,verifie
8454.20.0000,5050  - Lingotières et poches de coulée Page 430 de 566,5,verifie
8454.30.0000,"5051  - Machines à couler (mouler) pour métallurgie, aciérie ou fonderie",5,verifie
8454.90.0000,5052  - Parties de machines et appareils du n°,5,verifie
8455.10.0000,5053  - Laminoirs à tubes,5,verifie
8455.21.0000,5054  -- Laminoirs (autres qu'à tubes) à chaud et laminoirs combinés à chaud et à froid,5,verifie
8455.22.0000,5055  -- Laminoirs (autres qu'à tubes) à froid,5,verifie
8455.30.0000,5056  - Cylindres de laminoirs,5,verifie
8455.90.0000,"5057  - Parties de laminoirs à métaux, autres que les cylindres",5,verifie
8456.11.0000,5058 -- Machines-outils travaillant par enlèvement de toute matière et opérant par laser,5,verifie
8456.12.0000,5059 -- Machines-outils travaillant par enlèvement de toute matière et opérant par faisceau (autres que laser) de lumière ou de photons,5,verifie
8456.20.0000,5060 - Machines-outils travaillant par enlèvement de toute matière  et opérant par ultra-sons,5,verifie
8456.30.0000,5061 - Machines-outils travaillant par enlèvement de toute matière et opérant par électro-érosion,5,verifie
8456.40.0000,5062 -- Machines-outils travaillant par enlèvement de toute matière et opérant par jet de plasma,5,verifie
8456.50.0000,5063  - Machines à découper par jet d'eau,5,verifie
8456.90.0000,5064 - Machines-outils travaillant par enlèvement de toute matière et opérant par procd électrochimiq. ... plasma; mach. à découper par jet d'eau,5,verifie
8457.10.0000,5065  - Centres d'usinage pour le travail des métaux Page 431 de 566,5,verifie
8457.20.0000,5066  - Machines à poste fixe pour le travail des métaux,5,verifie
8457.30.0000,5067  - Machines à stations multiples pour le travail des métaux,5,verifie
8458.11.0000,"5068 -- Tours (y compris les centres de tournage) horizontaux à commande numérique, travaillant par enlèvement de métal",5,verifie
8458.19.0000,"5069 -- Tours (y compris les centres de tournage) horizontaux autres qu'à commande numérique, travaillant par enlèvement de métal",5,verifie
8458.91.0000,"5070 -- Tours (y compris les centres de tournage), autres qu'horizontaux, à commande numérique, travaillant par enlèvement de métal",5,verifie
8458.99.0000,"5071 -- Tours (y compris les centres de tournage), autres qu'horizontaux ou à commande numérique, travaillant par enlèvement de métal",5,verifie
8459.10.0000,"5072 - Unités d'usinage à glissières à percer, aléser, fraiser ... les métaux par enlèvement de matière, autres que les tours ( ) du n° 84 58",5,verifie
8459.21.0000,"5073 -- Machines à percer à commande numérique, autres que les tours (y compris les centres de tournage) du n° 84.58",5,verifie
8459.29.0000,"5074 -- Machines à percer à l'exclusion de celles à commande numérique, autres que les tours (y compris les centres de tournage) du n° 84 58 Page 432 de 566",5,verifie
8459.31.0000,"5075 -- Aléseuses-fraiseuses à commande numérique, autres que les tours (y compris les centres de tournage) du n° 84.58",5,verifie
8459.39.0000,"5076 -- Aléseuses-fraiseuses à l'exclusion de celles à commande numérique, autres que les tours (y compris les centres de tournage) du n° 84 58",5,verifie
8459.41.0000,"5077 -- Machines à aléser, à commande numérique, autres que celles des N°8459.10 et 8459.31",5,verifie
8459.49.0000,"5078 -- Machines à aléser, sans commande numérique, autres que celles des N°8459.10 et 8459.39",5,verifie
8459.51.0000,"5079 -- Machines à fraiser  les métaux par enlèvement de matière, à consoles à commande numérique, autres que les tours ( ) du n° 84 58",5,verifie
8459.59.0000,"5080 -- Machines à fraiser les métaux par enlèvement de mat., à consoles, sauf celles à commande numériq., autr. que les tours ( ) du n° 84 58",5,verifie
8459.61.0000,"5081 -- Machines à fraiser les métaux par enlèvement de matière, à commande numérique, autres que les tours (y compris les centres ) du n°84 58",5,verifie
8459.69.0000,"5082 -- Machines à fraiser les métaux par enlèvement de matière,  sauf celles à commande numériq., autres que les tours ) du n°84 58",5,verifie
8459.70.0000,"5083 - Machines à fileter ou à tarauder les métaux par enlèvement de matière, autres que les tours (y compris les centres de tournage) du n°84 58 Page 433 de 566",5,verifie
8460.12.0000,"5084 -- Machines à rectifier les surfaces planes, à commande numérique, travaillant des métaux …, autres que celles du N° 84.61",5,verifie
8460.19.0000,"5085 -- Machines à rectifier les surfaces planes, autres qu' à commande numérique, travaillant des métaux …, autres que celles du N° 84 61",5,verifie
8460.22.0000,"5086 -- Machines à rectifier sans centre, à commande numerique, travaillant des métaux …, autres que celles du N° 84.61",5,verifie
8460.23.0000,"5087 -- Autres machines à rectifier les surfaces cylindriques, à commande numérique, travaillant des métaux …, autres que celles du N° 84 61",5,verifie
8460.24.0000,"5088  -- Autres machines à rectifier du N°84.60, à commande numérique",5,verifie
8460.29.0000,"5089  --  Autres machines à rectifier du N°84.60, autres qu'à commande numérique",5,verifie
8460.31.0000,"5090 -- Machines à affûter à commande numérique ... ,autres que les machines à tailler ou à finir les engrenages du n° 84.61",5,verifie
8460.39.0000,"5091 -- Machines à affûter sauf celles à commande numérique …,autres que les machines à tailler ou à finir les engrenages du n° 84 61",5,verifie
8460.40.0000,"5092 - Machines à glacer ou à roder... ,autres que les machines à tailler ou à finir les engrenages du n° 84.61",5,verifie
8460.90.0000,"5093 - Machines à ébarber, meuler,polir, ou à faire  d'autres opérations de finissage …,autres que les machines à tailler ... du n°",5,verifie
8461.20.0000,5094  - Etaux-limeurs et machines à mortaiser Page 434 de 566,5,verifie
8461.30.0000,5095  - Machines à brocher,5,verifie
8461.40.0000,5096  - Machines à tailler ou à finir les engrenages,5,verifie
8461.50.0000,5097  - Machines à scier ou à tronçonner,5,verifie
8461.90.0000,5098 - Machine à raboter et autres machines- outils travaillant par enlèvement de métal ou de cermet non dénommés ni comprises ailleurs,5,verifie
8462.11.0000,5099  --  Machines pour le forgeage à matrice fermée,5,verifie
8462.19.0000,"5100 --  Autres machines pour le travail à chaud (y compris les  presses) à forger par matriçage ou à forgeage libre ou à estamper, moutons, marteaux-pilons et martinets, à l'exclusion des machines pour le forgeage à matrice fermée",5,verifie
8462.22.0000,5101  --  Machines de formage des profilés,5,verifie
8462.23.0000,"5102  -- Presses plieuses, à commande numérique",5,verifie
8462.24.0000,"5103  --  Presses à panneaux, à commande numérique",5,verifie
8462.25.0000,"5104  --  Machines à profiler à galets, à commande numérique",5,verifie
8462.26.0000,"5105 --  Autres machines à  rouler, cintrer, plier, dresser ou planer, à commande numérique",5,verifie
8462.29.0000,"5106 -- Machines (y compris les presses) à rouler, cintrer, plier, dresser ou planer les métaux, autres qu'à commande numérique",5,verifie
8462.32.0000,5107  -- Lignes de refendage et lignes de découpe à longueur,5,verifie
8462.33.0000,"5108  --  Machines (à l’exclusion des presses) à cisailler, à commande numérique Page 435 de 566",5,verifie
8462.39.0000,"5109 -- Machines (...) à cisailler les métaux, autres que les machines combinées à poinçonner et à cisailler, autres qu'à commande numérique",5,verifie
8462.42.0000,"5110 -- Machines (à l’exclusion des presses) à poinçonner, à gruger ou à grignoter, pour produits plats, y compris les machines combinées à poinçonner et à cisailler, à commande numérique",5,verifie
8462.49.0000,"5111 -- Machines (...) à poinçonner ou à gruger, y compris les machines combinées à poinçonner et à cisailler, autres qu'à commande numérique",5,verifie
8462.51.0000,"5112 --  Machines pour travailler les tubes, tuyaux, profilés creux, profilés, et barres (à l’exclusion des presses), à commande numérique",5,verifie
8462.59.0000,"5113 --  Machines pour travailler les tubes, tuyaux, profilés creux, profilés, et barres (à l’exclusion des presses), autres qu'à commande numérique",5,verifie
8462.61.0000,5114  --  Presses hydrauliques  à froid à métaux,5,verifie
8462.62.0000,5115  --  Presses mécaniques  à froid à métaux,5,verifie
8462.63.0000,5116  -- Servopresses  à froid à métaux,5,verifie
8462.69.0000,"5117 -- Autres  presses à froid à métaux, à l'exclusion des presses hydrauliques, presses mécaniques et servopresses",5,verifie
8462.90.0000,5118  - Autres machines du N° 84.62,5,verifie
8463.10.0000,"5119 - Bancs à étirer les barres, tubes, profilés, fils ou similaires, travaillant sans enlèvement de matière Page 436 de 566",5,verifie
8463.20.0000,"5120 - Machines pour exécuter un filetage extérieur ou intérieur par roulage ou laminage, travaillant sans enlèvement de matière",5,verifie
8463.30.0000,"5121 - Machines pour le travail des métaux sous forme de fil, travaillant sans enlèvement de matière",5,verifie
8463.90.0000,"5122 - Autres machines-outils pour le travail des méteaux ou des cermets, travaillant sans enlèvement de matières du n° 84.63",5,verifie
8464.10.0000,"5123 - Machines à scier les pierre, produits céramiq., béton,  amiante-ciment, matières minérales similaires ou pr le travail à froid du verre",5,verifie
8464.20.0000,"5124 - Machines à meuler ou à polir les pierre, produits céramiq., béton, amiante-ciment, mat. minérales simil. ou pr le travail à froid du verre",5,verifie
8464.90.0000,5125  - Autres machines-outils du n° 84.64,5,verifie
8465.10.0000,"5126 - Machines pouvant effectuer différents types d'opérations d'usinage, sans changement d'outils entre ces opérations",5,verifie
8465.20.0000,5127  - Centres d'usinage,5,verifie
8465.91.0000,"5128 -- Machines à scier le bois, le liège, l'os, le caoutchouc durci, les matières plastiques dures ou matières dures similaires",5,verifie
8465.92.0000,"5129 -- Machines à dégauchir, raboter, fraiser ou à moulurer les bois, liège, os, caoutchouc durci, mat. plastiq. dures ou mat dures similaires",5,verifie
8465.93.0000,"5130 -- Machines à meuler, à poncer ou à polir les bois, liège, os, caoutchouc durci, matières plastiques dures ou matières dures similaires Page 437 de 566",5,verifie
8465.94.0000,"5131 -- Machines à cintrer ou à assembler le bois, le liège, l'os, le caoutchouc durci, les matières plastiq. dures ou matières dures similaires",5,verifie
8465.95.0000,"5132 -- Machines à percer ou à mortaiser le bois, le liège, l'os, le caoutchouc durci, les matières plastiques dures ou matières dures similaires",5,verifie
8465.96.0000,"5133 -- Machines à fendre, à trancher ou à dérouler les bois, liège, os, caoutchouc durci, matières plastiques dures ou matières dures similaires",5,verifie
8465.99.0000,"5134 -- Autres machines-outils (…) pour travail des bois, liège, os, caoutchouc durci, matières plastiques dures ou matières dures du N°84 65",5,verifie
8466.10.0000,5135  - Porte-outils et filières à déclenchement automatique,5,verifie
8466.20.0000,5136  - Porte-pièces,5,verifie
8466.30.0000,5137  - Dispositifs diviseurs et autres dispositifs spéciaux se montant sur machines-outils,5,verifie
8466.91.0000,5138  -- Autres parties et accessoires pour machines du n° 84.64,5,verifie
8466.92.0000,5139  -- Autres parties et accessoires pour machines du n° 84.65,5,verifie
8466.93.0000,5140  -- Autres parties et accessoires pour machines des n°s 84.56 à 84.61,5,verifie
8466.94.0000,5141  -- Autres parties et accessoires pour machines des n°s 84.62 ou 84.63,5,verifie
8467.11.0000,"5142  -- Outils pneumatiques rotatifs (même à percussion), pour emploi à la main",5,verifie
8467.19.0000,"5143 -- Outils pneumatiques autres que rotatifs (même à percussion), pour emploi à la main Page 438 de 566",5,verifie
8467.21.0000,"5144 -- Perceuses de tous genres, y compris les perforatrices rotatives, à moteur électrique incorporé, pour emploi à la main",5,verifie
8467.22.0000,"5145 -- Scies et tronçonneuses, à moteur électrique incorporé, pour emploi à la main",5,verifie
8467.29.0000,"5146 -- Autres outils à moteur électrique incorporé, pour emploi à la main du n°",5,verifie
8467.81.0000,"5147 -- Tronçonneuses à chaîne, à moteur non électrique incorporé, pour emploi à la main",5,verifie
8467.89.0000,"5148 -- Outils hydrauliques et autres outils à moteur non électrique incorporé, pour emploi à la main",5,verifie
8467.91.0000,"5149 -- Parties de tronçonneuses à chaîne, à moteur non électrique incorporé, pour emploi à la main",5,verifie
8467.92.0000,"5150  -- Parties d'outils pneumatiques, pour emploi à la main",5,verifie
8467.99.0000,"5151 -- Parties des outils hydrauliques et d'autres outils à moteur (électrique ou non électrique) incorporé, pour emploi à la main du n° 84 67",5,verifie
8468.10.0000,5152  - Chalumeaux guidés à la main,5,verifie
8468.20.0000,"5153 - Machines et appareils aux gaz, à l'exclusion des chalumeaux guidés à la main",5,verifie
8468.80.0000,"5154 - Machines et appareils, autres qu'aux gaz, pour le brasage ou le soudage, même pouvant couper, autres que ceux du n° Page 439 de 566",5,verifie
8468.90.0000,5155  - Parties des machines et appareils du n°,5,verifie
8470.10.0000,"5156 - Calculatrices électroniques ... et machines de poche avec une fonction de calcul, enregistrant, reproduisant et affichant des informations",20,verifie
8470.21.0000,5157 -- Autres machines à calculer électroniques comportant un organe imprimant,20,verifie
8470.29.0000,5158  -- Autres machines à calculer électroniques du n° 84.70,20,verifie
8470.30.0000,5159  - Machines à calculer autres qu'électroniques,20,verifie
8470.50.0000,5160  - Caisses enregistreuses,20,verifie
8470.90.0000,"5161 - Machines comptables, machines à affranchir, à établir les tickets et les machines similaires, comportant un dispositif de calcul",20,verifie
8471.30.1000,"5162 -- Machines automatiques de traitement de l'information portatives, n'excédant pas 10kg ... démonté ou non monté pour l'industrie du montage",5,verifie
8471.30.9000,"5163 -- Machines automatiques de traitement de l'information portatives, poids n'excédant pas 10kg, autres que pour l'industrie du montage",5,verifie
8471.41.1000,"5164 --- Autres machines automatiques de traitement de l'information, au moins une unité centrale et une unité ...  pour l'industrie du montage",5,verifie
8471.41.9000,"5165 --- Autres machines automatiques de traitement de l'informat.,au moins une unité centrale et une unité ... aut. que pr industrie du montage Page 440 de 566",5,verifie
8471.49.1000,"5166 --- Autres machines automatiques de traitement de l'information,  sous forme de systèmes … démonté ou non monté, pour l'industrie du montage",5,verifie
8471.49.9000,"5167 --- Autres machines automatiques de traitement de l'information, sous forme de systèmes, autres que pour l'industrie du montage",5,verifie
8471.50.1000,"5168 -- Unités de traitement autres que celles des n°s8471.41 ou 8471.49, avec une ou deux des unités (mémoire, …)  pour l'industrie du montage",5,verifie
8471.50.9000,"5169 -- Unité de traitement aut. que celles des N°8471.41 ou 8471.49, avec une ou deux des unités (mémoire, …), aut. que pr industrie du montage",5,verifie
8471.60.1000,"5170 -- Unités d'entrée ou de sortie pouvant comporter, sous la même enveloppe, des unités de mémoire ... non monté pour l'industrie du montage",5,verifie
8471.60.9000,"5171 -- Unités d'entrée ou de sortie pouvant comporter, sous la même enveloppe, des unités de mémoire, autres que pour l'industrie du montage",5,verifie
8471.70.1000,5172 -- Unités de mémoire présentées entièrement à l'?état démonté ou non monté importées pour l'?industrie du montage,5,verifie
8471.70.9000,5173  -- Unités de mémoire autres que pour l'?industrie du montage,5,verifie
8471.80.1000,"5174 -- Autres unités de machines automatiques de traitement de l'information, présentées ... démonté ou non monté pour l'?industrie du montage Page 441 de 566",5,verifie
8471.80.9000,"5175 -- Autres unités de machines automatiques de traitement de l'information,  autres que pour l'industrie du montage",5,verifie
8471.90.0000,"5176 - Lecteurs magnétiques ou optiques, machines de mise d'informations sur support sous forme codée et de traitement de ces informations NDCA",5,verifie
8472.10.0000,5177  - Duplicateurs hectographiques ou  stencils,20,verifie
8472.30.0000,"5178 - Machine pour le triage, pliage, mise sous envelop ..., à ouvrir, fermer ou sceller la correspondance, à apposer ou à oblitérer les timbres",20,verifie
8472.90.0000,"5179 - Autres machines et appareils de bureau ( à imprimer les adresses,  distributeur automatique de billets de banque ...) du n°",20,verifie
8473.21.0000,"5180 -- Parties et accessoires (autres que coffret, housse et similaires) des machines à calculer électroniq. des n°s 8470.10, 8470 21 ou 8470 29",10,verifie
8473.29.0000,"5181 -- Parties et accessoires (autres que les coffrets, housses et similaires) des machines du n° 84.70, à l'exclusion de ceux du n°8473 21",10,verifie
8473.30.0000,"5182 - Parties et accessoires (autres que les coffrets, housses et similaires) des machines du n° 84.71",5,verifie
8473.40.0000,"5183 - Parties et accessoires (autres que les coffrets, housses et similaires) des machines du n° 84.72 Page 442 de 566",10,verifie
8473.50.0000,5184 - Parties et accessoires ( … ) qui peuvent être utilisés indifféremment avec les machines ou appareils de plusieurs des n°s 84 70 à 84 72,10,verifie
8474.10.0000,"5185 - Machines et appareils à trier, cribler, séparer ou laver les terres, pierres, minérais ou autres matières minérales solides ( )",5,verifie
8474.20.0000,"5186 - Machines et appareils à concasser, broyer ou pulvériser les terres, pierres, minérais ou autres matières minérales solides ( )",5,verifie
8474.31.0000,5187  --   Bétonnières et appareils à gâcher le ciment,5,verifie
8474.32.0000,5188  -- Machines à mélanger les matières minérales au bitume,5,verifie
8474.39.0000,"5189 -- Autres machines et appareils à mélanger ou à malaxer  les terres, pierres, minérais ou autres matières minérales solides (...)",5,verifie
8474.80.0000,"5190 - Machines et appareils à agglomérer, former, mouler ... en poudre ou en pâte; machines à former les moules de fonderies en sable",5,verifie
8474.90.0000,5191  - Parties de machines et appareils du n°,5,verifie
8475.10.0000,"5192 - Machines pr assemblage de lampes,tubes ou valves électriques ou électroniques ou lampes pr production lumière-éclair, comportant en verre",5,verifie
8475.21.0000,5193  -- Machines pour la fabrication des fibres optiques et de leurs ébauches Page 443 de 566,5,verifie
8475.29.0000,"5194 -- Machines pour la fabrication ou le travail à chaud du  verre ou des ouvrages en verre, à l'exclusion des fibres optiq. et leurs ébauches",5,verifie
8475.90.0000,5195  - Parties des machines et appareils du N°,5,verifie
8476.21.0000,5196 -- Machines automatiques de vente de boissons comportant un dispositif de chauffage ou de réfrigération,5,verifie
8476.29.0000,5197 -- Machines automatiques de vente de boissons autres que celles comportant un dispositif de chauffage ou de réfrigération,5,verifie
8476.81.0000,5198 -- Machines automatiques de vente de produits (autres que boissons) comportant un dispositif de chauffage ou de réfrigération,5,verifie
8476.89.0000,"5199 -- Machines automatiques de vente de produits (sauf boissons) sans dispositif de chauffage ou de réfrigération, y cpris … changer la monnaie",5,verifie
8476.90.0000,"5200 - Parties des machines automatiques de vente de produits (… ), y compris celles des machines pour changer la monnaie",5,verifie
8477.10.0000,5201  - Machines à mouler par injection le caoutchouc ou les matières plastiques,5,verifie
8477.20.0000,5202  - Extrudeuses,5,verifie
8477.30.0000,5203  - Machines à mouler par soufflage le caoutchouc ou les matières plastiques,5,verifie
8477.40.0000,5204 - Machines à mouler sous vide et autres machines à thermoformer le caoutchouc ou les matières plastiques Page 444 de 566,5,verifie
8477.51.0000,5205 -- Machines et appareils à mouler ou à rechaper les pneumatiques ou à mouler ou à former les chambres à air,5,verifie
8477.59.0000,"5206 -- Machines et appareils à mouler ou à former  le caoutchouc ou les matières plastiques, autres que ceux du n° 8477.51",5,verifie
8477.80.0000,"5207 - Autres machines et appareils pour le travail du caoutchouc ou des matières plastiques ou ... produits en ces mat., NDCA dans le Chap 84",5,verifie
8477.90.0000,5208  - Parties des machines et appareils du n°,5,verifie
8478.10.0000,"5209 - Machines et appareils pour la préparation ou la transformation du tabac, non dénommés ni compris ailleurs dans le présent Chapitre",5,verifie
8478.90.0000,"5210 - Parties des machines et appareils pour la préparation ou la transformation du tabac, non dénommés ni compris ailleurs dans le Chapitre 84",5,verifie
8479.10.0000,"5211 - Machines et appareils mécaniques pour les travaux publics, le bâtiment ou les travaux analogues",5,verifie
8479.20.0000,5212 - Machines et appareils mécaniques pour l'extraction ou la préparation des huiles ou graisses végétales ou d'origines microbiennes fixes ou animales,5,verifie
8479.30.0000,5213 - Presses pr fabrication de panneaux de particules ou de fibres de bois … et autres machine et appareil pr le traitement du bois ou du liège,5,verifie
8479.40.0000,5214  - Machines mécaniques de corderie ou de câblerie Page 445 de 566,5,verifie
8479.50.0000,"5215  - Robots industriels, non dénommés ni compris ailleurs",5,verifie
8479.60.0000,5216  - Appareils mécaniques à évaporation pour le rafraîchissement de l'air,5,verifie
8479.71.0000,5217 -- Passerelles d'embarquement pour passagers des types utilisés dans les aéroports,5,verifie
8479.79.0000,5218 -- Passerelles d'embarquement pour passagers autres que des types utilisés dans les aéroports,5,verifie
8479.81.0000,"5219 -- Machines et appareils mécaniques pour le traitement des métaux, y compris les bobineuses pour enroulements électriques",5,verifie
8479.82.0000,"5220 -- Machines et appareils mécaniques à mélanger, malaxer, concasser, broyer, cribler, tamiser, homogénéiser, émulsionner ou brasser",5,verifie
8479.83.0000,5221  -- Presses isostatiques à froid,5,verifie
8479.89.0000,5222 -- Autres machines et appareils mécaniques ayant une fonction propre non dénommés ni compris ailleurs dans le chapitre 84,5,verifie
8479.90.0000,5223  - Parties des machines et appareils mécaniques du n° 84.79,5,verifie
8480.10.0000,5224  - Châssis de fonderie,5,verifie
8480.20.0000,5225  - Plaques de fond pour moules,5,verifie
8480.30.0000,5226  - Modèles pour moules,5,verifie
8480.41.0000,5227 -- Moules pour les métaux (autres que les lingotières) ou les carbures métalliques pour le moulage par injection ou par compression Page 446 de 566,5,verifie
8480.49.0000,5228 -- Moules pour les métaux (autres que les lingotières) ou les carbures métalliques autres que pour moulage par injection ou par compression,5,verifie
8480.50.0000,5229  - Moules pour le verre,5,verifie
8480.60.0000,5230  - Moules pour les matières minérales,5,verifie
8480.71.0000,5231 -- Moules pour le caoutchouc ou les matières plastiques pour le moulage par injection ou par compression,5,verifie
8480.79.0000,5232 -- Moules pour le caoutchouc ou les matières plastiques autres que pour le moulage par injection ou par compression,5,verifie
8481.10.0000,5233  - Détendeurs,10,verifie
8481.20.0000,5234  - Valves pour transmissions oléohydrauliques ou pneumatiques,5,verifie
8481.30.0000,5235  - Clapets et soupapes de retenue,10,verifie
8481.40.0000,5236  - Soupapes de trop-plein ou de sûreté,10,verifie
8481.80.0000,"5237  - Autres articles de robinetterie et organes similaires, du n° 84.81",10,verifie
8481.90.0000,"5238 - Parties des articles de robineterie et organes simmilaires pour tuyauterie, chaudière, reservoire, contenant similaire du n° 84 81",10,verifie
8482.10.0000,5239  - Roulements à billes,10,verifie
8482.20.0000,"5240 - Roulements à rouleaux coniques, y compris les assemblages de cônes et rouleaux coniques",10,verifie
8482.30.0000,5241  - Roulements à rouleaux en forme de tonneau,10,verifie
8482.40.0000,"5242 - Roulements à aiguilles, y compris les assemblages de cages et de rouleaux à aiguilles Page 447 de 566",10,verifie
8482.50.0000,"5243 - Roulements à rouleaux cylindriques, y compris les  assemblages de cages et de rouleaux",10,verifie
8482.80.0000,"5244 - Roulements à galets et autres roulements à rouleaux, y compris les roulements combinés",10,verifie
8482.91.0000,"5245 -- Billes, galets, rouleaux et aiguilles des roulements à billes, à galets, à rouleaux et à aiguilles",10,verifie
8482.99.0000,"5246 -- Autres parties des roulements à billes, à galets, à rouleaux et à aiguilles, à l'exclusion des billes, galets, rouleaux et aiguilles",10,verifie
8483.10.0000,5247 - Arbres de transmission (y compris les arbres à cames et les vilebrequins) et manivelles,10,verifie
8483.20.0000,5248  - Paliers à roulements incorporés,10,verifie
8483.30.0000,"5249  - Paliers, autres qu'à roulements incorporés; coussinets",10,verifie
8483.40.0000,"5250 - Engrenages et roues de friction, autres que les roues dentées … séparément; broches ...; réducteurs,... y compris convertisseurs de couple",10,verifie
8483.50.0000,"5251  - Volants et poulies, y compris les poulies à moufles",10,verifie
8483.60.0000,"5252  - Embrayages et organes d'accouplement, y compris les joints d'articulation",10,verifie
8483.90.0000,5253 - Roues dentées et autres organes élémentaires de transmission présentés séparément; parties des articles du n°,10,verifie
8484.10.0000,5254  - Joints métalloplastiques,10,verifie
8484.20.0000,5255  - Joints d'étanchéité mécaniques Page 448 de 566,10,verifie
8484.90.0000,"5256 - Joints, jeux ou assortiment de joints de compositions differentes présentés en pochettes, enveloppes ou emballages analogues",10,verifie
8485.10.0000,"5257  - Machines pour la fabrication additive, par dépôt métallique",10,verifie
8485.20.0000,"5258 - Machines pour la fabrication additive, par dépôt de matières plastiques ou de caoutchouc",10,verifie
8485.30.0000,"5259 - Machines pour la fabrication additive, par dépôt de plâtre, de ciment, de céramique ou de verre",10,verifie
8485.80.0000,"5260 - Machines pour la fabrication additive, autres que par dépôt métallique, dépôt de matières plastiques ou de caoutchouc ou de dépôt de plâtre, de ciment, de céramique ou de verre",10,verifie
8485.90.0000,5261  - Parties de machines pour la fabrication additive du N° 84.85.,10,verifie
8486.10.0000,5262  - Machines et appareils pour la fabrication de lingots ou de plaquettes,10,verifie
8486.20.1100,5263  --- Appareils pour l'écriture directe sur disque,20,verifie
8486.20.1200,5264  --- Photorépéteurs,20,verifie
8486.20.1900,"5265 --- Autres appareils pour la projection, la réalisation des tracés de circuits sur les matières semi-conductrices sensibilisées",20,verifie
8486.20.9000,5266 -- Autres machines pour la fabrication de dispositifs à semi conducteur ou des circuits intégrés électroniques,10,verifie
8486.30.1000,5267 -- Machines et app. pr fabrication de dispositifs d'affichage à écran plat pr laboratoires photographiq. ou cinématographiq ; négatoscopes Page 449 de 566,20,verifie
8486.30.9000,5268 -- Machines et app. pour la fabrication de dispositifs d'affichage à écran plat autres que pr laboratoires photographiques ou ;négatoscopes,10,verifie
8486.40.0000,5269  - Machines et appareils visés à la Note 11 C) du Chapitre 84,10,verifie
8486.90.1000,5270  -- Parties et accessoires des machines ou appareils du 8486.20 et du 8486.30,10,verifie
8486.90.9000,"5271 -- Parties et accessoires des machines et appareils du n° 84.86, à l'exclusion du 8486.20 et du 8486.30",5,verifie
8487.10.0000,5272  - Hélices pour bateaux et leurs pales,10,verifie
8487.90.0000,5273 - Autres parties de machines et appareils non dénommés ni compris ailleurs du chapitre n° 84,10,verifie
8501.10.0000,"5274  - Moteurs électriques d'une puissance n'excédant pas 37,5 W",5,verifie
8501.20.0000,"5275  - Moteurs électriques universels d'une puissance excédant 37,5 W",5,verifie
8501.31.0000,"5276 -- Moteurs électriques à courant continu et machines génératrices (sauf gpe électrogène) à courant continu, autres que les machines génératrices photovoltaïques, d'une puissance n'excédant pas 750W",5,verifie
8501.32.0000,"5277 -- Moteurs à courant continu et machines génératrices (sauf groupe électrogène) à courant continu, autres que les machines génératrices photovoltaïques, d'une puissance excédant 750 W mais pas 75 kW Page 450 de 566",5,verifie
8501.33.0000,"5278 -- Moteurs à courant continu et machines génératrices (sauf groupe électrogène) à courant continu, autres que les machines génératrices photovoltaïques, d'une puissance excédant 75 kW mais pas 375 kW",5,verifie
8501.34.0000,"5279 -- Moteurs à courant continu et machines génératrices (sauf groupe électrogène) à courant continu, autres que les machines génératrices photovoltaïques, d'une d'une puissance excédant 375 kW",5,verifie
8501.40.0000,"5280  - Moteurs à courant alternatif, monophasés",5,verifie
8501.51.0000,"5281 -- Moteurs à courant alternatif, polyphasés, d'une puissance n'excédant pas 750 W",5,verifie
8501.52.0000,"5282 -- Moteurs à courant alternatif, polyphasés, d'une puissance excédant 750 W mais n'excédant pas 75 kW",5,verifie
8501.53.0000,"5283 -- Moteurs à courant alternatif, polyphasés, d'une puissance excédant 75 kW",5,verifie
8501.61.0000,"5284 -- Machines génératrices (sauf groupe électrogène) à courant alternatif (alternateurs), autres que les machines génératrices photovoltaïques, d'une puissance n'excédant pas 75 kVA",5,verifie
8501.62.0000,"5285 -- Machines génératrices (sauf groupe électrogène) à courant alternatif (alternateurs), autres que les machines génératrices photovoltaïques, d'une puissance excédant 75 kVA mais pas 375 kVA Page 451 de 566",5,verifie
8501.63.0000,"5286 -- Machines génératrices (sauf groupe électrogène) à courant alternatif (alternateurs), autres que les machines génératrices photovoltaïques, d'une puissance excédant 375 kVA mais pas 750 kVA",5,verifie
8501.64.0000,"5287 -- Machines génératrices (sauf groupe électrogène) à courant alternatif (alternateurs), autres que les machines génératrices photovoltaïques, d'une puissance excédant 750 kVA",5,verifie
8501.71.0000,"5288 -- Machines génératrices photovoltaïques à courant continu, d'une puissance n’excédant pas 50 W",5,verifie
8501.72.0000,"5289 -- Machines génératrices photovoltaïques à courant continu, d'une puissance excédant 50 W",5,verifie
8501.80.0000,5290  - Machines génératrices photovoltaïques à courant alternatif,5,verifie
8502.11.1000,"5291 --- Groupe électrogène à moteur à piston à allumage par compression (diesel …), n'excédant pas 75KVA...non monté pour l'industrie du montage",5,verifie
8502.11.9000,"5292 --- Groupe électrogène à moteur à piston à allumage par compression (diesel …), n'excédant pas 75KVA, autre que pour ?l'industrie du montage",5,verifie
8502.12.1000,"5293 --- Groupe électrogène à moteur à piston à allumage par compression (…), excédant 75KVA mais pas 375KVA pr ?l'industrie du montage Page 452 de 566",5,verifie
8502.12.9000,"5294 --- Groupe électrogène à moteur à piston à allumage par compression (…),excédant 75KVA mais pas 375KVA, autre que  pr ?industrie du montage",5,verifie
8502.13.1000,"5295 --- Groupes électrogènes à moteur à piston à allumage par compression (…), excédant 375KVA,...non monté pour ?l'industrie du montage",5,verifie
8502.13.9000,5296 --- Groupes électrogènes à moteurs à piston à allumage par compression (…) excédant 375KVA autres que pour l'?industrie du montage,5,verifie
8502.20.1000,"5297 -- Groupes électrogènes à moteur à piston à allumage par étincelles (moteurs à explosion), ... non monté  pour l?'industrie du montage",5,verifie
8502.20.9000,5298 -- Groupes électrogènes à moteur à piston à allumage par étincelles (moteurs à explosion) autres que  pour l'?industrie du montage,5,verifie
8502.31.0000,5299  -- Groupes électrogènes à énergie éolienne,5,verifie
8502.39.1000,5300  --- Groupes électrogènes à énergie solaire,5,verifie
8502.39.2000,5301  --- Groupes électrogènes à gaz,5,verifie
8502.39.9000,"5302  --- Autres groupes électrogènes, du n°",5,verifie
8502.40.0000,5303  - Convertisseurs rotatifs électriques,5,verifie
8503.00.0000,5304 Parties reconnaissables comme étant exclusivement ou principalement destinées aux machines des n°s 85.01 ou,5,verifie
8504.10.0000,5305  - Ballasts pour lampes ou tubes à décharge Page 453 de 566,5,verifie
8504.21.0000,5306  -- Transformateurs à diélectrique liquide d'une puissance n'excédant pas 650 kVA,5,verifie
8504.22.0000,5307 -- Transformateurs à diélectrique liquide d'une puissance excédant 650 kVA mais n'excédant pas 10.000 kVA,5,verifie
8504.23.0000,5308  -- Transformateurs à diélectrique liquide d'une puissance excédant 10.000 kVA,5,verifie
8504.31.0000,5309 -- Transformateurs (autres qu'à dielectrique liquide) d'une puissance n'excédant pas 1 kVA,5,verifie
8504.32.0000,5310 -- Transformateurs (autres qu'à dielectrique liquide) d'une puissance excédant 1 kVA mais n'excédant pas 16 kVA,5,verifie
8504.33.0000,5311 -- Transformateurs (autres qu'à dielectrique liquide) d'une puissance excédant 16 kVA mais n'excédant pas 500 kVA,5,verifie
8504.34.0000,5312 -- Transformateurs (autres qu'à dielectrique liquide) d'une puissance excédant 500 kVA,5,verifie
8504.40.1000,5313  -- Onduleurs,5,verifie
8504.40.2000,5314  -- Chargeurs de batteries,5,verifie
8504.40.9000,5315 -- Convertisseurs statiques à l'exclusion des onduleurs et des chargeurs de batteries,5,verifie
8504.50.1000,5316  --  Bobines de réactance,5,verifie
8504.50.9000,5317  -- Selfs,5,verifie
8504.90.0000,"5318 - Parties de transformateurs électriques, de convertisseurs électriques statiques (redresseurs, par exemple), bobines de réactances et selfs Page 454 de 566",5,verifie
8505.11.0000,5319 -- Aimants permanants  et articles destinés à devenir des aimants permanants après aimantation en métal,5,verifie
8505.19.0000,5320 -- Aimants permanants  et articles destinés à devenir des aimants permanants après aimantation autres qu'en métal,5,verifie
8505.20.1000,"5321 -- Accouplements, embrayages, variateurs de vitesse et freins électromagnétiques pour véhicules automobiles",10,verifie
8505.20.9000,"5322 -- Accouplements, embrayages, variateurs de vitesse et freins électromagnétiques autres que pour véhicules automobiles",10,verifie
8505.90.0000,5323 - Elètro-aimants; plateaux…électromagnetiques similaires de fixation; têtes de levage électromagnétiques; parties des articles du n° 85 05,10,verifie
8506.10.1000,"5324  -- Piles et batteries de piles électriques au bioxyde de maganèse, de type R20",20,verifie
8506.10.9000,"5325 -- Piles et batteries de piles électriques au bioxyde de maganèse, autres que de type R20",20,verifie
8506.30.0000,"5326  - Piles et batteries de piles électriques, à l'oxyde de mercure",20,verifie
8506.40.0000,"5327  - Piles et batteries de piles électriques, à l'oxyde d'argent",20,verifie
8506.50.0000,"5328  - Piles et batteries de piles électriques, au lithium",20,verifie
8506.60.0000,"5329  - Piles et batteries de piles électriques, à l'air-zinc",20,verifie
8506.80.0000,"5330  - Autres piles et batteries de piles électriques, du n° 85.06 Page 455 de 566",20,verifie
8506.90.0000,"5331  - Parties des piles et batteries de piles électriques, du n° 85.06",5,verifie
8507.10.0000,"5332 - Accumulateurs électriques au plomb, pr le démarrage des moteurs à piston, y cpris leurs séparateurs, même de forme carrée ou rectangulaire",20,verifie
8507.20.0000,"5333 - Accumulateurs électriques au plomb,sauf pr le démarrage des moteurs à piston, y cpris leurs séparateurs, même de forme carrée ou rectang",20,verifie
8507.30.0000,"5334 - Accumulateurs électriques au nickel- cadmium, y compris leurs séparateurs, même de forme carrée ou rectangulaire",20,verifie
8507.50.0000,"5335 - Accumulateurs électriques au nickel- hydrure métallique, y compris leurs séparateurs, même de forme carrée ou rectangulaire",20,verifie
8507.60.0000,"5336 - Accumulateurs électriques au lithium-ion, y compris leurs séparateurs, même de forme carrée ou rectangulaire",20,verifie
8507.80.0000,"5337 - Autres accumulateurs électriques, y compris leurs séparateurs, même de forme carrée ou rectangulaire, du n° 85.07",20,verifie
8507.90.0000,"5338 - Parties des accumulateurs électriques, y compris leurs séparateurs, même de forme carrée ou rectangulaire",10,verifie
8508.11.0000,5339 -- Aspirateurs à moteur électrique incorporé d'une puissance n'excédant pas 1.500 W et dont le volume du réservoir n'excède pas 20 l Page 456 de 566,20,verifie
8508.19.0000,"5340 -- Aspirateurs à moteur électrique incorporé, sauf ceux d'une puissance n'excédant pas 1.500W et dont le vol. du réservoir n'excède pas 20 l",20,verifie
8508.60.0000,5341  - Aspirateurs autres qu'à moteur électrique incorporé,20,verifie
8508.70.0000,5342  - Parties d'aspirateurs,10,verifie
8509.40.0000,"5343 - Broyeurs et mélangeurs pour aliments, presse-fruits et presse-légumes, à moteur électrique",20,verifie
8509.80.0000,"5344 - Autres appareils électomécaniques à moteur électrique incoporé, à usage domestique, autres que les aspirateurs du n° 85 08",20,verifie
8509.90.0000,"5345 - Parties des appareils électromécaniques à moteur électrique incorporé, à usage domestique, autres que les aspirateurs du n° 85 08",10,verifie
8510.10.0000,5346  - Rasoirs à moteur électrique incorporé,20,verifie
8510.20.0000,5347  - Tondeuses à moteur électrique incorporé,20,verifie
8510.30.0000,"5348  - Appareils à épiler, à moteur électrique incorporé",20,verifie
8510.90.0000,"5349 - Parties des rasoirs, tondeuses et appareils à épiler, à moteur électrique incorporé",10,verifie
8511.10.0000,5350 - Bougies électriques d'allumage pour moteurs à allumage par étincelles ou par compression,10,verifie
8511.20.0000,"5351 - Magnétos, dynamos-magnétos et volants magnétiques électriques, pour moteurs à allumage par étincelles ou par compression Page 457 de 566",10,verifie
8511.30.0000,"5352 - Distributeurs et bobines d'allumage électriques, pour moteurs  à allumage par étincelles ou par compression",10,verifie
8511.40.0000,"5353 - Démarreurs, même fonctionnant comme génératrices, pour moteurs à allumage par étincelles ou par compression",10,verifie
8511.50.0000,5354 - Autres génératrices utilisées avec les moteurs à allumage par étincelles ou par compression,10,verifie
8511.80.0000,5355 - Autres appareils et dispositifs électriques d'allumage ou de démarrage pour moteurs à allumage par étincelles ou par compression,10,verifie
8511.90.0000,5356  - Parties des articles du n° 85.11,5,verifie
8512.10.0000,5357 - Appareils électriques d'éclairage ou de signalisation (à l'exclusion des articles du n° 85.39) visuelle utilisés pour les bicyclettes,10,verifie
8512.20.0000,5358 - Appareils électriques d'éclairage ou de signalisation (à l'exclusion des articles du n° 85.39) visuelle autres que pour les bicyclettes,10,verifie
8512.30.0000,"5359 - Appareils électriques de signalisation (à l'exclusion des articles du n° 85.39) acoustique, des types utilisés pour cycles ou automobiles",10,verifie
8512.40.0000,"5360 - Essuie-glaces, dégivreurs et dispositifs antibuée électriques pour cycles ou automobiles",10,verifie
8512.90.0000,5361  - Parties des articles du n° 85.12 Page 458 de 566,5,verifie
8513.10.0000,"5362 - Lampes électriques portatives, conçues pour fonctionner au moyen de leur propre source d'énergie (à piles, à accumulateurs, électromagnetiques, par exemple), autres que les appareils d'éclairage du N°85.12",20,verifie
8513.90.0000,5363  - Parties de lampes du n° 85.13,10,verifie
8514.11.0000,5364  -- Presses isostatiques à chaud,5,verifie
8514.19.0000,"5365 -- Fours électriques industriels ou de laboratoires, à résistance (à chauffage indirect), à l'exclusion des presses isostatiques à chaud",5,verifie
8514.20.0000,5366 - Fours électriques industriels ou de laboratoires fonctionnant par induction ou par pertes diélectriques,5,verifie
8514.31.0000,"5367  -- Fours électriques industriels ou de laboratoires, à faisceau d’électrons",5,verifie
8514.32.0000,"5368  -- Fours électriques industriels ou de laboratoires, à plasma ou à arc sous vide",5,verifie
8514.39.0000,5369  --  Autres fours électriques industriels ou de laboratoires du N° 85.14,5,verifie
8514.40.0000,5370 - Autres appareils industriels ou de laboratoires pour le traitement thermique des matières par induction ou par pertes diélectriques,5,verifie
8514.90.0000,5371  - Parties des appareils industriels ou de laboratoires du n° 85.14,5,verifie
8515.11.0000,"5372  -- Fers et pistolets à braser, électriques",5,verifie
8515.19.0000,"5373 -- Machines et appareils pour le brasage fort ou tendre, autres que les fers et pistolets à braser, électriques Page 459 de 566",5,verifie
8515.21.0000,"5374 -- Machines et appareils pour le soudage des métaux par résistance, électriques, entièrement ou partiellement automatiques",5,verifie
8515.29.0000,"5375 -- Machines et appareils pour le soudage des métaux par résistance, électriques, autres qu'automatiques",5,verifie
8515.31.0000,"5376 -- Machines et appareils pour le soudage des métaux à l'arc ou au jet de plasma, entièrement ou partiellement automatiques",5,verifie
8515.39.0000,"5377 -- Machines et appareils pour le soudage des métaux à l'arc ou au jet de plasma, autres qu'automatiques",5,verifie
8515.80.0000,5378  - Autres machines et appareils du n° 85.15,5,verifie
8515.90.0000,5379  - Parties des machines et appareils du n°,5,verifie
8516.10.0000,5380  - Chauffe-eau et thermoplongeurs électriques,20,verifie
8516.21.0000,"5381 -- Radiateurs à accumulation électriques pour le chauffage des locaux, du sol ou pour usages similaires",20,verifie
8516.29.0000,"5382 -- Appareils électriques pour le chauffage des locaux, du sol ou pour usages similaires, autres que les radiateurs à accumulation",20,verifie
8516.31.0000,5383  -- Sèche-cheveux,20,verifie
8516.32.0000,"5384  -- Appareils électrothermiques pour la coiffure, autres que les sèche-cheveux",20,verifie
8516.33.0000,5385  -- Appareils électrothermiques pour sécher les mains,20,verifie
8516.40.0000,5386  - Fers à repasser électriques,20,verifie
8516.50.0000,5387  - Fours à micro-ondes électriques Page 460 de 566,20,verifie
8516.60.1000,"5388 -- Autres fours, cuisinières, rechauds (y compris les tables de cuisson), griles et rotissoirs ...non monté pour l'?industrie du montage",20,verifie
8516.60.9000,"5389 -- Autres fours, cuisinières, rechauds (y compris les tables de cuisson), griles et rotissoirs, autres que pour l?'industrie du montage",20,verifie
8516.71.0000,5390  -- Appareils électrothermiques pour la préparation du café ou du thé,20,verifie
8516.72.0000,5391  -- Grille-pain électrothermique,20,verifie
8516.79.1000,5392  --- Bouilloire électrique,20,verifie
8516.79.2000,5393  --- Diffuseurs électriques de parfum ou d'?insecticide,20,verifie
8516.79.9000,"5394  --- Autres appareils électrothermiques pour usages domestiques, du n° 85.16",20,verifie
8516.80.0000,"5395  - Résistances chauffantes, autres que celles du n° 85.45",20,verifie
8516.90.0000,5396  - Parties des articles du n° 85.16,10,verifie
8517.11.0000,5397  -- Postes téléphoniques d'usagers par fil à combinés sans fil,10,verifie
8517.13.0000,5398  -- Téléphones intelligents,10,verifie
8517.14.0000,5399  -- Autres téléphones pour réseaux cellulaires  ou autres réseaux sans fil,10,verifie
8517.18.0000,"5400  -- Autres postes téléphoniques d'usagers, du n° 85.17",10,verifie
8517.61.0000,"5401 -- Stations de base pr l'émission, la transmission ou la réception de la voix...,y compris les appareils pr la communication dans un réseau",10,verifie
8517.62.0000,"5402 -- Appareils pr la réception, la conversion, l'émission, la transmission, la régénération de la voix, d'images ... commutation et de routage Page 461 de 566",10,verifie
8517.69.0000,"5403 -- Autres appareils pour l'émission, la transmission ... données ,y compris les appareils pour la communication dans un réseau du n° 85 17",10,verifie
8517.71.0000,5404 --  Antennes et réflecteurs d’antennes de tous  types; parties reconnaissables comme étant  utilisées conjointement avec ces articles,5,verifie
8517.79.0000,"5405 --  Partie des arcticles du N° 85.17, à l'exclusion des antennes et reflecteurs d'antennes et leurs parties",5,verifie
8518.10.0000,5406  - Microphones et leurs supports,20,verifie
8518.21.0000,5407  -- Haut-parleur unique monté dans son enceinte,20,verifie
8518.22.0000,5408  -- Haut-parleurs multiples montés dans la même enceinte,20,verifie
8518.29.0000,5409  -- Haut-parleurs autres que ceux montés dans leur enceinte,20,verifie
8518.30.0000,"5410 - Casque d'écoute et écouteur, même combiné avec un microphone, … assortiments constitués par un microphone et un ou plusieurs haut- parleurs",20,verifie
8518.40.0000,5411  - Amplificateurs électriques d'audiofréquence,20,verifie
8518.50.0000,5412  - Appareils électriques d'amplification du son,20,verifie
8518.90.0000,5413  - Parties des appareils du n° 85.18,20,verifie
8519.20.0000,"5414 - Appareils d'enregistrement et/ou de reproduction du son  fonctionnant par l'introduction d'une pièce de monnaie, d'un billet de banque",20,verifie
8519.30.0000,5415  - Platines tourne-disques,20,verifie
8519.81.1000,5416  --- Lecteurs multimédia portables Page 462 de 566,20,verifie
8519.81.9000,"5417 --- Autres appareils d'enregistrement et/ou de reproduction du son  utilisant un support magnétique, optique ou à semi- conducteur",20,verifie
8519.89.0000,"5418 -- Autres appareils d'enregistrement, de reproduction ou d'enregistrement et de reproduction du son, du n° 85.19",20,verifie
8521.10.0000,"5419 - Appareils d'enregistrement ou de reproduction vidéophoniques,même incorporant un récepteur de signaux vidéophoniques à bandes magnétiques",20,verifie
8521.90.1000,5420  -- Lecteur/enregistreur de DVD,20,verifie
8521.90.9000,"5421 -- Autres appareils d'enregistrement ou de reproduction vidéophoniques, autres qu'à bandes magnétiques ou lecteur/enregistreur de DVD",20,verifie
8522.10.0000,5422  - Lecteurs phonographiques,20,verifie
8522.90.0000,"5423 - Parties et accessoires reconnaissables comme étant... destinés aux appareils des n°s 85.19 ou 85.21, autres que  lecteurs phonographiques",10,verifie
8523.21.1000,"5424  --- Cartes munies d'une puce magnétique, enregistrées",20,verifie
8523.21.9000,"5425  --- Cartes munies d'une puce magnétique, non enregistrées",20,verifie
8523.29.1000,5426 --- Supports magnétiques (à l'exclusion des cartes munies d'une puce magnétique) d'une largeur n'excédant pas 4 mm,10,verifie
8523.29.9000,"5427 --- Supports magnétiques (à l'exclusion des cartes munies d'une puce magnétique), autres que d'une largeur n'excédant pas 4 mm",20,verifie
8523.41.0000,5428  -- Supports optiques non enregistrés Page 463 de 566,20,verifie
8523.49.0000,5429  -- Supports optiques autres que non enregistrés,20,verifie
8523.51.0000,5430  -- Dispositifs de stockage rémanent des données à base de semi-conducteurs,20,verifie
8523.52.0000,5431  -- «Cartes intelligentes»,20,verifie
8523.59.0000,"5432  -- Autres supports à semi conducteur, du n° 85.23",20,verifie
8523.80.0000,"5433 - Supports pour l'enregistrement du son ou pr enregistrements analogues autres que les supports magnétiques, optiques ou à semi-conducteurs",20,verifie
8524.11.0000,"5434 -- Modules d’affichage à écran plat, même comprenant des écrans tactiles, sans pilotes ni circuits de commande, à cristaux liquides",20,verifie
8524.12.0000,"5435 '-- Modules d’affichage à écran plat, même comprenant des écrans tactiles, sans pilotes ni circuits de commande, à diodes émettrices de lumière organiques (OLED)",20,verifie
8524.19.0000,"5436 '-- Modules d’affichage à écran plat, même comprenant des écrans tactiles, sans pilotes ni circuits de commande, autres qu'à cristaux liquides ou à diodes émettrices de lumière organiques (OLED)",20,verifie
8524.91.0000,"5437 -- Modules d’affichage à écran plat, même comprenant des écrans tactiles, à l'exclusion de ceux sans pilotes ni circuits de commande à cristaux liquides",20,verifie
8524.92.0000,"5438 -- Modules d’affichage à écran plat, même comprenant des écrans tactiles, à l'exclusion de ceux sans pilotes ni circuits de commande, à diodes émettrices de lumière organiques (OLED) Page 464 de 566",20,verifie
8524.99.0000,"5439 -- Autres modules d’affichage à écran plat, même comprenant des écrans tactiles, à l'exclusion de ceux sans pilotes ni circuits de commande du N° 8524 9",20,verifie
8525.50.0000,"5440 - Appareils d'émission pour la radiodiffusion ou la télévision, même incorporant un appareil d'enregistrement ou de reproduction du son",5,verifie
8525.60.0000,5441 - Appareils d'émission pour la radiodiffusion ou la télévision incorporant un appareil de réception,5,verifie
8525.81.0000,"5442 -- Caméras de télévision, appareils photographiques numériques et caméscopes, ultrarapides, mentionnés dans la Note 1 de sous-positions du Chapitre 85",5,verifie
8525.82.0000,"5443 -- Caméras de télévision, appareils photographiques numériques et caméscopes, résistants aux rayonnements, mentionnés dans la Note 2 de sous- positions du Chapitre 85",5,verifie
8525.83.0000,"5444 -- Caméras de télévision, appareils photographiques numériques et caméscopes, à vision nocturne, mentionnés dans la Note 3 de sous- positions du Chapitre 85",5,verifie
8525.89.0000,"5445 -- Autres caméras de télévision, appareils photographiques numériques et caméscopes, du N° 8525.8",5,verifie
8526.10.0000,5446  - Appareils de radiodétection et de radiosondage (radar),5,verifie
8526.91.0000,5447  -- Appareils de radionavigation,5,verifie
8526.92.0000,5448  -- Appareils de radiotélécommande Page 465 de 566,5,verifie
8527.12.0000,5449 -- Radio cassettes de poche pouvant fonctionner sans source d'energie extérieure,20,verifie
8527.13.0000,5450 -- Autres appareils combinés à un appareil d'enregistrement ou de reproduction du son pouvant fonctionner sans source d'energie extérieure,20,verifie
8527.19.1000,"5451 --- Autres appareils récepteurs de radiodiffusion pouvant fonctionner sans source d'energie extérieure, ...pour l'industrie de montage",5,verifie
8527.19.2000,"5452 --- Appareils récepteurs de radiodiffusion pouvant fonctionner sans source d'energie extérieure, autres que  pour l'industrie de montage",20,verifie
8527.19.9000,"5453 --- Autres appareils récepteurs de radiodiffusion pouvant fonctionner sans source d'energie extérieure, du n° 85.27",20,verifie
8527.21.0000,"5454 -- Appareil récepteur de radiodiffusion à énergie extérieure, combiné à un appareil d'enregistr. ou de reprod. du son, pour véhicule auto",20,verifie
8527.29.0000,"5455 -- Appareil récepteur de radiodiffusion à énergie extérieure, non combiné à un appareil d'enregistr. ou de reprod. du son, pr véhicule auto",20,verifie
8527.91.0000,"5456 -- Appareil récepteur de radiodiffusion à énergie extérieure, combiné à un appareil d'enregistrement ...du son, autre que pr véhicule auto",20,verifie
8527.92.0000,"5457 -- Autres appareils récepteurs de radiodiffusion à énergie extérieure, combinés uniquement à un appareil d'horlogerie Page 466 de 566",20,verifie
8527.99.0000,"5458  -- Autres appareils récepteurs de radiodiffusion, du n° 85.27",20,verifie
8528.42.0000,"5459 -- Moniteurs à tube cathodique, aptes à être connectés directement à une machine ... du n° 84.71 et conçus pour être utilisés avec celle-ci",5,verifie
8528.49.0000,5460 -- Moniteurs à tube cathodique...aut. que ceux utilisés exclusiv. ou principal. dans un syst. automatiq. de traitement de l'info.du n°84 71,20,verifie
8528.52.0000,"5461 -- Moniteurs autre qu'à tube cathodique, aptes à être connectés directement à une machine ... du n° 84.71 ... pr être utilisés avec celle-ci",5,verifie
8528.59.0000,"5462  -- Moniteurs autres qu'à tube cathodique ..., à l'exclusion de ceux du n° 8528.52",20,verifie
8528.62.0000,5463 -- Projecteurs aptes à être connectés directement à une machine automatique ... du n° 84.71 et conçus pour être utilisés avec celle-ci,5,verifie
8528.69.0000,5464  -- Projecteurs ... autres que ceux du n°,20,verifie
8528.71.1000,"5465 --- Appareils récepteurs de télévision, … non conçus pr incorporer un dispositif d'affichage ou un écran vidéo ... pr l'industrie du montage",5,verifie
8528.71.9000,5466 --- Appareils récepteurs de télévision … non conçus pr incorporer dispositif d'affichage ou écran vidéo ... aut. que pr industrie du montage,20,verifie
8528.72.1000,"5467 --- Appareils récepteurs de télévision, … en couleurs présentés entièrement … ou non monté importés pour l'?industrie du montage Page 467 de 566",5,verifie
8528.72.9000,"5468 --- Appareils récepteurs de télévision, … en couleurs  importés autres que pour l?'industrie du montage",20,verifie
8528.73.1000,"5469 --- Appareils récepteurs de télévision, ... en monochromes, présentés entièrement ... ou non monté importés pour l?'industrie du montage",5,verifie
8528.73.9000,"5470 --- Appareils récepteurs de télévision, … en monochromes  importés autres que pour l?'industrie du montage",20,verifie
8529.10.0000,5471 - Antennes et réflecteurs d'antennes de tous types; parties reconnaissables comme étant utilisées conjointement avec ces articles,20,verifie
8529.90.0000,"5472 - Autres parties du N° 85.29, reconnaissables comme étant exclusivement ou principalement destinées aux appareils des n°s 85.24 à",10,verifie
8530.10.0000,"5473 - Appareils électriques de signalisation (...), de sécurité, de contrôle ou de commande pour voies ferrées ou similaires",5,verifie
8530.80.0000,"5474 - Appareils électriques de signalisation (...), sécurité, contrôle ou commande pr voies routières ou fluviales, aires... ou aérodromes ( )",5,verifie
8530.90.0000,"5475 - Parties des appareils électriques de signalisation (...), de sécurité, de contrôle ou de commande, du n° 85.30",5,verifie
8531.10.0000,"5476 - Avertisseurs électriques pour la protection contre le vol ou l'incendie et appareils similaires, autres que ceux des n°s 85 12 ou 85 30 Page 468 de 566",30,verifie
8531.20.0000,5477 - Panneaux indicateurs incorporant des dispositifs à cristaux liquides (LCD) ou à diodes émettrices de lumière (LED),10,verifie
8531.80.0000,"5478 - Autres appareils électriques de signalisation acoustique ou visuelle (...), autres que ceux des n°s 85.12 ou 85.30, du n° 85 31",10,verifie
8531.90.0000,"5479 - Parties des appareils électriques de signalisation acoustique ou visuelle, du n°",5,verifie
8532.10.0000,"5480 - Condensateur électrique, fixe pr réseaux de 50/60Hz capables d?'absorber une puissance réactive de 0,5kvar et plus (condens de puissance)",5,verifie
8532.21.0000,5481  -- Condensateurs électriques fixes au tantale,5,verifie
8532.22.0000,"5482  -- Condensateurs électriques, fixes electrolytiques à l'aluminium",5,verifie
8532.23.0000,"5483 -- Condensateurs électriques, fixes à diélectrique en céramique, à une seule couche",5,verifie
8532.24.0000,"5484  -- Condensateurs électriques, fixes à diélectrique en céramique, multicouches",5,verifie
8532.25.0000,5485 -- Condensateurs électriques fixes à diélectrique en papier ou en matières plastiques,5,verifie
8532.29.0000,"5486  -- Autres condensateurs électriques fixes, du n° 85.32",5,verifie
8532.30.0000,"5487  - Condensateurs électriques, variables ou ajustables",5,verifie
8532.90.0000,"5488  - Parties des condensateurs électriques, fixes, variables ou ajustables Page 469 de 566",5,verifie
8533.10.0000,"5489 - Résistances électriques non chauffantes, fixes au carbone, agglomérées ou à couche",5,verifie
8533.21.0000,"5490 -- Résistances électriques non chauffantes, fixes pour une puissance n'excédant pas 20 W",5,verifie
8533.29.0000,"5491 -- Résistances électriques non chauffantes, fixes, autres que pour une puissance n'excédant pas 20 W",5,verifie
8533.31.0000,"5492 -- Résistances électriques non chauffantes,variables (y compris les rhéostats et les potentiomètres) bobinées, puissance n'excédant pas 20W",5,verifie
8533.39.0000,"5493 -- Résistances électriques non chauffantes, variables (y compris rhéostat et potentiomètre) bobinées, sauf pr puissance n'excédant pas 20 W",5,verifie
8533.40.0000,"5494 - Résistances électriques non chauffantes, variables (y compris les rhéostats et les potentiomètres), autres que bobinées",5,verifie
8533.90.0000,5495 - Parties des résistances électriques non chauffantes (y compris les rhéostats et les potentiomètres),5,verifie
8534.00.0000,5496  Circuits imprimés.,5,verifie
8535.10.0000,5497  - Fusibles et coupe-circuit à fusibles pour une tension excédant 1000 volts,10,verifie
8535.21.0000,"5498  -- Dijonteurs pour une tension excédant 1.000 volts et inférieure à 72,5 kV",10,verifie
8535.29.0000,"5499  -- Dijonteurs pour une tension supérieure ou égale à 72,5 kV",10,verifie
8535.30.0000,"5500  - Sectionneurs et interrupteurs, pour une tensions excédant 1.000 volts Page 470 de 566",10,verifie
8535.40.0000,"5501 - Parafoudres, limiteurs de tension et parasurtenseurs, pour une tensions excédant 1.000 volts",10,verifie
8535.90.0000,"5502 - Autres appareils pr coupure, sectionnement, protection, ... ou connexion des circuits électriq. (...), pr une tension excédant 1 000 volts",10,verifie
8536.10.0000,"5503  - Fusibles et coupe-circuit à fusibles, pour une tension n'excédant pas 1.000 volts",20,verifie
8536.20.0000,"5504  - Disjoncteurs, pour une tension n'excédant pas 1.000 volts",20,verifie
8536.30.0000,"5505 - Autres appareils pour la protection des circuits électriques, pour une tension n'excédant pas 1.000 volts, du n° 85.36",20,verifie
8536.41.0000,5506  -- Relais pour une tension n'excédant pas 60 V,20,verifie
8536.49.0000,5507  -- Relais pour une tension excédant 60 V mais n'excédant pas 1.000 volts,20,verifie
8536.50.0000,"5508 - Autres interrupteurs, sectionneurs et commutateurs, n'excédant pas 1.000 volts",20,verifie
8536.61.0000,"5509  -- Douilles pour lampes, pour une tension n'excédant pas 1.000 volts",20,verifie
8536.69.0000,"5510  -- Fiches et prises de courant, pour une tension n'excédant pas 1.000 volts",20,verifie
8536.70.0000,"5511  - Connecteurs pour fibres optiques, faisceaux ou câbles de fibres optiques",20,verifie
8536.90.0000,"5512 - Autres appareils pr coupure, sectionnement, protection, ...ou connexion des circuits électriq. (...), tension n'excédant pas 1 000 volts Page 471 de 566",20,verifie
8537.10.0000,"5513 - Tableau, panneau, console, pupitre, armoire, aut. support comportant des appareils des n°s8535 ou 8536…pr une tension n'excédant pas 1000V",5,verifie
8537.20.0000,"5514 - Tableau, panneau, console, pupitre, armoire, autr. support comportant des appareils des n°8535 ou 8536 … pr une tension excédant 1000V",5,verifie
8538.10.0000,"5515 - Tableaux, panneaux, consoles, pupitres, armoires et autres supports du n° 85.37, dépourvus de leurs appareils",5,verifie
8538.90.0000,"5516 - Parties reconnaissables comme étant exclusivement ... destinées aux appareils des n°s 85.35, 85.36 ou 85.37, autres que celles du 8538 10",10,verifie
8539.10.0000,5517  - Articles dits «phares et projecteurs scellés»,20,verifie
8539.21.0000,"5518 -- Lampes et tubes à incadescence à l'exclusion de ceux à rayons ultraviolets ou infrarouges halogènes, au tungstène",20,verifie
8539.22.0000,"5519 -- Lampes et tubes à incadescence, puissance n?'excédant pas 200W et tension excédant 100V, sauf ceux à rayons ultraviolets ou infrarouges",20,verifie
8539.29.0000,"5520 -- Autres lampes et tubes à incadescence à l'exclusion de ceux à rayons ultraviolets ou infrarouges, du n° 85.39",20,verifie
8539.31.1000,5521 --- Lampes fluorescentes compactes (Lampe à Basse Consommation d'énergie « LBC »),20,verifie
8539.31.9000,"5522 --- Autres lampes et tubes à décharge, autres qu'à rayons ultraviolets fluorescents, à cathodes chaudes, du n° Page 472 de 566",20,verifie
8539.32.0000,5523  -- Lampes à vapeur de mercure ou de sodium; lampes à halogénure métallique,20,verifie
8539.39.0000,"5524 -- Autres lampes et tubes à décharge, autres qu'à rayons ultraviolets, du n° 85.39",20,verifie
8539.41.0000,5525  -- Lampes à arc,20,verifie
8539.49.0000,5526  -- Lampes et tubes à rayons ultraviolets ou infrarouges,20,verifie
8539.51.0000,5527  --  Modules à diodes émettrices de lumière (LED),20,verifie
8539.52.0000,5528  -- Lampes et tubes à diodes émettrices de lumière (LED),20,verifie
8539.90.0000,5529  - Parties des appareils du n° 85.39,10,verifie
8540.11.0000,"5530 -- Tubes cathodiques pour récepturs de télévision, y compris les tubes pour moniteurs vidéo en couleurs",10,verifie
8540.12.0000,"5531 -- Tubes cathodiques pour récepturs de télévision, y compris les tubes pour moniteurs vidéo en monochromes",10,verifie
8540.20.0000,5532 - Tubes pour caméras de télévision; tubes convertisseurs ou intensificateurs d'images; autres tubes à photocathode,5,verifie
8540.40.0000,5533 - Tubes de visualisation des données graphiques en monochromes ou couleurs avec un écran phosphoriq. d'espacement à points inférieur à 0 4mm,10,verifie
8540.60.0000,"5534  - Autres tubes cathodiques, du n° 85.40",10,verifie
8540.71.0000,5535  --  Magnétrons,10,verifie
8540.79.0000,"5536 -- Tubes pour hyperfréquences (…), à l'exclusion des tubes commandés par grille et des magnétrons",10,verifie
8540.81.0000,5537  -- Tubes de réception ou d'amplification,10,verifie
8540.89.0000,"5538  -- Lampes, tubes et valves, autres que les tubes de réception ou d'amplification Page 473 de 566",10,verifie
8540.91.0000,5539  -- Parties des tubes cathodiques,5,verifie
8540.99.0000,"5540 -- Parties des articles du n° 85.40, à l'exclusuion de celles des tubes cathodiques",5,verifie
8541.10.0000,"5541  - Diodes, autres que les photodiodes et les diodes émettrices de lumière",10,verifie
8541.21.0000,"5542 -- Transistors, autres que les phototransistors, à pouvoir de dissipation inférieur à 1 W",10,verifie
8541.29.0000,"5543 -- Transistors, autres que les phototransistors à l'exclusion de ceux à pouvoir de dissipation inférieur à 1 W",10,verifie
8541.30.0000,"5544  - Thyristors, diacs et triacs, autres que les dispositifs photosensibles",10,verifie
8541.41.0000,5545  -- Diodes émettrices de lumière (LED),5,verifie
8541.42.0000,5546 -- Cellules photovoltaïques non assemblées en modules ni constituées en panneaux,0,verifie
8541.43.0000,5547  -- Cellules photovoltaïques assemblées en modules ou constituées en panneaux,0,verifie
8541.49.0000,"5548 -- Autres dispositifs photosensibles à semi- conducteur, à l'exclusion des cellules photovoltaïques, du N°85.41",5,verifie
8541.51.0000,5549  --  Transducteurs à semi-conducteur,10,verifie
8541.59.0000,"5550 --  Autres dispositifs à semi-conducteur, à l'exclusion des transducteurs du N°",10,verifie
8541.60.0000,5551  - Cristaux piézo-électriques montés,10,verifie
8541.90.0000,5552  - Parties des articles du n° 85.41,5,verifie
8542.31.0000,"5553 -- Processeurs et contrôleurs, même combinés avec des mémoires, des convertisseurs, ... des circuits de synchronisation ou d'autres circuits Page 474 de 566",10,verifie
8542.32.0000,5554  -- Mémoires (circuits intégrés électroniques),10,verifie
8542.33.0000,5555  -- Amplificateurs (circuits intégrés électroniques),10,verifie
8542.39.0000,"5556  -- Autres circuits  intégrés électroniques, du n° 85.42",10,verifie
8542.90.0000,5557  - Parties des circuits  intégrés électroniques du n° 85.42,5,verifie
8543.10.0000,5558  - Accélérateurs électriques de particules,10,verifie
8543.20.0000,5559  - Générateurs électriques de signaux,10,verifie
8543.30.0000,"5560 - Machines et appareils électriques de galvanoplastie, électrolyse ou électrophorèse",10,verifie
8543.40.1000,5561  --  Cigarettes électroniques,20,verifie
8543.40.9000,5562 --  Dispositifs de vaporisation électriques personnels similaires aux cigarettes électroniques,10,verifie
8543.70.0000,5563 - Autres machines et appareils électriques ayant une fonction propre non dénommés ni compris ailleurs dans le Chapitre 85,10,verifie
8543.90.0000,"5564  - Parties des machines et appareils électriques, du n° 85.43",5,verifie
8544.11.0000,5565  -- Fils pour bobinage en cuivre,10,verifie
8544.19.0000,5566  -- Fils pour bobinage autres qu'en cuivre,10,verifie
8544.20.0000,5567  - Câbles coaxiaux et autres conducteurs électriques coaxiaux,20,verifie
8544.30.0000,5568 - Jeux de fils pour bougies d'allumage et autres jeux de fils des types utilisés dans les moyens de transport,20,verifie
8544.42.0000,"5569 -- Autres conducteurs électriques, pour tension n'excédant pas 1000 V munis de pièces de connexion Page 475 de 566",20,verifie
8544.49.1000,"5570 --- Autoporteurs en almelec isolés dont la partie métalliq... 7brins nus de diamètre cpris entre 3,15 et 3,55mm,tension n'excédant pas 1000V",10,verifie
8544.49.9000,"5571 --- Autres conducteurs électriques, pour tension n'excédant pas 1000 V , du n°",20,verifie
8544.60.0000,"5572  - Autres conducteurs électriques, pour tensions excédant 1.000 V",10,verifie
8544.70.0000,"5573 - Câbles de fibres optiques, constitués de fibres gainées individuellement, même comportant des conducteurs électriques ou munis de",5,verifie
8545.11.0000,"5574 -- Electrodes en charbon, des types utilisés pour fours, avec ou sans métal, pour usages électriques",10,verifie
8545.19.0000,"5575 -- Electrodes en charbon, autres que ceux des types utilisés pour fours, avec ou sans métal, pour usages électriques",10,verifie
8545.20.0000,"5576  - Balais en charbon, avec ou sans métal, pour usages électriques",10,verifie
8545.90.1000,"5577 -- Charbons pour piles et autres articles en graphite ou en autre carbone ... pr l'industrie de fabrication des piles, pr usages électriques",5,verifie
8545.90.9000,5578  -- Autres articles du n° 85.45,10,verifie
8546.10.0000,5579  - Isolateurs en verre pour l'électricité,10,verifie
8546.20.0000,5580  - Isolateurs en céramique pour l'électricité,10,verifie
8546.90.0000,"5581 - Isolateurs en toutes matières autres qu'en verre ou en céramique, pour l'électricité Page 476 de 566",10,verifie
8547.10.0000,"5582 - Pièces isolantes en céramique, noyées dans la masse, pr machines, appareils ou installations électriq., aut. que les isolateurs du n°85 46",10,verifie
8547.20.0000,"5583 - Pièces isolantes en mat. plastiq., noyées dans la masse, pr machines, app. ou installations électriq., aut. que les isolateurs du n°85 46",10,verifie
8547.90.0000,"5584 - Tubes isolateurs et leurs pièces de raccordement, en métaux communs, isolés intérieurement",10,verifie
8548.00.0000,"5585 Parties électriques de machines ou d’appareils, non dénommées ni comprises ailleurs dans le Chapitre 85.",10,verifie
8549.11.0000,5586 -- Déchets et débris d’accumulateurs électriques au plomb et à l’acide; accumulateurs électriques au plomb et à l’acide hors d’usage,20,verifie
8549.12.0000,"5587 -- Déchets et débris de piles et de batteries de  piles, contenant du plomb, du cadmium ou du mercure; piles et batteries de piles électriques hors d'usage",20,verifie
8549.13.0000,"5588 --  Déchets et débris de piles, de batteries de  piles et d'accumulateurs électriques, piles et   batteries de piles électriques hors d'usage et  accumulateurs électriques hors d'usage, triés par type de composant chimique et ne contenant ni plomb, ni cad Page 477 de 566",20,verifie
8549.14.0000,"5589 --  Déchets et débris de piles, de batteries de piles et d'accumulateurs électriques, piles et batteries de piles électriques hors d'usage et accumulateurs électriques hors d'usage, en vrac et ne contenant ni plomb, ni cadmium ni mercure",20,verifie
8549.19.0000,"5590 -- Autres déchets et débris de piles, de batteries de piles et d'accumulateurs électriques, du N° 8549.1, NDC",20,verifie
8549.21.0000,"5591 -- Déchets et débris électriques et électroniques, des types utilisés principalement pour la récupération des métaux précieux, contenant des piles et batteries de piles électriques, des accumulateurs électriques, des interrupteurs à mercure ou des po",20,verifie
8549.29.0000,"5592 -- Déchets et débris électriques et électroniques, des types utilisés principalement pour la récupération des métaux précieux, sauf ceux contenant des piles et batteries de piles électriques, des accumulateurs électriques, des interrupteurs à mercure",20,verifie
8549.31.0000,"5593 -- Déchets et débris d'autres assemblages électriques et électroniques et des cartes de circuits  imprimé, contenant des piles et batteries de piles électriques, des accumulateurs électriques,   des interrupteurs au mercure, ... ou des polychlorobiphényle Page 478 de 566",20,verifie
8549.39.0000,"5594 -- Déchets et débris d'autres assemblages électriques et électroniques et des cartes de circuits imprimés, sauf ceux contenant des piles et batteries de piles électriques, des accumulateurs électriques, des interrupteurs à mercure, ... ou des polychlorobi",20,verifie
8549.91.0000,"5595 -- Autres déchets et débris électriques et électroniques du N° 85.49, NDC, contenant piles et batteries de piles électriques, accumulateurs électriques, interrupteurs au mercure, verre de  tubes cathodiques et autres verres activés, ou ... ou des polychloro (PCB)",20,verifie
8549.99.0000,"5596 -- Autres déchets et débris électriques et électroniques du N° 85.49, NDC, sauf ceux contenant piles et batteries de piles électriques, accumulateurs électriques, interrupteurs au mercure, verre de  tubes cathodiques et autres verres activés, ou ... ou des polychlo (PCB)",20,verifie
8601.10.0000,"5597  - Locomotives et locotracteurs, à source extérieure d'électricité",5,verifie
8601.20.0000,"5598  - Locomotives et locotracteurs, à accumulateurs électriques",5,verifie
8602.10.0000,5599  - Locomotives diesel-électriques,5,verifie
8602.90.0000,5600  - Autres locomotives et locotracteurs; tendeurs,5,verifie
8603.10.0000,"5601 - Automotrices et autorails, autres que ceux du 86.04, à source extérieure d'électricité",5,verifie
8603.90.0000,"5602 - Automotrices et autorails (à l'exclusion de ceux à source extérieure d'électricité), autres que ceux du 86.04 Page 479 de 566",5,verifie
8604.00.0000,"5603 Véhicules pour l'entretien ou le service des voies ferrées ou similaire, même autopropulsé (wagons-ateliers, wagons- grues wagons",5,verifie
8605.00.0000,"5604 Voitures à voyageurs, fourgons à bagages, voitures postales et aut. voitures spéciales, pour voies ferrées ou similaires ( sauf…du n°86 04)",5,verifie
8606.10.0000,"5605  - Wagons-citernes et similaires, pour le transport sur rail de marchandises",5,verifie
8606.30.0000,"5606 - Wagons à déchargement automatique, autres que ceux du n° 8606.10, pour le transport sur rail de marchandises",5,verifie
8606.91.0000,"5607  -- Wagons pour le transport sur rail de marchandises, couverts et fermés",5,verifie
8606.92.0000,"5608 -- Wagons pour le transport sur rail de marchandises ouverts, à parois non amovibles d'une hauteur excédant 60 cm (tombereaux)",5,verifie
8606.99.0000,5609  -- Autres wagons pour le transport sur rail de marchandises du n° 86.06,5,verifie
8607.11.0000,5610  -- Bogies et bissels de traction,5,verifie
8607.12.0000,5611  -- Bogies et bissels autres que de traction,5,verifie
8607.19.0000,"5612 -- Essieux et roues; parties des bogies, bissels, essieux et roues, de véhicules pour voies ferrées ou similaires",5,verifie
8607.21.0000,5613  -- Freins à air comprimé et leurs parties,5,verifie
8607.29.0000,5614  -- Freins et leurs parties autres que les freins à air comprimé et leurs parties,5,verifie
8607.30.0000,"5615  - Crochets et autres systèmes d'attelage, tampons de chocs, et leurs parties",5,verifie
8607.91.0000,5616  -- Autres parties de locomotives ou de locotracteurs Page 480 de 566,5,verifie
8607.99.0000,"5617  -- Autres parties de véhicules pour voies ferrées ou similaires, du n° 86.07",5,verifie
8608.00.0000,"5618 Matériel fixe de voie ferrée ou similaire; appareil mécaniq. (...) de signalisation,... routière ou fluviale, aire …aérodrome; leurs parties",5,verifie
8609.00.0000,5619 Cadres et conteneurs (y compris conteneurs-citernes et conteneurs- réservoirs) conçus et équipés pour un ou plusieurs modes de transport,5,verifie
8701.10.1000,"5620 -- Tracteurs (à l'exclusion des chariots- tracteurs du n° 87.09) à essieu simple, neufs",5,verifie
8701.10.2000,"5621 -- Tracteurs  (à l'exclusion des chariots- tracteurs du n° 87.09) à essieu simple, usagés",5,verifie
8701.21.1000,"5622 --- Tracteurs routiers (à l'exclusion des chariots-tracteurs du n° 87.09). pour semi- remorques, uniquement à moteur à piston à allumage par compression (diesel ou semi- diesel) neufs",5,verifie
8701.21.2000,"5623 --- Tracteurs routiers (à l'exclusion des chariots-tracteurs du n° 87.09). pour semi- remorques, uniquement à moteur à piston à allumage par compression (diesel ou semi- diesel) usagés",5,verifie
8701.22.1000,"5624 --- Tracteurs routiers (à l'exclusion des chariots-tracteurs du n° 87.09). pour semi- remorques, équipés à la fois, pour la propulsion, d’un   moteur à piston à allumage par compression   (diesel ou semi- diesel) et d'un moteur électrique (diesel ou semi d Page 481 de 566",5,verifie
8701.22.2000,"5625 --- Tracteurs routiers (à l'exclusion des chariots-tracteurs du n° 87.09). pour semi- remorques, équipés à la fois, pour la propulsion, d’un moteur à piston à allumage par compression (diesel ou semi- diesel) et d'un moteur électrique (diesel ou semi diese",5,verifie
8701.23.1000,"5626 --- Tracteurs routiers (à l'exclusion des chariots-tracteurs du n° 87.09). pour semi- remorques, équipés à la fois, pour la propulsion, d’un moteur à piston à allumage par étincelles et  d'un moteur électrique neufs",5,verifie
8701.23.2000,"5627 --- Tracteurs routiers (à l'exclusion des chariots-tracteurs du n° 87.09). pour semi- remorques, équipés à la fois, pour la propulsion, d’un moteur à piston à allumage par étincelles et  d'un moteur électrique usagés",5,verifie
8701.24.1000,"5628 --- Tracteurs routiers (à l'exclusion des chariots-tracteurs du n° 87.09). pour semi- remorques, uniquement à moteur électrique pour la propulsion neufs",5,verifie
8701.24.2000,"5629 --- Tracteurs routiers (à l'exclusion des chariots-tracteurs du n° 87.09). pour semi- remorques, uniquement à moteur électrique pour la propulsion usagés",5,verifie
8701.29.1000,"5630 --- Autres tracteurs routiers (à l'exclusion des chariots-tracteurs du n° 87.09). pour semi-remorques, du N° 8701.2, NDC, neufs Page 482 de 566",5,verifie
8701.29.2000,"5631 --- Autres tracteurs routiers (à l'exclusion des chariots-tracteurs du n° 87.09). pour semi-remorques, du N° 8701.2, NDC, neufs",5,verifie
8701.30.1000,5632 -- Tracteurs à chenilles neufs (à l'exclusion des chariots-tracteurs du n° 87.09),5,verifie
8701.30.2000,5633 -- Tracteurs à chenilles usagés (à l'exclusion des chariots-tracteurs du n°,5,verifie
8701.91.1100,"5634 ---- Tracteurs (sauf ceux des n° 8701.10 à 8701.30), puissance de moteur n'excédant pas 18 KW neufs, ...non montés pour industrie du montage",5,verifie
8701.91.1900,"5635 ---- Tracteurs (sauf ceux des n° 8701.10 à 8701.30), puissance de moteur n'excédant pas 18 KW, neufs, non destinés à l'industrie du montage",5,verifie
8701.91.9000,"5636 --- Tracteurs (sauf ceux des n° 8701.10 à 8701.30), d'une puissance de moteur n'excédant pas 18 KW, usagés",5,verifie
8701.92.1100,"5637 ---- Tracteurs (sauf ceux des n° 8701.10 à 8701.30), puissance de moteur excédant 18 KW mais pas 37 KW, neufs, ...non montés pour montage",5,verifie
8701.92.1900,"5638 ---- Tracteurs (sauf ceux des n° 8701.10 à 8701.30), puissance de moteur excédant 18 KW mais pas 37 KW, neufs, non destinés à montage",5,verifie
8701.92.9000,"5639 --- Tracteurs (sauf ceux des n° 8701.10 à 8701.30), d'une puissance de moteur excédant 18 KW mais n'excédant pas 37 KW usagés Page 483 de 566",5,verifie
8701.93.1100,"5640 ---- Tracteurs (sauf ceux des n° 8701.10 à 8701.30), puissance de moteur excédant 37 KW mais pas 75 KW, neufs, ...non montés pour montage",5,verifie
8701.93.1900,"5641 ---- Tracteurs (sauf ceux des n° 8701.10 à 8701.30), puissance de moteur excédant 37 KW mais pas 75 KW, neufs, non destinés à montage",5,verifie
8701.93.9000,"5642 --- Tracteurs (sauf ceux des n° 8701.10 à 8701.30), d'une puissance de moteur excédant 37 KW mais n'excédant pas 75 KW usagés",5,verifie
8701.94.1100,"5643 ---- Tracteurs (sauf ceux des n° 8701.10 à 8701.30), puissance de moteur excédant 75 KW mais pas 130 KW, neufs,...non montés pour montage",5,verifie
8701.94.1900,"5644 ---- Tracteurs (sauf ceux des n° 8701.10 à 8701.30), puissance de moteur excédant 75 KW mais pas 130 KW, neufs, non destinés à montage",5,verifie
8701.94.9000,"5645 --- Tracteurs (sauf ceux des n° 8701.10 à 8701.30), d'une puissance de moteur excédant 75 KW mais n'excédant pas 130 KW usagés",5,verifie
8701.95.1100,"5646 ---- Tracteurs (sauf ceux des n° 8701.10 à 8701.30), puissance de moteur excédant 130 KW, neufs,...non montés pour l'industrie du montage",5,verifie
8701.95.1900,"5647 ---- Tracteurs (sauf ceux des n° 8701.10 à 8701.30), puissance de moteur excédant 130 KW, neufs, non destinés à l'insdustrie du montage Page 484 de 566",5,verifie
8701.95.9000,"5648 --- Tracteurs (sauf ceux des n° 8701.10 à 8701.30), d'une puissance de moteur excédant 130 KW, usagés",5,verifie
8702.10.1110,"5649 ---- Véhicule automobile, neuf,10 à 22 places assises à moteur à piston à allumage par compression (...), non monté pr industrie du montage",5,verifie
8702.10.1190,"5650 ---- Véhicule automobile neuf,10 à 22 places assises à moteur à piston à allumage par compression (...), autre que pr industrie du montage",10,verifie
8702.10.1210,"5651 ---- Véhicule auto. neuf, 23 à 30  places assises à moteur à piston à allumage par compression (...), non monté pr industrie du montage",5,verifie
8702.10.1290,"5652 ----  Véhicule auto. neuf, 23 à 30  places assises à moteur à piston à allumage par compression (...), autre que pr industrie du montage",10,verifie
8702.10.1310,"5653 ---- Véhicule auto. neuf, plus de 30 places assises à moteur à piston à allumage par compression (...), non monté  pr ?industrie du montage",5,verifie
8702.10.1390,"5654 ---- Véhicule auto. neuf, plus de 30 places assises à moteur à piston à allumage par compression (...), autre que pr ?industrie du montage",10,verifie
8702.10.2100,"5655 ---- Véhicule automobile, uniquement à moteur à piston à allumage par compression, usagé,comportant 10 à 22 places assises chauffeur inclus Page 485 de 566",10,verifie
8702.10.2200,"5656 ---- Véhicule automobile, uniquement à moteur à piston à allumage par compression, usagé,comportant 23 à 30 places assises chauffeur inclus",30,verifie
8702.10.2300,"5657 ---- Véhicule automobile, uniquement à moteur à piston à allumage par compression, usagé, plus de 30 places assises chauffeur inclus",10,verifie
8702.20.1110,"5658 ---- Véhicules automobiles, moteur à allumage par compression et moteur électrique, neufs, 10 à 22 places assises, pr industrie du montage",5,verifie
8702.20.1190,"5659 ---- Véhicules auto, moteur à allumage par compression et moteur électrique, neufs, 10 à 22 places assises, autr que pr industrie du montage",10,verifie
8702.20.1210,"5660 ---- Véhicules automobiles, moteur à allumage par compression et moteur électrique, neufs, 23 à 30 places assises, pr industrie du montage",5,verifie
8702.20.1290,"5661 ---- Véhicules auto, moteur à allumage par compression et moteur électrique, neufs, 23 à 30 places assises, autr que pr industrie du montage",10,verifie
8702.20.1310,"5662 ---- Véhicules auto, moteur à allumage par compression et moteur électrique, neufs, plus de 30 places assises, pr industrie du montage",5,verifie
8702.20.1390,"5663 ---- Véhicules auto, moteur à allumage par compression et moteur électriq, neufs, plus de 30 places assises, autr que pr industr du montage Page 486 de 566",10,verifie
8702.20.2100,"5664 ---- Véhicules automobiles, moteur à allumage par compression et moteur électrique, usagés, 10 à 22 places assises, chauffeur inclus",10,verifie
8702.20.2200,"5665 ---- Véhicules automobiles, moteur à allumage par compression et moteur électrique, usagés, 23 à 30 places assises, chauffeur inclus",10,verifie
8702.20.2300,"5666 ---- Véhicules automobiles, moteur à allumage par compression et moteur électrique, usagés, plus de 30 places assises chauffeur inclus",10,verifie
8702.30.1110,"5667 ---- Véhicules automobiles, équipés à la fois, pour la propulsion, d’un moteur à piston à allumage par étincelles et d’un moteur électrique, neufs, comportant 10 à 22 places assises, chauffeur inclus, pour l'industrie du montage",5,verifie
8702.30.1190,"5668 ---- Véhicules automobiles, équipés à la fois, pour la propulsion, d’un moteur à piston à allumage par étincelles et d’un moteur électrique, neufs, comportant 10 à 22 places assises, chauffeur inclus, autre que pour l'industrie du montage",10,verifie
8702.30.1210,"5669 ---- Véhicules automobiles, équipés à la fois, pour la propulsion, d’un moteur à piston à allumage par étincelles et d’un moteur électrique, neufs, comportant 23 à 30 places assises, chauffeur inclus, pour l'industrie du montage Page 487 de 566",5,verifie
8702.30.1290,"5670 ---- Véhicules automobiles, équipés à la fois, pour la propulsion, d’un moteur à piston à allumage par étincelles et d’un moteur électrique, neufs, comportant 23 à 30 places assises, chauffeur inclus, autre que pour l'industrie du montage",10,verifie
8702.30.1310,"5671 ---- Véhicules automobiles, équipés à la fois, pour la propulsion, d’un moteur à piston à allumage par étincelles et d’un moteur électrique, neufs, comportant plus de 30 places assises, chauffeur inclus, pour l'industrie du montage",5,verifie
8702.30.1390,"5672 ---- Véhicules automobiles, équipés à la fois, pour la propulsion, d’un moteur à piston à allumage par étincelles et d’un moteur électrique, neufs, comportant plus de 30 places assises, chauffeur inclus, autres que pour l'industrie du montage",10,verifie
8702.30.2100,"5673 --- Véhicules automobiles, équipés à la fois, pour la propulsion, d’un moteur à piston à allumage par étincelles et d’un moteur électrique, usagés, comportant 10 à 22 places assises chauffeur inclus",10,verifie
8702.30.2200,"5674 --- Véhicules automobiles, équipés à la fois, pour la propulsion, d’un moteur à piston à allumage par étincelles et d’un moteur électrique, usagés, comportant 23 à 30 places assises chauffeur inclus",10,verifie
8702.30.2300,"5675 --- Véhicules automobiles, équipés à la fois, pour la propulsion, d’un moteur à piston à allumage par étincelles et d’un moteur électrique, usagés, comportant plus de 30 places assises chauffeur inclus Page 488 de 566",10,verifie
8702.40.1110,"5676 ---- Véhicules automobiles, uniquement à moteur électrique pour la propulsion, neufs, 10 à 22 places assises, chauffeur inclus pour l'industrie du montage",5,verifie
8702.40.1190,"5677 ---- Véhicules automobiles, uniquement à moteur électrique pour la propulsion, neufs, 10 à 22 places assises, chauffeur inclus, autres que pour industrie du montage",10,verifie
8702.40.1210,"5678 ---- Véhicules automobiles, uniquement à moteur électrique pour la propulsion, neufs, 23 à 30 places assises, chauffeur inclus pour l'industrie du montage",5,verifie
8702.40.1290,"5679 ---- Véhicules automobiles, uniquement à moteur électrique pour la propulsion, neufs, 23 à 30 places assises, chauffeur inclus, autr que pour industrie du montage",10,verifie
8702.40.1310,"5680 ---- Véhicules automobiles, uniquement à moteur électrique pour la propulsion, neufs, plus de 30 places assises, chauffeur inclus pour industrie du montage",5,verifie
8702.40.1390,"5681 ---- Véhicules auto, uniquement à moteur électrique pour la propulsion, neufs, plus de 30 places assises, chauffeur inclus, autres que pr industrie du montage",10,verifie
8702.40.2100,"5682 --- Véhicules automobiles, uniquement à moteur électrique pour la propulsion, usagés, comportant 10 à 22 places assises, chauffeur inclus",10,verifie
8702.40.2200,"5683 --- Véhicules automobiles, uniquement à moteur électrique pour la propulsion, usagés, comportant 23 à 30 places assises, chauffeur inclus Page 489 de 566",10,verifie
8702.40.2300,"5684 --- Véhicules automobiles, uniquement à moteur électrique pour la propulsion, usagés, comportant plus de 30 places assises chauffeur inclus",10,verifie
8702.90.1110,"5685 ---- Véhicules automobiles, neufs, 10 à 22 places assises, chauffeur inclus, … ou  non monté importés pour l’industrie du montage, autres qu'à moteur à piston à allumage par étincelles et à moteur électrique",5,verifie
8702.90.1190,"5686 ---- Véhicules automobiles, neufs, 10 à 22 places assises, chauffeur inclus, autres qu'à moteur à piston à allumage par étincelles et à moteur électrique",10,verifie
8702.90.1210,"5687 ---- Véhicules automobiles, neufs, 23 à 30 places assises, chauffeur inclus, … ou  non monté importés pour l’industrie du montage, autres qu'à moteur à piston à allumage par étincelles et à moteur électrique",30,verifie
8702.90.1290,"5688 ---- Véhicules automobiles, neufs, 23 à 30 places assises, chauffeur inclus, autres qu'à moteur à piston à allumage par étincelles et à moteur électrique",30,verifie
8702.90.1310,"5689 ---- Véhicules automobiles, neufs, plus de 30 places assises, chauffeur inclus, … ou non monté importés pour l’industrie du montage, autres qu'à moteur à piston à allumage par étincelles et à moteur électrique",5,verifie
8702.90.1390,"5690 ---- Véhicules automobiles, neufs, plus de 30 places assises, chauffeur inclus, autres qu'à moteur à piston à allumage par étincelles et à moteur électrique Page 490 de 566",10,verifie
8702.90.2100,"5691 --- Véhicules automobiles, usagés, 10 à 22 places assises, chauffeur inclus, autres qu'à moteur à piston à allumage par étincelles et à moteur électrique",10,verifie
8702.90.2200,"5692 --- Véhicules automobiles, usagés, 23 à 30 places assises, chauffeur inclus, autres qu'à moteur à piston à allumage par étincelles et à moteur électrique",30,verifie
8702.90.2300,"5693 --- Véhicules automobiles, usagés, plus de 30 places assises, chauffeur inclus, autres qu'à moteur à piston à allumage par étincelles et à moteur électrique",10,verifie
8703.10.0000,"5694 - Véhicules spéciaux conçus pour se déplacer sur la neige,  pour le transport de personnes sur les terrains de golf ou véhicules similaires",20,verifie
8703.21.1100,"5695 ---- Véhicules pour le transport de moins de 10 pers., neufs, uniquement à moteur à piston à allumage par étincelles, d'une cylindrée n'excédant pas 1.000cm³, ...pour industrie du montage",5,verifie
8703.21.1900,"5696 ---- Véhicules pour le transport de moins de 10 pers., neufs, uniquement à moteur à piston à allumage par étincelles, d'une cylindrée n'excédant pas 1.000cm³, autres que pour industrie du montage",20,verifie
8703.21.2000,"5697 --- Véhicules pour le transport de moins de 10 pers., usagés, uniquement à moteur à piston à allumage par étincelles, d'une cylindrée n'excédant pas 1 000cm³ Page 491 de 566",20,verifie
8703.22.1100,"5698 ---- Véhicules pour le transport de moins de 10 pers., neufs, uniquement à moteur à piston à allumage par étincelles, d'une cylindrée excédant 1.000 cm³ mais n’excédant pas 1.500 cm³, ...pour industrie du montage",5,verifie
8703.22.1900,"5699 ---- Véhicules pour le transport de moins de 10 pers., neufs, uniquement à moteur à piston à allumage par étincelles, d'une cylindrée excédant 1.000 cm³ mais n’excédant pas 1.500 cm³, autres que pour industrie du montage",20,verifie
8703.22.2000,"5700 --- Véhicules pour le transport de moins de 10 pers., usagés, uniquement à moteur à piston à allumage par étincelles, d'une cylindrée excédant 1.000 cm³ mais n’excédant pas 1 500 cm³",20,verifie
8703.23.1100,"5701 ---- Véhicules pour le transport de moins de 10 pers., neufs, uniquement à moteur à piston à allumage par étincelles, d'une cylindrée  excédant 1.500 cm³ mais n’excédant pas 3.000 cm³, ...pour industrie du montage",5,verifie
8703.23.1900,"5702 ---- Véhicules pour le transport de moins de 10 pers., neufs, uniquement à moteur à piston à allumage par étincelles, d'une cylindrée  excédant 1.500 cm³ mais n’excédant pas 3.000 cm³, autres que pour industrie du montage",20,verifie
8703.23.2000,"5703 --- Véhicules pour le transport de moins de 10 pers., usagés, uniquement à moteur à piston à allumage par étincelles, d'une cylindrée excédant 1.500 cm³ mais n’excédant pas 3 000 cm³ Page 492 de 566",20,verifie
8703.24.1100,"5704 ---- Véhicules pour le transport de moins de 10 pers., neufs, uniquement à moteur à piston à allumage par étincelles, d'une cylindrée excédant 3.000 cm³, ...pour industrie du montage",5,verifie
8703.24.1900,"5705 ---- Véhicules pour le transport de moins de 10 pers., neufs, uniquement à moteur à piston à allumage par étincelles, d'une cylindrée excédant 3.000 cm³, autres que pour industrie du montage",20,verifie
8703.24.2000,"5706 --- Véhicules pour le transport de moins de 10 pers., usagés, uniquement à moteur à piston à allumage par étincelles, d'une cylindrée excédant 3 000 cm³",20,verifie
8703.31.1100,"5707 ---- Véhicules pour le transport de moins de 10 personnes, neufs, uniquement à moteur à piston à allumage par compression (diesel ou semi-diesel), d'une cylindrée n'excédant pas 1.500cm³,...pour industrie du montage",5,verifie
8703.31.1900,"5708 ---- Véhicules pour le transport de moins de 10 personnes, neufs, uniquement à moteur à piston à allumage par compression (diesel ou semi-diesel), d'une cylindrée n'excédant pas 1.500cm³, autres que pour industrie du montage",20,verifie
8703.31.2000,"5709 --- Véhicules pour le transport de moins de 10 personnes, usagés, uniquement à moteur à piston à allumage par compression (diesel ou semi-diesel), d'une cylindrée n'excédant pas 1 500cm³ Page 493 de 566",20,verifie
8703.32.1100,"5710 ---- Véhicules pour le transport de moins de 10 personnes, neufs, uniquement à moteur à piston à allumage par compression (diesel ou semi-diesel), d'une cylindréeexcédant 1.500 cm³ mais n'excédant pas 2.500 cm³,...pour industrie du montage",5,verifie
8703.32.1900,"5711 ---- Véhicules pour le transport de moins de 10 personnes, neufs, uniquement à moteur à piston à allumage par compression (diesel ou semi-diesel), d'une cylindrée excédant 1.500 cm³ mais n'excédant pas 2.500 cm³, autres que pour industrie du montage",20,verifie
8703.32.2000,"5712 --- Véhicules pour le transport de moins de 10 personnes, usagés, uniquement à moteur à piston à allumage par compression (diesel ou semi-diesel), d'une cylindrée excédant 1.500 cm³ mais n'excédant pas 2 500 cm³",20,verifie
8703.33.1100,"5713 ---- Véhicules pour le transport de moins de 10 personnes, neufs, uniquement à moteur à piston à allumage par compression (diesel ou semi-diesel), d'une cylindréeexcédant 2.500 cm³,...pour industrie du montage",5,verifie
8703.33.1900,"5714 ---- Véhicules pour le transport de moins de 10 personnes, neufs, uniquement à moteur à piston à allumage par compression (diesel ou semi-diesel), d'une cylindrée excédant 2.500 cm³, autres que pour industrie du montage Page 494 de 566",20,verifie
8703.33.2000,"5715 --- Véhicules pour le transport de moins de 10 personnes, usagés, uniquement à moteur à piston à allumage par compression (diesel ou semi-diesel), d'une cylindrée excédant 2 500 cm³",20,verifie
8703.40.1100,"5716 --- Véhicules pour le transport de moins de 10 pers., neufs, équipés à la fois, pour la propulsion, d’un moteur à piston à allumage par étincelles et d’un moteur électriq, autr que ceux pouvant être chargés en se branchant à une source externe d’alimentat",5,verifie
8703.40.1900,"5717 --- Véhicules pour transport de moins de 10 pers., neufs, équipés à la fois, pour la propulsion, d’un moteur à piston à allumage par étincelles et d’un moteur électriq, sauf ceux pouvant être chargés en se branchant à une source externe d’alimentat° élect",20,verifie
8703.40.2000,"5718 -- Véhicules pour le transport de moins de 10 pers., usagés, équipés à la fois, pour la propulsion, d’un moteur à piston à allumage par étincelles et d’un moteur électriq, sauf ceux pouvant être chargés en se branchant à une source externe d’alimentation",20,verifie
8703.50.1100,"5719 --- Véhicules pour transport de moins de 10 pers., neufs, équipés à la fois, pour la propuls°, moteur à piston à allumage par compress° (diesel ou semi-diesel) et moteur électriq, sauf ceux pouvant être chargés en se branchant à une source externe d’alime Page 495 de 566",5,verifie
8703.50.1900,"5720 --- Véhicules pour transport de moins de 10 pers., neufs, équipés à la fois, pour la propuls°, moteur à piston à allumage par compress° (diesel ou semi-diesel) et moteur électriq, sauf ceux pouvant être chargés en se branchant à une source externe d’alime",20,verifie
8703.50.2000,"5721 -- Véhicules pour transport de moins de 10 pers., usagés, équipés à la fois, pour la propuls°, moteur à piston à allumage par compress° (diesel ou semi-diesel) et moteur électriq, sauf ceux pouvant être chargés en se branchant à une source externe d’alime",10,verifie
8703.60.1100,"5722 --- Véhicules pour transport de moins de 10 pers., neufs, équipés à la fois, pour la propulsion, d’un moteur à piston à allumage par étincelles et d’un moteur électrique, pouvant être chargés en se branchant à une source externe d’alimentation électrique",5,verifie
8703.60.1900,"5723 --- Véhicules pour transport de moins de 10 pers., neufs, équipés à la fois, pour la propulsion, d’un moteur à piston à allumage par étincelles et d’un moteur électrique, pouvant être chargés en se branchant à une source externe d’alimentation électrique Page 496 de 566",20,verifie
8703.60.2000,"5724 -- Véhicules pour transport de moins de 10 pers., usagés, équipés à la fois, pour la propulsion, d’un moteur à piston à allumage   par étincelles et d’un moteur électrique, pouvant être chargés en se branchant à une source externe d’alimentation électriqu",10,verifie
8703.70.1100,"5725 --- Véhicules pour transport de moins de 10 pers., neufs, équipés à la fois, pour la propuls°, d’un moteur à piston à allumage par compress° (diesel ou semi-diesel) et d’un moteur électriq, pouvant être chargés en se branchant à une source externe  d’al",5,verifie
8703.70.1900,"5726 --- Véhicules pour transport de moins de 10 pers., neufs, équipés à la fois, pour la propuls°, moteur à piston à allumage par compress° (diesel ou semi-diesel) et moteur électriq, pouvant être chargés en se branchant à une source externe d’alimentat° éle",20,verifie
8703.70.2000,"5727 -- Véhicules pour transport de moins de 10 pers., usagés, équipés à la fois, pour la propulsion, d’un moteur à piston à allumage  par compression (diesel ou semi- diesel) et  d’un moteur électrique, pouvant être chargés en se branchant à une source externe",10,verifie
8703.80.1100,"5728 --- Véhicules pour transport de moins de 10 pers., neufs, équipés uniquement d’un moteur électrique pour la propulsion pour indust du montage Page 497 de 566",5,verifie
8703.80.1900,"5729 --- Véhicules pour transport de moins de 10 pers., neufs, équipés uniquement d’un moteur électrique pour la propulsion, autres que pour industrie du montage",20,verifie
8703.80.2000,"5730 -- Véhicules pour transport de moins de 10 pers., usagés,  équipés uniquement d’un moteur électrique pour la propulsion",10,verifie
8703.90.0000,"5731  - Autres véhicules  pour le transport de moins de 10 personnes, du n° 87.03",20,verifie
8704.10.1000,"5732 -- Tomberaux automoteurs conçus pour être utilisés en dehors du réseau routier, présentés entièrement à l’état démonté ou non monté importés pour l’industrie du montage",5,verifie
8704.10.9000,"5733 -- Tomberaux automoteurs conçus pour être utilisés en dehors du réseau routier, autres que pour l’industrie du montage",10,verifie
8704.21.1110,"5734 ----- Véhicules auto. pour transport de marchandises, neufs, uniquement à moteur à piston à allumage par compression (diesel ou semi-diesel), d'un poids en charge maximal n'excédant pas 5 tonnes, à benne-basculante, pr industrie de montage",5,verifie
8704.21.1190,"5735 ----- Véhicules auto. pour transport de marchandises, neufs, uniquement à moteur à piston à allumage par compression (diesel ou semi-diesel), d'un poids en charge maximal n'excédant pas 5 tonnes, à benne-basculante, autres que pr industrie de montage Page 498 de 566",5,verifie
8704.21.1910,"5736 ----- Véhicules auto. pour transport de marchandises, neufs,uniquement à moteur à piston à allumage par compression (diesel ou semi-diesel), d'un poids en charge maximal n'excédant pas 5 tonnes,...pr industrie du montage, autres qu'à benne basculante",5,verifie
8704.21.1990,"5737 ----- Véhicules auto. pour transport de marchandises, neufs,uniquement à moteur à piston à allumage par compression (diesel ou semi-diesel), d'un poids en charge maximal n'excédant pas 5 tonnes, sauf pr industrie du montage et autres qu'à benne basculante",10,verifie
8704.21.2000,"5738 --- Véhicules automobiles pour le transport de marchandises, usagés,uniquement à moteur à piston à allumage par compression (diesel ou semi-diesel), d'un poids en charge maximal n'excédant pas 5 tonnes",5,verifie
8704.22.1110,"5739 ----- Véhicules auto. pour transport de marchandises, neufs, uniquement à moteur à piston à allumage par compression (diesel ou semi-diesel), d'un poids en charge maximal excédant 5 tonnes mais n'excédant pas 20 tonnes, à benne basculante pr industrie de",5,verifie
8704.22.1190,"5740 ----- Véhicules auto. pour transport de marchandises, neufs, uniquement à moteur à piston à allumage par compression (diesel ou semi-diesel), d'un poids en charge maximal excédant 5 tonnes mais n'excédant pas 20 tonnes, à benne basculante autres que pr Page 499 de 566",5,verifie
8704.22.1910,"5741 ----- Véhicules auto. pour transport de marchandises, neufs,uniquement à moteur à piston à allumage par compression (diesel ou semi-diesel), d'un poids en charge maximal excédant 5  tonnes mais n'excédant pas 20 tonnes,...pr industrie du montage, autres q",5,verifie
8704.22.1990,"5742 ----- Véhicules auto. pour transport de marchandises, neufs,uniquement à moteur à piston à allumage par compression (diesel ou semi-diesel), d'un poids en charge maximal excédant 5  tonnes mais n'excédant pas 20 tonnes, sauf pr industrie du montage et aut",10,verifie
8704.22.2000,"5743 --- Véhicules automobiles pour le transport de marchandises, usagés,uniquement à moteur à piston à allumage par compression (diesel ou semi-diesel), d'un poids en charge maximal excédant 5 tonnes mais n'excédant pas 20 tonnes",5,verifie
8704.23.1110,"5744 ----- Véhicules auto. pour transport de marchandises, neufs, uniquement à moteur à piston à allumage par compression (diesel ou semi-diesel), d'un poids en charge maximal excédant 20 tonnes, à benne-basculante, pr industrie de montage Page 500 de 566",20,verifie
8704.23.1190,"5745 ----- Véhicules auto. pour transport de marchandises, neufs, uniquement à moteur à piston à allumage par compression (diesel ou semi-diesel), d'un poids en charge maximal excédant 20 tonnes, à benne-basculante, autres que  pr industrie de montage",20,verifie
8704.23.1910,"5746 ----- Véhicules auto. pour transport de marchandises, neufs,uniquement à moteur à piston à allumage par compression (diesel ou semi-diesel), d'un poids en charge maximal excédant 20 tonnes,...pr industrie du montage, autres qu'à benne- basculante",5,verifie
8704.23.1990,"5747 ----- Véhicules auto. pour transport de marchandises, neufs,uniquement à moteur à piston à allumage par compression (diesel ou semi-diesel), d'un poids en charge maximal excédant 20 tonnes, sauf pr industrie du montage et autres qu'à benne basculante",10,verifie
8704.23.2000,"5748 --- Véhicules automobiles pour le transport de marchandises, usagés,uniquement à moteur à piston à allumage par compression (diesel ou semi-diesel), d'un poids en charge maximal excédant 20 tonnes",20,verifie
8704.31.1110,"5749 ----- Véhicules auto. pour transport de marchandises, neufs, uniquement à moteur à piston à allumage par étincelles, d'un poids en charge maximal n'excédant pas 5 tonnes, à benne-basculante, pr industrie de montage Page 501 de 566",5,verifie
8704.31.1190,"5750 ----- Véhicules auto. pour transport de marchandises, neufs, uniquement à moteur à piston à allumage par étincelles, d'un poids en charge maximal n'excédant pas 5 tonnes, à benne-basculante, autres que pr industrie de montage",10,verifie
8704.31.1910,"5751 ----- Véhicules auto. pour transport de marchandises, neufs, uniquement à moteur à piston à allumage par  étincelles, d'un poids en charge maximal n'excédant pas 5 tonnes,...pr industrie du montage, autres qu'à benne basculante",5,verifie
8704.31.1990,"5752 ----- Véhicules auto. pour transport de marchandises, neufs, uniquement à moteur à piston à allumage par étincelles, d'un poids en charge maximal n'excédant pas 5 tonnes, sauf pr industrie du montage et autres qu'à benne basculante",10,verifie
8704.31.2000,"5753 --- Véhicules automobiles pour le transport de marchandises, usagés, uniquement à moteur à piston à allumage par étincelles, d'un poids en charge maximal n'excédant pas 5 tonnes",10,verifie
8704.32.1110,"5754 ----- Véhicules auto. pour transport de marchandises, neufs, uniquement à moteur à piston à allumage par étincelles, d'un poids en charge maximal excédant 5 tonnes, à benne-basculante, pr industrie de montage Page 502 de 566",5,verifie
8704.32.1190,"5755 ----- Véhicules auto. pour transport de marchandises, neufs, uniquement à moteur à piston à allumage par étincelles, d'un poids en charge maximal excédant 5 tonnes, à benne-basculante, autres que pr industrie de montage",5,verifie
8704.32.1910,"5756 ----- Véhicules auto. pour transport de marchandises, neufs, uniquement à moteur à piston à allumage par étincelles, d'un poids en charge maximal excédant 5 tonnes,...pr industrie du montage, autres qu'à benne basculante",5,verifie
8704.32.1990,"5757 ----- Véhicules auto. pour transport de marchandises, neufs, uniquement à moteur à piston à allumage par étincelles, d'un poids en charge maximal excédant 5 tonnes, sauf pr industrie du montage et autres qu'à benne basculante",5,verifie
8704.32.2000,"5758 --- Véhicules automobiles pour le transport de marchandises, usagés, uniquement à moteur à piston à allumage par étincelles, d'un poids en charge maximal excédant 5 tonnes",5,verifie
8704.41.1110,"5759 ----- Véhicules automobiles pour transport de marchandises, équipés  ...  d'un moteur à piston à allumage par compression (diesel ou semi-diesel) et d'un moteur électriq, d'un poids en charge maxi n'excédant pas 5 tonnes, neufs, à benne- basculante po Page 503 de 566",5,verifie
8704.41.1190,"5760 ----- Véhicules automobiles pour transport de marchandises, équipés  ...  d'un moteur à piston à allumage par compression (diesel ou semi-diesel) et d'un moteur électriq, d'un poids en charge maxi n'excédant pas 5 tonnes, neufs, à benne- basculante autre",10,verifie
8704.41.1910,"5761 ----- Véhicules automobiles pour transport de marchandises, équipés  ...  d'un moteur à piston à allumage par compression (diesel ou semi-diesel) et d'un moteur électriq, d'un poids en charge maxi n'excédant pas 5 tonnes, neufs, sauf à benne basculante",5,verifie
8704.41.1990,"5762 ----- Véhicules automobiles pour transport de marchandises, équipés  ...  d'un moteur à piston à allumage par compression (diesel ou semi-diesel) et d'un moteur électriq, d'un poids en charge maxi n'excédant pas 5 tonnes, neufs, sauf à benne basculante",10,verifie
8704.41.2000,"5763 --- Véhicules automobiles pour transport de marchandises, équipés  ...  d'un moteur à piston à allumage par compression (diesel ou semi-diesel) et d'un moteur électriq, d'un poids en charge maxi n'excédant pas 5 tonnes usagés",10,verifie
8704.42.1110,"5764 ----- Véhicules auto pour transport de marchandises, équipés  ... d'un moteur à piston à allumage par compression (diesel ou semi-diesel) et d'un moteur électriq, poids en charge maxi excédant 5 tonnes mais n'excédant pas 20 tonnes, neufs, à benne bascula Page 504 de 566",5,verifie
8704.42.1190,"5765 ----- Véhicules auto pour transport de marchandises, équipés  ... d'un moteur à piston à allumage par compression (diesel ou semi-diesel) et d'un moteur électriq, poids en charge maxi excédant 5 tonnes mais n'excédant pas 20 tonnes, neufs, à benne bascula",10,verifie
8704.42.1910,"5766 ----- Véhicules auto pour transport de marchandises, équipés ... d'un moteur à piston à allumage par compression (diesel ou semi-diesel) et d'un moteur électriq, d'un poids en charge maxi excédant 5 tonnes mais n'excédant pas 20 tonnes, neufs sauf à benn",5,verifie
8704.42.1990,"5767 ----- Véhicules auto pour transport de marchandises, équipés  ... d'un moteur à piston à allumage par compression (diesel ou semi-diesel) et d'un moteur électriq, poids en charge maxi excédant 5 tonnes mais pas 20 tonnes, neufs, sauf à benne- basculante a",10,verifie
8704.42.2000,"5768 --- Véhicules automobiles pour transport de marchandises, équipés  ...  d'un moteur à piston à allumage par compression (diesel ou semi-diesel) et d'un moteur électriq, d'un poids en charge maxi excédant 5 tonnes mais n'excédant pas 20 tonnes usagés Page 505 de 566",20,verifie
8704.43.1110,"5769 ----- Véhicules auto pour transport de marchandises, équipés  ... d'un moteur à piston à allumage par compression (diesel ou semi-diesel) et d'un moteur électriq, poids en charge maxi excédant 20 tonnes, neufs, à benne-basculante, ... pour industrie du mo",5,verifie
8704.43.1190,"5770 ----- Véhicules auto pour transport de marchandises, équipés  ... d'un moteur à piston à allumage par compression (diesel ou semi-diesel) et d'un moteur électriq, poids en charge maxi excédant 20 tonnes, neufs, à benne-basculante, ... autres que pour indu",10,verifie
8704.43.1910,"5771 ----- Véhicules auto pour transport de marchandises, équipés  ... d'un moteur à piston à allumage par compression (diesel ou semi-diesel) et d'un moteur électriq, d'un poids en charge maxi excédant 20 tonnes, neufs, sauf à benne-basculante, ... pour indus",20,verifie
8704.43.1990,"5772 ----- Véhicules auto pour transport de marchandises, équipés  ...  d'un moteur à piston à allumage par compression (diesel ou semi-diesel) et d'un moteur électriq, poids en charge maxi excédant 5 tonnes mais pas 20 tonnes, neufs, sauf à benne- basculante",10,verifie
8704.43.2000,"5773 --- Véhicules automobiles pour transport de marchandises, équipés  ...  d'un moteur à piston à allumage par compression (diesel ou semi-diesel) et d'un moteur électriq, d'un poids en charge maxi excédant 20 tonnes usagés Page 506 de 566",10,verifie
8704.51.1110,"5774 ----- Véhicules auto pour transport de marchandises, équipés ... pour la propulsion, d'un moteur à piston à allumage par étincelles et d'un moteur électriq, poids en charge maximal n'excédant  pas 5 tonnes, neufs, à benne- basculante pour industrie du",5,verifie
8704.51.1190,"5775 ----- Véhicules auto pour transport de marchandises, équipés ... pour la propulsion, d'un moteur à piston à allumage par étincelles et d'un moteur électriq, poids en charge maximal n'excédant  pas 5 tonnes, neufs, à benne- basculante autres que pour i",10,verifie
8704.51.1910,"5776 ----- Véhicules auto pour transport de marchandises, équipés ... pour la propulsion, d'un moteur à piston à allumage par étincelles et d'un moteur électriq, d'un poids en charge maxi n'excédant pas 5 tonnes, neufs, sauf à benne basculante pour indust",5,verifie
8704.51.1990,"5777 ----- Véhicules auto pour transport de marchandises, équipés ... pour la propulsion, d'un moteur à piston à allumage par étincelles et d'un moteur électriq, d'un poids en charge maxi n'excédant pas 5 tonnes, neufs, sauf à benne basculante autres que",10,verifie
8704.51.2000,"5778 --- Véhicules automobiles pour transport de marchandises, équipés ... pour la propulsion, d'un moteur à piston à allumage par étincelles et d'un moteur électriq, d'un poids en charge maxi n'excédant pas 5 tonnes usagés Page 507 de 566",10,verifie
8704.52.1110,"5779 ----- Véhicules auto pour transport de marchandises, équipés ... pour la propulsion, d'un moteur à piston à allumage par étincelles et d'un moteur électriq, poids en charge maximal excédant 5 tonnes, neufs, à benne- basculante pour industrie du montag",5,verifie
8704.52.1190,"5780 ----- Véhicules auto pour transport de marchandises, équipés ... pour la propulsion, d'un moteur à piston à allumage par étincelles et d'un moteur électriq, poids en charge maximal excédant 5 tonnes, neufs, à benne- basculante autres que pour industri",10,verifie
8704.52.1910,"5781 ----- Véhicules auto pour transport de marchandises, équipés ... pour la propulsion, d'un moteur à piston à allumage par étincelles et d'un moteur électriq, d'un poids en charge maxi excédant 5 tonnes, neufs, sauf à benne- basculante pour industrie du",5,verifie
8704.52.1990,"5782 ----- Véhicules auto pour transport de marchandises, équipés ... pour la propulsion, d'un moteur à piston à allumage par étincelles et d'un moteur électriq, d'un poids en charge maxi excédant 5 tonnes, neufs, sauf à benne- basculante autres que pour i",10,verifie
8704.52.2000,"5783 --- Véhicules automobiles pour transport de marchandises, équipés ... pour la propulsion, d'un moteur à piston à allumage par étincelles et d'un moteur électriq, d'un poids en charge maxi excédant 5 tonnes usagés Page 508 de 566",10,verifie
8704.60.1100,"5784 --- Véhicules automobiles pour transport de marchandises, uniquement à moteur électrique pour la propulsion, neufs, présentés entièrement à l’état démonté ou  non monté importés pour l’industrie du montage",5,verifie
8704.60.1900,"5785 --- Véhicules automobiles pour transport de marchandises, uniquement à moteur électrique pour la propulsion, neufs, autres que ceux présentés pour l’industrie du montage",10,verifie
8704.60.2000,"5786 -- Véhicules automobiles pour transport de marchandises, uniquement à moteur électrique pour la propulsion, usagés",10,verifie
8704.90.1000,"5787 -- Autres véhicules automobiles pour le transport de marchandises  du n° 87.04, NDCA, à l'état démonté ou non monté pour l'industrie du montage",5,verifie
8704.90.9000,"5788 -- Autres véhicules automobiles pour le transport de marchandises  du n° 87.04, NDCA, autres que pour l'industrie du montage",10,verifie
8705.10.0000,5789  - Camions-grues,5,verifie
8705.20.0000,5790  - Derricks automobiles pour le sondage ou le forage,5,verifie
8705.30.0000,5791  - Voitures de lutte contre l'incendie,5,verifie
8705.40.0000,5792  - Camions-bétonnières,5,verifie
8705.90.0000,"5793 - Autres véhicules automobiles à usages spéciaux, autres que ceux principalement conçus pour le transport de personnes ou de marchandises du n° 87 05",5,verifie
8706.00.1100,"5794 -- Chassis des véhicules automobiles du N° 8701.20.10.00, équipés de leur moteur, destinés à l'industrie du montage Page 509 de 566",5,verifie
8706.00.1200,"5795 -- Chassis des véhicules automobiles du N° 87.02, équipés de leur moteur, destinés à l'industrie du montage",5,verifie
8706.00.1300,"5796 -- Chassis des véhicules automobiles  du N° 87.03, équipés de leur moteur, destinés à l'industrie du montage",5,verifie
8706.00.1400,"5797 -- Chassis des véhicules automobiles  du N° 87.04, équipés de leur moteur, destinés à l'industrie du montage",5,verifie
8706.00.9000,"5798 - Chassis des véhicules automobiles des N°s 87.01 à 87.05, équipés de leur moteur, autres que pour l'industrie du  montage",10,verifie
8707.10.1000,"5799 -- Carrosseries des véhicules automobiles du N° 87.03, y compris les cabines, destinées à l'industrie du montage",5,verifie
8707.10.9000,"5800 -- Carrosseries des véhicules automobiles du N° 87.03, y compris les cabines, autres que pour l'industrie du montage",10,verifie
8707.90.1100,"5801 --- Carrosseries des véhicules automobiles du n° 8701.20.10.00, y compris les cabines, destinées à l'industrie du montage",5,verifie
8707.90.1200,"5802 ---  Carrosseries des véhicules automobiles du N° 87.02, y compris les cabines, destinées à l'industrie du montage",5,verifie
8707.90.1300,"5803 ---  Carrosseries des véhicules automobiles du N° 87.04, y compris les cabines, destinées à l'industrie du montage Page 510 de 566",5,verifie
8707.90.9000,"5804 -- Carrosseries des véhicules automobiles des N°s 87.01, 87.02, 87.04 et  87.05, y compris les  cabines, autres que pour l'industrie du montage",5,verifie
8708.10.0000,5805  - Pare-chocs et leurs parties des véhicules automobiles des N°s 87.01 à 87.05,10,verifie
8708.21.0000,5806  -- Ceintures de sécurité des véhicules automobiles des N°s 87.01 à 87.05,10,verifie
8708.22.0000,"5807 -- Pare-brises, vitres arrières et autres glaces visés à la Note 1 de sous-positions du Chapitre N° 87",10,verifie
8708.29.0000,"5808 -- Autres parties et accessoires des carrosseries (... cabines) des véhicules auto. des N°s 87.01 à 87.05, sauf les ceintures de sécurité et pare-brises, vitres arrières et autres glaces visés à la Note 1 de sous positions du Chapitre N° 87",10,verifie
8708.30.0000,"5809 - Freins et servo-freins, et leurs parties, des véhicules automobiles des N°s 87.01 à",10,verifie
8708.40.0000,"5810 - Boîtes de vitesses et leurs parties, des véhicules automobiles des N°s 87.01 à",10,verifie
8708.50.0000,"5811 - Ponts avec différentiel, même pourvus d'autres organes de transmission, et essieux porteurs, leurs parties, des véhicules des N°s 87 01 à 87 05",10,verifie
8708.70.0000,"5812 - Roues, leurs parties et accessoires, des véhicules automobiles des N°s 87.01 à",10,verifie
8708.80.0000,"5813 - Systèmes de suspension et leurs parties (y compris les amortisseurs de suspension), des véhicules automobiles des N°s 87 01 à 87 05 Page 511 de 566",10,verifie
8708.91.0000,"5814 -- Radiateurs et leurs parties, des véhicules automobiles des N°s 87.01 à 87.05",10,verifie
8708.92.0000,"5815 -- Silencieux et tuyaux d'échappement, leurs parties, des véhicules automobiles des N°s 87.01 à 87.05",10,verifie
8708.93.0000,"5816 -- Embrayages et leurs parties, des véhicules automobiles des N°s 87.01 à",10,verifie
8708.94.0000,"5817 -- Volants, colonnes et boîtiers de direction, leurs parties, des véhicules automobiles des N°s 87.01 à 87.05",10,verifie
8708.95.0000,"5818 -- Coussins gonflables de sécurité avec système de gonflage (airbags), leurs parties, des véhicules automobiles des N°s 87 01 à 87 05",10,verifie
8708.99.0000,"5819 -- Autres parties et accessoires des véhicules automobiles des N° 87.01 à 87.05, NDCA",10,verifie
8709.11.0000,"5820 -- Chariots automobiles non munis d'un dispositif de levage... courtes distances, chariots-tracteurs... utilisés dans les gares, électriques",10,verifie
8709.19.0000,"5821 -- Chariots automobiles non munis d'un dispositif de levage...distances, chariots- tracteurs...utilisés dans les gares, autres qu'électriques",10,verifie
8709.90.0000,5822  - Parties des chariots du N° 87.09,5,verifie
8710.00.0000,"5823  - Chars et automobiles blindées de combat, armés ou non; leurs parties. Page 512 de 566",20,verifie
8711.10.1000,"5824 --Motocycles (y compris les cyclomoteurs) et cycles équipés d'un moteur auxiliaire, avec ou sans side-cars, à moteur à piston, d'une cylindrée n'excédant pas 50cm³...pour l'industrie du montage",5,verifie
8711.10.9000,"5825 --Motocycles (y compris les cyclomoteurs) et cycles équipés d'un moteur auxiliaire, avec ou sans side-cars, à moteur à piston, d'une cylindrée n'excédant pas 50cm³, autres que pour l'industrie du montage",20,verifie
8711.20.1000,"5826 --Motocycles (y compris les cyclomoteurs) et cycles équipés d'un moteur auxiliaire, avec ou sans side-cars, à moteur à piston, d'une cylindrée excédant 50 cm³ mais n'excédant pas 250 cm³...pour l'industrie du montage",5,verifie
8711.20.9100,"5827 --- Motocycles (y compris les cyclomoteurs) et cycles équipés d'un moteur auxiliaire, avec ou sans side-cars, à moteur à piston, d'une cylindrée excédant 50 cm3 mais  n’excédant pas 80 cm3, autres que pour l'industrie du montage",20,verifie
8711.20.9900,"5828 --- Motocycles (y compris les cyclomoteurs) et cycles équipés d'un moteur auxiliaire, avec ou sans side-cars, à moteur à piston, d'une cylindrée excédant 80 cm3 mais  n’excédant pas 250 cm3, autres que pour l'industrie du montage Page 513 de 566",20,verifie
8711.30.1000,"5829 -- Motocycles (y compris les cyclomoteurs) et cycles équipés d'un moteur auxiliaire, avec ou sans side-cars, à moteur à piston, cylindrée excédant 250cm³ mais pas 500cm³...pour l'industrie du montage",5,verifie
8711.30.9000,"5830 -- Motocycles (y compris les cyclomoteurs) et cycles équipés d'un moteur auxiliaire, avec ou sans side-cars, à moteur à piston, cylindrée excédant 250cm³ mais pas 500cm³, autres que pour l'industrie du montage",20,verifie
8711.40.1000,"5831 -- Motocycles (y compris les cyclomoteurs) et cycles équipés d'un moteur auxiliaire, avec ou sans side-cars, à moteur à piston, cylindrée excédant 500cm³ mais pas 800cm³...pour l'industrie du montage",5,verifie
8711.40.9000,"5832 -- Motocycles (y compris les cyclomoteurs) et cycles équipés d'un moteur auxiliaire, avec ou sans side-cars, à moteur à piston, cylindrée excédant 500cm³ mais pas 800cm³, autres que pour l'industrie du montage",20,verifie
8711.50.1000,"5833 -- Motocycles (y compris les cyclomoteurs) et cycles équipés d'un moteur auxiliaire, avec ou sans side-cars, à moteur à piston, cylindrée excédant 800cm³...pour l'industrie du montage Page 514 de 566",5,verifie
8711.50.9000,"5834 -- Motocycles (y compris les cyclomoteurs) et cycles équipés d'un moteur auxiliaire, avec ou sans side-cars, à moteur à piston, cylindrée excédant 800cm³, autres que pour l'industrie du montage",20,verifie
8711.60.1000,"5835 -- Motocycles (y compris les cyclomoteurs) et cycles équipés d'un moteur auxiliaire, avec ou sans side-cars, à moteur électrique pour la propulsion,...pour l'industrie du montage",5,verifie
8711.60.9000,"5836 -- Motocycles (y compris les cyclomoteurs) et cycles équipés d'un moteur auxiliaire, avec ou sans side-cars, à moteur électrique pour la propulsion, autres que pour l'industrie du montage",20,verifie
8711.90.1000,"5837 -- Autres Motocycles (y compris les cyclomoteurs) et cycles équipés d'un moteur auxiliaire, avec ou sans side-cars, side-cars ...non montés importés pour l'industrie du montage",5,verifie
8711.90.9000,"5838 -- Autres Motocycles (y compris les cyclomoteurs) et cycles équipés d'un moteur auxiliaire, avec ou sans side-cars, side-cars, autres que pour l'industrie du montage",20,verifie
8712.00.1000,"5839 - Bicyclettes et autres cycles (y compris les triporteurs), sans moteur, présentés entièrement à l’état démonté ou non monté importés pour l’industrie du montage",5,verifie
8712.00.9000,"5840 - Bicyclettes et autres cycles (y compris les triporteurs), sans moteur, autres que pour l’industrie du montage Page 515 de 566",20,verifie
8713.10.0000,5841 - Fauteuils roulants et autres véhicules pour invalides sans mécanisme de propulsion,0,verifie
8713.90.0000,"5842 - Fauteuils roulants et autres véhicules pour invalides, avec moteur ou autre mécanisme de propulsion",0,verifie
8714.10.1000,5843 -- Parties et accessoires des motocycles (y compris les cyclomoteurs) destinés à l'industrie du montage,5,verifie
8714.10.9000,"5844 -- Parties et accessoires des motocycles (y compris les cyclomoteurs), autres que pour l'industrie du montage",10,verifie
8714.20.0000,5845 - Parties et accessoires de fauteuils roulants ou d'autres véhicules pour invalides,0,verifie
8714.91.1000,"5846 --- Cadres, fourches, et leurs parties, des autres véhicules du N° 87.11 et  des véhicules du N° 87.12, destinés à l'industrie du montage",5,verifie
8714.91.9000,"5847 --- Cadres et fourches,et leurs parties, des autres véhicules du n°87.11 et des véhicules du n°87.12, autres que pour l'industrie du montage",10,verifie
8714.92.1000,"5848 --- Jantes et rayons, des autres véhicules du N° 87.11 et des véhicules du N° 87.12, destinés à l'industrie du montage",5,verifie
8714.92.9000,"5849 --- Jantes et rayons, des autres véhicules du N° 87.11 et des véhicules du N° 87.12, autres que destinés à l'industrie du montage Page 516 de 566",10,verifie
8714.93.1000,"5850 --- Moyeux (autres que les moyeux à freins) et pignons de roues libres, des autres véhicules du N° 87.11 et des véhicules du N° 87.12, destinés à l'industrie du montage",5,verifie
8714.93.9000,"5851 --- Moyeux (autres que les moyeux à freins) et pignons de roues libres, des autres véhicules du N° 87.11 et des véhicules du N° 87.12, autres que destinés à l'industrie du montage",10,verifie
8714.94.1000,"5852 --- Freins, y compris les moyeux à freins, et leurs parties, des autres véhicules du N°87.11 et des véhicules du N°87.12, destinés à l'industrie du montage",5,verifie
8714.94.9000,"5853 --- Freins, y compris les moyeux à freins, et leurs parties, des autres véhicules du N°87.11 et des véhicules du N°87.12, autres que destinés à l'industrie du montage",10,verifie
8714.95.1000,"5854 --- Selles, des autres véhicules du N° 87.11 et des véhicules du N° 87.12, destinés à l'industrie du montage",5,verifie
8714.95.9000,"5855 --- Selles, des autres véhicules du N° 87.11 et des véhicules du N° 87.12, autres que destinés à l'industrie du montage",10,verifie
8714.96.1000,"5856 --- Pédales et pédaliers, et leurs parties, des autres véhicules du N°87.11 et des véhicules du N°87.12, destinés à l'industrie du montage",5,verifie
8714.96.9000,"5857 --- Pédales et pédaliers, et leurs parties, des autres véhicules du N° 87.11 et des véhicules du N° 87.12, autres que pour l'industrie du montage Page 517 de 566",10,verifie
8714.99.1000,"5858 --- Autres parties et accessoires, des autres véhicules du N° 87.11 et des véhicules du N° 87.12, destinés à l'industrie du montage",5,verifie
8714.99.9000,"5859 --- Autres parties et accessoires, des autres véhicules du N° 87.11 et des véhicules du N° 87.12, autres que pour l'industrie du montage",10,verifie
8715.00.0000,"5860 Landaus, poussettes et voitures similaires pour le transport des enfants, et leurs parties.",20,verifie
8716.10.0000,"5861 - Remorques et semi-remorques pour l'habitation ou le camping, du type caravane",10,verifie
8716.20.0000,"5862 - Remorques et semi-remorques autochargeuses ou autodéchargeuses, pour usages agricoles",10,verifie
8716.31.0000,5863  -- Citernes pour le transport de marchandises,10,verifie
8716.39.1000,5864  --- Remorques et semi-remorques pour le transport des bois de grumes,10,verifie
8716.39.2100,"5865 ---- Remorques et semi-remorques (autres que citernes) pour le transport de marchandises, à benne basculante,d'une capacité inférieure ou égale à 6 m³, d'un poids égal ou supérieur à 1600 kg",10,verifie
8716.39.2200,"5866 ---- Remorques et semi-remorques (autres que citernes) pour le transport de marchandises, à benne basculante,d'une capacité inférieure ou égale à 6 m³, d'un poids inférieur à 1600 kg Page 518 de 566",10,verifie
8716.39.2300,"5867 ---- Remorques et semi-remorques (autres que citernes) pour le transport de marchandises, à benne basculante,d'une capacité superieure à 6 m³",10,verifie
8716.39.9000,"5868 --- Remorques et semi-remorques (autres que citernes) pour le transport de marchandises, autres qu'à benne basculante",10,verifie
8716.40.0000,"5869  - Autres remorques et semi-remorques, du N° 87.16",10,verifie
8716.80.1000,"5870  -- Véhicules non automobiles, à traction animale",10,verifie
8716.80.2100,5871  --- Brouettes,20,verifie
8716.80.2900,"5872  --- Véhicules non automobiles, dirigés à la main, autres que les brouettes",20,verifie
8716.80.9000,5873 -- Autres véhicules non automobiles (autres qu'à traction animale ou dirigés à la main) du N° 87.16,20,verifie
8716.90.1000,"5874  -- Parties de remorques et semi- remorques, pour tous véhicules",5,verifie
8716.90.2000,5875  -- Parties de véhicules à traction animale,5,verifie
8716.90.9000,"5876 -- Parties des autres véhicules non automobiles, à l'exclusion des véhicules à traction animale, du N° 87.16",10,verifie
8801.00.0000,"5877 Ballons et dirigeables; planeurs, ailes volantes et autres véhicules aériens, non conçus pour la propulsion à moteur.",5,verifie
8802.11.0000,5878  -- Hélicoptères d'un poids à vide n'excédant pas 2.000 kg,5,verifie
8802.12.0000,5879  -- Hélicoptères d'un poids à vide excédant 2.000 kg,5,verifie
8802.20.0000,"5880 - Avions et autres véhicules aériens (sauf hélicoptères), d'un poids à vide n'excédant pas 2.000 kg Page 519 de 566",5,verifie
8802.30.0000,"5881 - Avions et autres véhicules aériens  (sauf hélicoptères), d'un poids à vide excédant 2.000 kg mais n'excédant pas 15.000 kg",5,verifie
8802.40.0000,"5882 - Avions et autres véhicules aériens  (sauf hélicoptères), d'un poids à vide excédant 15.000 kg",5,verifie
8802.60.0000,5883 - Véhicules spatiaux (y compris les satellites) et leurs véhicules lanceurs et véhicules sous-orbitaux,5,verifie
8804.00.0000,5884 Parachutes (y compris les parachutes dirigeables et les parapentes) et rotochutes; leurs parties et accessoires.,5,verifie
8805.10.0000,"5885 - Appareils et dispositifs pour le lancement de véhicules aériens et leurs parties; appareils et dispositifs pour l'appontage de véhicules aériens et appareils et dispositifs similaires, et leurs parties",5,verifie
8805.21.0000,5886  -- Simulateurs de combat aérien et leurs parties,5,verifie
8805.29.0000,"5887 -- Appareils au sol d'entrainement au vol et leurs parties, autres que les simulateurs de combats aériens et leurs parties",5,verifie
8806.10.0000,"5888  - Véhicules aériens sans pilote, conçus pour le transport de passagers",5,verifie
8806.21.0000,"5889 -- Véhicules aériens sans pilote,  non conçus pour le transport de passagers mais uniquement pour être téléguidés, d’un poids maximal au décollage n’excédant pas 250 g Page 520 de 566",5,verifie
8806.22.0000,"5890 -- Véhicules aériens sans pilote, non conçus pour le transport de passagers mais uniquement pour être téléguidés, d’un poids maximal au décollage excédant  250 g mais n’excédant pas 7 kg",5,verifie
8806.23.0000,"5891 -- Véhicules aériens sans pilote, non conçus pour le transport de passagers mais uniquement pour être téléguidés, d’un poids maximal au décollage excédant  7  kg mais n’excédant pas 25 kg",5,verifie
8806.24.0000,"5892 -- Véhicules aériens sans pilote, non conçus pour le transport de passagers mais uniquement pour être téléguidés, d’un poids maximal au décollage excédant  25 kg mais n’excédant pas 150 kg",5,verifie
8806.29.0000,"5893 -- Autres véhicules aériens sans pilote, non conçus pour le transport de passagers mais uniquement pour être téléguidés, d’un poids maximal au décollage excédant 150 kg",5,verifie
8806.91.0000,"5894 -- Autres véhicules aériens sans pilote, non conçus pour le transport de passagers ni pour être uniquement téléguidés, d’un poids maximal au décollage n'excédant 250 g",5,verifie
8806.92.0000,"5895 -- Autres véhicules aériens sans pilote, non conçus pour le transport de passagers ni pour être uniquement téléguidés, d’un poids maximal au décollage excédant  250 g mais n’excédant pas 7 kg Page 521 de 566",5,verifie
8806.93.0000,"5896 -- Autres véhicules aériens sans pilote, non conçus pour le transport de passagers ni pour être uniquement téléguidés, d’un poids maximal au décollage excédant 7  kg mais n’excédant pas 25 kg",5,verifie
8806.94.0000,"5897 -- Autres véhicules aériens sans pilote, non conçus pour le transport de passagers ni pour être uniquement téléguidés, d’un poids maximal au décollage excédant 25 kg mais n’excédant pas 150 kg",5,verifie
8806.99.0000,"5898 -- Autres véhicules aériens sans pilote, non conçus pour le transport de passagers ni pour être uniquement téléguidés, d’un poids maximal au décollage excédant 150 kg",5,verifie
8807.10.0000,"5899  - Hélices et rotors, et leurs parties, des n°s 88.01, 88.02 ou 88.06",5,verifie
8807.20.0000,"5900  - Trains d'atterrissage et leurs parties, des n°s 88.01, 88.02 ou 88.06",5,verifie
8807.30.0000,"5901 - Autres parties (à l'exclusion des hélices et rotors, et leurs parties, et des trains d'atterrissage et leurs parties) d'avions, d'hélicoptères ou de véhicules aériens sans pilote",5,verifie
8807.90.0000,"5902 - Autres parties des appareils des n°s 88.01, 88.02 ou 88.06, non dénommées ni comprises ailleurs",5,verifie
8901.10.1100,"5903 --- Bateaux pour la navigation intérieure à propulsion mécanique servant au transport de personnes, d'une jauge brute inférieure ou égale à 500 tonneaux Page 522 de 566",5,verifie
8901.10.1200,"5904 --- Bateaux pour la navigation intérieure à propulsion mécanique servant au transport de personnes, d'une jauge brute supérieure à 500 tonneaux",5,verifie
8901.10.9000,"5905 -- Paquebots, autres bateaux de croisière et bateaux similaires (sauf pour la navigation intérieure à propulsion mécanique) principalement conçus pour le transport de personnes; transbordeurs",5,verifie
8901.20.0000,5906  - Bateaux-citernes,5,verifie
8901.30.0000,5907  - Bateaux frigorifiques autres que ceux du N° 8901.20,5,verifie
8901.90.1100,"5908 --- Bateaux pour la navigation intérieure à propulsion mécanique servant au transport de marchandises, d'une jauge brute inférieure ou égale 500 tonneaux",5,verifie
8901.90.1200,"5909 --- Bateaux pour la navigation intérieure à propulsion mécanique servant au transport de marchandises, d'une jauge brute supérieure à 500 tonneaux",5,verifie
8901.90.9000,"5910 -- Autres bateaux pour le transport de marchandises, autres bateaux conçus à la fois pour le transport de personnes et de marchandises NDCA du N° 89 01",5,verifie
8902.00.1000,"5911 - Bateaux de pêche, navires-usines et autres bateaux pour le traitement ou la mise en conserve des produits de la pêche, d'une jauge brute inférieure ou égale à 10tonneaux Page 523 de 566",5,verifie
8902.00.2000,"5912 - Bateaux de pêche, navires-usines et autres bateaux pour le traitement ou la mise en conserve des produits de la pêche, d'une jauge brute supérieure à 10 tonneaux et inférieure ou égale à 40 tonneaux",10,verifie
8902.00.3100,"5913 -- Bateaux de pêche, navires-usines et autres bateaux pour le traitement ou la mise en conserve des produits de la pêche, équipés d'une installation de congélation du produit de leur pêche d'une jauge brute supérieure à 40 tonneaux et inférieure ou égale",5,verifie
8902.00.3900,"5914 -- Bateaux de pêche, navires-usines et autres bateaux pour le traitement ou la mise en conserve des produits de la pêche, autres qu'équipés d'une installation de congélation du produit de leur pêche d'une jauge brute supérieure à 40 tonneaux et inférieure",5,verifie
8902.00.4100,"5915 -- Bateaux de pêche, navires-usines et autres bateaux pour le traitement ou la mise en conserve des produits de la pêche, équipés d'une installation de congélation du produit de leur pêche d'une jauge brute supérieure à 300 tonneaux",5,verifie
8902.00.4900,"5916 -- Bateaux de pêche, navires-usines et autres bateaux pour le traitement ou la mise en conserve des produits de la pêche, autres qu'équipés d'une installation de congélation du produit de leur pêche d'une jauge brute supérieure à 300 tonneaux Page 524 de 566",5,verifie
8903.11.0000,"5917 -- Bateaux gonflables, même à coque rigide, comportant un moteur ou conçus pour comporter un moteur, d’un poids à vide sans moteur n'excédant pas 100 kg",20,verifie
8903.12.0000,"5918 -- Bateaux gonflables, même à coque rigide, non conçus pour être utilisés avec un moteur et d'un poids à vide n'excédant pas 100 kg",20,verifie
8903.19.0000,"5919  -- Autres bateaux gonflables, même à coque rigide, du N° 89.03",20,verifie
8903.21.0000,"5920 -- Bateaux à voile, autres que gonflables, même avec moteur auxiliaire, d'une longueur n'excédant pas 7,5 m",20,verifie
8903.22.0000,"5921 -- Bateaux à voile, autres que gonflables, même avec moteur auxiliaire, d'une longueur excédant 7,5 m mais n'excédant pas 24 m",20,verifie
8903.23.0000,"5922 -- Bateaux à voile, autres que gonflables, même avec moteur auxiliaire, d'une longueur excédant 24 m",20,verifie
8903.31.0000,"5923 --  Bateaux à moteur, autres que gonflables, ne comportant pas de moteur hors-bord, d'une longueur n'excédant pas 7 5 m",20,verifie
8903.32.0000,"5924 --  Bateaux à moteur, autres que gonflables, ne comportant pas de moteur hors-bord, d'une longueur excédant 7,5 m mais n'excédant pas 24 m",20,verifie
8903.33.0000,"5925 --  Bateaux à moteur, autres que gonflables, ne comportant pas de moteur hors-bord, d'une longueur excédant 24 m Page 525 de 566",20,verifie
8903.93.0000,"5926 -- Yachts et autres bateaux, embarcations de plaisance ou de sport, bateaux à rames et canoës, d'une longueur excédant 7,5 m, du N° 89 03 NDC",20,verifie
8903.99.0000,"5927 -- Yachts et autres bateaux, embarcations de plaisance ou de sport, bateaux à rames et canoës, d'une longueur n'excédant pas 7 5 m du N° 89 03 NDCA",20,verifie
8904.00.0000,5928  Remorqueurs et bateaux-pousseurs.,5,verifie
8905.10.0000,5929  - Bateaux-dragueurs,5,verifie
8905.20.0000,"5930  - Plates-formes de forage ou d'exploitation, flottantes ou submersibles",5,verifie
8905.90.0000,"5931 - Bateaux-phares, bateaux-pompes, pontons-grues et autres bateaux (sauf bateaux dragueurs) pour lesquels la navigation n'est qu'accessoire par rapport à la fonction principale; docks flottants;",5,verifie
8906.10.0000,5932  - Navires de guerre,10,verifie
8906.90.0000,"5933 - Autres bateaux (sauf navires de guerre), y compris les bateaux de sauvetage autres qu'à rames",10,verifie
8907.10.0000,5934  - Radeaux gonflables,5,verifie
8907.90.0000,"5935 - Autres engins flottants (radeaux, réservoirs, caissons, coffres d'amarrage, bouées et balises par exemple), autres que les radeaux gonflables",10,verifie
8908.00.0000,5936  Bateaux et autres engins flottants à dépecer.,5,verifie
9001.10.0000,5937 - Fibres optiques et faisceaux de fibres optiques; câbles de fibres optiques autres que ceux du N° 85.44,5,verifie
9001.20.0000,5938  - Matières polarisantes en feuilles ou en plaques Page 526 de 566,10,verifie
9001.30.0000,"5939 - Verres de contact non montés, autres que ceux en verre non travaillé optiquement",5,verifie
9001.40.1000,"5940 -- Verres de lunetterie en verre, médicaux, non montés, autres que ceux en verre non travaillé optiquement",5,verifie
9001.40.9000,"5941 -- Verres de lunetterie en verre, non médicaux, non montés, autres que ceux en verre non travaillé optiquement",10,verifie
9001.50.1000,"5942 -- Verres de lunetterie autres qu'en verre, médicaux, non montés, autres que ceux en verre non travaillé optiquement",5,verifie
9001.50.9000,"5943 -- Verres de lunetterie autres qu'en verre, non médicaux, non montés, autres que ceux en verre non travaillé optiquement",10,verifie
9001.90.0000,"5944 - Autres lentilles, prismes, miroirs et autres éléments d'optique en toutes matières, non montés, autres que ceux en verre non travaillé optiquement",10,verifie
9002.11.0000,"5945 -- Objectifs en toutes matières, montés, pour appareils de prise de vues, pour projecteurs ou pour appareils photographiques ou cinématographiques d'agrandissement ou de réduction, autres que ceux en verre non travaillé optiquement",20,verifie
9002.19.0000,"5946 -- Autres objectifs en toutes matières, montés, pour instruments ou appareils, autres que ceux en verre non travaillé optiquement à l'exclusion du N° 9002 11",20,verifie
9002.20.0000,"5947 - Filtres (élément d'optique) en toutes matières, montés, pour instruments ou appareils, autres que ceux en verre non travaillé optiquement Page 527 de 566",20,verifie
9002.90.0000,"5948 - Lentille, prisme,miroir et autres éléments d'optique en toute matière, monté pour instruments ou appareils, autres que ceux en verre non travaillé optiquement, NDCA du N° 90 02",20,verifie
9003.11.0000,"5949  -- Montures de lunettes ou d'articles similaires, en matières plastiques",10,verifie
9003.19.0000,"5950 -- Montures de lunettes ou d'articles similaires, autres qu'en matières plastiques",10,verifie
9003.90.0000,5951  - Parties de montures de lunettes ou d'articles similaires,5,verifie
9004.10.0000,5952  - Lunettes solaires,10,verifie
9004.90.1000,5953  -- Lunettes correctrices,5,verifie
9004.90.9000,5954  -- Lunettes et articles similaires autres que solaires et correctrices,10,verifie
9005.10.0000,5955  - Jumelles,20,verifie
9005.80.0000,"5956 - Longue-vue, lunettes astronomiques, télescopes optiques, autres instruments d'astronomie, à l'exclusion des appareils de radio-astronomie",20,verifie
9005.90.0000,5957  - Parties et accessoires (y compris les bâtis) des instruments du N° 90.05,10,verifie
9006.30.0000,"5958 - Appareils photographiques spécialement conçus pour photographie sous-marine ou aérienne, pour l'examen médical d'organes internes ou pour les laboratoires de médecine légale ou d'identité judiciaire",20,verifie
9006.40.0000,5959  - Appareils photographiques à développement et tirage instantanés,20,verifie
9006.53.0000,5960 -- Autres appareils photographiques pour pellicules en rouleaux d'une largeur de 35 mm Page 528 de 566,20,verifie
9006.59.0000,"5961 -- Autres appareils photographiques (à l'exclusion des appareils pour pellicules en rouleaux d'une largeur de 35 mm), du N°",20,verifie
9006.61.0000,5962 -- Appareils à tube à décharge pour la production de la lumière-éclair (dits «flashes électroniques») en photographie,20,verifie
9006.69.0000,"5963 -- Appareils et dispositifs, y compris les lampes et tubes (autres qu'appareils à tube à décharge), pour la production de la lumière-éclair en photographie",20,verifie
9006.91.0000,5964  -- Parties et accessoires d'appareils photographiques,10,verifie
9006.99.0000,"5965 -- Parties et accessoires des appareils et dispositifs (à l'exclusion de ceux des appareils photographiques), du N° 90.06",10,verifie
9007.10.0000,"5966 - Caméras cinématographiques, même incorporant des appareils d'enregistrement ou de reproduction du son",20,verifie
9007.20.0000,"5967 - Projecteurs  cinématographiques, même incorporant des appareils d'enregistrement ou de reproduction du son",20,verifie
9007.91.0000,5968  -- Parties et accessoires de caméras cinématographiques,10,verifie
9007.92.0000,5969  -- Parties et accessoires de projecteurs cinématographiques,10,verifie
9008.50.0000,5970 - Projecteurs d'images fixes et appareils photographiques d'agrandissement ou de réduction Page 529 de 566,20,verifie
9008.90.0000,5971 - Parties et accessoires de projecteurs d'images fixes et d'appareils photographiques d'agrandissement ou de réduction,10,verifie
9010.10.0000,"5972 - Appareils et matériel pour le développement automatique de pellicule photographique, films cinématographiques ou du papier photographique en rouleaux ou pour l'impression automatique des péllicules développés sur des rouleaux de papier photographique",20,verifie
9010.50.0000,"5973 - Autres appareils et matériel pour laboratoires photographiques ou cinématographiques; négatoscopes, NDCA dans le présent Chapitre",20,verifie
9010.60.0000,5974  - Ecrans pour projections,20,verifie
9010.90.0000,5975  - Parties et accessoires des appareils et matériels du N° 90.10,10,verifie
9011.10.0000,5976  - Microscopes optiques stéréoscopiques,5,verifie
9011.20.0000,"5977 - Microscopes optiques pour la photomicrographie, la cinéphotomicrographie ou la microprojection",5,verifie
9011.80.0000,5978  - Autres microscopes optiques du N° 90.11,5,verifie
9011.90.0000,5979  - Parties et accessoires des microscopes optiques du N° 90.11,5,verifie
9012.10.0000,5980  - Microscopes autres qu'optiques; diffractographes,5,verifie
9012.90.0000,5981 - Parties et accessoires des diffractographes et des microscopes autres qu'optiques Page 530 de 566,5,verifie
9013.10.0000,"5982 - Lunettes de visée pour armes; périscopes; lunettes pour machines, appareils ou instruments NDCA du Chapitre 90 ou de la Section XVI",20,verifie
9013.20.0000,"5983  - Lasers, autres que les diodes laser",5,verifie
9013.80.0000,"5984  - Autres dispositifs, appareils et instruments d'optiques, du N° 90.13",10,verifie
9013.90.0000,"5985  - Parties et accessoires des dispositifs, appareils et instruments, du N° 90.13",5,verifie
9014.10.0000,"5986  - Boussoles, y compris les compas de navigation",5,verifie
9014.20.0000,5987 - Instruments et appareils pour la navigation aérienne ou spatiale (autres que les boussoles),5,verifie
9014.80.0000,"5988  - Autres instruments et appareils de navigation, du n° 90.14",5,verifie
9014.90.0000,5989  - Parties et accessoires des instruments et appreils de navigation,5,verifie
9015.10.0000,5990  - Télémètres,5,verifie
9015.20.0000,5991  - Théodolites et tachéomètres,5,verifie
9015.30.0000,5992  - Niveaux,5,verifie
9015.40.0000,5993  - Instruments et appareils de photogrammétrie,5,verifie
9015.80.0000,5994  - Autres instruments et appareils du N°,5,verifie
9015.90.0000,5995  - Parties et accessoires des instruments et appareils du N° 90.15,5,verifie
9016.00.0000,"5996  Balances sensibles à un poids de 5 cg ou moins, avec ou sans poids.",5,verifie
9017.10.0000,"5997  - Tables et machines à dessiner, même automatiques Page 531 de 566",5,verifie
9017.20.0000,"5998 - Autres instruments de dessin, de traçage ou de calcul ( pantographes, rapporteurs, étuis de mathématiques, règles et cercles à calcul, par exemple), du N° 90.17,  à l'exclusion des tables et machines à dessiner",5,verifie
9017.30.0000,"5999  - Micromètres, pieds à coulisse, calibres et jauges",5,verifie
9017.80.0000,"6000 - Autres instruments de mesure de longueurs, pour emploi à la main, non dénommés ni compris ailleurs dans le Chapitre 90",5,verifie
9017.90.0000,6001  - Parties et accessoires des instruments du N° 90.17,5,verifie
9018.11.0000,6002  -- Electrocardiographes,5,verifie
9018.12.0000,6003  -- Appareils de diagnostic par balayage ultrasonique (scanners),5,verifie
9018.13.0000,6004  -- Appareils de diagnostic par visualisation à résonance magnétique,5,verifie
9018.14.0000,6005  -- Appareils de scintigraphie,5,verifie
9018.19.0000,6006 -- Autres appareils d'électrodiagnostic (y compris les appareils d'exploration fonctionnelle ou de surveillance de paramètre physiologique) du N°90 18,5,verifie
9018.20.0000,6007  - Appareils à rayons ultraviolets ou infrarouges,5,verifie
9018.31.0000,"6008  -- Seringues, avec ou sans aiguilles",5,verifie
9018.32.0000,6009  -- Aiguilles tubulaires en métal et aiguilles à sutures,5,verifie
9018.39.0000,"6010  -- Autres aiguilles; cathéters, canules et instruments similaires",5,verifie
9018.41.0000,"6011 -- Tours dentaires, même combinés sur une base commune avec d'autres équipements dentaires Page 532 de 566",5,verifie
9018.49.0000,6012  -- Instruments et appareils pour l'art dentaire autres que les tours dentaires,5,verifie
9018.50.0000,6013  - Autres instruments et appareils d'ophtamologie,5,verifie
9018.90.0000,6014  - Autres instruments et appareils du N°,5,verifie
9019.10.1000,6015  -- « Jacuzzi » et appareils d'hydromassage similaires,5,verifie
9019.10.9000,"6016 -- Appareils de mécanothérapie, appareils de psychotechnie et appareils de massage, autres que « Jacuzzi » et appareils d'hydromassage similaires",5,verifie
9019.20.0000,"6017 - Appareils d'ozonothérapie, oxygénothérapie, aérosolthérapie, appareils respiratoires de réanimation et autres appareils de thérapie respiratoire",5,verifie
9020.00.0000,"6018 Autres appareil respiratoire et masque à gaz, à l'exclusion des masques de protection dépourvus de mécanisme et d'élément filtrant amovible",5,verifie
9021.10.0000,6019 - Articles et appareils d'orthopédie (y compris les ceintures et bandages médico- chirurgicaux et les béquilles) ou pour fractures,0,verifie
9021.21.0000,6020  -- Dents artificielles,0,verifie
9021.29.0000,"6021  -- Articles et appareils de prothèse dentaire, autres que les dents artificielles",0,verifie
9021.31.0000,6022  -- Prothèses articulaires,0,verifie
9021.39.0000,"6023 -- Autres articles et appareils de prothèse du n° 90.21, à l'exclusion des prothèses articulaires",0,verifie
9021.40.0000,"6024 - Appareils pour faciliter l'audition aux sourds, à l'exclusion des parties et accessoires Page 533 de 566",0,verifie
9021.50.0000,"6025  - Stimulateurs cardiaques, à l'exclusion des parties et accessoires",0,verifie
9021.90.0000,"6026 - Autres appareils à tenir à la main, à porter sur la personne ou à implanter dans l'organisme, afin de compenser une déficience ou une infirmité",0,verifie
9022.12.0000,6027 -- Appareils de tomographie pilotés par une machine automatique de traitement de l'information,5,verifie
9022.13.0000,6028  -- Appareils à rayons X pour l'art dentaire,5,verifie
9022.14.0000,"6029  -- Appareils à rayons X pour usages médicaux, chirurgicaux ou vétérinaires",5,verifie
9022.19.0000,"6030 -- Appareils à rayons X, y compris les appareils de radiophotographie ou de radiothérapie, pour usages autres que ceux des N°s 9022 12 à 9022 14",5,verifie
9022.21.0000,"6031 -- Appareils utilisant des radiations alpha, beta, gamma ou d’autres radiations ionisantes, à usage médical, chirurgical, dentaire ou vétérinaire",5,verifie
9022.29.0000,"6032 -- Appareils utilisant des radiations alpha, beta, gamma ou d’autres radiations ionisantes, y compris les appareils de radiophotographie ou de radiothérapie, à usages autres que médical, chirurgical, dentaire ou vétérinaire",5,verifie
9022.30.0000,6033  - Tubes à rayons X,5,verifie
9022.90.0000,"6034 - Autres dispositifs générateurs de rayons X, les générateurs de tension, les pupitres de commande, les écrans, les tables, fauteuils et supports similaires d'examen ou de traitement; parties et accessoires des appareils du N° 90 22 Page 534 de 566",5,verifie
9023.00.0000,"6035 Instruments, appareils et modèles conçus pour la démonstration (dans l'enseignement ou les expositions, par exemple), non susceptibles d'autres emplois",5,verifie
9024.10.0000,"6036 - Machines et appareils d'essais des métaux de dureté, de traction, de compression, d'élasticité ou d'autres propriétés mécaniques des métaux",5,verifie
9024.80.0000,"6037 - Machines et appareils d'essais de dureté, de traction, de compression, d'élasticité ou d'autres propriétés mécaniques des matériaux autres que les métaux",5,verifie
9024.90.0000,"6038 - Parties et accessoires des machines et appareils d'essais de dureté, de traction, de compression, d'élasticité ou d'autres propriétés mécaniques des matériaux (métaux, bois, textiles, papier, matières plastiques par exemple)",5,verifie
9025.11.0000,"6039 -- Thermomètres et pyromètres, non combinés à d'autres instruments à liquide, à lecture directe",5,verifie
9025.19.0000,"6040 -- Thermomètres et pyromètres, non combinés à d'autres instruments, autres que ceux à liquide ou à lecture directe",5,verifie
9025.80.0000,"6041 - Densimètres, aréomètres, pèse-liquides et instruments flottants similaires, baromètres, hygromètres et psychromètres, enregistreurs ou non, même combinés entre eux Page 535 de 566",5,verifie
9025.90.0000,"6042 - Parties et accessoires des densimètres, aréomètres, pèse-liquides et instruments flottants similaires, thermomètres, pyromètres, baromètres, hygromètres et psychromètres, enregistreurs ou non, même combinés entre eux",5,verifie
9026.10.0000,"6043 - Instruments et appareils pour la mesure ou le contrôle du débit ou du niveau des liquides, à l'exclusion des instruments et appareils des N°s 90.14, 90.15, 90.28 ou",5,verifie
9026.20.0000,"6044 - Instruments et appareils pour la mesure ou le contrôle de la pression des liquides ou des gaz, à l'exclusion des instruments et appareils des N°s 90.14, 90.15, 90.28 ou",5,verifie
9026.80.0000,"6045 - Autres instruments et appareils pour la mesure ou le contrôle des caractéristiques variables des liquides ou des gaz, NDCA du N° 90.26, à l'exclusion des instruments et appareils des N°s 90.14, 90.15, 90.28 ou",5,verifie
9026.90.0000,"6046 - Parties et accessoires des instruments et appareils du N° 90.26, à l'exclusion de ceux des instruments et appareils des N°s 90 14 90 15 90 28 ou 90 32",5,verifie
9027.10.0000,6047  - Analyseurs de gaz ou de fumées,5,verifie
9027.20.0000,6048  - Chromatographes et appareils d'électrophorèse,5,verifie
9027.30.0000,"6049 - Spectromètres, spectrophotomètres et spectrographes utilisant les rayonnements optiques (UV, visibles, IR) Page 536 de 566",5,verifie
9027.50.0000,"6050 - Autres instruments et appareils utilisant les rayonnements optiques (UV, visibles, IR)",5,verifie
9027.81.0000,6051  -- Spectromètres de masse,5,verifie
9027.89.0000,"6052  -- Autres instruments et appareils, du N°90.27, NDCA",5,verifie
9027.90.0000,6053  - Microtomes; parties et accessoires des instruments et appareils du N° 90.27,5,verifie
9028.10.0000,"6054  - Compteurs de gaz, y compris les compteurs pour leur étalonnage",10,verifie
9028.20.0000,"6055  - Compteurs de liquides, y compris les compteurs pour leur étalonnage",10,verifie
9028.30.0000,"6056  - Compteurs d'électricité, y compris les compteurs pour leur étalonnage",10,verifie
9028.90.0000,"6057 - Parties et accessoires de compteurs de gaz, de liquides ou d'électricité, y compris les compteurs pour leur étalonnage",5,verifie
9029.10.0000,"6058 - Compteurs de tours ou de production, taximètres, totalisateurs de chemin parcouru, podomètres et compteurs similaires",10,verifie
9029.20.0000,6059 - Indicateurs de vitesse et tachymètres autres que ceux du 90.14 ou 90.15; stroboscopes,10,verifie
9029.90.0000,"6060 - Parties et accessoires des stroboscopes, des autres compteurs (compteurs de tours, compteurs de production, taximètres, totalisateurs de chemin parcouru, podomètres, par exemple) et des indicateurs de vitesse et tachymètres, autres que ceux des N°s 90 1",5,verifie
9030.10.0000,6061  - Instruments et appareils pour la mesure ou la détection des radiations ionisantes,10,verifie
9030.20.0000,6062  - Oscilloscopes et oscillographes Page 537 de 566,10,verifie
9030.31.0000,"6063  -- Multimètres, sans dispositif enregistreur",10,verifie
9030.32.0000,"6064  -- Multimètres, avec dispositif enregistreur",10,verifie
9030.33.0000,"6065 -- Autres instruments et appareils pour la mesure ou le contrôle de la tension, de l'intensité, de la  résistance ou de la puissance (autres que ceux  pour la mesure ou le contrôle des disques ou  des dispositifs à semi-conducteur), sans dispositif enregi",10,verifie
9030.39.0000,"6066 -- Autres instruments et appareils pour la mesure ou le contrôle de la tension, de l'intensité, de la résistance ou de la puissance (autres que ceux pour la mesure ou le contrôle des disques ou des dispositifs à semi-conducteur), avec dispositif enregistr",10,verifie
9030.40.0000,"6067 - Autres instruments et appareils spécialement conçus pour les techniques de la télécommunication (hypsomètres, kerdomètres, distorsiomètres, psophomètres par exemple)",10,verifie
9030.82.0000,6068 -- Autres instruments et appareils pour la mesure ou le contrôle des disques ou des dispositifs à semi-conducteur (y compris les circuits intégrés),10,verifie
9030.84.0000,"6069 -- Autres instruments et appareils pour la mesure ou le contrôle de grandeurs électriques, avec dispositif enregistreur",10,verifie
9030.89.0000,"6070 -- Autres instruments et appareils pour la mesure ou le contrôle de grandeurs électriques, du N° 90.30 Page 538 de 566",10,verifie
9030.90.0000,"6071 - Parties et accessoires des oscilloscopes, d'analyseurs de spectre, d'autres instruments et appareils pour la mesure ou le contrôle de grandeurs électriques, d'instruments et appareils pour la mesure ou la détection des radiations alpha, bêta, gamma X",5,verifie
9031.10.0000,6072  - Machines à équilibrer les pièces mécaniques,10,verifie
9031.20.0000,6073  - Bancs d'essai,5,verifie
9031.41.0000,6074 -- Autres instruments et appareils optiques pour le contrôle des disques ou des dispositifs à semi-conducteur (...) ou pour le contrôle des masques photographiques ou des réticules utilisés dans la fabrication de dispositifs à semi-conducteur (...),10,verifie
9031.49.0000,"6075 -- Autres instruments et appareils optiques à l'exclusion de ceux pour le contrôle des disques ou des dispositifs à semi- conducteur (...), des masques photographiques ou des réticules utilisés dans la fabrication de dispositifs à semi- conducteur ( )",10,verifie
9031.80.0000,"6076 - Autres instruments, appareils et machines de mesure ou de contrôle, non dénommés ni compris ailleurs du N° 90.31; projecteurs de profils",10,verifie
9031.90.0000,"6077  - Parties et accessoires des instruments, appareils et machines du N° 90.31",5,verifie
9032.10.0000,6078  - Thermostats,10,verifie
9032.20.0000,6079  - Manostats (pressostats) Page 539 de 566,10,verifie
9032.81.0000,"6080 -- Autres instruments et appareils pour la régulation ou le contrôle automatiques, hydrauliques ou pneumatiques",10,verifie
9032.89.0000,"6081 -- Autres instruments et appareils pour la régulation ou le contrôle automatiques, autres qu'hydrauliques ou pneumatiques",10,verifie
9032.90.0000,6082  - Parties et accessoires des instruments et appareils du N° 90.32,5,verifie
9033.00.0000,"6083 Parties et accessoires non dénommés ni compris ailleurs dans le Chapitre 90, pour machines, appareils, instruments ou articles du Chap 90",5,verifie
9101.11.0000,"6084 -- Montres-bracelets, fonctionnant électriquement, même incorporant un compteur de temps, avec boîte en métaux précieux ou en plaqués ou doublés de métaux précieux, à affichage mécanique seulement",20,verifie
9101.19.0000,"6085 -- Montres-bracelets, fonctionnant électriquement, même incorporant un compteur de temps, avec boîte en métaux précieux ou en plaqués ou doublés de métaux précieux, autres qu'à affichage mécanique seulement",20,verifie
9101.21.0000,"6086 -- Montres-bracelets (autres que fonctionnant électriquement), même incorporant un compteur de temps, avec boîte en métaux précieux ou en plaqués ou doublés de métaux précieux, à remontage automatique Page 540 de 566",20,verifie
9101.29.0000,"6087 -- Montres-bracelets (autres que fonctionnant électriquement), même incorporant un compteur de temps, avec boîte en métaux précieux ou en plaqués ou doublés de métaux précieux, autres qu'à remontage automatique",20,verifie
9101.91.0000,"6088 -- Montres de poche et montres similaires (y compris les compteurs de temps des mêmes types), avec boîte en métaux précieux ou en plaqués ou doublés de métaux précieux, fonctionnant électriquement",20,verifie
9101.99.0000,"6089 -- Montres de poche et montres similaires (y compris les compteurs de temps des mêmes types), avec boîte en métaux précieux ou en plaqués ou doublés de métaux précieux, autres que fonctionnant électriquement",20,verifie
9102.11.0000,"6090 -- Montres-bracelets, fonctionnant électriquement, même incorporant un compteur de temps, à affichage mécanique seulement, autres que celles du N° 91 01",20,verifie
9102.12.0000,"6091 -- Montres-bracelets, fonctionnant électriquement, même incorporant un compteur de temps, à affichage optoélectronique seulement, autres que celles du N° 91 02",20,verifie
9102.19.0000,"6092 -- Autres montres-bracelets, fonctionnant électriquement, même incorporant un compteur de temps, du N° 91.02 Page 541 de 566",20,verifie
9102.21.0000,"6093 -- Autres montres-bracelets, ne fonctionnant pas électriquement, même incorporant un compteur de temps; à remontage automatique, autres que celles du N°91 01",20,verifie
9102.29.0000,"6094 -- Autres montres-bracelets, ne fonctionnant pas électriquement, même incorporant un compteur de temps (autres qu'à remontage automatique et celles du N°91 01)",20,verifie
9102.91.0000,"6095 -- Montres de poche et montres similaires (y compris les compteurs de temps des mêmes types), fonctionnant électriquement, autres que celles du N°",20,verifie
9102.99.0000,"6096 -- Montres de poche et montres similaires (y compris les compteurs de temps des mêmes types), ne fonctionnant pas électriquement, autres que celles du N°91 01",20,verifie
9103.10.0000,"6097  - Réveils et pendulettes, à mouvement de montre fonctionnant électriquement",20,verifie
9103.90.0000,"6098 - Réveils et pendulettes, à mouvement de montre, autres que ceux fonctionnant électriquement",20,verifie
9104.00.0000,"6099 Montres de tableaux de bord et montres similaires, pour automobiles, véhicules aériens, bateaux ou autres véhicules.",20,verifie
9105.11.0000,"6100  -- Réveils à mouvement autre que de montre, fonctionnant électriquement",20,verifie
9105.19.0000,"6101 -- Réveils à mouvement autre que de montre, ne fonctionnant pas électriquement Page 542 de 566",20,verifie
9105.21.0000,"6102 -- Pendules et horloges, murales, à mouvement autre que de montre, fonctionnant électriquement",20,verifie
9105.29.0000,"6103 -- Pendules et horloges, murales, à mouvement autre que de montre, ne fonctionnant pas électriquement",20,verifie
9105.91.0000,"6104 -- Autres appareils d'horlogerie à mouvement autre que de montres, fonctionnant électriquement",20,verifie
9105.99.0000,"6105 -- Autres appareils d'horlogerie à mouvement autre que de montres, ne fonctionnant pas électriquement",20,verifie
9106.10.0000,6106  - Horloges de pointage; horodateurs et horocompteurs,20,verifie
9106.90.0000,"6107 - Autres appareils de contrôle du temps et compteur de temps à mouvement d'horlogerie ou à moteur synchrone, à l'exclusion des horloges de pointage, horodateurs et horocompteurs",20,verifie
9107.00.0000,"6108 Interrupteurs horaires et autres appareils permettant de déclencher un mécanisme à temps donné, munis d'un mouvement d'horlogerie ou d'un moteur synchrone",20,verifie
9108.11.0000,"6109 -- Mouvements de montres, complets et assemblés, fonctionnant électriquement, à affichage mécanique seulement ou avec un dispositif qui permette d'incorporer un affichage mécanique",20,verifie
9108.12.0000,"6110 -- Mouvements de montres, complets et assemblés fonctionnant électriquement, à affichage optoélectronique seulement Page 543 de 566",20,verifie
9108.19.0000,"6111 -- Autres mouvements de montres, complets et assemblés, fonctionnant électriquement, à l'eclusion de ceux à affichage mécanique seulement ou avec un dispositif qui permette d'incorporer un affichage mécanique ou à affichage optoélectronique seulement",20,verifie
9108.20.0000,"6112  - Mouvements de montres, complets et assemblés, à remontage automatique",20,verifie
9108.90.0000,"6113 - Autres mouvements de montres, complets et assemblés, ne fonctionnant pas électriquement, autres qu'à remontage automatique",20,verifie
9109.10.0000,"6114 - Mouvements d'horlogerie, complets et assemblés, autres que de montres, fonctionnant électriquement",20,verifie
9109.90.0000,"6115 - Mouvements d'horlogerie, complets et assemblés, autres que de montres, ne fonctionnant pas électriquement",20,verifie
9110.11.0000,"6116 -- Mouvements de montres complets, non assemblés ou partiellement assemblés (chablons)",20,verifie
9110.12.0000,"6117  -- Mouvements de montres incomplets, assemblés",20,verifie
9110.19.0000,6118  -- Ebauches de mouvements de montres,10,verifie
9110.90.0000,"6119 - Mouvements d'horlogerie complets ou non, assemblés ou non, partiellement assemblés (chablons), autres que de montres; leurs ébauches",20,verifie
9111.10.0000,6120 - Boîtes de montres en métaux précieux ou en plaqués ou doublés de métaux précieux,20,verifie
9111.20.0000,"6121  - Boîtes de montres en métaux communs, même dorés ou argentés Page 544 de 566",20,verifie
9111.80.0000,"6122  - Boîtes de montres, du n° 91.02, autres qu'en métaux",20,verifie
9111.90.0000,6123  - Parties des boîtes de montres des n°s 91.01 ou 91.02,10,verifie
9112.20.0000,6124  - Cages et cabinets d'appareils d'horlogerie,20,verifie
9112.90.0000,6125  - Parties de cages et cabinets d'appareils d'horlogerie,10,verifie
9113.10.0000,"6126 - Bracelets de montres et leurs parties, en métaux précieux ou en plaqués ou doublés de métaux précieux",20,verifie
9113.20.0000,"6127 - Bracelets de montres et leurs parties, en métaux communs, même dorés ou argentés",20,verifie
9113.90.0000,"6128  - Bracelets de montres et leurs parties, autres qu'en métaux",20,verifie
9114.30.0000,6129  - Cadrans d'horlogerie,20,verifie
9114.40.0000,6130  - Platines et ponts d'horlogerie,20,verifie
9114.90.0000,"6131  - Autres fournitures d'horlogerie, à l'exclusion des cadrans, platines et ponts",20,verifie
9201.10.0000,"6132  - Pianos droits, même automatiques",10,verifie
9201.20.0000,"6133  - Pianos à queue, même automatiques",10,verifie
9201.90.0000,6134 - Autres pianos (sauf pianos droits ou à queue) même automatiques; clavecins et autres instruments à corde à clavier,10,verifie
9202.10.0000,6135  - Instruments de musique à cordes frottées à l'aide d'un archet,10,verifie
9202.90.0000,"6136 - Autres instruments de musique à cordes du n° 92.02, autres que ceux à cordes frottées à l'aide d'un archet",10,verifie
9205.10.0000,"6137 - Instruments de musique à vent dits «cuivres», autres que les orchestrions et les orgues de Barbarie Page 545 de 566",10,verifie
9205.90.0000,"6138 - Instruments de musique à vent (à l'exclusion des instruments  dits «cuivres»), autres que les orchestrions et les orgues de Barbarie",10,verifie
9206.00.0000,"6139 Instruments de musique à percussion (tambours, caisses, xylophones, cymbales, castagnettes, maracas, par exemple).",10,verifie
9207.10.0000,"6140 - Instruments de musique à clavier dont le son est produit ou doit être amplifié par des moyens électriques, autres que les accordéons",10,verifie
9207.90.0000,"6141 - Instruments de musique (y compris les accordéons) dont le son est produit ou amplifié par des moyens électriques, sauf ceux à clavier",10,verifie
9208.10.0000,6142  - Boîtes à musique,10,verifie
9208.90.0000,"6143 - Orchestrions, orgues de Barbarie, oiseaux chanteurs, scies musicales et autres instruments de musique non repris dans une autre position du Chapitre 92; appeaux de tous types; sifflets, cornes d'appel et autres   instruments d'appel ou de signalisation",10,verifie
9209.30.0000,6144  - Cordes harmoniques d'instruments de musique,10,verifie
9209.91.0000,6145  -- Parties et accessoires de pianos,10,verifie
9209.92.0000,6146  -- Parties et accessoires des instruments de musique du N° 92.02,10,verifie
9209.94.0000,6147  -- Parties et accessoires des instruments de musique du N ° 92.07,10,verifie
9209.99.0000,6148 -- Autres parties et accessoires d'instruments de musique du N° 92.09; métronomes et diapasons de tous types Page 546 de 566,10,verifie
9301.10.0000,"6149  - Pièces d'artillerie (canons, obusiers et mortiers, par exemple)",20,verifie
9301.20.0000,6150 - Tubes lance-missiles; lance-flammes; lance-grenades; lance-torpilles et lanceurs similaires,20,verifie
9301.90.1000,"6151 -- Fusils et carabines comportant au moins un canon lisse, entièrement automatiques",20,verifie
9301.90.2100,"6152 --- Autres fusils et carabines, à culasse, autres que ceux comportant au moins un canon lisse et entièrement automatiques",20,verifie
9301.90.2200,"6153 --- Autres fusils et carabines, semi- automatiques, autres que ceux comportant au moins un canon lisse et entièrement automatiques",20,verifie
9301.90.2300,"6154 --- Autres fusils et carabines, entièrement automatiques, autres que ceux comportant au moins un canon lisse",20,verifie
9301.90.2900,"6155 --- Autres fusils et carabines, (à l'exclusion de ceux à culasse, semi-automatiques, entièrement automatiques, ou comportant au moins un canon lisse et entièrement automatiques) du N° 93 01",20,verifie
9301.90.3000,6156  -- Mitrailleuses,20,verifie
9301.90.4100,6157  ---  Pistolets-mitrailleurs (Mitraillettes) entièrement automatiques,20,verifie
9301.90.4900,"6158  --- Pistolets-mitrailleurs (Mitraillettes), autres qu'entièrement automatiques",20,verifie
9301.90.9000,"6159  -- Autres armes de guerre, NDCA, du N°",20,verifie
9302.00.1000,"6160  - Revolvers, autres que ceux des N°s 93.03 ou 93.04 Page 547 de 566",20,verifie
9302.00.2100,"6161 -- Pistolets, à canon simple, semi- automatiques, autres que ceux des N°s 93.03 ou 93.04",20,verifie
9302.00.2900,"6162 -- Pistolets, à canon simple (à l'exclusion des semi-automatiques), autres que ceux des N°s 93.03 ou 93.04",20,verifie
9302.00.3000,"6163  - Pistolets, à plusieurs canons, autres que ceux des N°s 93.03 ou 93.04",20,verifie
9303.10.0000,6164  - Armes à feu ne pouvant être chargées que par le canon,20,verifie
9303.20.1100,"6165  --- Fusils et carabines de chasse ou de tir sportif, à canon lisse, simple, à pompe",20,verifie
9303.20.1200,"6166 --- Fusils et carabines de chasse ou de tir sportif, à canon lisse, simple, semi- automatiques",20,verifie
9303.20.1900,"6167 --- Autres fusils et carabines de chasse ou de tir sportif, à canon lisse, simple, autres qu'à pompe ou semi-automatiques",20,verifie
9303.20.2000,"6168 -- Fusils et carabines de chasse ou de tir sportif, à plusieurs canons, comportant au moins un canon lisse, y compris les fusils- combinés",20,verifie
9303.30.1000,"6169 -- Fusils et carabines de chasse ou de tir sportif ne comportant pas de canon lisse, à culasse à un coup",20,verifie
9303.30.2000,"6170 -- Fusils et carabines de chasse ou de tir sportif ne comportant pas de canon lisse, semi-automatiques",20,verifie
9303.30.9000,"6171 -- Autres fusils et carabines de chasse ou de tir sportif ne comportant pas de canon lisse, aut. qu'à culasse à un coup ou semi- automatiq Page 548 de 566",20,verifie
9303.90.0000,"6172 - Autres armes à feu et engins similaires utilisant la déflagration de la poudre, NDCA, du N° 93.03",20,verifie
9304.00.0000,"6173 Autres armes (fusils, carabines et pistolets à ressort, à air comprimé ou à gaz, matraques, par exemple), à l'exclusion de celles du N°93 07",20,verifie
9305.10.1000,6174  -- Mécanismes de mise à feu de révolvers ou pistolets,10,verifie
9305.10.2000,6175  -- Carcasses de révolvers ou pistolets,10,verifie
9305.10.3000,6176  -- Canons de révolvers ou pistolets,10,verifie
9305.10.4000,"6177 -- Pistons, crochets de verrouillage et amortisseurs à gaz, de révolvers ou pistolets",10,verifie
9305.10.5000,"6178  -- Chargeurs et leurs parties, de révolvers ou pistolets",10,verifie
9305.10.6000,"6179 -- Silencieux (dispositifs amortisseurs du bruit de la détonation) et leurs parties, de révolvers ou pistolets",10,verifie
9305.10.7000,"6180 -- Crosses, plaquettes de crosse et plaques de couche, de révolvers ou pistolets",10,verifie
9305.10.8000,6181  -- Coulisses (pour les pistolets) et barillets (pour les révolvers),10,verifie
9305.10.9000,"6182  -- Autres parties et accessoires de révolvers ou pistolets, NDCA",10,verifie
9305.20.1000,"6183  -- Mécanismes de mise à feu, de fusils ou carabines du N° 93.03",10,verifie
9305.20.2000,6184  -- Carcasses de fusils ou carabines du N°,10,verifie
9305.20.3000,6185  -- Canons rayés de fusils ou carabines du N° 93.03 Page 549 de 566,10,verifie
9305.20.4000,"6186 -- Pistons, tenons de verrouillage et amortisseurs à gaz, de fusils ou carabines du N° 93.03",10,verifie
9305.20.5000,"6187  -- Chargeurs et leurs parties, de fusils ou carabines du N° 93.03",10,verifie
9305.20.6000,"6188 -- Silencieux (Dispositifs amortisseurs du bruit de la détonation) et leur partie, de fusils ou carabines, du N° 93.03",10,verifie
9305.20.7000,"6189  -- Dispositifs anti-lueur et leurs parties, de fusils ou carabines, du N° 93.03",10,verifie
9305.20.8000,"6190 -- Culasses, verrous (platines) et boîtes de culasse, de fusils ou carabines, du N° 93.03",10,verifie
9305.20.9000,"6191  -- Autres parties et accessoires de fusils ou carabines NDCA, du N° 93.03",10,verifie
9305.91.1100,"6192 ---- Mécanismes de mise à feu de mitrailleuses, de pistolets-mitrailleurs (mitraillettes), de fusils ou de carabines, du N° 93 01",10,verifie
9305.91.1200,"6193 ---- Carcasses de mitrailleuses, de pistolets- mitrailleurs (mitraillettes), de fusils ou de carabines, du N° 93.01",10,verifie
9305.91.1300,"6194 ---- Canons de mitrailleuses, de pistolets- mitrailleurs (mitraillettes), de fusils ou de carabines, du N° 93.01",10,verifie
9305.91.1400,"6195 ---- Pistons, tenons de verrouillage et amortisseurs à gaz, de mitrailleuses, pistolets-mitrailleurs    (mitraillettes), de fusils ou de carabines du N° 93 01",10,verifie
9305.91.1500,"6196 ---- Chargeurs et leurs parties, de mitrailleuses, de pistolets-mitrailleurs (mitraillettes), de fusils ou de carabines, du N° 93 01 Page 550 de 566",10,verifie
9305.91.1600,"6197 ---- Silencieux (dispositifs amortisseurs du bruit de la détonation) et leurs parties de mitrailleuses, de pistolets-mitrailleurs (mitraillettes), de fusils ou de carabines, du N° 93 01",10,verifie
9305.91.1700,"6198 ---- Dispositifs anti-lueur et leurs parties, de mitrailleuses, pistolets-mitrailleurs (mitraillettes), fusils ou carabines, du N°",10,verifie
9305.91.1800,"6199 ---- Culasses, verrous (platines) et boîtes de culasse, de mitrailleuses, pistolets- mitrailleurs (mitraillettes), fusils ou carabines du N° 93 01",10,verifie
9305.91.1900,"6200 ---- Autres parties et accessoires de mitrailleuses, pistolets mitrailleurs (mitraillettes), de fusils ou de carabines, du N° 93 01 NDCA",10,verifie
9305.91.9000,"6201  --- Parties et accessoires des autres armes de guerre, du N° 93.01, NDCA",10,verifie
9305.99.0000,6202 -- Autres parties et accessoires des articles du N° 93.03; parties et accessoires des articles du N° 93.04,10,verifie
9306.21.0000,6203  -- Cartouches pour fusils ou carabines à canon lisse,20,verifie
9306.29.1000,6204  --- Parties de cartouche pour fusils ou carabines à canon lisse,10,verifie
9306.29.9000,6205  --- Plombs pour carabines à air comprimé,20,verifie
9306.30.1000,6206  -- Cartouches autres que pour fusils ou carabines à canon lisse,20,verifie
9306.30.9000,6207  -- Parties de cartouches autres que pour fusils ou carabines à canon lisse,10,verifie
9306.90.0000,"6208 - Bombes, grenades, torpilles, mines, missiles et autres munitions, projectiles, et leurs parties Page 551 de 566",20,verifie
9307.00.0000,"6209 Sabres, épées, baïonnettes, lances et autres armes blanches, leurs parties et leurs fourreaux.",20,verifie
9401.10.0000,"6210 - Sièges (à l'exclusion de ceux du N° 94.02), même transformables en lits, des types utilisés pour véhicules aériens",20,verifie
9401.20.0000,"6211 - Sièges (à l'exclusion de ceux du N° 94.02), même transformables en lits, des types utilisés pour véhicules automobiles",20,verifie
9401.31.0000,"6212 -- Sièges pivotants, ajustables en hauteur (à l'exclusion de ceux du N° 94.02), même transformables en lits, en bois",20,verifie
9401.39.0000,"6213 -- Sièges pivotants, ajustables en hauteur (à l'exclusion de ceux du N° 94.02), même transformables en lits, autres qu'en bois",20,verifie
9401.41.0000,"6214 -- Sièges autres que le matériel de camping ou de jardin (à l'exclusion de ceux du n° 94.02), même transformables en lits, en bois NDCA du N°94 01",20,verifie
9401.49.0000,"6215 -- Sièges autres que le matériel de camping ou de jardin (à l'exclusion de ceux du n° 94.02), même transformables en lits, autres qu'en bois, NDCA, du N°94.02",20,verifie
9401.52.0000,"6216 -- Sièges en bambou (à l'exclusion de ceux du N° 94.02), même transformables en lits",20,verifie
9401.53.0000,"6217  -- Sièges en rotin (à l'exclusion de ceux du N° 94.02), même transformables en lits",20,verifie
9401.59.0000,"6218 -- Sièges (à l'exclusion de ceux du N° 94.02), même transformables en lits, en osier ou en matières similaires (sauf en bambou ou en rotin) Page 552 de 566",20,verifie
9401.61.0000,"6219 -- Sièges (à l'exclusion de ceux du N° 94.02), même transformables en lits, avec bâtis en bois, rembourrés",20,verifie
9401.69.0000,"6220 -- Sièges (à l'exclusion de ceux du N° 94.02), même transformables en lits, avec bâtis en bois, autres que rembourrés",20,verifie
9401.71.0000,"6221 -- Sièges (à l'exclusion de ceux du N° 94.02), même transformables en lits, avec bâtis en métal, rembourrés",20,verifie
9401.79.0000,"6222 -- Sièges (à l'exclusion de ceux du N° 94.02), même transformables en lits, avec bâtis en métal, autres que rembourrés",20,verifie
9401.80.0000,"6223 - Autres sièges (à l'exclusion de ceux du N° 94.02), même transformables en lits, du N°",20,verifie
9401.91.1000,"6224 --- Parties de sièges (à l'exclusion de ceux du N° 94.02), même transformables en lits, en bois, rembourrés",10,verifie
9401.91.9000,"6225 --- Parties de sièges (à l'exclusion de ceux du N° 94.02), même transformables en lits, en bois, autres que rembourrés",10,verifie
9401.99.1000,"6226 --- Parties de sièges (à l'exclusion de ceux du N° 94.02), même transformables en lits, rembourrés, autres qu'en bois",10,verifie
9401.99.9000,"6227 --- Parties de sièges (à l'exclusion de ceux du N° 94.02), même transformables en lits, non rembourrés, autres qu'en bois",10,verifie
9402.10.1000,6228  -- Fauteuils de dentistes et leurs parties,5,verifie
9402.10.9000,"6229 -- Fauteuils pour salon de coiffure et fauteuils similaires, avec dispositif à la fois d'orientation et d'élévation et leurs parties Page 553 de 566",20,verifie
9402.90.0000,"6230 - Mobilier pour la médecine, chirurgie, l'art dentaire (sauf fauteuils de dentistes et leurs parties) ou l'art vétérinaire, et leurs parties",5,verifie
9403.10.0000,6231  - Meubles en métal des types utilisés dans les bureaux,20,verifie
9403.20.0000,"6232  - Meubles en métal, autres que des types utilisés dans les bureaux",20,verifie
9403.30.0000,6233  - Meubles en bois des types utilisés dans les bureaux,20,verifie
9403.40.0000,6234  - Meubles en bois des types utilisés dans les cuisines,20,verifie
9403.50.0000,6235  - Meubles en bois des types utilisés dans les chambres à coucher,20,verifie
9403.60.0000,"6236  - Autres meubles en bois, du N° 94.03",20,verifie
9403.70.1000,6237  -- Trotte-bébé en matières plastiques,20,verifie
9403.70.9000,6238  -- Meubles en matières plastiques autres que trotte-bébé,20,verifie
9403.82.0000,"6239  -- Autres meubles en bambou, NDCA du N°",20,verifie
9403.83.0000,"6240  -- Autres meubles en rotin, NDCA, du N°",20,verifie
9403.89.0000,"6241 -- Autres meubles en autres matières y compris l'osier et matières similaires (sauf ceux en bambou ou rotin), du N ° 94.03",20,verifie
9403.91.0000,"6242  --  Parties des autres meubles, en bois, du N° 94.03",10,verifie
9403.99.0000,"6243  --  Parties des autres meubles, à l'exclusion de ceux en bois, du N° 94.04",10,verifie
9404.10.0000,6244  - Sommiers,20,verifie
9404.21.0000,"6245 -- Matelas en caoutchouc alvéolaire ou en matières plastiques alvéolaires, recouverts ou non Page 554 de 566",20,verifie
9404.29.0000,"6246 -- Matelas autres qu'en caoutchouc alvéolaire ou en matières plastiques alvéolaires, recouverts ou non",20,verifie
9404.30.0000,6247  - Sacs de couchage,20,verifie
9404.40.0000,"6248 - Couvre-pieds, couvre-lits, édredons et couettes comportant des ressorts ou bien rembourrés ou garnis intérieurement de toutes matières, y com-pris ceux en caoutchouc  alvéolaire ou en ma-tières plastiques alvéolaires recouverts ou non",20,verifie
9404.90.0000,"6249 - Autres articles de literie et articles similaires  (sauf matelas, sac de couchage, couvre-pieds, édredons, couvre-lits et couettes) comportant des ressorts ou bien rembourrés ou garnis intérieurement de toutes matières,..., recouverts ou non, du n° 94 0",0,verifie
9405.11.0000,"6250 -- Lustres et autres luminaires électriques à suspendre ou à fixer au plafond ou au mur, à  l'exclusion de ceux des types utilisés pour l'éclairage des espaces et voies publiques, conçus pour être utilisés uniquement avec des  sources lumineuses à diodes",20,verifie
9405.19.0000,"6251 -- Lustres et autres luminaires électriques à suspendre ou à fixer au plafond ou au mur, à  l'exclusion de ceux des types utilisés pour l'éclairage des espaces et voies publiques, autres que conçus pour être utilisés uniquement avec des  sources lumineuse Page 555 de 566",20,verifie
9405.21.0000,"6252 -- Lampes de table, lampes de bureau, lampes de chevet et lampadaires d’intérieur, électriques, conçus pour être utilisés uniquement avec des sources lumineuses à diodes émettrices de lumière (LED)",20,verifie
9405.29.0000,"6253 -- Lampes de table, lampes de bureau, lampes de chevet et lampadaires d’intérieur, électriques, autres que conçus pour être utilisés uniquement avec des sources lumineuses à diodes émettrices de lumière (LED)",20,verifie
9405.31.0000,"6254 -- Guirlandes électriques des types utilisés pour les arbres de Noël, conçues pour être utilisées uniquement avec des sources lumineuses à diodes émettrices de lumière (LED)",20,verifie
9405.39.0000,"6255 -- Guirlandes électriques des types utilisés pour les arbres de Noël, autres que conçues pour être utilisées uniquement avec des sources lumineuses à diodes émettrices de lumière (LED)",20,verifie
9405.41.0000,"6256 -- Autres luminaires et appareils d’éclairage (y compris les projecteurs) électriques, photovoltaïques, conçus pour être utilisés uniquement avec des sources lumineuses à diodes émettrices de lumière (LED)",10,verifie
9405.42.0000,"6257 -- Autres luminaires et appareils d’éclairage (y compris les projecteurs) électriques, autres que photovoltaïques, conçus pour être utilisés uniquement avec des sources lumineuses à diodes émettrices de lumière (LED) Page 556 de 566",20,verifie
9405.49.0000,"6258 -- Autres luminaires et appareils d’éclairage (y compris les projecteurs) électriques, autres que conçus pour être utilisés uniquement avec des sources lumineuses à diodes émettrices de lumière (LED)",20,verifie
9405.50.1000,6259  -- Lampes-tempêtes,20,verifie
9405.50.2000,6260  -- Lanternes à pression de pétrole,20,verifie
9405.50.9000,"6261  -- Autres luminaires et appareils d'éclairage non électriques, du N° 94.05",20,verifie
9405.61.0000,"6262 -- Lampes-réclames, enseignes lumineuses, plaques indicatrices lumineuses et articles similaires, conçus pour être utilisés uniquement avec des sources lumineuses à diodes émettrices de lumière (LED)",20,verifie
9405.69.0000,"6263 -- Lampes-réclames, enseignes lumineuses, plaques indicatrices lumineuses et articles similaires, autres que conçus pour être utilisés uniquement avec des sources lumineuses à diodes émettrices de lumière (LED)",20,verifie
9405.91.0000,"6264 -- Parties de luminiares et d'appareils d'éclairage en verre, non dénommées ni comprises ailleurs, du N° 94.05",10,verifie
9405.92.0000,"6265 -- Parties de luminiares et d'appareils d'éclairage en matières plastiques, non dénommées ni comprises ailleurs, du N°",10,verifie
9405.99.0000,"6266 -- Autres parties de luminiares et d'appareils d'éclairage du N° 94.05, non dénommées ni comprises ailleurs",10,verifie
9406.10.0000,6267  - Constructions préfabriquées en bois Page 557 de 566,20,verifie
9406.20.0000,"6268  - Constructions préfabriquées, unités de construction modulaires en acier",20,verifie
9406.90.0000,"6269 - Constructions préfabriquées, autres qu'en bois ou en unités de construction modulaires en acier",20,verifie
9503.00.0000,"6270 Tricycles, trottinettes, autos à pédales et jouets à roues similaires; landaus et poussettes pour poupées; poupées; autres jouets ; modèles réduits et modèles similaires pour le divertissement, animés ou non; puzzles de tout genre",20,verifie
9504.20.0000,6271  - Billards de tout genre et leurs accessoires,20,verifie
9504.30.0000,"6272 -  Autres jeux fonctionnant par l'introduction  d'une pièce de monnaie, d'un billet de banque, d'une carte bancaire, d'un jeton ou par tout autre moyen de paiement, à l'exclusion des jeux de quilles automatiques (bowlings)",20,verifie
9504.40.0000,6273  - Cartes à jouer,20,verifie
9504.50.0000,"6274  - Consoles et machines de jeux vidéo, autres que celles du N° 9504.30",20,verifie
9504.90.0000,"6275 - Articles pour jeux de société, y compris les jeux à moteur ou à mouvement, les tables spéciales pour jeux de casino, les jeux de quilles automatiques (bowlings)",20,verifie
9505.10.0000,6276  - Articles pour fêtes de Noël,20,verifie
9505.90.0000,"6277 - Articles pour fêtes (autres que Noël), carnaval ou autres divertissements y compris les articles de magie et articles- surprises",20,verifie
9506.11.0000,6278  -- Skis de neige,20,verifie
9506.12.0000,6279  -- Fixations pour skis de neige Page 558 de 566,20,verifie
9506.19.0000,"6280 -- Matériel pour la pratique du skis de neige, à l'exclusion des skis et fixations pour skis",20,verifie
9506.21.0000,6281  -- Planches à voile pour la pratique des sports nautiques,20,verifie
9506.29.0000,"6282 -- Skis nautiques, aquaplanes et autre matériel pour la pratique des sports nautiques, à l'exclusion des planches à voile",20,verifie
9506.31.0000,6283  -- Clubs complets pour le golf,20,verifie
9506.32.0000,6284  -- Balles pour le golf,20,verifie
9506.39.0000,6285  -- Matériel pour le golf à l'exclusion des clubs complets et des  balles,20,verifie
9506.40.0000,6286  - Articles et matériel pour le tennis de table,20,verifie
9506.51.0000,"6287  -- Raquettes de tennis, même non cordées",20,verifie
9506.59.0000,"6288  -- Raquettes de badminton ou similaires (autres que de tennis), même non cordées",20,verifie
9506.61.0000,6289  -- Balles de tennis autres que de tennis de table,20,verifie
9506.62.0000,6290  -- Ballons et balles gonflables autres que les balles de golf ou de tennis de table,20,verifie
9506.69.0000,6291 -- Ballons et balles (autres que gonflables) à l'exclusion des balles de tennis et de golf,20,verifie
9506.70.0000,"6292 - Patins à glace et patins à roulettes, y compris les chaussures auxquelles sont fixés des patins",20,verifie
9506.91.0000,"6293  -- Articles et matériel pour la culture physique, la gymnastique ou l'athlétisme",20,verifie
9506.99.0000,"6294 -- Autres articles pour les autres sports, les jeux de plein air, NDCA du Chapitre 95; piscines et pataugeoires Page 559 de 566",20,verifie
9507.10.0000,6295  - Cannes à pêche,5,verifie
9507.20.0000,"6296  - Hameçons, même montés sur avançons, pour la pêche à la ligne",5,verifie
9507.30.0000,6297  - Moulinets pour la pêche à la ligne,5,verifie
9507.90.0000,"6298 - Autres articles pour la pêche à la ligne, à l'exclusion des cannes, hameçons et moulinets; épuisette pour tout usage; leurres (autres que ceux des N°92.08 ou 97 05) et articles de chasse similaires",5,verifie
9508.10.0000,6299  - Cirques ambulants et ménageries ambulantes,20,verifie
9508.21.0000,"6300  -- Manèges pour parcs de loisirs, montagnes russes",20,verifie
9508.22.0000,"6301  -- Manèges pour parcs de loisirs, carrousels, balançoires et manèges",20,verifie
9508.23.0000,"6302  -- Manèges pour parcs de loisirs, autos tamponneuses",20,verifie
9508.24.0000,"6303 -- Manèges pour parcs de loisirs, simulateurs de mouvements et cinémas dynamiques",20,verifie
9508.25.0000,6304  -- Manèges aquatiques,20,verifie
9508.26.0000,6305  -- Attractions de parcs aquatiques,20,verifie
9508.29.0000,"6306  -- Autres manèges pour parcs de loisirs, du N° 95.08",20,verifie
9508.30.0000,"6307  - Attractions foraines, y compris les stands de tir",20,verifie
9508.40.0000,6308  - Théâtres ambulants,20,verifie
9601.10.0000,6309  - Ivoire travaillé et ouvrages en ivoire,20,verifie
9601.90.0000,"6310 - Os, écaille de tortue, corne, bois d'animaux, corail, nacre, autres matières animales à tailler, travaillés et ouvrages en ces matières (y compris les ouvrages obtenus par moulage) Page 560 de 566",20,verifie
9602.00.0000,"6311 Matières végétales ou minérales à tailler,... en ces matières; ouvrages moulés ou taillés en cire, en paraffine, en stéarine, en gommes ou résines naturelles, en pâtes à modeler, et ... NDCA; gélatine non durcie travaillée, autre que celle du N° 35.03, et",20,verifie
9603.10.0000,"6312 - Balais et balayettes consistant en brindilles ou autres matières végétales en bottes liées, emmanchés ou non",20,verifie
9603.21.0000,"6313  -- Brosses à dents, y compris les brosses à dentiers",20,verifie
9603.29.0000,"6314 -- Brosses et pinceaux à barbe, à cheveux, à cils, à ongles, autres brosses pour la toilette des personnes (à l'exclusion des brosses à dents et brosses à dentiers) y compris les parties d'appareils",20,verifie
9603.30.1000,6315  -- Pinceaux et brosses pour artitstes et pinceaux à écrire,20,verifie
9603.30.9000,"6316  -- Pinceaux pour l'application des produits cosmétiques, du N° 96.03",20,verifie
9603.40.0000,"6317 - Brosses et pinceaux à peindre, à badigeonner, à vernir ou similaires (autres que les pinceaux du N° 9603.30); tampons et rouleaux à peindre",20,verifie
9603.50.0000,"6318  - Autres brosses constituant des parties de machines, d'appareils ou de véhicules",20,verifie
9603.90.0000,"6319 - Balais mécaniques pour emploi à la main, autres qu'à moteur, plumeaux; têtes préparées pour articles de brosserie; raclettes en caoutchouc ou en matières souples analogues",20,verifie
9604.00.0000,"6320  Tamis et cribles, à main. Page 561 de 566",20,verifie
9605.00.0000,"6321 Assortiments de voyage pour la toilette des personnes, la couture ou le nettoyage des chaussures ou des vêtements.",20,verifie
9606.10.0000,6322  - Boutons-pression et leurs parties,20,verifie
9606.21.0000,"6323  -- Boutons en matières plastiques, non recouverts de matières textiles",20,verifie
9606.22.0000,"6324  -- Boutons en métaux communs, non recouverts de matières textiles",20,verifie
9606.29.0000,"6325 -- Autres boutons (à l'exclusion de ceux en matières plastiques non recouverts de matières textiles, de ceux en métaux communs non recouverts de matières textiles, ou des boutons-pression), du N°",20,verifie
9606.30.0000,6326  - Formes pour boutons et autres parties de boutons; ébauches de boutons,20,verifie
9607.11.0000,6327  -- Fermettures à glissière avec agrafes en métaux communs,20,verifie
9607.19.0000,6328  -- Fermettures à glissière autres qu'avec agrafes en métaux communs,20,verifie
9607.20.0000,6329  - Parties de fermettures à glissière,10,verifie
9608.10.0000,6330  - Stylos et crayons à bille,20,verifie
9608.20.0000,6331  - Stylos et marqueurs à mèche feutre ou à autres pointes poreuses,20,verifie
9608.30.0000,6332  - Stylos à plume et autres stylos,20,verifie
9608.40.0000,6333  - Porte-mine,20,verifie
9608.50.0000,6334 - Assortiments d'articles relevant d'au moins deux des sous-positions des N°s 9608.10 à 9608.40,20,verifie
9608.60.0000,"6335  - Cartouches de rechange pour stylos ou crayons à bille, associées à leur pointe",20,verifie
9608.91.0000,6336  -- Plumes à écrire et becs pour plumes,10,verifie
9608.99.1000,6337  --- Têtes à bille Page 562 de 566,5,verifie
9608.99.9000,"6338 --- Stylets pour duplicateurs, porte-plume, porte-crayon et articles similaires; parties des articles du N° 96.08, à l'exclusion de celles du N° 96 09",20,verifie
9609.10.0000,6339  - Crayons (autres que les crayons du N° 96.08) à gaine,20,verifie
9609.20.0000,6340  - Mines pour crayons ou porte-mine,20,verifie
9609.90.0000,"6341 - Crayons (autres que les crayons du N° 96.08 et ceux à gaine), pastels, fusains, craies à écrire ou à dessiner et craies de tailleur",20,verifie
9610.00.0000,"6342  Ardoises et tableaux pour l'écriture ou le dessin, même encadrés.",20,verifie
9611.00.0000,"6343 Dateurs, cachets, numéroteurs, timbres et articles similaires (y compris les appareils pour l'impression d'étiquettes), à main; composteurs et imprimeries comportant des composteurs à main",20,verifie
9612.10.0000,"6344 - Rubans encreurs pour machines à écrire et rubans encreurs similaires, encrés ou autrement préparés en vue de laisser des empreintes, même montés sur bobines ou en cartouches",20,verifie
9612.20.0000,"6345  - Tampons encreurs, même imprégnés, avec ou sans boîte",20,verifie
9613.10.0000,"6346  - Briquets de poche, à gaz, non rechargeables",20,verifie
9613.20.0000,"6347  - Briquets de poche, à gaz, rechargeables",20,verifie
9613.80.0000,"6348 - Briquets (autres que de poche, à gaz) et allumeurs (à l'exclusion des allumeurs du N° 36.03), même mécaniques ou électriques",20,verifie
9613.90.0000,"6349  - Parties de briquets et allumeurs, du N° Page 563 de 566",20,verifie
9614.00.0000,"6350  Pipes (y compris les têtes de pipes), fume- cigare et fume-cigarette, et leurs parties.",20,verifie
9615.11.0000,"6351 -- Peignes à coiffer, peignes de coiffure, barettes et articles similaires en caoutchouc durci ou en matières plastiques",20,verifie
9615.19.0000,"6352 -- Peignes à coiffer, peignes de coiffure, barettes et articles similaires autres que ceux en caoutchouc durci ou en matières plastiques",20,verifie
9615.90.0000,"6353 - Epingle à cheveux, pince-guiche, ondulateur, bigoudis et articles similaires pour la coiffure autres que ceux du N° 85 16 et leurs parties",20,verifie
9616.10.0000,"6354  - Vaporisateurs de toilette, leurs montures et têtes de montures",20,verifie
9616.20.0000,6355 - Houppes et houppettes à poudre ou pour l'application d'autres cosmétiques ou produits de toilette,20,verifie
9617.00.0000,"6356 Bouteilles isolantes et autres récipients isothermiques montés, dont l'isolation est assurée par le vide, ainsi que leurs parties (à l'exclusion des ampoules en verre)",20,verifie
9618.00.0000,6357 Mannequins et articles similaires; automates et scènes animées pour étalages.,20,verifie
9619.00.1000,"6358 - Serviettes et tampons hygiéniques, y compris les articles similaires, en toutes matières",20,verifie
9619.00.2100,"6359  -- Couches et langes pour bébés, en toutes matières",20,verifie
9619.00.2200,"6360  -- Couches pour adultes, en toutes matières Page 564 de 566",20,verifie
9619.00.2900,"6361  -- Autres couches, langes et articles similaires du N° 96.19",20,verifie
9620.00.0000,"6362  Monopodes, les bipieds, les trépieds et articles similaires",20,verifie
9701.21.0000,"6363 -- Tableaux, peintures et dessins, faits entièrement à la main, à l'exclusion des dessins du n° 49.06 et des articles manufacturés décorés à la main, ayant plus de 100 ans d’âge",20,verifie
9701.22.0000,6364  -- Mosaïques ayant plus de 100 ans d’âge,20,verifie
9701.29.0000,"6365  --  Collages et tableautins similaires, ayant plus de 100 ans d’âge",20,verifie
9701.91.0000,"6366 -- Tableaux, peintures et dessins, faits entièrement à la main, à l'exclusion des dessins du n° 49.06 et des articles manufacturés décorés à la main, autres que ceux ayant plus de 100 ans d’âge",20,verifie
9701.92.0000,6367  -- Mosaïques autres que ceux ayant plus de 100 ans d’âge,20,verifie
9701.99.0000,"6368 --  Collages et tableautins similaires, autres que ceux ayant plus de 100 ans d’âge",20,verifie
9702.10.0000,"6369 -  Gravures, estampes et lithographies originales, autres que ceux ayant plus de 100 ans d’âge",20,verifie
9702.90.0000,"6370  -  Gravures, estampes et lithographies originales, ayant plus de 100 ans d’âge",20,verifie
9703.10.0000,"6371 - Productions originales de l'art statuaire ou de la sculpture, en toutes matières, ayant plus de 100 ans d’âge",20,verifie
9703.90.0000,"6372 - Productions originales de l'art statuaire ou de la sculpture, en toutes matières, autres que ceux ayant plus de 100 ans d’âge Page 565 de 566",20,verifie
9704.00.0000,"6373 Timbres-poste, timbres fiscaux, marques postales, enveloppes premier jour, entiers postaux et analogues, oblitérés, ou bien non oblitérés, autres que les articles du N° 49 07",20,verifie
9705.10.0000,"6374 - Collections et pièces de collection présentantun intérêt archéologique, ethnographique ou historique",20,verifie
9705.21.0000,"6375 -- Spécimens humains et leurs parties, présentant  un intérêt zoologique, botanique, minéralogique, anatomique ou paléontologique NDC du N°97 05",20,verifie
9705.22.0000,"6376 --  Espèces éteintes ou menacées d’extinction, et leurs parties, présentant un intérêt zoologique, botanique, minéralogique, anatomique ou paléontologique NDC du N°97 05",20,verifie
9705.29.0000,"6377 --  Autres collections et pièces de collection présentant  un intérêt zoologique, botanique, minéralogique, anatomique ou paléontologique,  NDC du N°97 05",20,verifie
9705.31.0000,"6378 -- Collections et pièces de collection présentant un intérêt numismatique, ayant plus de 100 ans d’âge",20,verifie
9705.39.0000,"6379 -- Collections et pièces de collection présentant un intérêt numismatique, autres que ceux ayant plus de 100 ans d’âge",20,verifie
9706.10.0000,6380  - Objets d'antiquité ayant plus de 250 ans d’âge,20,verifie
9706.90.0000,6381  - Objets d'antiquité ayant plus de 100 ans d’âge et au plus 250 ans d’âge Page 566 de 566,20,verifie
