Code;Niveau;Description_FR;Description_EN;Groupe_Utilisation;D.D_%;PRCT_%;T.C.S_%;T.V.A_%;D.A.P.S_%;Formalites;Total_%
SECTION XVIII;SECTION;"Instruments et appareils d'optique, de photographie, de mesure; horlogerie; instruments de musique";"Optical, photographic, measuring, medical instruments; clocks; musical instruments";;;;;;;;
CHAPITRE 91;CHAPITRE;Horlogerie;;;;;;;;;
9101;RANGEE 01;"Wrist-watches, pocket-watches, stop-watches and other watches; with case of precious metal or of metal clad with precious metal";;;;;;;;;
910111;HS6;A affichage mécanique seulement;Wrist-watches;;;;;;;;
9101111000;HS10;Montres bracelets fonctionnant électriquement meme incorporant un compteur de temps a affichage mécanique seulement avec boite en or ou en plaques ou doublesdor;Montres bracelets fonctionnant electriquement meme incorporant un compteur de temps a affichage mecanique seulement avec boite en or ou en plaques ou doublesdor;Horlogerie;30.0;2.0;;19.0;;910 Déclaration d'Importation du Produit | 210 Autorisation de Libre Circulation;51.0
9101112000;HS10;Montres bracelets fonctionnant électriquement meme incorporant un compteur de temps a affichage mécanique seulement avec boite en platine ou en plaques ou doubles de platine;Montres bracelets fonctionnant electriquement meme incorporant un compteur de temps a affichage mecanique seulement avec boite en platine ou en plaques ou doubles de platine;Horlogerie;30.0;2.0;;19.0;;=;51.0
9101119000;HS10;A affichage mécanique seulement - Autre;Wrist-watches - Other;Horlogerie;30.0;2.0;;19.0;;=;51.0
910119;HS6;Autres;Wrist-watches;;;;;;;;
9101191000;HS10;Montres bracelets fonctionnant électriquement meme incorporant un compteur de temps autres avec boite en or ou en plaques ou doublesdor;Montres bracelets fonctionnant electriquement meme incorporant un compteur de temps autres avec boite en or ou en plaques ou doublesdor;Horlogerie;30.0;2.0;;19.0;;=;51.0
9101192000;HS10;Montres bracelets fonctionnant électriquement meme incorporant un compteur de temps autres avec boite en platine ou en plaques ou doubles de platine;Montres bracelets fonctionnant electriquement meme incorporant un compteur de temps autres avec boite en platine ou en plaques ou doubles de platine;Horlogerie;30.0;2.0;;19.0;;=;51.0
9101199000;HS10;Autres - Autre;Wrist-watches - Other;Horlogerie;30.0;2.0;;19.0;;=;51.0
910121;HS6;A remontage automatique;Wrist-watches;;;;;;;;
9101211000;HS10;Autres montres bracelets meme incorporant un compteur de temps a remontage automatique avec boite en or ou en plaques ou doublesdor;Autres montres bracelets meme incorporant un compteur de temps a remontage automatique avec boite en or ou en plaques ou doublesdor;Horlogerie;30.0;2.0;;19.0;;=;51.0
9101212000;HS10;Autres montres bracelets meme incorporant un compteur de temps a remontage automatique avec boite en platine ou en plaques ou doubles de platine;Autres montres bracelets meme incorporant un compteur de temps a remontage automatique avec boite en platine ou en plaques ou doubles de platine;Horlogerie;30.0;2.0;;19.0;;=;51.0
9101219000;HS10;A remontage automatique - Autre;Wrist-watches - Other;Horlogerie;30.0;2.0;;19.0;;=;51.0
910129;HS6;Autres;Wrist-watches;;;;;;;;
9101291000;HS10;Autres montres bracelets meme incorporant un compteur de temps autres avec boite en or ou en plaques ou doublesdor;Autres montres bracelets meme incorporant un compteur de temps autres avec boite en or ou en plaques ou doublesdor;Horlogerie;30.0;2.0;;19.0;;=;51.0
9101292000;HS10;Autres montres bracelets meme incorporant un compteur de temps autres avec boite en platine ou en plaques ou doubles de platine;Autres montres bracelets meme incorporant un compteur de temps autres avec boite en platine ou en plaques ou doubles de platine;Horlogerie;30.0;2.0;;19.0;;=;51.0
9101299000;HS10;Autres - Autre;Wrist-watches - Other;Horlogerie;30.0;2.0;;19.0;;=;51.0
910191;HS6;Fonctionnant électriquement;Pocket-watches and other watches;;;;;;;;
9101911000;HS10;Autres fonctionnant électriquement avec boite en or ou en plaques ou doublesdor;Autres fonctionnant electriquement avec boite en or ou en plaques ou doublesdor;Horlogerie;30.0;2.0;;19.0;;=;51.0
9101912000;HS10;Autres fonctionnant électriquement avec boite en platine ou en plaques ou doubles de platine;Autres fonctionnant electriquement avec boite en platine ou en plaques ou doubles de platine;Horlogerie;30.0;2.0;;19.0;;=;51.0
9101919000;HS10;Fonctionnant électriquement - Autre;Pocket-watches and other watches - Other;Horlogerie;30.0;2.0;;19.0;;=;51.0
910199;HS6;Autres;Pocket-watches and other watches;;;;;;;;
9101991000;HS10;Autres autres avec boite en or ou en plaques ou doublesdor;Autres autres avec boite en or ou en plaques ou doublesdor;Horlogerie;30.0;2.0;;19.0;;=;51.0
9101992000;HS10;Autres autres avec boite en platine ou en plaques ou doubles de platine;Autres autres avec boite en platine ou en plaques ou doubles de platine;Horlogerie;30.0;2.0;;19.0;;=;51.0
9101999000;HS10;Autres - Autre;Pocket-watches and other watches - Other;Horlogerie;30.0;2.0;;19.0;;=;51.0
9102;RANGEE 02;Wrist-watches, pocket-watches, stop-watches and other watches, other than those of heading no. 9101;;;;;;;;;
910211;HS6;A affichage mécanique seulement;Wrist-watches;;;;;;;;
9102111000;HS10;A affichage mécanique seulement;Wrist-watches;Horlogerie;30.0;2.0;;19.0;;=;51.0
9102112000;HS10;A affichage mécanique seulement;Wrist-watches;Horlogerie;30.0;2.0;;19.0;;=;51.0
9102119000;HS10;A affichage mécanique seulement - Autre;Wrist-watches - Other;Horlogerie;30.0;2.0;;19.0;;=;51.0
910212;HS6;A affichage optoélectronique seulement;Wrist-watches;;;;;;;;
9102121000;HS10;A affichage optoélectronique seulement;Wrist-watches;Horlogerie;30.0;2.0;;19.0;;=;51.0
9102122000;HS10;A affichage optoélectronique seulement;Wrist-watches;Horlogerie;30.0;2.0;;19.0;;=;51.0
9102129000;HS10;A affichage optoélectronique seulement - Autre;Wrist-watches - Other;Horlogerie;30.0;2.0;;19.0;;=;51.0
910219;HS6;Autres;Wrist-watches;;;;;;;;
9102191000;HS10;Autres;Wrist-watches;Horlogerie;30.0;2.0;;19.0;;=;51.0
9102192000;HS10;Autres;Wrist-watches;Horlogerie;30.0;2.0;;19.0;;=;51.0
9102199000;HS10;Autres - Autre;Wrist-watches - Other;Horlogerie;30.0;2.0;;19.0;;=;51.0
910221;HS6;A remontage automatique;Wrist-watches;;;;;;;;
9102211000;HS10;A remontage automatique;Wrist-watches;Horlogerie;30.0;2.0;;19.0;;=;51.0
9102212000;HS10;A remontage automatique;Wrist-watches;Horlogerie;30.0;2.0;;19.0;;=;51.0
9102219000;HS10;A remontage automatique - Autre;Wrist-watches - Other;Horlogerie;30.0;2.0;;19.0;;=;51.0
910229;HS6;Autres;Wrist-watches;;;;;;;;
9102291000;HS10;Autres;Wrist-watches;Horlogerie;30.0;2.0;;19.0;;=;51.0
9102292000;HS10;Autres;Wrist-watches;Horlogerie;30.0;2.0;;19.0;;=;51.0
9102299000;HS10;Autres - Autre;Wrist-watches - Other;Horlogerie;30.0;2.0;;19.0;;=;51.0
910291;HS6;Fonctionnant électriquement;Pocket watches and other watches;;;;;;;;
9102911000;HS10;Fonctionnant électriquement;Pocket watches and other watches;Horlogerie;30.0;2.0;;19.0;;=;51.0
9102912000;HS10;Fonctionnant électriquement;Pocket watches and other watches;Horlogerie;30.0;2.0;;19.0;;=;51.0
9102919000;HS10;Fonctionnant électriquement - Autre;Pocket watches and other watches - Other;Horlogerie;30.0;2.0;;19.0;;=;51.0
910299;HS6;Autres;Pocket watches and other watches;;;;;;;;
9102991000;HS10;Autres;Pocket watches and other watches;Horlogerie;30.0;2.0;;19.0;;=;51.0
9102992000;HS10;Autres;Pocket watches and other watches;Horlogerie;30.0;2.0;;19.0;;=;51.0
9102999000;HS10;Autres - Autre;Pocket watches and other watches - Other;Horlogerie;30.0;2.0;;19.0;;=;51.0
9103;RANGEE 03;"Clocks; with watch movements, excluding clocks of heading no. 9104";;;;;;;;;
910310;HS6;Fonctionnant électriquement :;Clocks;;;;;;;;
9103101000;HS10;Fonctionnant électriquement en metaux precieux ou en plaques ou doubles de metaux precieux;Fonctionnant electriquement en metaux precieux ou en plaques ou doubles de metaux precieux;Horlogerie;30.0;2.0;;19.0;;=;51.0
9103102000;HS10;Fonctionnant électriquement :;Clocks;Horlogerie;30.0;2.0;;19.0;;=;51.0
9103109000;HS10;Fonctionnant électriquement : - Autre;Clocks - Other;Horlogerie;30.0;2.0;;19.0;;=;51.0
910390;HS6;Autres :;Clocks;;;;;;;;
9103901000;HS10;Autres en metaux precieux ou en plaques ou doubles de metaux precieux;Autres en metaux precieux ou en plaques ou doubles de metaux precieux;Horlogerie;30.0;2.0;;19.0;;=;51.0
9103902000;HS10;Autres :;Clocks;Horlogerie;30.0;2.0;;19.0;;=;51.0
9103909000;HS10;Autres : - Autre;Clocks - Other;Horlogerie;30.0;2.0;;19.0;;=;51.0
9104;RANGEE 04;Instrument panel clocks and clocks of a similar type for vehicles, aircraft, spacecraft or vessels;;;;;;;;;
910400;HS6;Montres de tableaux de bord et montres similaires;Clocks;;;;;;;;
9104001000;HS10;Destines a des vehicules aeriens;Destines a des vehicules aeriens;Horlogerie;30.0;2.0;;19.0;;=;51.0
9104002000;HS10;Destines a des vehicules automobiles;Destines a des vehicules automobiles;Horlogerie;30.0;2.0;;19.0;;=;51.0
9104009000;HS10;Montres de tableaux de bord et montres similaires - Autre;Clocks - Other;Horlogerie;30.0;2.0;;19.0;;=;51.0
9105;RANGEE 05;Clocks, other, n.e.c.;;;;;;;;;
910511;HS6;Fonctionnant électriquement :;Clocks;;;;;;;;
9105111000;HS10;Fonctionnant électriquement :;Clocks;Horlogerie;30.0;2.0;;19.0;;=;51.0
9105112000;HS10;Fonctionnant électriquement :;Clocks;Horlogerie;30.0;2.0;;19.0;;=;51.0
9105119000;HS10;Fonctionnant électriquement : - Autre;Clocks - Other;Horlogerie;30.0;2.0;;19.0;;=;51.0
910519;HS6;Autres :;Clocks;;;;;;;;
9105191000;HS10;Autres :;Clocks;Horlogerie;30.0;2.0;;19.0;;=;51.0
9105192000;HS10;Autres :;Clocks;Horlogerie;30.0;2.0;;19.0;;=;51.0
9105199000;HS10;Autres : - Autre;Clocks - Other;Horlogerie;30.0;2.0;;19.0;;=;51.0
910521;HS6;Fonctionnant électriquement :;Clocks;;;;;;;;
9105211000;HS10;Fonctionnant électriquement :;Clocks;Horlogerie;30.0;2.0;;19.0;;=;51.0
9105212000;HS10;Fonctionnant électriquement :;Clocks;Horlogerie;30.0;2.0;;19.0;;=;51.0
9105219000;HS10;Fonctionnant électriquement : - Autre;Clocks - Other;Horlogerie;30.0;2.0;;19.0;;=;51.0
910529;HS6;Autres :;Clocks;;;;;;;;
9105291000;HS10;Autres :;Clocks;Horlogerie;30.0;2.0;;19.0;;=;51.0
9105292000;HS10;Autres :;Clocks;Horlogerie;30.0;2.0;;19.0;;=;51.0
9105299000;HS10;Autres : - Autre;Clocks - Other;Horlogerie;30.0;2.0;;19.0;;=;51.0
910591;HS6;Fonctionnant électriquement :;Clocks;;;;;;;;
9105911000;HS10;Fonctionnant électriquement :;Clocks;Horlogerie;30.0;2.0;;19.0;;=;51.0
9105912000;HS10;Fonctionnant électriquement :;Clocks;Horlogerie;30.0;2.0;;19.0;;=;51.0
9105919000;HS10;Fonctionnant électriquement : - Autre;Clocks - Other;Horlogerie;30.0;2.0;;19.0;;=;51.0
910599;HS6;Autres :;Clocks;;;;;;;;
9105991000;HS10;Autres :;Clocks;Horlogerie;30.0;2.0;;19.0;;=;51.0
9105992000;HS10;Autres :;Clocks;Horlogerie;30.0;2.0;;19.0;;=;51.0
9105999000;HS10;Autres : - Autre;Clocks - Other;Horlogerie;30.0;2.0;;19.0;;=;51.0
9106;RANGEE 06;Time of day recording apparatus and apparatus for measuring, recording or otherwise indicating intervals of time, with clock, watch movement or synchronous motor;;;;;;;;;
910610;HS6;Horloge de pointage;horodateurs et horocompteurs;;;;;;;;
9106101000;HS10;Horloges de pointage horodateurs et horocompteurs horloges de pointage enregistreurs de presence;Horloges de pointage horodateurs et horocompteurs horloges de pointage enregistreurs de presence;Horlogerie;30.0;2.0;;19.0;;=;51.0
9106102000;HS10;Horloges de pointage horodateurs et horocompteurs horodateurs et horocompteurs;Horloges de pointage horodateurs et horocompteurs horodateurs et horocompteurs;Horlogerie;30.0;2.0;;19.0;;=;51.0
9106109000;HS10;Horloge de pointage - Autre;horodateurs et horocompteurs - Other;Horlogerie;30.0;2.0;;19.0;;=;51.0
910690;HS6;Autres :;Time recording apparatus;;;;;;;;
9106901000;HS10;Autres parcmètres;Autres parcmetres;Horlogerie;30.0;2.0;;19.0;;=;51.0
9106902000;HS10;Autres controleurs de rondes;Autres controleurs de rondes;Horlogerie;30.0;2.0;;19.0;;=;51.0
9106909000;HS10;Autres : - Autre;Time recording apparatus - Other;Horlogerie;30.0;2.0;;19.0;;=;51.0
9107;RANGEE 07;"Time switches; with clock, watch movement or synchronous motor";;;;;;;;;
910700;HS6;Interrupteurs horaires et autres appareils permettant de déclencher un mécanisme à temps donné;Time switches;;;;;;;;
9107001000;HS10;Interrupteurs horaires et autres appareils permettant de déclencher un mécanisme à temps donné;Time switches;Horlogerie;30.0;2.0;;19.0;;=;51.0
9107002000;HS10;Interrupteurs horaires et autres appareils permettant de déclencher un mécanisme à temps donné;Time switches;Horlogerie;30.0;2.0;;19.0;;=;51.0
9107009000;HS10;Interrupteurs horaires et autres appareils permettant de déclencher un mécanisme à temps donné - Autre;Time switches - Other;Horlogerie;30.0;2.0;;19.0;;=;51.0
9108;RANGEE 08;"Watch movements; complete and assembled";;;;;;;;;
910811;HS6;A affichage mécanique seulement ou avec un dispositif qui permette d'incorporer un affichage mécanique;Watch movements;;;;;;;;
9108111000;HS10;A affichage mécanique seulement ou avec un dispositif qui permette d'incorporer un affichage mécanique;Watch movements;Horlogerie;30.0;2.0;;19.0;;=;51.0
9108112000;HS10;A affichage mécanique seulement ou avec un dispositif qui permette d'incorporer un affichage mécanique;Watch movements;Horlogerie;30.0;2.0;;19.0;;=;51.0
9108119000;HS10;A affichage mécanique seulement ou avec un dispositif qui permette d'incorporer un affichage mécanique - Autre;Watch movements - Other;Horlogerie;30.0;2.0;;19.0;;=;51.0
910812;HS6;A affichage opto-électronique seulement;Watch movements;;;;;;;;
9108121000;HS10;A affichage opto-électronique seulement;Watch movements;Horlogerie;30.0;2.0;;19.0;;=;51.0
9108122000;HS10;A affichage opto-électronique seulement;Watch movements;Horlogerie;30.0;2.0;;19.0;;=;51.0
9108129000;HS10;A affichage opto-électronique seulement - Autre;Watch movements - Other;Horlogerie;30.0;2.0;;19.0;;=;51.0
910819;HS6;Autres;Watch movements;;;;;;;;
9108191000;HS10;Autres;Watch movements;Horlogerie;30.0;2.0;;19.0;;=;51.0
9108192000;HS10;Autres;Watch movements;Horlogerie;30.0;2.0;;19.0;;=;51.0
9108199000;HS10;Autres - Autre;Watch movements - Other;Horlogerie;30.0;2.0;;19.0;;=;51.0
910820;HS6;A remontage automatique;Watch movements;;;;;;;;
9108201000;HS10;A remontage automatique;Watch movements;Horlogerie;30.0;2.0;;19.0;;=;51.0
9108202000;HS10;A remontage automatique;Watch movements;Horlogerie;30.0;2.0;;19.0;;=;51.0
9108209000;HS10;A remontage automatique - Autre;Watch movements - Other;Horlogerie;30.0;2.0;;19.0;;=;51.0
910890;HS6;Autres;Watch movements;;;;;;;;
9108901000;HS10;Autres;Watch movements;Horlogerie;30.0;2.0;;19.0;;=;51.0
9108902000;HS10;Autres;Watch movements;Horlogerie;30.0;2.0;;19.0;;=;51.0
9108909000;HS10;Autres - Autre;Watch movements - Other;Horlogerie;30.0;2.0;;19.0;;=;51.0
9109;RANGEE 09;"Clock movements; complete and assembled";;;;;;;;;
910910;HS6;Fonctionnant électriquement;Clock movements;;;;;;;;
9109101000;HS10;Fonctionnant électriquement de reveils;Fonctionnant electriquement de reveils;Horlogerie;30.0;2.0;;19.0;;=;51.0
9109102000;HS10;Fonctionnant électriquement;Clock movements;Horlogerie;30.0;2.0;;19.0;;=;51.0
9109109000;HS10;Fonctionnant électriquement - Autre;Clock movements - Other;Horlogerie;30.0;2.0;;19.0;;=;51.0
910990;HS6;Autres;Clock movements;;;;;;;;
9109901000;HS10;Autres;Clock movements;Horlogerie;30.0;2.0;;19.0;;=;51.0
9109902000;HS10;Autres;Clock movements;Horlogerie;30.0;2.0;;19.0;;=;51.0
9109909000;HS10;Autres - Autre;Clock movements - Other;Horlogerie;30.0;2.0;;19.0;;=;51.0
9110;RANGEE 10;"Watch or clock movements, complete, unassembled or partly assembled (movement sets); incomplete watch or clock movements, assembled; rough watch or clock movements";;;;;;;;;
911011;HS6;Mouvements complets;Watches;;;;;;;;
9110111000;HS10;Mouvements complets;Watches;Horlogerie;30.0;2.0;;19.0;;=;51.0
9110112000;HS10;Mouvements complets;Watches;Horlogerie;30.0;2.0;;19.0;;=;51.0
9110119000;HS10;Mouvements complets - Autre;Watches - Other;Horlogerie;30.0;2.0;;19.0;;=;51.0
911012;HS6;Mouvements incomplets;Watches;;;;;;;;
9110121000;HS10;Mouvements incomplets;Watches;Horlogerie;30.0;2.0;;19.0;;=;51.0
9110122000;HS10;Mouvements incomplets;Watches;Horlogerie;30.0;2.0;;19.0;;=;51.0
9110129000;HS10;Mouvements incomplets - Autre;Watches - Other;Horlogerie;30.0;2.0;;19.0;;=;51.0
911019;HS6;Ebauches;Watches;;;;;;;;
9110191000;HS10;Ebauches;Watches;Horlogerie;30.0;2.0;;19.0;;=;51.0
9110192000;HS10;Ebauches;Watches;Horlogerie;30.0;2.0;;19.0;;=;51.0
9110199000;HS10;Ebauches - Autre;Watches - Other;Horlogerie;30.0;2.0;;19.0;;=;51.0
911090;HS6;Autres;Clocks;;;;;;;;
9110901000;HS10;Autres;Clocks;Horlogerie;30.0;2.0;;19.0;;=;51.0
9110902000;HS10;Autres;Clocks;Horlogerie;30.0;2.0;;19.0;;=;51.0
9110909000;HS10;Autres - Autre;Clocks - Other;Horlogerie;30.0;2.0;;19.0;;=;51.0
9111;RANGEE 11;Watch cases and parts thereof;;;;;;;;;
911110;HS6;Boîtes en métaux précieux ou en plaqués ou doublés de métaux précieux;Watch cases;;;;;;;;
9111101000;HS10;Boîtes en metaux precieux ou en plaques ou doubles de metaux precieux boîtes en or ou en plaques ou doublesdor;Boites en metaux precieux ou en plaques ou doubles de metaux precieux boites en or ou en plaques ou doublesdor;Horlogerie;30.0;2.0;;19.0;;=;51.0
9111102000;HS10;Boîtes en metaux precieux ou en plaques ou doubles de metaux precieux boîtes en platine ou en plaques ou doubles de platine;Boites en metaux precieux ou en plaques ou doubles de metaux precieux boites en platine ou en plaques ou doubles de platine;Horlogerie;30.0;2.0;;19.0;;=;51.0
9111109000;HS10;Boîtes en métaux précieux ou en plaqués ou doublés de métaux précieux - Autre;Watch cases - Other;Horlogerie;30.0;2.0;;19.0;;=;51.0
911120;HS6;Boîtes en métaux communs;Watch cases;;;;;;;;
9111201000;HS10;Boîtes en metaux communs meme dores ou argentes boîtes en metaux communs dores;Boites en metaux communs meme dores ou argentes boites en metaux communs dores;Horlogerie;30.0;2.0;;19.0;;=;51.0
9111202000;HS10;Boîtes en metaux communs meme dores ou argentes boîtes en metaux communs argentes;Boites en metaux communs meme dores ou argentes boites en metaux communs argentes;Horlogerie;30.0;2.0;;19.0;;=;51.0
9111209000;HS10;Boîtes en métaux communs - Autre;Watch cases - Other;Horlogerie;30.0;2.0;;19.0;;=;51.0
911180;HS6;Autres boîtes;Watch cases;;;;;;;;
9111801000;HS10;Autres boîtes;Watch cases;Horlogerie;30.0;2.0;;19.0;;=;51.0
9111802000;HS10;Autres boîtes;Watch cases;Horlogerie;30.0;2.0;;19.0;;=;51.0
9111809000;HS10;Autres boîtes - Autre;Watch cases - Other;Horlogerie;30.0;2.0;;19.0;;=;51.0
911190;HS6;Parties;Watch cases and parts thereof;;;;;;;;
9111901000;HS10;Parties;Watch cases and parts thereof;Horlogerie;30.0;2.0;;19.0;;=;51.0
9111902000;HS10;Parties en plaques ou doubles de metaux precieux;Parties en plaques ou doubles de metaux precieux;Horlogerie;30.0;2.0;;19.0;;=;51.0
9111909000;HS10;Parties - Autre;Watch cases and parts thereof - Other;Horlogerie;30.0;2.0;;19.0;;=;51.0
9112;RANGEE 12;Clock cases and cases of a similar type for other goods of this chapter and parts thereof;;;;;;;;;
911220;HS6;Cages et cabinets;Clock cases and similar cases for other goods of chapter 91;;;;;;;;
9112201000;HS10;Cages et cabinets;Clock cases and similar cases for other goods of chapter 91;Horlogerie;30.0;2.0;;19.0;;=;51.0
9112202000;HS10;Cages et cabinets;Clock cases and similar cases for other goods of chapter 91;Horlogerie;30.0;2.0;;19.0;;=;51.0
9112209000;HS10;Cages et cabinets - Autre;Clock cases and similar cases for other goods of chapter 91 - Other;Horlogerie;30.0;2.0;;19.0;;=;51.0
911290;HS6;Parties;Clock cases and similar cases for other goods of chapter 91;;;;;;;;
9112901000;HS10;Parties;Clock cases and similar cases for other goods of chapter 91;Horlogerie;30.0;2.0;;19.0;;=;51.0
9112902000;HS10;Parties;Clock cases and similar cases for other goods of chapter 91;Horlogerie;30.0;2.0;;19.0;;=;51.0
9112909000;HS10;Parties - Autre;Clock cases and similar cases for other goods of chapter 91 - Other;Horlogerie;30.0;2.0;;19.0;;=;51.0
9113;RANGEE 13;Watch straps, watch bands, watch bracelets and parts thereof;;;;;;;;;
911310;HS6;En métaux précieux ou en plaqués ou doublés de métaux précieux;Watch straps;;;;;;;;
9113101000;HS10;En metaux precieux ou en plaques ou doubles de metaux precieux en metaux precieux;En metaux precieux ou en plaques ou doubles de metaux precieux en metaux precieux;Horlogerie;30.0;2.0;;19.0;;=;51.0
9113102000;HS10;En metaux precieux ou en plaques ou doubles de metaux precieux en plaques ou doubles de metaux precieux;En metaux precieux ou en plaques ou doubles de metaux precieux en plaques ou doubles de metaux precieux;Horlogerie;30.0;2.0;;19.0;;=;51.0
9113109000;HS10;En métaux précieux ou en plaqués ou doublés de métaux précieux - Autre;Watch straps - Other;Horlogerie;30.0;2.0;;19.0;;=;51.0
911320;HS6;En métaux communs;Watch straps;;;;;;;;
9113201000;HS10;En métaux communs;Watch straps;Horlogerie;30.0;2.0;;19.0;;=;51.0
9113202000;HS10;En métaux communs;Watch straps;Horlogerie;30.0;2.0;;19.0;;=;51.0
9113209000;HS10;En métaux communs - Autre;Watch straps - Other;Horlogerie;30.0;2.0;;19.0;;=;51.0
911390;HS6;Autres;Watch straps;;;;;;;;
9113901000;HS10;Autres en perles fines en pierres gemmes ou en pierres synthétiques ou reconstituees;Autres en perles fines en pierres gemmes ou en pierres synthetiques ou reconstituees;Horlogerie;30.0;2.0;;19.0;;=;51.0
9113902000;HS10;Autres;Watch straps;Horlogerie;30.0;2.0;;19.0;;=;51.0
9113909000;HS10;Autres - Autre;Watch straps - Other;Horlogerie;30.0;2.0;;19.0;;=;51.0
9114;RANGEE 14;"Clock or watch parts; n.e.c. in chapter 91";;;;;;;;;
911430;HS6;Cadrans;Clock or watch parts;;;;;;;;
9114301000;HS10;Cadrans;Clock or watch parts;Horlogerie;30.0;2.0;;19.0;;=;51.0
9114302000;HS10;Cadrans;Clock or watch parts;Horlogerie;30.0;2.0;;19.0;;=;51.0
9114309000;HS10;Cadrans - Autre;Clock or watch parts - Other;Horlogerie;30.0;2.0;;19.0;;=;51.0
911440;HS6;Platines et ponts;Clock or watch parts;;;;;;;;
9114401000;HS10;Platines et ponts;Clock or watch parts;Horlogerie;30.0;2.0;;19.0;;=;51.0
9114402000;HS10;Platines et ponts;Clock or watch parts;Horlogerie;30.0;2.0;;19.0;;=;51.0
9114409000;HS10;Platines et ponts - Autre;Clock or watch parts - Other;Horlogerie;30.0;2.0;;19.0;;=;51.0
911490;HS6;Autres;Clock or watch parts;;;;;;;;
9114901000;HS10;Autres pierres;Autres pierres;Horlogerie;30.0;2.0;;19.0;;=;51.0
9114902000;HS10;Autres ressorts y compris les spiraux;Autres ressorts y compris les spiraux;Horlogerie;30.0;2.0;;19.0;;=;51.0
9114909000;HS10;Autres - Autre;Clock or watch parts - Other;Horlogerie;30.0;2.0;;19.0;;=;51.0
CHAPITRE 92;CHAPITRE;Instruments de musique;;;;;;;;;
9201;RANGEE 01;"Pianos; including automatic pianos, harpsichords and other keyboard stringed instruments";;;;;;;;;
920110;HS6;Pianos droits;Musical instruments;;;;;;;;
9201101000;HS10;Pianos droits;Musical instruments;Divers;30.0;2.0;;19.0;;910 Déclaration d'Importation du Produit | 210 Autorisation de Libre Circulation;51.0
9201102000;HS10;Pianos droits;Musical instruments;Divers;30.0;2.0;;19.0;;=;51.0
9201109000;HS10;Pianos droits - Autre;Musical instruments - Other;Divers;30.0;2.0;;19.0;;=;51.0
920120;HS6;Pianos à queue;Musical instruments;;;;;;;;
9201201000;HS10;Pianos à queue;Musical instruments;Divers;30.0;2.0;;19.0;;=;51.0
9201202000;HS10;Pianos à queue;Musical instruments;Divers;30.0;2.0;;19.0;;=;51.0
9201209000;HS10;Pianos à queue - Autre;Musical instruments - Other;Divers;30.0;2.0;;19.0;;=;51.0
920190;HS6;Autres;Musical instruments;;;;;;;;
9201901000;HS10;Autres clavecins et clavicordes;Autres clavecins et clavicordes;Divers;30.0;2.0;;19.0;;=;51.0
9201902000;HS10;Autres;Musical instruments;Divers;30.0;2.0;;19.0;;=;51.0
9201909000;HS10;Autres - Autre;Musical instruments - Other;Divers;30.0;2.0;;19.0;;=;51.0
9202;RANGEE 02;"Musical instruments; string, n.e.c. in heading no. 9201, (e.g. guitars, violins, harps)";;;;;;;;;
920210;HS6;A cordes frottées à l'aide d'un archet;Musical instruments;;;;;;;;
9202101000;HS10;A cordes frottees a laide dun archet fabriques par methode traditionnelle;A cordes frottees a laide dun archet fabriques par methode traditionnelle;Divers;30.0;2.0;;19.0;;=;51.0
9202102000;HS10;A cordes frottées à l'aide d'un archet;Musical instruments;Divers;30.0;2.0;;19.0;;=;51.0
9202109000;HS10;A cordes frottées à l'aide d'un archet - Autre;Musical instruments - Other;Divers;30.0;2.0;;19.0;;=;51.0
920290;HS6;Autres;Musical instruments;;;;;;;;
9202901000;HS10;Autres;Musical instruments;Divers;30.0;2.0;;19.0;;=;51.0
9202902000;HS10;Autres;Musical instruments;Divers;30.0;2.0;;19.0;;=;51.0
9202909000;HS10;Autres - Autre;Musical instruments - Other;Divers;30.0;2.0;;19.0;;=;51.0
9205;RANGEE 05;"Musical instruments; wind (e.g. keyboard pipe organs, accordions, clarinets, trumpets, bagpipes), other than fairground organs and mechanical street organs";;;;;;;;;
920510;HS6;Instruments dits cuivres;Musical instruments;;;;;;;;
9205101000;HS10;Instruments ditscuivres trompettes cornets et flugelhorns;Instruments ditscuivres trompettes cornets et flugelhorns;Divers;30.0;2.0;;19.0;;=;51.0
9205102000;HS10;Instruments ditscuivres trombones;Instruments ditscuivres trombones;Divers;30.0;2.0;;19.0;;=;51.0
9205109000;HS10;Instruments dits cuivres - Autre;Musical instruments - Other;Divers;30.0;2.0;;19.0;;=;51.0
920590;HS6;Autres;Musical instruments;;;;;;;;
9205901000;HS10;Autres;Musical instruments;Divers;30.0;2.0;;19.0;;=;51.0
9205902000;HS10;Autres;Musical instruments;Divers;30.0;2.0;;19.0;;=;51.0
9205909000;HS10;Autres - Autre;Musical instruments - Other;Divers;30.0;2.0;;19.0;;=;51.0
9206;RANGEE 06;"Musical instruments; percussion (e.g. drums, xylophones, cymbals, castanets, maracas)";;;;;;;;;
920600;HS6;Instruments de musique à percussion (tambours;Musical instruments;;;;;;;;
9206001000;HS10;Instruments de musique à percussion (tambours;Musical instruments;Divers;30.0;2.0;;19.0;;=;51.0
9206002000;HS10;Instruments de musique à percussion (tambours;Musical instruments;Divers;30.0;2.0;;19.0;;=;51.0
9206009000;HS10;Instruments de musique à percussion (tambours - Autre;Musical instruments - Other;Divers;30.0;2.0;;19.0;;=;51.0
9207;RANGEE 07;"Musical instruments; the sound of which is produced or must be amplified, electrically (e.g. organs, guitars, accordions)";;;;;;;;;
920710;HS6;Instruments à clavier;Musical instruments;;;;;;;;
9207101000;HS10;Instruments a clavier autres que les accordeons orgues;Instruments a clavier autres que les accordeons orgues;Divers;30.0;2.0;;19.0;;=;51.0
9207102000;HS10;Instruments a clavier autres que les accordeons pianos électriques;Instruments a clavier autres que les accordeons pianos electriques;Divers;30.0;2.0;;19.0;;=;51.0
9207109000;HS10;Instruments à clavier - Autre;Musical instruments - Other;Divers;30.0;2.0;;19.0;;=;51.0
920790;HS6;Autres;Musical instruments;;;;;;;;
9207901000;HS10;Autres guitares;Autres guitares;Divers;30.0;2.0;;19.0;;=;51.0
9207902000;HS10;Autres accordeons carillons et cloches dorchestre ou de concert vibraphones marimbas et xylophones;Autres accordeons carillons et cloches dorchestre ou de concert vibraphones marimbas et xylophones;Divers;30.0;2.0;;19.0;;=;51.0
9207909000;HS10;Autres - Autre;Musical instruments - Other;Divers;30.0;2.0;;19.0;;=;51.0
9208;RANGEE 08;"Musical boxes, fairground and mechanical street organs, mechanical singing birds, musical saws and musical instruments n.e.c. in chapter 92; decoy calls of all kinds; whistles; call horns and other mouth-blown sound signalling instruments";;;;;;;;;
920810;HS6;Boîtes à musique;Musical boxes;;;;;;;;
9208101000;HS10;Boîtes à musique;Musical boxes;Divers;30.0;2.0;;19.0;;=;51.0
9208102000;HS10;Boîtes à musique;Musical boxes;Divers;30.0;2.0;;19.0;;=;51.0
9208109000;HS10;Boîtes à musique - Autre;Musical boxes - Other;Divers;30.0;2.0;;19.0;;=;51.0
920890;HS6;Autres;Fairground and mechanical street organs;;;;;;;;
9208901000;HS10;Autres orchestrions orgues de barbarie oiseaux chanteurs scies musicales;Autres orchestrions orgues de barbarie oiseaux chanteurs scies musicales;Divers;30.0;2.0;;19.0;;=;51.0
9208902000;HS10;Autres appeaux de tous types;Autres appeaux de tous types;Divers;30.0;2.0;;19.0;;=;51.0
9208909000;HS10;Autres - Autre;Fairground and mechanical street organs - Other;Divers;30.0;2.0;;19.0;;=;51.0
9209;RANGEE 09;"Musical instrument parts (for example, mechanisms for musical boxes) and accessories (for example, cards, discs and rolls for mechanical instruments); metronomes, tuning forks and pitch pipes";;;;;;;;;
920930;HS6;Cordes harmoniques;Musical instrument strings;;;;;;;;
9209301000;HS10;Cordes harmoniques;Musical instrument strings;Divers;30.0;2.0;;19.0;;=;51.0
9209302000;HS10;Cordes harmoniques;Musical instrument strings;Divers;30.0;2.0;;19.0;;=;51.0
9209309000;HS10;Cordes harmoniques - Autre;Musical instrument strings - Other;Divers;30.0;2.0;;19.0;;=;51.0
920991;HS6;Parties et accessoires de pianos;Musical instruments;;;;;;;;
9209911000;HS10;Parties et accessoires de pianos;Musical instruments;Divers;30.0;2.0;;19.0;;=;51.0
9209912000;HS10;Parties et accessoires de pianos;Musical instruments;Divers;30.0;2.0;;19.0;;=;51.0
9209919000;HS10;Parties et accessoires de pianos - Autre;Musical instruments - Other;Divers;30.0;2.0;;19.0;;=;51.0
920992;HS6;Parties et accessoires des instruments de musiques du n°92.02;Musical instruments;;;;;;;;
9209921000;HS10;Parties et accessoires des instruments de musiques du n°92.02;Musical instruments;Divers;30.0;2.0;;19.0;;=;51.0
9209922000;HS10;Parties et accessoires des instruments de musiques du n°92.02;Musical instruments;Divers;30.0;2.0;;19.0;;=;51.0
9209929000;HS10;Parties et accessoires des instruments de musiques du n°92.02 - Autre;Musical instruments - Other;Divers;30.0;2.0;;19.0;;=;51.0
920994;HS6;Parties et accessoires des instruments de musiques du n°92.07;Musical instruments;;;;;;;;
9209941000;HS10;Parties et accessoires des instruments de musiques du n°92.07;Musical instruments;Divers;30.0;2.0;;19.0;;=;51.0
9209942000;HS10;Parties et accessoires des instruments de musiques du n°92.07;Musical instruments;Divers;30.0;2.0;;19.0;;=;51.0
9209949000;HS10;Parties et accessoires des instruments de musiques du n°92.07 - Autre;Musical instruments - Other;Divers;30.0;2.0;;19.0;;=;51.0
920999;HS6;Autres;Musical instruments;;;;;;;;
9209991000;HS10;Autres autres mecanismes de boîtes a musique;Autres autres mecanismes de boites a musique;Divers;30.0;2.0;;19.0;;=;51.0
9209992000;HS10;Autres autres metronomes et diapasons;Autres autres metronomes et diapasons;Divers;30.0;2.0;;19.0;;=;51.0
9209999000;HS10;Autres - Autre;Musical instruments - Other;Divers;30.0;2.0;;19.0;;=;51.0
SECTION XIX;SECTION;Armes, munitions et leurs parties et accessoires;"Arms and ammunition; parts and accessories thereof";;;;;;;;
CHAPITRE 93;CHAPITRE;Armes et munitions;;;;;;;;;
9301;RANGEE 01;"Military weapons; other than revolvers, pistols and arms of heading no. 9307";;;;;;;;;
930110;HS6;Pièces d'artillerie (canons;Military weapons;;;;;;;;
9301101000;HS10;Pieces dartillerie canons obusiers et mortiers par exemple auto propulsees;Pieces dartillerie canons obusiers et mortiers par exemple auto propulsees;Armement;5.0;2.0;;19.0;;910 Déclaration d'Importation du Produit | 210 Autorisation de Libre Circulation;26.0
9301102000;HS10;Pièces d'artillerie (canons;Military weapons;Armement;5.0;2.0;;19.0;;=;26.0
9301109000;HS10;Pièces d'artillerie (canons - Autre;Military weapons - Other;Armement;5.0;2.0;;19.0;;=;26.0
930120;HS6;Tubes lance-missiles;lance-flammes;;;;;;;;
9301201000;HS10;Tubes lance-missiles;lance-flammes;Armement;5.0;2.0;;19.0;;=;26.0
9301202000;HS10;Tubes lance-missiles;lance-flammes;Armement;5.0;2.0;;19.0;;=;26.0
9301209000;HS10;Tubes lance-missiles - Autre;lance-flammes - Other;Armement;5.0;2.0;;19.0;;=;26.0
930190;HS6;Autres;Military weapons;;;;;;;;
9301901000;HS10;Autres fusils et carabines comportant au moins un canon lisse entierement automatiques;Autres fusils et carabines comportant au moins un canon lisse entierement automatiques;Armement;5.0;2.0;;19.0;;=;26.0
9301902000;HS10;Autres;Military weapons;Armement;5.0;2.0;;19.0;;=;26.0
9301909000;HS10;Autres - Autre;Military weapons - Other;Armement;5.0;2.0;;19.0;;=;26.0
9302;RANGEE 02;"Revolvers and pistols; other than those of heading no. 9303 or 9304";;;;;;;;;
930200;HS6;Révolvers et pistolets;Revolvers and pistols;;;;;;;;
9302001000;HS10;Revolvers;Revolvers;Armement;5.0;2.0;;19.0;;=;26.0
9302002000;HS10;Révolvers et pistolets;Revolvers and pistols;Armement;5.0;2.0;;19.0;;=;26.0
9302009000;HS10;Révolvers et pistolets - Autre;Revolvers and pistols - Other;Armement;5.0;2.0;;19.0;;=;26.0
9303;RANGEE 03;"Firearms; other similar devices (e.g. sporting shotguns and rifles, muzzle-loading firearms, very pistols, devices for firing flares or blank ammunition, captive bolt humane killers, line throwing guns)";;;;;;;;;
930310;HS6;Armes à feu ne pouvant être chargées que par le canon;Firearms;;;;;;;;
9303101000;HS10;Armes à feu ne pouvant être chargées que par le canon;Firearms;Armement;5.0;2.0;;19.0;;=;26.0
9303102000;HS10;Armes à feu ne pouvant être chargées que par le canon;Firearms;Armement;5.0;2.0;;19.0;;=;26.0
9303109000;HS10;Armes à feu ne pouvant être chargées que par le canon - Autre;Firearms - Other;Armement;5.0;2.0;;19.0;;=;26.0
930320;HS6;Autres fusils et carabines de chasse ou de tir sportif comportant au moins un canon lisse;Firearms;;;;;;;;
9303201000;HS10;Autres fusils et carabines de chasse ou de tir sportif comportant au moins un canon lisse;Firearms;Armement;5.0;2.0;;19.0;;=;26.0
9303202000;HS10;Autres fusils et carabines de chasse ou de tir sportif comportant au moins un canon lisse fusils et carabines a plusieurs canons y compris les fusils combines;Autres fusils et carabines de chasse ou de tir sportif comportant au moins un canon lisse fusils et carabines a plusieurs canons y compris les fusils combines;Armement;5.0;2.0;;19.0;;=;26.0
9303209000;HS10;Autres fusils et carabines de chasse ou de tir sportif comportant au moins un canon lisse - Autre;Firearms - Other;Armement;5.0;2.0;;19.0;;=;26.0
930330;HS6;Autres fusils et carabines de chasse ou de tir sportif;Firearms;;;;;;;;
9303301000;HS10;Autres fusils et carabines de chasse ou de tir sportif a culasse a un coup;Autres fusils et carabines de chasse ou de tir sportif a culasse a un coup;Armement;5.0;2.0;;19.0;;=;26.0
9303302000;HS10;Autres fusils et carabines de chasse ou de tir sportif semi automatiques;Autres fusils et carabines de chasse ou de tir sportif semi automatiques;Armement;5.0;2.0;;19.0;;=;26.0
9303309000;HS10;Autres fusils et carabines de chasse ou de tir sportif - Autre;Firearms - Other;Armement;5.0;2.0;;19.0;;=;26.0
930390;HS6;Autres;Firearms;;;;;;;;
9303901000;HS10;Autres;Firearms;Armement;5.0;2.0;;19.0;;=;26.0
9303902000;HS10;Autres;Firearms;Armement;5.0;2.0;;19.0;;=;26.0
9303909000;HS10;Autres - Autre;Firearms - Other;Armement;5.0;2.0;;19.0;;=;26.0
9304;RANGEE 04;"Firearms; (e.g. spring, air or gas guns and pistols, truncheons), excluding those of heading no. 9307";;;;;;;;;
930400;HS6;Autres armes (fusils;Firearms;;;;;;;;
9304001000;HS10;Autres armes (fusils;Firearms;Armement;5.0;2.0;;19.0;;=;26.0
9304002000;HS10;Autres armes (fusils;Firearms;Armement;5.0;2.0;;19.0;;=;26.0
9304009000;HS10;Autres armes (fusils - Autre;Firearms - Other;Armement;5.0;2.0;;19.0;;=;26.0
9305;RANGEE 05;"Firearms; parts and accessories of articles of heading no. 9301 to 9304";;;;;;;;;
930510;HS6;De révolvers ou de pistolets :;Firearms;;;;;;;;
9305101000;HS10;De revolvers ou pistolets mecanismes de mise a feu;De revolvers ou pistolets mecanismes de mise a feu;Armement;5.0;2.0;;19.0;;=;26.0
9305102000;HS10;De revolvers ou pistolets carcasses;De revolvers ou pistolets carcasses;Armement;5.0;2.0;;19.0;;=;26.0
9305109000;HS10;De révolvers ou de pistolets : - Autre;Firearms - Other;Armement;5.0;2.0;;19.0;;=;26.0
930520;HS6;De fusils ou de carabines du n°93.03 :;Firearms;;;;;;;;
9305201000;HS10;De fusils ou carabines du n 9303 mecanismes de mise a feu;De fusils ou carabines du n 9303 mecanismes de mise a feu;Armement;5.0;2.0;;19.0;;=;26.0
9305202000;HS10;De fusils ou carabines du n 9303 carcasses;De fusils ou carabines du n 9303 carcasses;Armement;5.0;2.0;;19.0;;=;26.0
9305209000;HS10;De fusils ou de carabines du n°93.03 : - Autre;Firearms - Other;Armement;5.0;2.0;;19.0;;=;26.0
930591;HS6;Des armes de guerre du n° 93.01 :;Firearms;;;;;;;;
9305911000;HS10;Des armes de guerre du n° 93.01 :;Firearms;Armement;5.0;2.0;;19.0;;=;26.0
9305912000;HS10;Des armes de guerre du n° 93.01 :;Firearms;Armement;5.0;2.0;;19.0;;=;26.0
9305919000;HS10;Des armes de guerre du n° 93.01 : - Autre;Firearms - Other;Armement;5.0;2.0;;19.0;;=;26.0
930599;HS6;Autres;Firearms;;;;;;;;
9305991000;HS10;Autres;Firearms;Armement;5.0;2.0;;19.0;;=;26.0
9305992000;HS10;Autres;Firearms;Armement;5.0;2.0;;19.0;;=;26.0
9305999000;HS10;Autres - Autre;Firearms - Other;Armement;5.0;2.0;;19.0;;=;26.0
9306;RANGEE 06;"Bombs, grenades, torpedoes, mines, missiles and similar munitions of war and parts thereof; cartridges and other ammunition, projectiles and parts thereof, including shot and cartridge wads";;;;;;;;;
930621;HS6;Cartouches;Ammunition;;;;;;;;
9306211000;HS10;Cartouches;Ammunition;Armement;5.0;2.0;;19.0;;=;26.0
9306212000;HS10;Cartouches;Ammunition;Armement;5.0;2.0;;19.0;;=;26.0
9306219000;HS10;Cartouches - Autre;Ammunition - Other;Armement;5.0;2.0;;19.0;;=;26.0
930629;HS6;Autres;Ammunition;;;;;;;;
9306291000;HS10;Autres;Ammunition;Armement;5.0;2.0;;19.0;;=;26.0
9306292000;HS10;Autres;Ammunition;Armement;5.0;2.0;;19.0;;=;26.0
9306299000;HS10;Autres - Autre;Ammunition - Other;Armement;5.0;2.0;;19.0;;=;26.0
930630;HS6;Autres cartouches et leurs parties :;Ammunition;;;;;;;;
9306301000;HS10;Autres cartouches et leurs parties pour armes de guerre du n 9301;Autres cartouches et leurs parties pour armes de guerre du n 9301;Armement;5.0;2.0;;19.0;;=;26.0
9306302000;HS10;Autres cartouches et leurs parties :;Ammunition;Armement;5.0;2.0;;19.0;;=;26.0
9306309000;HS10;Autres cartouches et leurs parties : - Autre;Ammunition - Other;Armement;5.0;2.0;;19.0;;=;26.0
930690;HS6;Autres :;Ammunition;;;;;;;;
9306901000;HS10;Autres autres projectiles et munitions pour armes de guerre leurs parties;Autres autres projectiles et munitions pour armes de guerre leurs parties;Armement;5.0;2.0;;19.0;;=;26.0
9306902000;HS10;Autres :;Ammunition;Armement;5.0;2.0;;19.0;;=;26.0
9306909000;HS10;Autres : - Autre;Ammunition - Other;Armement;5.0;2.0;;19.0;;=;26.0
9307;RANGEE 07;"Arms; swords, cutlasses, bayonets, lances and the like, parts thereof and scabbards and sheaths therefor";;;;;;;;;
930700;HS6;Sabres;Arms;;;;;;;;
9307001000;HS10;Traditionnels;Traditionnels;Armement;5.0;2.0;;19.0;;=;26.0
9307002000;HS10;Sabres;Arms;Armement;5.0;2.0;;19.0;;=;26.0
9307009000;HS10;Sabres - Autre;Arms - Other;Armement;5.0;2.0;;19.0;;=;26.0
SECTION XX;SECTION;Marchandises et produits divers;Miscellaneous manufactured articles;;;;;;;;
CHAPITRE 94;CHAPITRE;Meubles, literie, éclairage;;;;;;;;;
9401;RANGEE 01;Seats (not those of heading no. 9402), whether or not convertible into beds and parts thereof;;;;;;;;;
940110;HS6;Sièges des types utilisés dans les véhicules aériens;Seats;;;;;;;;
9401101000;HS10;Sièges des types utilisés dans les véhicules aériens;Seats;Ameublement;30.0;2.0;;19.0;;910 Déclaration d'Importation du Produit | 210 Autorisation de Libre Circulation;51.0
9401102000;HS10;Sièges des types utilisés dans les véhicules aériens;Seats;Ameublement;30.0;2.0;;19.0;;=;51.0
9401109000;HS10;Sièges des types utilisés dans les véhicules aériens - Autre;Seats - Other;Ameublement;30.0;2.0;;19.0;;=;51.0
940120;HS6;Sièges des types utilisés pour véhicules automobiles;Seats;;;;;;;;
9401201000;HS10;Sièges des types utilisés pour véhicules automobiles;Seats;Ameublement;30.0;2.0;;19.0;;=;51.0
9401202000;HS10;Sièges des types utilisés pour véhicules automobiles;Seats;Ameublement;30.0;2.0;;19.0;;=;51.0
9401209000;HS10;Sièges des types utilisés pour véhicules automobiles - Autre;Seats - Other;Ameublement;30.0;2.0;;19.0;;=;51.0
940131;HS6;En bois;Seats;;;;;;;;
9401311000;HS10;En bois;Seats;Ameublement;30.0;2.0;;19.0;;=;51.0
9401312000;HS10;En bois;Seats;Ameublement;30.0;2.0;;19.0;;=;51.0
9401319000;HS10;En bois - Autre;Seats - Other;Ameublement;30.0;2.0;;19.0;;=;51.0
940139;HS6;Autres;Seats;;;;;;;;
9401391000;HS10;Sieges pivotants ajustables en hauteur autres sieges pivotants en metaux communs;Sieges pivotants ajustables en hauteur autres sieges pivotants en metaux communs;Ameublement;30.0;2.0;;19.0;;=;51.0
9401392000;HS10;Autres;Seats;Ameublement;30.0;2.0;;19.0;;=;51.0
9401399000;HS10;Autres - Autre;Seats - Other;Ameublement;30.0;2.0;;19.0;;=;51.0
940141;HS6;En bois;Seats;;;;;;;;
9401411000;HS10;En bois;Seats;Ameublement;30.0;2.0;;19.0;;=;51.0
9401412000;HS10;En bois;Seats;Ameublement;30.0;2.0;;19.0;;=;51.0
9401419000;HS10;En bois - Autre;Seats - Other;Ameublement;30.0;2.0;;19.0;;=;51.0
940149;HS6;Autres;Seats;;;;;;;;
9401491000;HS10;Autres;Seats;Ameublement;30.0;2.0;;19.0;;=;51.0
9401492000;HS10;Autres;Seats;Ameublement;30.0;2.0;;19.0;;=;51.0
9401499000;HS10;Autres - Autre;Seats - Other;Ameublement;30.0;2.0;;19.0;;=;51.0
940152;HS6;En bambou;Seats;;;;;;;;
9401521000;HS10;En bambou;Seats;Ameublement;30.0;2.0;;19.0;;=;51.0
9401522000;HS10;En bambou;Seats;Ameublement;30.0;2.0;;19.0;;=;51.0
9401529000;HS10;En bambou - Autre;Seats - Other;Ameublement;30.0;2.0;;19.0;;=;51.0
940153;HS6;En rotin;Seats;;;;;;;;
9401531000;HS10;En rotin;Seats;Ameublement;30.0;2.0;;19.0;;=;51.0
9401532000;HS10;En rotin;Seats;Ameublement;30.0;2.0;;19.0;;=;51.0
9401539000;HS10;En rotin - Autre;Seats - Other;Ameublement;30.0;2.0;;19.0;;=;51.0
940159;HS6;Autres;Seats;;;;;;;;
9401591000;HS10;Autres;Seats;Ameublement;30.0;2.0;;19.0;;=;51.0
9401592000;HS10;Autres;Seats;Ameublement;30.0;2.0;;19.0;;=;51.0
9401599000;HS10;Autres - Autre;Seats - Other;Ameublement;30.0;2.0;;19.0;;=;51.0
940161;HS6;Rembourrés;Seats;;;;;;;;
9401611000;HS10;Autres sieges avec bati en bois rembourres non finis et non assembles;Autres sieges avec bati en bois rembourres non finis et non assembles;Ameublement;30.0;2.0;;19.0;;=;51.0
9401612000;HS10;Rembourrés;Seats;Ameublement;30.0;2.0;;19.0;;=;51.0
9401619000;HS10;Rembourrés - Autre;Seats - Other;Ameublement;30.0;2.0;;19.0;;=;51.0
940169;HS6;Autres;Seats;;;;;;;;
9401691000;HS10;Autres sieges avec bati en bois autres non finis et non assembles;Autres sieges avec bati en bois autres non finis et non assembles;Ameublement;30.0;2.0;;19.0;;=;51.0
9401692000;HS10;Autres;Seats;Ameublement;30.0;2.0;;19.0;;=;51.0
9401699000;HS10;Autres - Autre;Seats - Other;Ameublement;30.0;2.0;;19.0;;=;51.0
940171;HS6;Rembourrés;Seats;;;;;;;;
9401711000;HS10;Autres sieges avec bati en metal rembourres sieges et balanoire pour bebes;Autres sieges avec bati en metal rembourres sieges et balanoire pour bebes;Ameublement;30.0;2.0;;19.0;;=;51.0
9401712000;HS10;Rembourrés;Seats;Ameublement;30.0;2.0;;19.0;;=;51.0
9401719000;HS10;Rembourrés - Autre;Seats - Other;Ameublement;30.0;2.0;;19.0;;=;51.0
940179;HS6;Autres;Seats;;;;;;;;
9401791000;HS10;Autres sieges avec bati en metal autres chaises;Autres sieges avec bati en metal autres chaises;Ameublement;30.0;2.0;;19.0;;=;51.0
9401792000;HS10;Autres sieges avec bati en metal autres bancs et banquettes;Autres sieges avec bati en metal autres bancs et banquettes;Ameublement;30.0;2.0;;19.0;;=;51.0
9401799000;HS10;Autres - Autre;Seats - Other;Ameublement;30.0;2.0;;19.0;;=;51.0
940180;HS6;Autres sièges;Seats;;;;;;;;
9401801000;HS10;Autres sieges chaises en matieres plastiques;Autres sieges chaises en matieres plastiques;Ameublement;30.0;2.0;;19.0;;=;51.0
9401802000;HS10;Autres sieges tabourets en matieres plastiques;Autres sieges tabourets en matieres plastiques;Ameublement;30.0;2.0;;19.0;;=;51.0
9401809000;HS10;Autres sièges - Autre;Seats - Other;Ameublement;30.0;2.0;;19.0;;=;51.0
940191;HS6;En bois;Seats;;;;;;;;
9401911000;HS10;Parties en bois dossiers fonds et accoudoirs;Parties en bois dossiers fonds et accoudoirs;Ameublement;30.0;2.0;;19.0;;=;51.0
9401912000;HS10;En bois;Seats;Ameublement;30.0;2.0;;19.0;;=;51.0
9401919000;HS10;En bois - Autre;Seats - Other;Ameublement;30.0;2.0;;19.0;;=;51.0
940199;HS6;Autres;Seats;;;;;;;;
9401991000;HS10;Parties autres en metal;Parties autres en metal;Ameublement;30.0;2.0;;19.0;;=;51.0
9401992000;HS10;Parties autres en plastique;Parties autres en plastique;Ameublement;30.0;2.0;;19.0;;=;51.0
9401999000;HS10;Autres - Autre;Seats - Other;Ameublement;30.0;2.0;;19.0;;=;51.0
9402;RANGEE 02;"Furniture; medical, surgical, dental or veterinary (e.g. operating tables, hospital beds, dentists' chairs) barbers' chairs; parts";;;;;;;;;
940210;HS6;Fauteuils de dentistes;Chairs;;;;;;;;
9402101000;HS10;Fauteuils de dentistes fauteuils pour salons de coiffure et fauteuils similaires et leurs parties fauteuils de dentistes;Fauteuils de dentistes fauteuils pour salons de coiffure et fauteuils similaires et leurs parties fauteuils de dentistes;Ameublement;30.0;2.0;;19.0;;=;51.0
9402102000;HS10;Fauteuils de dentistes fauteuils pour salons de coiffure et fauteuils similaires et leurs parties fauteuils pour salons de coiffure;Fauteuils de dentistes fauteuils pour salons de coiffure et fauteuils similaires et leurs parties fauteuils pour salons de coiffure;Ameublement;30.0;2.0;;19.0;;=;51.0
9402109000;HS10;Fauteuils de dentistes - Autre;Chairs - Other;Ameublement;30.0;2.0;;19.0;;=;51.0
940290;HS6;Autres;Furniture;;;;;;;;
9402901000;HS10;Autres lits orthopediques a mecanisme pour usages cliniques;Autres lits orthopediques a mecanisme pour usages cliniques;Ameublement;30.0;2.0;;19.0;;=;51.0
9402902000;HS10;Autres tables doperation dexamen et similaires;Autres tables doperation dexamen et similaires;Ameublement;30.0;2.0;;19.0;;=;51.0
9402909000;HS10;Autres - Autre;Furniture - Other;Ameublement;30.0;2.0;;19.0;;=;51.0
9403;RANGEE 03;Furniture and parts thereof, n.e.c. in chapter 94;;;;;;;;;
940310;HS6;Meubles en métal des types utilisés dans les bureaux;Furniture;;;;;;;;
9403101000;HS10;Meubles en metal des types utilises dans les bureaux bureaux;Meubles en metal des types utilises dans les bureaux bureaux;Ameublement;30.0;2.0;;19.0;;=;51.0
9403102000;HS10;Meubles en metal des types utilises dans les bureaux armoires;Meubles en metal des types utilises dans les bureaux armoires;Ameublement;30.0;2.0;;19.0;;=;51.0
9403109000;HS10;Meubles en métal des types utilisés dans les bureaux - Autre;Furniture - Other;Ameublement;30.0;2.0;;19.0;;=;51.0
940320;HS6;Autres meubles en métal;Furniture;;;;;;;;
9403201000;HS10;Autres meubles en metal lits et couchettes;Autres meubles en metal lits et couchettes;Ameublement;30.0;2.0;;19.0;;=;51.0
9403202000;HS10;Autres meubles en metal armoires;Autres meubles en metal armoires;Ameublement;30.0;2.0;;19.0;;=;51.0
9403209000;HS10;Autres meubles en métal - Autre;Furniture - Other;Ameublement;30.0;2.0;;19.0;;=;51.0
940330;HS6;Meubles en bois des types utilisés dans les bureaux;Furniture;;;;;;;;
9403301000;HS10;Meubles en bois des types utilises dans les bureaux incrustes;Meubles en bois des types utilises dans les bureaux incrustes;Ameublement;30.0;2.0;;19.0;;=;51.0
9403302000;HS10;Meubles en bois des types utilisés dans les bureaux;Furniture;Ameublement;30.0;2.0;;19.0;;=;51.0
9403309000;HS10;Meubles en bois des types utilisés dans les bureaux - Autre;Furniture - Other;Ameublement;30.0;2.0;;19.0;;=;51.0
940340;HS6;Meubles en bois des types utilisés dans les cuisines;Furniture;;;;;;;;
9403401000;HS10;Meubles de cuisine en bois incrustés;Meubles de cuisine en bois incrustés;Ameublement;30.0;2.0;;19.0;;=;51.0
9403402000;HS10;Meubles en bois des types utilisés dans les cuisines;Furniture;Ameublement;30.0;2.0;;19.0;;=;51.0
9403409000;HS10;Meubles en bois des types utilisés dans les cuisines - Autre;Furniture - Other;Ameublement;30.0;2.0;;19.0;;=;51.0
940350;HS6;Meubles en bois des types utilisés dans les chambres à coucher;Furniture;;;;;;;;
9403501000;HS10;Meubles de chambre à coucher en bois incrustés;Meubles de chambre à coucher en bois incrustés;Ameublement;30.0;2.0;;19.0;;=;51.0
9403502000;HS10;Meubles en bois des types utilisés dans les chambres à coucher;Furniture;Ameublement;30.0;2.0;;19.0;;=;51.0
9403509000;HS10;Meubles en bois des types utilisés dans les chambres à coucher - Autre;Furniture - Other;Ameublement;30.0;2.0;;19.0;;=;51.0
940360;HS6;Autres meubles en bois;Furniture;;;;;;;;
9403601000;HS10;Autres meubles en bois incrustés;Autres meubles en bois incrustés;Ameublement;30.0;2.0;;19.0;;=;51.0
9403602000;HS10;Autres meubles en bois;Furniture;Ameublement;30.0;2.0;;19.0;;=;51.0
9403609000;HS10;Autres meubles en bois - Autre;Furniture - Other;Ameublement;30.0;2.0;;19.0;;=;51.0
940370;HS6;Meubles en matières plastiques;Furniture;;;;;;;;
9403701000;HS10;Tables en matières plastiques;Tables en matières plastiques;Ameublement;30.0;2.0;;19.0;;=;51.0
9403702000;HS10;Étagères en matières plastiques;Étagères en matières plastiques;Ameublement;30.0;2.0;;19.0;;=;51.0
9403709000;HS10;Meubles en matières plastiques - Autre;Furniture - Other;Ameublement;30.0;2.0;;19.0;;=;51.0
940382;HS6;En bambou;Furniture;;;;;;;;
9403821000;HS10;Meubles en bambou artisanaux;Meubles en bambou artisanaux;Ameublement;30.0;2.0;;19.0;;=;51.0
9403822000;HS10;En bambou;Furniture;Ameublement;30.0;2.0;;19.0;;=;51.0
9403829000;HS10;En bambou - Autre;Furniture - Other;Ameublement;30.0;2.0;;19.0;;=;51.0
940383;HS6;En rotin;Furniture;;;;;;;;
9403831000;HS10;Meubles en rotin artisanaux;Meubles en rotin artisanaux;Ameublement;30.0;2.0;;19.0;;=;51.0
9403832000;HS10;En rotin;Furniture;Ameublement;30.0;2.0;;19.0;;=;51.0
9403839000;HS10;En rotin - Autre;Furniture - Other;Ameublement;30.0;2.0;;19.0;;=;51.0
940389;HS6;Autres;Furniture;;;;;;;;
9403891000;HS10;Meubles en autres matières traditionnels;Meubles en autres matières traditionnels;Ameublement;30.0;2.0;;19.0;;=;51.0
9403892000;HS10;Autres;Furniture;Ameublement;30.0;2.0;;19.0;;=;51.0
9403899000;HS10;Autres - Autre;Furniture - Other;Ameublement;30.0;2.0;;19.0;;=;51.0
940390;HS6;Parties de meubles;Parts of furniture;;;;;;;;
9403900010;HS10;Parties de meubles - Usage spécifique;Parts of furniture - Specific use;Ameublement;30.0;2.0;;19.0;;=;51.0
9403900090;HS10;Parties de meubles - Autre usage;Parts of furniture - Other use;Ameublement;30.0;2.0;;19.0;;=;51.0
940391;HS6;En bois;Furniture;;;;;;;;
9403911000;HS10;En bois;Furniture;Ameublement;30.0;2.0;;19.0;;=;51.0
9403912000;HS10;En bois;Furniture;Ameublement;30.0;2.0;;19.0;;=;51.0
9403919000;HS10;En bois - Autre;Furniture - Other;Ameublement;30.0;2.0;;19.0;;=;51.0
940399;HS6;Autres;Furniture;;;;;;;;
9403991000;HS10;Parties de meubles en métal;Parties de meubles en métal;Ameublement;30.0;2.0;;19.0;;=;51.0
9403992000;HS10;Parties de meubles en matières plastiques;Parties de meubles en matières plastiques;Ameublement;30.0;2.0;;19.0;;=;51.0
9403999000;HS10;Autres - Autre;Furniture - Other;Ameublement;30.0;2.0;;19.0;;=;51.0
9404;RANGEE 04;"Mattress supports; articles of bedding (e.g. mattresses, quilts, eiderdowns, cushions pouffes and pillows), fitted with springs or stuffed, whether or not covered";;;;;;;;;
940410;HS6;Sommiers;Mattress supports;;;;;;;;
9404101000;HS10;Sommiers métalliques;Sommiers métalliques;Ameublement;30.0;2.0;;19.0;;=;51.0
9404102000;HS10;Sommiers;Mattress supports;Ameublement;30.0;2.0;;19.0;;=;51.0
9404109000;HS10;Sommiers - Autre;Mattress supports - Other;Ameublement;30.0;2.0;;19.0;;=;51.0
940421;HS6;En caoutchouc alvéolaire ou en matières plastiques alvéolaires;Mattresses;;;;;;;;
9404211000;HS10;Matelas en caoutchouc alvéolaire;Matelas en caoutchouc alvéolaire;Ameublement;30.0;2.0;;19.0;;=;51.0
9404212000;HS10;Matelas en matières plastiques alvéolaires;Matelas en matières plastiques alvéolaires;Ameublement;30.0;2.0;;19.0;;=;51.0
9404219000;HS10;En caoutchouc alvéolaire ou en matières plastiques alvéolaires - Autre;Mattresses - Other;Ameublement;30.0;2.0;;19.0;;=;51.0
940429;HS6;En autres matières;Mattresses;;;;;;;;
9404291000;HS10;Matelas à ressorts métalliques;Matelas à ressorts métalliques;Ameublement;30.0;2.0;;19.0;;=;51.0
9404292000;HS10;En autres matières;Mattresses;Ameublement;30.0;2.0;;19.0;;=;51.0
9404299000;HS10;En autres matières - Autre;Mattresses - Other;Ameublement;30.0;2.0;;19.0;;=;51.0
940430;HS6;Sacs de couchage;Sleeping bags;;;;;;;;
9404301000;HS10;Sacs de couchage;Sleeping bags;Ameublement;30.0;2.0;;19.0;;=;51.0
9404302000;HS10;Sacs de couchage;Sleeping bags;Ameublement;30.0;2.0;;19.0;;=;51.0
9404309000;HS10;Sacs de couchage - Autre;Sleeping bags - Other;Ameublement;30.0;2.0;;19.0;;=;51.0
940440;HS6;Couvre-pieds;Quilts;;;;;;;;
9404401000;HS10;Couvre-pieds;Quilts;Ameublement;30.0;2.0;;19.0;;=;51.0
9404402000;HS10;Couvre-pieds;Quilts;Ameublement;30.0;2.0;;19.0;;=;51.0
9404409000;HS10;Couvre-pieds - Autre;Quilts - Other;Ameublement;30.0;2.0;;19.0;;=;51.0
940490;HS6;Autres;Bedding and similar furnishing articles;;;;;;;;
9404901000;HS10;Protège matelas;Protège matelas;Ameublement;30.0;2.0;;19.0;;=;51.0
9404902000;HS10;Autres;Bedding and similar furnishing articles;Ameublement;30.0;2.0;;19.0;;=;51.0
9404909000;HS10;Autres - Autre;Bedding and similar furnishing articles - Other;Ameublement;30.0;2.0;;19.0;;=;51.0
9405;RANGEE 05;"Luminaires and light fittings; including searchlights, spotlights and parts thereof, n.e.c.; illuminated signs, name-plates and the like, having permanently fixed light source and parts thereof n.e.c. or included";;;;;;;;;
940511;HS6;Conçus pour être utilisés uniquement avec des sources lumineuses à diodes émettrices de lumière (LED);Luminaires and light fittings;;;;;;;;
9405111000;HS10;Luminaires led pour éclairage des champs opératoires;Luminaires led pour éclairage des champs opératoires;Ameublement;30.0;2.0;;19.0;;=;51.0
9405112000;HS10;Luminaires led pour éclairage domestique;Luminaires led pour éclairage domestique;Ameublement;30.0;2.0;;19.0;;=;51.0
9405119000;HS10;Conçus pour être utilisés uniquement avec des sources lumineuses à diodes émettrices de lumière (LED) - Autre;Luminaires and light fittings - Other;Ameublement;30.0;2.0;;19.0;;=;51.0
940519;HS6;Autres;Chandeliers and electric ceiling or wall light fittings;;;;;;;;
9405191000;HS10;Luminaires pour éclairage des champs opératoires autres que led;Luminaires pour éclairage des champs opératoires autres que led;Ameublement;30.0;2.0;;19.0;;=;51.0
9405192000;HS10;Luminaires domestiques autres que led;Luminaires domestiques autres que led;Ameublement;30.0;2.0;;19.0;;=;51.0
9405199000;HS10;Autres - Autre;Chandeliers and electric ceiling or wall light fittings - Other;Ameublement;30.0;2.0;;19.0;;=;51.0
940521;HS6;Conçus pour être utilisés uniquement avec des sources lumineuses à diodes émettrices de lumière (LED);Luminaires and light fittings;;;;;;;;
9405211000;HS10;Lampes de tablebureau led en plastique ou céramique;Lampes de tablebureau led en plastique ou céramique;Ameublement;30.0;2.0;;19.0;;=;51.0
9405212000;HS10;Conçus pour être utilisés uniquement avec des sources lumineuses à diodes émettrices de lumière (LED);Luminaires and light fittings;Ameublement;30.0;2.0;;19.0;;=;51.0
9405219000;HS10;Conçus pour être utilisés uniquement avec des sources lumineuses à diodes émettrices de lumière (LED) - Autre;Luminaires and light fittings - Other;Ameublement;30.0;2.0;;19.0;;=;51.0
940529;HS6;Autres;Luminaires and light fittings;;;;;;;;
9405291000;HS10;Autres;Luminaires and light fittings;Ameublement;30.0;2.0;;19.0;;=;51.0
9405292000;HS10;Autres;Luminaires and light fittings;Ameublement;30.0;2.0;;19.0;;=;51.0
9405299000;HS10;Autres - Autre;Luminaires and light fittings - Other;Ameublement;30.0;2.0;;19.0;;=;51.0
940531;HS6;Conçues pour être utilisés uniquement avec des sources lumineuses à diodes émettrices de lumière (LED);Luminaires and light fittings;;;;;;;;
9405311000;HS10;Conçues pour être utilisés uniquement avec des sources lumineuses à diodes émettrices de lumière (LED);Luminaires and light fittings;Ameublement;30.0;2.0;;19.0;;=;51.0
9405312000;HS10;Conçues pour être utilisés uniquement avec des sources lumineuses à diodes émettrices de lumière (LED);Luminaires and light fittings;Ameublement;30.0;2.0;;19.0;;=;51.0
9405319000;HS10;Conçues pour être utilisés uniquement avec des sources lumineuses à diodes émettrices de lumière (LED) - Autre;Luminaires and light fittings - Other;Ameublement;30.0;2.0;;19.0;;=;51.0
940539;HS6;Autres;Luminaires and light fittings;;;;;;;;
9405391000;HS10;Autres;Luminaires and light fittings;Ameublement;30.0;2.0;;19.0;;=;51.0
9405392000;HS10;Autres;Luminaires and light fittings;Ameublement;30.0;2.0;;19.0;;=;51.0
9405399000;HS10;Autres - Autre;Luminaires and light fittings - Other;Ameublement;30.0;2.0;;19.0;;=;51.0
940541;HS6;Photovoltaïques;Luminaires and light fittings;;;;;;;;
9405411000;HS10;Luminaires photovoltaïques led pour champs opératoires;Luminaires photovoltaïques led pour champs opératoires;Ameublement;30.0;2.0;;19.0;;=;51.0
9405412000;HS10;Photovoltaïques;Luminaires and light fittings;Ameublement;30.0;2.0;;19.0;;=;51.0
9405419000;HS10;Photovoltaïques - Autre;Luminaires and light fittings - Other;Ameublement;30.0;2.0;;19.0;;=;51.0
940542;HS6;Autres;Luminaires and light fittings;;;;;;;;
9405421000;HS10;Luminaires led pour champs opératoires non photovoltaïques;Luminaires led pour champs opératoires non photovoltaïques;Ameublement;30.0;2.0;;19.0;;=;51.0
9405422000;HS10;Autres;Luminaires and light fittings;Ameublement;30.0;2.0;;19.0;;=;51.0
9405429000;HS10;Autres - Autre;Luminaires and light fittings - Other;Ameublement;30.0;2.0;;19.0;;=;51.0
940549;HS6;Autres;Luminaires and light fittings;;;;;;;;
9405491000;HS10;Luminaires pour éclairage des champs opératoires autres;Luminaires pour éclairage des champs opératoires autres;Ameublement;30.0;2.0;;19.0;;=;51.0
9405492000;HS10;Autres;Luminaires and light fittings;Ameublement;30.0;2.0;;19.0;;=;51.0
9405499000;HS10;Autres - Autre;Luminaires and light fittings - Other;Ameublement;30.0;2.0;;19.0;;=;51.0
940550;HS6;Luminaires et appareils d'éclairage non électriques;Luminaires and light fittings;;;;;;;;
9405501000;HS10;Luminaires non électriques à huile;Luminaires non électriques à huile;Ameublement;30.0;2.0;;19.0;;=;51.0
9405502000;HS10;Luminaires non électriques à essence;Luminaires non électriques à essence;Ameublement;30.0;2.0;;19.0;;=;51.0
9405509000;HS10;Luminaires et appareils d'éclairage non électriques - Autre;Luminaires and light fittings - Other;Ameublement;30.0;2.0;;19.0;;=;51.0
940561;HS6;Conçus pour être utilisés uniquement avec des sources lumineuses à diodes émettrices de lumière (LED);Luminaires;;;;;;;;
9405611000;HS10;Conçus pour être utilisés uniquement avec des sources lumineuses à diodes émettrices de lumière (LED);Luminaires;Ameublement;30.0;2.0;;19.0;;=;51.0
9405612000;HS10;Conçus pour être utilisés uniquement avec des sources lumineuses à diodes émettrices de lumière (LED);Luminaires;Ameublement;30.0;2.0;;19.0;;=;51.0
9405619000;HS10;Conçus pour être utilisés uniquement avec des sources lumineuses à diodes émettrices de lumière (LED) - Autre;Luminaires - Other;Ameublement;30.0;2.0;;19.0;;=;51.0
940569;HS6;Autres;Luminaires;;;;;;;;
9405691000;HS10;Autres;Luminaires;Ameublement;30.0;2.0;;19.0;;=;51.0
9405692000;HS10;Autres;Luminaires;Ameublement;30.0;2.0;;19.0;;=;51.0
9405699000;HS10;Autres - Autre;Luminaires - Other;Ameublement;30.0;2.0;;19.0;;=;51.0
940591;HS6;En verre;Lamps and light fittings;;;;;;;;
9405911000;HS10;En verre;Lamps and light fittings;Ameublement;30.0;2.0;;19.0;;=;51.0
9405912000;HS10;En verre;Lamps and light fittings;Ameublement;30.0;2.0;;19.0;;=;51.0
9405919000;HS10;En verre - Autre;Lamps and light fittings - Other;Ameublement;30.0;2.0;;19.0;;=;51.0
940592;HS6;En matières plastiques;Lamps and light fittings;;;;;;;;
9405921000;HS10;En matières plastiques;Lamps and light fittings;Ameublement;30.0;2.0;;19.0;;=;51.0
9405922000;HS10;En matières plastiques;Lamps and light fittings;Ameublement;30.0;2.0;;19.0;;=;51.0
9405929000;HS10;En matières plastiques - Autre;Lamps and light fittings - Other;Ameublement;30.0;2.0;;19.0;;=;51.0
940599;HS6;Autres;Lamps and light fittings;;;;;;;;
9405991000;HS10;Parties de luminaires en métal;Parties de luminaires en métal;Ameublement;30.0;2.0;;19.0;;=;51.0
9405992000;HS10;Autres;Lamps and light fittings;Ameublement;30.0;2.0;;19.0;;=;51.0
9405999000;HS10;Autres - Autre;Lamps and light fittings - Other;Ameublement;30.0;2.0;;19.0;;=;51.0
9406;RANGEE 06;"Buildings; prefabricated";;;;;;;;;
940610;HS6;En bois;Buildings;;;;;;;;
9406101000;HS10;Cabines sahariennes préfabriquées en bois;Cabines sahariennes préfabriquées en bois;Ameublement;30.0;2.0;;19.0;;=;51.0
9406102000;HS10;Chalets préfabriqués en bois;Chalets préfabriqués en bois;Ameublement;30.0;2.0;;19.0;;=;51.0
9406109000;HS10;En bois - Autre;Buildings - Other;Ameublement;30.0;2.0;;19.0;;=;51.0
940620;HS6;Unités de construction modulaires en acier;Buildings;;;;;;;;
9406201000;HS10;Unités de construction modulaires en acier;Buildings;Ameublement;30.0;2.0;;19.0;;=;51.0
9406202000;HS10;Unités de construction modulaires en acier;Buildings;Ameublement;30.0;2.0;;19.0;;=;51.0
9406209000;HS10;Unités de construction modulaires en acier - Autre;Buildings - Other;Ameublement;30.0;2.0;;19.0;;=;51.0
940690;HS6;Autres;Buildings;;;;;;;;
9406901000;HS10;Cabines sahariennes préfabriquées en autres matières;Cabines sahariennes préfabriquées en autres matières;Ameublement;30.0;2.0;;19.0;;=;51.0
9406902000;HS10;Chalets préfabriqués en autres matières;Chalets préfabriqués en autres matières;Ameublement;30.0;2.0;;19.0;;=;51.0
9406909000;HS10;Autres - Autre;Buildings - Other;Ameublement;30.0;2.0;;19.0;;=;51.0
CHAPITRE 95;CHAPITRE;Jouets, jeux, articles de sport;;;;;;;;;
9503;RANGEE 03;"Tricycles, scooters, pedal cars and similar wheeled toys; dolls' carriages; dolls; other toys; reduced-size (scale) models and similar recreational models, working or not; puzzles of all kinds";;;;;;;;;
950300;HS6;B) Autres;Tricycles;;;;;;;;
9503001000;HS10;B) Autres;Tricycles;Divers;30.0;2.0;;19.0;;910 Déclaration d'Importation du Produit | 210 Autorisation de Libre Circulation;51.0
9503002000;HS10;Poupees representant uniquement letre humain leurs parties et accessoires;Poupees representant uniquement letre humain leurs parties et accessoires;Divers;30.0;2.0;;19.0;;=;51.0
9503009000;HS10;B) Autres - Autre;Tricycles - Other;Divers;30.0;2.0;;19.0;;=;51.0
9504;RANGEE 04;Video game consoles and machines, articles for funfair, table or parlour games, including pintables, billiards, special tables for casino games and automatic bowling alley equipment;;;;;;;;;
950420;HS6;Billards de tout genre et leurs accessoires;Billiard articles and accessories of all kinds;;;;;;;;
9504201000;HS10;Billards de tout genre et leurs accessoires;Billiard articles and accessories of all kinds;Divers;30.0;2.0;;19.0;;=;51.0
9504202000;HS10;Billards de tout genre et leurs accessoires;Billiard articles and accessories of all kinds;Divers;30.0;2.0;;19.0;;=;51.0
9504209000;HS10;Billards de tout genre et leurs accessoires - Autre;Billiard articles and accessories of all kinds - Other;Divers;30.0;2.0;;19.0;;=;51.0
950430;HS6;Autres jeux fonctionnant par l'introduction d'une pièce de monnaie;Games;;;;;;;;
9504301000;HS10;Autres jeux fonctionnant par lintroduction dune piece de monnaie dun billet de banque dune carte bancaire dun jeton ou par tout autre moyen de paiement a lexclusion des jeux de quilles automatiques bowlings jeux avec ecran;Autres jeux fonctionnant par lintroduction dune piece de monnaie dun billet de banque dune carte bancaire dun jeton ou par tout autre moyen de paiement a lexclusion des jeux de quilles automatiques bowlings jeux avec ecran;Divers;30.0;2.0;;19.0;;=;51.0
9504302000;HS10;Autres jeux fonctionnant par lintroduction dune piece de monnaie dun billet de banque dune carte bancaire dun jeton ou par tout autre moyen de paiement a lexclusion des jeux de quilles automatiques bowlings autres jeux;Autres jeux fonctionnant par lintroduction dune piece de monnaie dun billet de banque dune carte bancaire dun jeton ou par tout autre moyen de paiement a lexclusion des jeux de quilles automatiques bowlings autres jeux;Divers;30.0;2.0;;19.0;;=;51.0
9504309000;HS10;Autres jeux fonctionnant par l'introduction d'une pièce de monnaie - Autre;Games - Other;Divers;30.0;2.0;;19.0;;=;51.0
950440;HS6;Cartes à jouer;Games;;;;;;;;
9504401000;HS10;Cartes à jouer;Games;Divers;30.0;2.0;;19.0;;=;51.0
9504402000;HS10;Cartes à jouer;Games;Divers;30.0;2.0;;19.0;;=;51.0
9504409000;HS10;Cartes à jouer - Autre;Games - Other;Divers;30.0;2.0;;19.0;;=;51.0
950450;HS6;Consoles et machines de jeux vidéo;Games;;;;;;;;
9504501000;HS10;Consoles et machines de jeux video autres que celles du n 950430 consoles et machines de jeux video;Consoles et machines de jeux video autres que celles du n 950430 consoles et machines de jeux video;Divers;30.0;2.0;;19.0;;=;51.0
9504502000;HS10;Consoles et machines de jeux video autres que celles du n 950430 parties et accessoires;Consoles et machines de jeux video autres que celles du n 950430 parties et accessoires;Divers;30.0;2.0;;19.0;;=;51.0
9504509000;HS10;Consoles et machines de jeux vidéo - Autre;Games - Other;Divers;30.0;2.0;;19.0;;=;51.0
950490;HS6;Autres :;Games;;;;;;;;
9504901000;HS10;Autres :;Games;Divers;30.0;2.0;;19.0;;=;51.0
9504902000;HS10;Autres tables de jeux spécialement conues pour cet usage;Autres tables de jeux specialement conues pour cet usage;Divers;30.0;2.0;;19.0;;=;51.0
9504909000;HS10;Autres : - Autre;Games - Other;Divers;30.0;2.0;;19.0;;=;51.0
9505;RANGEE 05;Festive, carnival or other entertainment articles, including conjuring tricks and novelty jokes;;;;;;;;;
950510;HS6;Articles pour fêtes de Noël;Christmas festivity articles;;;;;;;;
9505101000;HS10;Articles pour fêtes de Noël;Christmas festivity articles;Divers;30.0;2.0;;19.0;;=;51.0
9505102000;HS10;Articles pour fêtes de Noël;Christmas festivity articles;Divers;30.0;2.0;;19.0;;=;51.0
9505109000;HS10;Articles pour fêtes de Noël - Autre;Christmas festivity articles - Other;Divers;30.0;2.0;;19.0;;=;51.0
950590;HS6;Autres;Festive;;;;;;;;
9505901000;HS10;Autres articles de deguisement masques faux nez fausses oreilles fausses barbesfausses moustaches par exemple;Autres articles de deguisement masques faux nez fausses oreilles fausses barbesfausses moustaches par exemple;Divers;30.0;2.0;;19.0;;=;51.0
9505902000;HS10;Autres;Festive;Divers;30.0;2.0;;19.0;;=;51.0
9505909000;HS10;Autres - Autre;Festive - Other;Divers;30.0;2.0;;19.0;;=;51.0
9506;RANGEE 06;Gymnastics, athletics, other sports (including table tennis) or outdoor games equipment, n.e.c. in this chapter, swimming pools and paddling pools;;;;;;;;;
950611;HS6;Skis;Skis;;;;;;;;
9506111000;HS10;Skis;Skis;Divers;30.0;2.0;;19.0;;=;51.0
9506112000;HS10;Skis;Skis;Divers;30.0;2.0;;19.0;;=;51.0
9506119000;HS10;Skis - Autre;Skis - Other;Divers;30.0;2.0;;19.0;;=;51.0
950612;HS6;Fixations pour ski;Ski-fastenings (ski-bindings);;;;;;;;
9506121000;HS10;Fixations pour ski;Ski-fastenings (ski-bindings);Divers;30.0;2.0;;19.0;;=;51.0
9506122000;HS10;Fixations pour ski;Ski-fastenings (ski-bindings);Divers;30.0;2.0;;19.0;;=;51.0
9506129000;HS10;Fixations pour ski - Autre;Ski-fastenings (ski-bindings) - Other;Divers;30.0;2.0;;19.0;;=;51.0
950619;HS6;Autres;Snow-ski equipment;;;;;;;;
9506191000;HS10;Skis de neige et autre materiel pour la pratique du ski de neige autres batons de ski;Skis de neige et autre materiel pour la pratique du ski de neige autres batons de ski;Divers;30.0;2.0;;19.0;;=;51.0
9506192000;HS10;Autres;Snow-ski equipment;Divers;30.0;2.0;;19.0;;=;51.0
9506199000;HS10;Autres - Autre;Snow-ski equipment - Other;Divers;30.0;2.0;;19.0;;=;51.0
950621;HS6;Planches à voile;Sailboards;;;;;;;;
9506211000;HS10;Planches à voile;Sailboards;Divers;30.0;2.0;;19.0;;=;51.0
9506212000;HS10;Planches à voile;Sailboards;Divers;30.0;2.0;;19.0;;=;51.0
9506219000;HS10;Planches à voile - Autre;Sailboards - Other;Divers;30.0;2.0;;19.0;;=;51.0
950629;HS6;Autres;Water sport equipment;;;;;;;;
9506291000;HS10;Autres;Water sport equipment;Divers;30.0;2.0;;19.0;;=;51.0
9506292000;HS10;Autres;Water sport equipment;Divers;30.0;2.0;;19.0;;=;51.0
9506299000;HS10;Autres - Autre;Water sport equipment - Other;Divers;30.0;2.0;;19.0;;=;51.0
950631;HS6;Clubs complets;Golf clubs;;;;;;;;
9506311000;HS10;Clubs complets;Golf clubs;Divers;30.0;2.0;;19.0;;=;51.0
9506312000;HS10;Clubs complets;Golf clubs;Divers;30.0;2.0;;19.0;;=;51.0
9506319000;HS10;Clubs complets - Autre;Golf clubs - Other;Divers;30.0;2.0;;19.0;;=;51.0
950632;HS6;Balles;Golf balls;;;;;;;;
9506321000;HS10;Balles;Golf balls;Divers;30.0;2.0;;19.0;;=;51.0
9506322000;HS10;Balles;Golf balls;Divers;30.0;2.0;;19.0;;=;51.0
9506329000;HS10;Balles - Autre;Golf balls - Other;Divers;30.0;2.0;;19.0;;=;51.0
950639;HS6;Autres;Golf equipment;;;;;;;;
9506391000;HS10;Autres;Golf equipment;Divers;30.0;2.0;;19.0;;=;51.0
9506392000;HS10;Autres;Golf equipment;Divers;30.0;2.0;;19.0;;=;51.0
9506399000;HS10;Autres - Autre;Golf equipment - Other;Divers;30.0;2.0;;19.0;;=;51.0
950640;HS6;Articles et matériels pour le tennis de table;Table-tennis articles and equipment;;;;;;;;
9506401000;HS10;Articles et matériels pour le tennis de table;Table-tennis articles and equipment;Divers;30.0;2.0;;19.0;;=;51.0
9506402000;HS10;Articles et matériels pour le tennis de table;Table-tennis articles and equipment;Divers;30.0;2.0;;19.0;;=;51.0
9506409000;HS10;Articles et matériels pour le tennis de table - Autre;Table-tennis articles and equipment - Other;Divers;30.0;2.0;;19.0;;=;51.0
950651;HS6;Raquettes de tennis;Lawn-tennis rackets;;;;;;;;
9506511000;HS10;Raquettes de tennis;Lawn-tennis rackets;Divers;30.0;2.0;;19.0;;=;51.0
9506512000;HS10;Raquettes de tennis;Lawn-tennis rackets;Divers;30.0;2.0;;19.0;;=;51.0
9506519000;HS10;Raquettes de tennis - Autre;Lawn-tennis rackets - Other;Divers;30.0;2.0;;19.0;;=;51.0
950659;HS6;Autres;Tennis;;;;;;;;
9506591000;HS10;Autres;Tennis;Divers;30.0;2.0;;19.0;;=;51.0
9506592000;HS10;Autres;Tennis;Divers;30.0;2.0;;19.0;;=;51.0
9506599000;HS10;Autres - Autre;Tennis - Other;Divers;30.0;2.0;;19.0;;=;51.0
950661;HS6;Balles de tennis;Lawn-tennis balls;;;;;;;;
9506611000;HS10;Balles de tennis;Lawn-tennis balls;Divers;30.0;2.0;;19.0;;=;51.0
9506612000;HS10;Balles de tennis;Lawn-tennis balls;Divers;30.0;2.0;;19.0;;=;51.0
9506619000;HS10;Balles de tennis - Autre;Lawn-tennis balls - Other;Divers;30.0;2.0;;19.0;;=;51.0
950662;HS6;Gonflables;Balls;;;;;;;;
9506621000;HS10;Ballons et balles autres que les balles de golf ou de tennis de table gonflables ballons de basket ball ou de volley ball;Ballons et balles autres que les balles de golf ou de tennis de table gonflables ballons de basket ball ou de volley ball;Divers;30.0;2.0;;19.0;;=;51.0
9506622000;HS10;Ballons et balles autres que les balles de golf ou de tennis de table gonflables ballons de football;Ballons et balles autres que les balles de golf ou de tennis de table gonflables ballons de football;Divers;30.0;2.0;;19.0;;=;51.0
9506629000;HS10;Gonflables - Autre;Balls - Other;Divers;30.0;2.0;;19.0;;=;51.0
950669;HS6;Autres;Balls;;;;;;;;
9506691000;HS10;Ballons et balles autres que les balles de golf ou de tennis de table autres balles de cricket ou de polo;Ballons et balles autres que les balles de golf ou de tennis de table autres balles de cricket ou de polo;Divers;30.0;2.0;;19.0;;=;51.0
9506692000;HS10;Autres;Balls;Divers;30.0;2.0;;19.0;;=;51.0
9506699000;HS10;Autres - Autre;Balls - Other;Divers;30.0;2.0;;19.0;;=;51.0
950670;HS6;Patins à glace et patins à roulettes;Skates;;;;;;;;
9506701000;HS10;Patins a glace et patins a roulettes y compris les chaussures auxquelles sont fixes des patins patins a glace;Patins a glace et patins a roulettes y compris les chaussures auxquelles sont fixes des patins patins a glace;Divers;30.0;2.0;;19.0;;=;51.0
9506702000;HS10;Patins a glace et patins a roulettes y compris les chaussures auxquelles sont fixes des patins patins a roulettes;Patins a glace et patins a roulettes y compris les chaussures auxquelles sont fixes des patins patins a roulettes;Divers;30.0;2.0;;19.0;;=;51.0
9506709000;HS10;Patins à glace et patins à roulettes - Autre;Skates - Other;Divers;30.0;2.0;;19.0;;=;51.0
950691;HS6;Articles et matériel pour la culture physique;Athletics and gymnastics equipment;;;;;;;;
9506911000;HS10;Autres articles et materiel pour la culture physique la gymnastique ou lathletisme bicyclettes dexercices;Autres articles et materiel pour la culture physique la gymnastique ou lathletisme bicyclettes dexercices;Divers;30.0;2.0;;19.0;;=;51.0
9506912000;HS10;Autres articles et materiel pour la culture physique la gymnastique ou lathletisme trampolines;Autres articles et materiel pour la culture physique la gymnastique ou lathletisme trampolines;Divers;30.0;2.0;;19.0;;=;51.0
9506919000;HS10;Articles et matériel pour la culture physique - Autre;Athletics and gymnastics equipment - Other;Divers;30.0;2.0;;19.0;;=;51.0
950699;HS6;Autres;Equipment for outdoor games and recreation n.e.c. in heading no. 9506;;;;;;;;
9506991000;HS10;Autres autres articles pour le tir a larbalete et a larc;Autres autres articles pour le tir a larbalete et a larc;Divers;30.0;2.0;;19.0;;=;51.0
9506992000;HS10;Autres autres piscines ou pataugeoires;Autres autres piscines ou pataugeoires;Divers;30.0;2.0;;19.0;;=;51.0
9506999000;HS10;Autres - Autre;Equipment for outdoor games and recreation n.e.c. in heading no. 9506 - Other;Divers;30.0;2.0;;19.0;;=;51.0
9507;RANGEE 07;"Fishing rods, fish-hooks and other line fishing tackle; fish landing nets and the like; decoy birds (not those of heading no. 9208 or 9705) and similar hunting or shooting requisites";;;;;;;;;
950710;HS6;Cannes à pêche;Fishing rods;;;;;;;;
9507101000;HS10;Cannes à pêche;Fishing rods;Divers;30.0;2.0;;19.0;;=;51.0
9507102000;HS10;Cannes à pêche;Fishing rods;Divers;30.0;2.0;;19.0;;=;51.0
9507109000;HS10;Cannes à pêche - Autre;Fishing rods - Other;Divers;30.0;2.0;;19.0;;=;51.0
950720;HS6;Hameçons;Fish-hooks;;;;;;;;
9507201000;HS10;Hameons meme montes sur avanons montes;Hameons meme montes sur avanons montes;Divers;30.0;2.0;;19.0;;=;51.0
9507202000;HS10;Hameons meme montes sur avanons non montes;Hameons meme montes sur avanons non montes;Divers;30.0;2.0;;19.0;;=;51.0
9507209000;HS10;Hameçons - Autre;Fish-hooks - Other;Divers;30.0;2.0;;19.0;;=;51.0
950730;HS6;Moulinets pour la pêche;Fishing reels;;;;;;;;
9507301000;HS10;Moulinets pour la pêche;Fishing reels;Divers;30.0;2.0;;19.0;;=;51.0
9507302000;HS10;Moulinets pour la pêche;Fishing reels;Divers;30.0;2.0;;19.0;;=;51.0
9507309000;HS10;Moulinets pour la pêche - Autre;Fishing reels - Other;Divers;30.0;2.0;;19.0;;=;51.0
950790;HS6;Autres;Fishing tackle n.e.c.;;;;;;;;
9507901000;HS10;Autres epuisettes;Autres epuisettes;Divers;30.0;2.0;;19.0;;=;51.0
9507902000;HS10;Autres;Fishing tackle n.e.c.;Divers;30.0;2.0;;19.0;;=;51.0
9507909000;HS10;Autres - Autre;Fishing tackle n.e.c. - Other;Divers;30.0;2.0;;19.0;;=;51.0
9508;RANGEE 08;Travelling circuses and travelling menageries, amusement park rides and water park amusements, fairground amusements, including shooting galleries and travelling theatres;;;;;;;;;
950810;HS6;Cirques ambulants et ménageries ambulantes;Travelling circuses and travelling menageries;;;;;;;;
9508101000;HS10;Cirques ambulants et ménageries ambulantes;Travelling circuses and travelling menageries;Divers;30.0;2.0;;19.0;;=;51.0
9508102000;HS10;Cirques ambulants et ménageries ambulantes;Travelling circuses and travelling menageries;Divers;30.0;2.0;;19.0;;=;51.0
9508109000;HS10;Cirques ambulants et ménageries ambulantes - Autre;Travelling circuses and travelling menageries - Other;Divers;30.0;2.0;;19.0;;=;51.0
950821;HS6;Montagnes russes;Amusement park rides and water park amusements;;;;;;;;
9508211000;HS10;Montagnes russes;Amusement park rides and water park amusements;Divers;30.0;2.0;;19.0;;=;51.0
9508212000;HS10;Montagnes russes;Amusement park rides and water park amusements;Divers;30.0;2.0;;19.0;;=;51.0
9508219000;HS10;Montagnes russes - Autre;Amusement park rides and water park amusements - Other;Divers;30.0;2.0;;19.0;;=;51.0
950822;HS6;Carrousels;Amusement park rides and water park amusements;;;;;;;;
9508221000;HS10;Carrousels;Amusement park rides and water park amusements;Divers;30.0;2.0;;19.0;;=;51.0
9508222000;HS10;Carrousels;Amusement park rides and water park amusements;Divers;30.0;2.0;;19.0;;=;51.0
9508229000;HS10;Carrousels - Autre;Amusement park rides and water park amusements - Other;Divers;30.0;2.0;;19.0;;=;51.0
950823;HS6;Autos tamponneuses;Amusement park rides and water park amusements;;;;;;;;
9508231000;HS10;Autos tamponneuses;Amusement park rides and water park amusements;Divers;30.0;2.0;;19.0;;=;51.0
9508232000;HS10;Autos tamponneuses;Amusement park rides and water park amusements;Divers;30.0;2.0;;19.0;;=;51.0
9508239000;HS10;Autos tamponneuses - Autre;Amusement park rides and water park amusements - Other;Divers;30.0;2.0;;19.0;;=;51.0
950824;HS6;Simulateurs de mouvements et cinémas dynamiques;Amusement park rides and water park amusements;;;;;;;;
9508241000;HS10;Simulateurs de mouvements et cinémas dynamiques;Amusement park rides and water park amusements;Divers;30.0;2.0;;19.0;;=;51.0
9508242000;HS10;Simulateurs de mouvements et cinémas dynamiques;Amusement park rides and water park amusements;Divers;30.0;2.0;;19.0;;=;51.0
9508249000;HS10;Simulateurs de mouvements et cinémas dynamiques - Autre;Amusement park rides and water park amusements - Other;Divers;30.0;2.0;;19.0;;=;51.0
950825;HS6;Manèges aquatiques;Amusement park rides and water park amusements;;;;;;;;
9508251000;HS10;Manèges aquatiques;Amusement park rides and water park amusements;Divers;30.0;2.0;;19.0;;=;51.0
9508252000;HS10;Manèges aquatiques;Amusement park rides and water park amusements;Divers;30.0;2.0;;19.0;;=;51.0
9508259000;HS10;Manèges aquatiques - Autre;Amusement park rides and water park amusements - Other;Divers;30.0;2.0;;19.0;;=;51.0
950826;HS6;Attractions de parcs aquatiques;Amusement park rides and water park amusements;;;;;;;;
9508261000;HS10;Attractions de parcs aquatiques;Amusement park rides and water park amusements;Divers;30.0;2.0;;19.0;;=;51.0
9508262000;HS10;Attractions de parcs aquatiques;Amusement park rides and water park amusements;Divers;30.0;2.0;;19.0;;=;51.0
9508269000;HS10;Attractions de parcs aquatiques - Autre;Amusement park rides and water park amusements - Other;Divers;30.0;2.0;;19.0;;=;51.0
950829;HS6;Autres;Amusement park rides and water park amusements;;;;;;;;
9508291000;HS10;Autres;Amusement park rides and water park amusements;Divers;30.0;2.0;;19.0;;=;51.0
9508292000;HS10;Autres;Amusement park rides and water park amusements;Divers;30.0;2.0;;19.0;;=;51.0
9508299000;HS10;Autres - Autre;Amusement park rides and water park amusements - Other;Divers;30.0;2.0;;19.0;;=;51.0
950830;HS6;Attractions foraines;Fairground amusements;;;;;;;;
9508301000;HS10;Attractions foraines stands de tir;Attractions foraines stands de tir;Divers;30.0;2.0;;19.0;;=;51.0
9508302000;HS10;Attractions foraines;Fairground amusements;Divers;30.0;2.0;;19.0;;=;51.0
9508309000;HS10;Attractions foraines - Autre;Fairground amusements - Other;Divers;30.0;2.0;;19.0;;=;51.0
950840;HS6;Théâtres ambulants;Travelling theatres;;;;;;;;
9508401000;HS10;Théâtres ambulants;Travelling theatres;Divers;30.0;2.0;;19.0;;=;51.0
9508402000;HS10;Théâtres ambulants;Travelling theatres;Divers;30.0;2.0;;19.0;;=;51.0
9508409000;HS10;Théâtres ambulants - Autre;Travelling theatres - Other;Divers;30.0;2.0;;19.0;;=;51.0
CHAPITRE 96;CHAPITRE;Ouvrages divers;;;;;;;;;
9601;RANGEE 01;"Ivory, bone, tortoise-shell, horn, antlers, coral, mother-of-pearl and other animal carving material and articles of these materials; worked, (including articles obtained by moulding)";;;;;;;;;
960110;HS6;Ivoire travaillé et ouvrages en ivoire;Ivory and articles thereof;;;;;;;;
9601101000;HS10;Ivoire travaillé et ouvrages en ivoire;Ivory and articles thereof;Divers;30.0;2.0;;19.0;;910 Déclaration d'Importation du Produit | 210 Autorisation de Libre Circulation;51.0
9601102000;HS10;Ivoire travaillé et ouvrages en ivoire;Ivory and articles thereof;Divers;30.0;2.0;;19.0;;=;51.0
9601109000;HS10;Ivoire travaillé et ouvrages en ivoire - Autre;Ivory and articles thereof - Other;Divers;30.0;2.0;;19.0;;=;51.0
960190;HS6;Autres;Bone;;;;;;;;
9601901000;HS10;Autres ecaille travaillee et ouvragesen ecaille;Autres ecaille travaillee et ouvragesen ecaille;Divers;30.0;2.0;;19.0;;=;51.0
9601902000;HS10;Autres nacre travaillee et ouvrages en nacre;Autres nacre travaillee et ouvrages en nacre;Divers;30.0;2.0;;19.0;;=;51.0
9601909000;HS10;Autres - Autre;Bone - Other;Divers;30.0;2.0;;19.0;;=;51.0
9602;RANGEE 02;Vegetable, mineral carving material and articles of these materials, moulded or carved articles of wax, stearin, natural gums, resins or modelling pastes, worked unhardened gelatin (not heading no. 3503);;;;;;;;;
960200;HS6;Matières végétales ou minérales à tailler;ouvrages moulés ou taillés en cire;;;;;;;;
9602001000;HS10;Matieres vegetales ou minerales a tailler travaillees et ouvrages en ces matieres;Matieres vegetales ou minerales a tailler travaillees et ouvrages en ces matieres;Divers;30.0;2.0;;19.0;;=;51.0
9602002000;HS10;Ouvrages moules ou tailles en cire en paraffine en stearine en gommes ou resines naturelles en pates a modeler et autres ouvrages moules ou tailles non denommes ni compris ailleurs;Ouvrages moules ou tailles en cire en paraffine en stearine en gommes ou resines naturelles en pates a modeler et autres ouvrages moules ou tailles non denommes ni compris ailleurs;Divers;30.0;2.0;;19.0;;=;51.0
9602009000;HS10;Matières végétales ou minérales à tailler - Autre;ouvrages moulés ou taillés en cire - Other;Divers;30.0;2.0;;19.0;;=;51.0
9603;RANGEE 03;"Brooms, brushes (including parts of machines), hand operated floor sweepers, mops and feather dusters; knots and tufts for broom or brush making; paint pads and rollers; squeegees";;;;;;;;;
960310;HS6;Balais et balayettes consistant en brindilles ou autres matières végétales en bottes liées;Brooms and brushes;;;;;;;;
9603101000;HS10;Balais et balayettes consistant en brindilles ou autres matières végétales en bottes liées;Brooms and brushes;Divers;30.0;2.0;;19.0;;=;51.0
9603102000;HS10;Balais et balayettes consistant en brindilles ou autres matières végétales en bottes liées;Brooms and brushes;Divers;30.0;2.0;;19.0;;=;51.0
9603109000;HS10;Balais et balayettes consistant en brindilles ou autres matières végétales en bottes liées - Autre;Brooms and brushes - Other;Divers;30.0;2.0;;19.0;;=;51.0
960321;HS6;Brosses à dents;Brushes;;;;;;;;
9603211000;HS10;Brosses à dents;Brushes;Divers;30.0;2.0;;19.0;;=;51.0
9603212000;HS10;Brosses à dents;Brushes;Divers;30.0;2.0;;19.0;;=;51.0
9603219000;HS10;Brosses à dents - Autre;Brushes - Other;Divers;30.0;2.0;;19.0;;=;51.0
960329;HS6;Autres;Brushes;;;;;;;;
9603291000;HS10;Brosses a dents brosses et pinceaux a barbe a cheveux a cils ou a ongles et autres brosses pour la toilette des personnes y compris ceux constituant des parties dappareils autres constituant des partiesdappareils;Brosses a dents brosses et pinceaux a barbe a cheveux a cils ou a ongles et autres brosses pour la toilette des personnes y compris ceux constituant des parties dappareils autres constituant des partiesdappareils;Divers;30.0;2.0;;19.0;;=;51.0
9603292000;HS10;Autres;Brushes;Divers;30.0;2.0;;19.0;;=;51.0
9603299000;HS10;Autres - Autre;Brushes - Other;Divers;30.0;2.0;;19.0;;=;51.0
960330;HS6;Pinceaux et brosses pour artistes;Brushes;;;;;;;;
9603301000;HS10;Pinceaux et brosses pour artistes pinceaux a ecrire et pinceaux similaires pour lapplication des produits cosmetiques pinceaux et brosses pour artisteset pinceaux a ecrire;Pinceaux et brosses pour artistes pinceaux a ecrire et pinceaux similaires pour lapplication des produits cosmetiques pinceaux et brosses pour artisteset pinceaux a ecrire;Divers;30.0;2.0;;19.0;;=;51.0
9603302000;HS10;Pinceaux et brosses pour artistes pinceaux a ecrire et pinceaux similaires pour lapplication des produits cosmetiques pinceaux pour lapplication des produits cosmetiques;Pinceaux et brosses pour artistes pinceaux a ecrire et pinceaux similaires pour lapplication des produits cosmetiques pinceaux pour lapplication des produits cosmetiques;Divers;30.0;2.0;;19.0;;=;51.0
9603309000;HS10;Pinceaux et brosses pour artistes - Autre;Brushes - Other;Divers;30.0;2.0;;19.0;;=;51.0
960340;HS6;Brosses et pinceaux à peindre;tampons et rouleaux à peindre;;;;;;;;
9603401000;HS10;Brosses et pinceaux a peindre a badigeonner a vernir ou similaires autres que les pinceaux du n 960330 tampons et rouleaux a peindre brosses et pinceaux a peindre a badigeonner a vernir ou similaires;Brosses et pinceaux a peindre a badigeonner a vernir ou similaires autres que les pinceaux du n 960330 tampons et rouleaux a peindre brosses et pinceaux a peindre a badigeonner a vernir ou similaires;Divers;30.0;2.0;;19.0;;=;51.0
9603402000;HS10;Brosses et pinceaux a peindre a badigeonner a vernir ou similaires autres que les pinceaux du n 960330 tampons et rouleaux a peindre tampons et rouleaux a peindre;Brosses et pinceaux a peindre a badigeonner a vernir ou similaires autres que les pinceaux du n 960330 tampons et rouleaux a peindre tampons et rouleaux a peindre;Divers;30.0;2.0;;19.0;;=;51.0
9603409000;HS10;Brosses et pinceaux à peindre - Autre;tampons et rouleaux à peindre - Other;Divers;30.0;2.0;;19.0;;=;51.0
960350;HS6;Autres brosses constituant des parties de machines;Brushes;;;;;;;;
9603501000;HS10;Autres brosses constituant des parties de machines;Brushes;Divers;30.0;2.0;;19.0;;=;51.0
9603502000;HS10;Autres brosses constituant des parties de machines;Brushes;Divers;30.0;2.0;;19.0;;=;51.0
9603509000;HS10;Autres brosses constituant des parties de machines - Autre;Brushes - Other;Divers;30.0;2.0;;19.0;;=;51.0
960390;HS6;Autres;Brooms;;;;;;;;
9603901000;HS10;Autres balais mécaniques pour emploi a la main autres qua moteur;Autres balais mecaniques pour emploi a la main autres qua moteur;Divers;30.0;2.0;;19.0;;=;51.0
9603902000;HS10;Autres brosses a habits a chapeaux a chaussures a peignes;Autres brosses a habits a chapeaux a chaussures a peignes;Divers;30.0;2.0;;19.0;;=;51.0
9603909000;HS10;Autres - Autre;Brooms - Other;Divers;30.0;2.0;;19.0;;=;51.0
9604;RANGEE 04;Hand sieves and hand riddles;;;;;;;;;
960400;HS6;Tamis et cribles;Hand sieves and hand riddles;;;;;;;;
9604001000;HS10;Tamis et cribles a main fixee sur un cadre en bois;Tamis et cribles a main fixee sur un cadre en bois;Divers;30.0;2.0;;19.0;;=;51.0
9604002000;HS10;Tamis et cribles a main fixee sur un cadre en metal;Tamis et cribles a main fixee sur un cadre en metal;Divers;30.0;2.0;;19.0;;=;51.0
9604009000;HS10;Tamis et cribles - Autre;Hand sieves and hand riddles - Other;Divers;30.0;2.0;;19.0;;=;51.0
9605;RANGEE 05;"Travel sets; for personal toilet, sewing, shoe or clothes cleaning";;;;;;;;;
960500;HS6;Assortiments de voyage pour la toilette des personnes;Travel sets;;;;;;;;
9605001000;HS10;Necessaires de toilette;Necessaires de toilette;Divers;30.0;2.0;;19.0;;=;51.0
9605002000;HS10;Necessaires de couture;Necessaires de couture;Divers;30.0;2.0;;19.0;;=;51.0
9605009000;HS10;Assortiments de voyage pour la toilette des personnes - Autre;Travel sets - Other;Divers;30.0;2.0;;19.0;;=;51.0
9606;RANGEE 06;"Buttons, press-fasteners, snap-fasteners and press-studs, button moulds and other parts of these articles; button blanks";;;;;;;;;
960610;HS6;Boutons-pressions et leurs parties;Press-fasteners;;;;;;;;
9606101000;HS10;Boutons pression et leurs parties boutons pression;Boutons pression et leurs parties boutons pression;Divers;30.0;2.0;;19.0;;=;51.0
9606102000;HS10;Boutons pression et leurs parties parties;Boutons pression et leurs parties parties;Divers;30.0;2.0;;19.0;;=;51.0
9606109000;HS10;Boutons-pressions et leurs parties - Autre;Press-fasteners - Other;Divers;30.0;2.0;;19.0;;=;51.0
960621;HS6;En matières plastiques;Buttons;;;;;;;;
9606211000;HS10;En matières plastiques;Buttons;Divers;30.0;2.0;;19.0;;=;51.0
9606212000;HS10;En matières plastiques;Buttons;Divers;30.0;2.0;;19.0;;=;51.0
9606219000;HS10;En matières plastiques - Autre;Buttons - Other;Divers;30.0;2.0;;19.0;;=;51.0
960622;HS6;En métaux communs;Buttons;;;;;;;;
9606221000;HS10;En métaux communs;Buttons;Divers;30.0;2.0;;19.0;;=;51.0
9606222000;HS10;En métaux communs;Buttons;Divers;30.0;2.0;;19.0;;=;51.0
9606229000;HS10;En métaux communs - Autre;Buttons - Other;Divers;30.0;2.0;;19.0;;=;51.0
960629;HS6;Autres;Buttons;;;;;;;;
9606291000;HS10;Autres;Buttons;Divers;30.0;2.0;;19.0;;=;51.0
9606292000;HS10;Autres;Buttons;Divers;30.0;2.0;;19.0;;=;51.0
9606299000;HS10;Autres - Autre;Buttons - Other;Divers;30.0;2.0;;19.0;;=;51.0
960630;HS6;Formes pour boutons et autres parties de boutons;ébauches de boutons;;;;;;;;
9606301000;HS10;Formes pour boutons et autres parties de boutons ebauches de boutons ebauches et formes de boutons;Formes pour boutons et autres parties de boutons ebauches de boutons ebauches et formes de boutons;Divers;30.0;2.0;;19.0;;=;51.0
9606302000;HS10;Formes pour boutons et autres parties de boutons ebauches de boutons parties;Formes pour boutons et autres parties de boutons ebauches de boutons parties;Divers;30.0;2.0;;19.0;;=;51.0
9606309000;HS10;Formes pour boutons et autres parties de boutons - Autre;ébauches de boutons - Other;Divers;30.0;2.0;;19.0;;=;51.0
9607;RANGEE 07;Slide fasteners and parts thereof;;;;;;;;;
960711;HS6;Avec agrafes en métaux communs;Slide fasteners;;;;;;;;
9607111000;HS10;Avec agrafes en métaux communs;Slide fasteners;Divers;30.0;2.0;;19.0;;=;51.0
9607112000;HS10;Avec agrafes en métaux communs;Slide fasteners;Divers;30.0;2.0;;19.0;;=;51.0
9607119000;HS10;Avec agrafes en métaux communs - Autre;Slide fasteners - Other;Divers;30.0;2.0;;19.0;;=;51.0
960719;HS6;Autres;Slide fasteners;;;;;;;;
9607191000;HS10;Fermetures a glissiere autres avec agrafes en matieres plastiques;Fermetures a glissiere autres avec agrafes en matieres plastiques;Divers;30.0;2.0;;19.0;;=;51.0
9607192000;HS10;Autres;Slide fasteners;Divers;30.0;2.0;;19.0;;=;51.0
9607199000;HS10;Autres - Autre;Slide fasteners - Other;Divers;30.0;2.0;;19.0;;=;51.0
960720;HS6;Parties;Slide fasteners;;;;;;;;
9607201000;HS10;Parties rubans munis dagrafes;Parties rubans munis dagrafes;Divers;30.0;2.0;;19.0;;=;51.0
9607202000;HS10;Parties curseurs;Parties curseurs;Divers;30.0;2.0;;19.0;;=;51.0
9607209000;HS10;Parties - Autre;Slide fasteners - Other;Divers;30.0;2.0;;19.0;;=;51.0
9608;RANGEE 08;"Pens; ball-point, felt tipped, other porous tipped pens; fountain pens, stylograph pens duplicating stylos, propelling or sliding pencils; parts of the foregoing, excluding those of heading no. 9609";;;;;;;;;
960810;HS6;Stylos et crayons à bille;Pens;;;;;;;;
9608101000;HS10;Stylos et crayons a bille a encre liquide;Stylos et crayons a bille a encre liquide;Divers;30.0;2.0;;19.0;;=;51.0
9608102000;HS10;Stylos et crayons à bille;Pens;Divers;30.0;2.0;;19.0;;=;51.0
9608109000;HS10;Stylos et crayons à bille - Autre;Pens - Other;Divers;30.0;2.0;;19.0;;=;51.0
960820;HS6;Stylos et marqueurs à mèche feutre ou à autres pointes poreuses;Pens;;;;;;;;
9608201000;HS10;Stylos et marqueurs à mèche feutre ou à autres pointes poreuses;Pens;Divers;30.0;2.0;;19.0;;=;51.0
9608202000;HS10;Stylos et marqueurs à mèche feutre ou à autres pointes poreuses;Pens;Divers;30.0;2.0;;19.0;;=;51.0
9608209000;HS10;Stylos et marqueurs à mèche feutre ou à autres pointes poreuses - Autre;Pens - Other;Divers;30.0;2.0;;19.0;;=;51.0
960830;HS6;Stylos à plume et autres stylos;Pens;;;;;;;;
9608301000;HS10;Stylos à plume et autres stylos;Pens;Divers;30.0;2.0;;19.0;;=;51.0
9608302000;HS10;Stylos à plume et autres stylos;Pens;Divers;30.0;2.0;;19.0;;=;51.0
9608309000;HS10;Stylos à plume et autres stylos - Autre;Pens - Other;Divers;30.0;2.0;;19.0;;=;51.0
960840;HS6;Porte-mine;Pencils;;;;;;;;
9608401000;HS10;Porte-mine;Pencils;Divers;30.0;2.0;;19.0;;=;51.0
9608402000;HS10;Porte-mine;Pencils;Divers;30.0;2.0;;19.0;;=;51.0
9608409000;HS10;Porte-mine - Autre;Pencils - Other;Divers;30.0;2.0;;19.0;;=;51.0
960850;HS6;Assortiments d'articles relevant d'au moins deux des sous-positions précitées;Pen and pencil sets;;;;;;;;
9608501000;HS10;Assortiments d'articles relevant d'au moins deux des sous-positions précitées;Pen and pencil sets;Divers;30.0;2.0;;19.0;;=;51.0
9608502000;HS10;Assortiments d'articles relevant d'au moins deux des sous-positions précitées;Pen and pencil sets;Divers;30.0;2.0;;19.0;;=;51.0
9608509000;HS10;Assortiments d'articles relevant d'au moins deux des sous-positions précitées - Autre;Pen and pencil sets - Other;Divers;30.0;2.0;;19.0;;=;51.0
960860;HS6;Cartouches de rechanges pour stylos ou crayons à bille;Pens;;;;;;;;
9608601000;HS10;Cartouches de rechanges pour stylos ou crayons à bille;Pens;Divers;30.0;2.0;;19.0;;=;51.0
9608602000;HS10;Cartouches de rechanges pour stylos ou crayons à bille;Pens;Divers;30.0;2.0;;19.0;;=;51.0
9608609000;HS10;Cartouches de rechanges pour stylos ou crayons à bille - Autre;Pens - Other;Divers;30.0;2.0;;19.0;;=;51.0
960891;HS6;Plumes à écrire et becs de plumes;Pens;;;;;;;;
9608911000;HS10;Autres plumes a ecrire et becs pour plumes plumes a ecrire;Autres plumes a ecrire et becs pour plumes plumes a ecrire;Divers;30.0;2.0;;19.0;;=;51.0
9608912000;HS10;Autres plumes a ecrire et becs pour plumes becs pour plumes;Autres plumes a ecrire et becs pour plumes becs pour plumes;Divers;30.0;2.0;;19.0;;=;51.0
9608919000;HS10;Plumes à écrire et becs de plumes - Autre;Pens - Other;Divers;30.0;2.0;;19.0;;=;51.0
960899;HS6;Autres;Pens and pencils;;;;;;;;
9608991000;HS10;Autres;Pens and pencils;Divers;30.0;2.0;;19.0;;=;51.0
9608992000;HS10;Autres;Pens and pencils;Divers;30.0;2.0;;19.0;;=;51.0
9608999000;HS10;Autres - Autre;Pens and pencils - Other;Divers;30.0;2.0;;19.0;;=;51.0
9609;RANGEE 09;Pencils (not of heading no. 9608), crayons, pencil leads, pastels, drawing charcoals, writing or drawing chalks and tailors' chalks;;;;;;;;;
960910;HS6;Crayons à gaine;Pencils and crayons;;;;;;;;
9609101000;HS10;Crayons a gaine a mines noires;Crayons a gaine a mines noires;Divers;30.0;2.0;;19.0;;=;51.0
9609102000;HS10;Crayons à gaine;Pencils and crayons;Divers;30.0;2.0;;19.0;;=;51.0
9609109000;HS10;Crayons à gaine - Autre;Pencils and crayons - Other;Divers;30.0;2.0;;19.0;;=;51.0
960920;HS6;Mines pour crayons et porte-mine;Pencil leads;;;;;;;;
9609201000;HS10;Mines pour crayons et porte-mine;Pencil leads;Divers;30.0;2.0;;19.0;;=;51.0
9609202000;HS10;Mines pour crayons et porte-mine;Pencil leads;Divers;30.0;2.0;;19.0;;=;51.0
9609209000;HS10;Mines pour crayons et porte-mine - Autre;Pencil leads - Other;Divers;30.0;2.0;;19.0;;=;51.0
960990;HS6;Autres;Pastels;;;;;;;;
9609901000;HS10;Autres craies a ecrire ou a dessiner et craies de tailleurs;Autres craies a ecrire ou a dessiner et craies de tailleurs;Divers;30.0;2.0;;19.0;;=;51.0
9609902000;HS10;Autres;Pastels;Divers;30.0;2.0;;19.0;;=;51.0
9609909000;HS10;Autres - Autre;Pastels - Other;Divers;30.0;2.0;;19.0;;=;51.0
9610;RANGEE 10;Slates and boards, with writing or drawing surfaces, whether or not framed;;;;;;;;;
961000;HS6;Ardoises et tableaux pour l'écriture ou le dessin;Slates and boards;;;;;;;;
9610001000;HS10;Tableaux ou ardoises pour ecoliers;Tableaux ou ardoises pour ecoliers;Divers;30.0;2.0;;19.0;;=;51.0
9610002000;HS10;Ardoises et tableaux pour l'écriture ou le dessin;Slates and boards;Divers;30.0;2.0;;19.0;;=;51.0
9610009000;HS10;Ardoises et tableaux pour l'écriture ou le dessin - Autre;Slates and boards - Other;Divers;30.0;2.0;;19.0;;=;51.0
9611;RANGEE 11;"Stamps; date, numbering, sealing stamps and the like (including devices for printing or embossing labels), designed for operating by hand; hand operated composing sticks and printing sets";;;;;;;;;
961100;HS6;Dateurs;composteurs et imprimeries comportant des composteurs;;;;;;;;
9611001000;HS10;Dateurs cachets numeroteurs timbres et articles similaires y compris les appareils pour limpression detiquettes a main;Dateurs cachets numeroteurs timbres et articles similaires y compris les appareils pour limpression detiquettes a main;Divers;30.0;2.0;;19.0;;=;51.0
9611002000;HS10;Composteurs et imprimeries comportant des composteurs a main;Composteurs et imprimeries comportant des composteurs a main;Divers;30.0;2.0;;19.0;;=;51.0
9611009000;HS10;Dateurs - Autre;composteurs et imprimeries comportant des composteurs - Other;Divers;30.0;2.0;;19.0;;=;51.0
9612;RANGEE 12;"Typewriter, similar ribbons, inked, otherwise prepared for giving impressions, whether or not on spools or in cartridges; ink pads, whether or not inked, with or without boxes";;;;;;;;;
961210;HS6;Rubans encreurs;Ribbons;;;;;;;;
9612101000;HS10;Rubans encreurs rubans encreurs montes sur bobines ou en cartouches;Rubans encreurs rubans encreurs montes sur bobines ou en cartouches;Divers;30.0;2.0;;19.0;;=;51.0
9612102000;HS10;Rubans encreurs;Ribbons;Divers;30.0;2.0;;19.0;;=;51.0
9612109000;HS10;Rubans encreurs - Autre;Ribbons - Other;Divers;30.0;2.0;;19.0;;=;51.0
961220;HS6;Tampons encreurs;Ink pads;;;;;;;;
9612201000;HS10;Tampons encreurs;Ink pads;Divers;30.0;2.0;;19.0;;=;51.0
9612202000;HS10;Tampons encreurs;Ink pads;Divers;30.0;2.0;;19.0;;=;51.0
9612209000;HS10;Tampons encreurs - Autre;Ink pads - Other;Divers;30.0;2.0;;19.0;;=;51.0
9613;RANGEE 13;Cigarette lighters and other lighters, whether or not mechanical or electrical and parts thereof other than flints and wicks;;;;;;;;;
961310;HS6;Briquets de poche;Lighters;;;;;;;;
9613101000;HS10;Briquets de poche;Lighters;Divers;30.0;2.0;;19.0;;=;51.0
9613102000;HS10;Briquets de poche;Lighters;Divers;30.0;2.0;;19.0;;=;51.0
9613109000;HS10;Briquets de poche - Autre;Lighters - Other;Divers;30.0;2.0;;19.0;;=;51.0
961320;HS6;Briquets de poches;Lighters;;;;;;;;
9613201000;HS10;Briquets de poches;Lighters;Divers;30.0;2.0;;19.0;;=;51.0
9613202000;HS10;Briquets de poches;Lighters;Divers;30.0;2.0;;19.0;;=;51.0
9613209000;HS10;Briquets de poches - Autre;Lighters - Other;Divers;30.0;2.0;;19.0;;=;51.0
961380;HS6;Autres briquets et allumeurs;Lighters;;;;;;;;
9613801000;HS10;Autres briquets et allumeurs briquets de table;Autres briquets et allumeurs briquets de table;Divers;30.0;2.0;;19.0;;=;51.0
9613802000;HS10;Autres briquets et allumeurs allumeurs pour vehicules;Autres briquets et allumeurs allumeurs pour vehicules;Divers;30.0;2.0;;19.0;;=;51.0
9613809000;HS10;Autres briquets et allumeurs - Autre;Lighters - Other;Divers;30.0;2.0;;19.0;;=;51.0
961390;HS6;Parties;Lighters;;;;;;;;
9613901000;HS10;Parties enveloppes exterieures;Parties enveloppes exterieures;Divers;30.0;2.0;;19.0;;=;51.0
9613902000;HS10;Parties molettes;Parties molettes;Divers;30.0;2.0;;19.0;;=;51.0
9613909000;HS10;Parties - Autre;Lighters - Other;Divers;30.0;2.0;;19.0;;=;51.0
9614;RANGEE 14;Smoking pipes (including pipe bowls) and cigar or cigarette holders, and parts thereof;;;;;;;;;
961400;HS6;Pipes (y compris les têtes de pipes);Smoking pipes (including pipe bowls) and cigar or cigarette holders;;;;;;;;
9614001000;HS10;Pipes (y compris les têtes de pipes);Smoking pipes (including pipe bowls) and cigar or cigarette holders;Divers;30.0;2.0;;19.0;;=;51.0
9614002000;HS10;Pipes (y compris les têtes de pipes);Smoking pipes (including pipe bowls) and cigar or cigarette holders;Divers;30.0;2.0;;19.0;;=;51.0
9614009000;HS10;Pipes (y compris les têtes de pipes) - Autre;Smoking pipes (including pipe bowls) and cigar or cigarette holders - Other;Divers;30.0;2.0;;19.0;;=;51.0
9615;RANGEE 15;"Combs, hair-slides and similar; hairpins, curling pins, curling grips and hair curlers and the like, other than those of heading no. 8516 and parts thereof";;;;;;;;;
961511;HS6;En caoutchouc durci ou en matières plastiques;Combs;;;;;;;;
9615111000;HS10;Peignes a coiffer peignes de coiffure barrettes et articles similaires en caoutchouc durci ou en matieres plastiques en matieres plastiques;Peignes a coiffer peignes de coiffure barrettes et articles similaires en caoutchouc durci ou en matieres plastiques en matieres plastiques;Divers;30.0;2.0;;19.0;;=;51.0
9615112000;HS10;En caoutchouc durci ou en matières plastiques;Combs;Divers;30.0;2.0;;19.0;;=;51.0
9615119000;HS10;En caoutchouc durci ou en matières plastiques - Autre;Combs - Other;Divers;30.0;2.0;;19.0;;=;51.0
961519;HS6;Autres;Combs;;;;;;;;
9615191000;HS10;Autres;Combs;Divers;30.0;2.0;;19.0;;=;51.0
9615192000;HS10;Autres;Combs;Divers;30.0;2.0;;19.0;;=;51.0
9615199000;HS10;Autres - Autre;Combs - Other;Divers;30.0;2.0;;19.0;;=;51.0
961590;HS6;Autres;Hairpins;;;;;;;;
9615901000;HS10;Autres en matieres plastiques;Autres en matieres plastiques;Divers;30.0;2.0;;19.0;;=;51.0
9615902000;HS10;Autres en metaux communs;Autres en metaux communs;Divers;30.0;2.0;;19.0;;=;51.0
9615909000;HS10;Autres - Autre;Hairpins - Other;Divers;30.0;2.0;;19.0;;=;51.0
9616;RANGEE 16;"Scent sprays and similar toilet sprays and mounts and heads therefor; powder-puffs and pads for the application of cosmetics or toilet preparations";;;;;;;;;
961610;HS6;Vaporisateurs de toilette;Scent sprays and similar toilet sprays;;;;;;;;
9616101000;HS10;Vaporisateurs de toilette leurs montures et tetes de montures vaporisateurs de toilette;Vaporisateurs de toilette leurs montures et tetes de montures vaporisateurs de toilette;Divers;30.0;2.0;;19.0;;=;51.0
9616102000;HS10;Vaporisateurs de toilette leurs montures et tetes de montures montures et tetes de monturespour vaporisateurs de toilette;Vaporisateurs de toilette leurs montures et tetes de montures montures et tetes de monturespour vaporisateurs de toilette;Divers;30.0;2.0;;19.0;;=;51.0
9616109000;HS10;Vaporisateurs de toilette - Autre;Scent sprays and similar toilet sprays - Other;Divers;30.0;2.0;;19.0;;=;51.0
961620;HS6;Houppes et houppettes à poudre ou pour l'application d'autres cosmétiques ou produits de toilette;Powder puffs and pads;;;;;;;;
9616201000;HS10;Houppes et houppettes à poudre ou pour l'application d'autres cosmétiques ou produits de toilette;Powder puffs and pads;Divers;30.0;2.0;;19.0;;=;51.0
9616202000;HS10;Houppes et houppettes à poudre ou pour l'application d'autres cosmétiques ou produits de toilette;Powder puffs and pads;Divers;30.0;2.0;;19.0;;=;51.0
9616209000;HS10;Houppes et houppettes à poudre ou pour l'application d'autres cosmétiques ou produits de toilette - Autre;Powder puffs and pads - Other;Divers;30.0;2.0;;19.0;;=;51.0
9617;RANGEE 17;"Vacuum flasks and other vacuum vessels, complete with cases; parts thereof other than glass inners";;;;;;;;;
961700;HS6;Bouteilles isolantes et autres récipients isothermiques montés;Vacuum flasks and other vacuum vessels;;;;;;;;
9617001000;HS10;Des types utilises pour les boissons chaudes thermos;Des types utilises pour les boissons chaudes thermos;Divers;30.0;2.0;;19.0;;=;51.0
9617002000;HS10;Pour autres usages;Pour autres usages;Divers;30.0;2.0;;19.0;;=;51.0
9617009000;HS10;Bouteilles isolantes et autres récipients isothermiques montés - Autre;Vacuum flasks and other vacuum vessels - Other;Divers;30.0;2.0;;19.0;;=;51.0
9618;RANGEE 18;"Tailors' dummies and other lay figures; automata and other animated displays used for shop window dressing";;;;;;;;;
961800;HS6;Mannequins et articles similaires;automates et scènes animés pour étalages;;;;;;;;
9618001000;HS10;Mannequins et articles similaires;Mannequins et articles similaires;Divers;30.0;2.0;;19.0;;=;51.0
9618002000;HS10;Automates et scenes animees pour etalages;Automates et scenes animees pour etalages;Divers;30.0;2.0;;19.0;;=;51.0
9618009000;HS10;Mannequins et articles similaires - Autre;automates et scènes animés pour étalages - Other;Divers;30.0;2.0;;19.0;;=;51.0
9619;RANGEE 19;Sanitary towels (pads) and tampons, napkins (diapers), napkin liners and similar articles, of any material;;;;;;;;;
961900;HS6;Serviettes et tampons hygiéniques;Sanitary towels (pads) and tampons;;;;;;;;
9619001000;HS10;Serviettes et tampons hygiéniques;Sanitary towels (pads) and tampons;Divers;30.0;2.0;;19.0;;=;51.0
9619002000;HS10;Serviettes et tampons hygiéniques;Sanitary towels (pads) and tampons;Divers;30.0;2.0;;19.0;;=;51.0
9619009000;HS10;Serviettes et tampons hygiéniques - Autre;Sanitary towels (pads) and tampons - Other;Divers;30.0;2.0;;19.0;;=;51.0
9620;RANGEE 20;Monopods, bipods, tripods and similar articles;;;;;;;;;
962000;HS6;Monopodes;Monopods;;;;;;;;
9620001000;HS10;Des types utilises avec les appareils photographiques les camescopes ou les cameras;Des types utilises avec les appareils photographiques les camescopes ou les cameras;Divers;30.0;2.0;;19.0;;=;51.0
9620002000;HS10;Monopodes bipieds trepieds et articles similaires des types spécialement concus pour porter les instruments de geodesie de topographie et instruments similaires;Monopodes bipieds trepieds et articles similaires des types specialement concus pour porter les instruments de geodesie de topographie et instruments similaires;Divers;30.0;2.0;;19.0;;=;51.0
9620009000;HS10;Monopodes - Autre;Monopods - Other;Divers;30.0;2.0;;19.0;;=;51.0
SECTION XXI;SECTION;Objets d'art, de collection ou d'antiquité;Works of art, collectors' pieces and antiques;;;;;;;;
CHAPITRE 97;CHAPITRE;Objets d'art, antiquités;;;;;;;;;
9701;RANGEE 01;"Paintings, drawings and pastels, executed entirely by hand; not drawings of heading no. 4906 and not hand-painted, hand-decorated manufactured articles; collages, mosaics and similar decorative plaques";;;;;;;;;
970121;HS6;Tableaux;Paintings;;;;;;;;
9701211000;HS10;Ayant plus de 100 ans dge tableaux peintures et dessins originaux;Ayant plus de 100 ans dge tableaux peintures et dessins originaux;Art;15.0;2.0;;19.0;;910 Déclaration d'Importation du Produit | 210 Autorisation de Libre Circulation;36.0
9701212000;HS10;Tableaux;Paintings;Art;15.0;2.0;;19.0;;=;36.0
9701219000;HS10;Tableaux - Autre;Paintings - Other;Art;15.0;2.0;;19.0;;=;36.0
970122;HS6;Mosaïques;Mosaics;;;;;;;;
9701221000;HS10;Mosaïques;Mosaics;Art;15.0;2.0;;19.0;;=;36.0
9701222000;HS10;Mosaïques;Mosaics;Art;15.0;2.0;;19.0;;=;36.0
9701229000;HS10;Mosaïques - Autre;Mosaics - Other;Art;15.0;2.0;;19.0;;=;36.0
970129;HS6;Autres;Artwork;;;;;;;;
9701291000;HS10;Ayant plus de 100 ans dge autres originaux;Ayant plus de 100 ans dge autres originaux;Art;15.0;2.0;;19.0;;=;36.0
9701292000;HS10;Autres;Artwork;Art;15.0;2.0;;19.0;;=;36.0
9701299000;HS10;Autres - Autre;Artwork - Other;Art;15.0;2.0;;19.0;;=;36.0
970191;HS6;Tableaux;Paintings;;;;;;;;
9701911000;HS10;Autres tableaux peintures et dessins originaux;Autres tableaux peintures et dessins originaux;Art;15.0;2.0;;19.0;;=;36.0
9701912000;HS10;Tableaux;Paintings;Art;15.0;2.0;;19.0;;=;36.0
9701919000;HS10;Tableaux - Autre;Paintings - Other;Art;15.0;2.0;;19.0;;=;36.0
970192;HS6;Mosaïques;Mosaics;;;;;;;;
9701921000;HS10;Mosaïques;Mosaics;Art;15.0;2.0;;19.0;;=;36.0
9701922000;HS10;Mosaïques;Mosaics;Art;15.0;2.0;;19.0;;=;36.0
9701929000;HS10;Mosaïques - Autre;Mosaics - Other;Art;15.0;2.0;;19.0;;=;36.0
970199;HS6;Autres;Artwork;;;;;;;;
9701991000;HS10;Autres autres originaux;Autres autres originaux;Art;15.0;2.0;;19.0;;=;36.0
9701992000;HS10;Autres;Artwork;Art;15.0;2.0;;19.0;;=;36.0
9701999000;HS10;Autres - Autre;Artwork - Other;Art;15.0;2.0;;19.0;;=;36.0
9702;RANGEE 02;"Engravings, prints and lithographs; original";;;;;;;;;
970210;HS6;Ayant plus de 100 ans d'âge;Engravings;;;;;;;;
9702101000;HS10;Ayant plus de 100 ans d'âge;Engravings;Art;15.0;2.0;;19.0;;=;36.0
9702102000;HS10;Ayant plus de 100 ans d'âge;Engravings;Art;15.0;2.0;;19.0;;=;36.0
9702109000;HS10;Ayant plus de 100 ans d'âge - Autre;Engravings - Other;Art;15.0;2.0;;19.0;;=;36.0
970290;HS6;Autres;Engravings;;;;;;;;
9702901000;HS10;Autres;Engravings;Art;15.0;2.0;;19.0;;=;36.0
9702902000;HS10;Autres;Engravings;Art;15.0;2.0;;19.0;;=;36.0
9702909000;HS10;Autres - Autre;Engravings - Other;Art;15.0;2.0;;19.0;;=;36.0
9703;RANGEE 03;"Sculptures and statuary; original, in any material";;;;;;;;;
970310;HS6;Ayant plus de 100 ans d'âge;Sculptures and statuary;;;;;;;;
9703101000;HS10;Productions originales de lart statuaire ou de la sculpture en bronze ayant plus de 100 ans dâge;Productions originales de lart statuaire ou de la sculpture en bronze ayant plus de 100 ans dâge;Art;15.0;2.0;;19.0;;=;36.0
9703102000;HS10;Productions originales de lart statuaire ou de la sculpture en plâtre ayant plus de 100 ans dâge;Productions originales de lart statuaire ou de la sculpture en plâtre ayant plus de 100 ans dâge;Art;15.0;2.0;;19.0;;=;36.0
9703109000;HS10;Ayant plus de 100 ans d'âge - Autre;Sculptures and statuary - Other;Art;15.0;2.0;;19.0;;=;36.0
970390;HS6;Autres;Sculptures and statuary;;;;;;;;
9703901000;HS10;Autres productions originales de lart statuaire ou de la sculpture en bronze;Autres productions originales de lart statuaire ou de la sculpture en bronze;Art;15.0;2.0;;19.0;;=;36.0
9703902000;HS10;Autres productions originales de lart statuaire ou de la sculpture en plâtre;Autres productions originales de lart statuaire ou de la sculpture en plâtre;Art;15.0;2.0;;19.0;;=;36.0
9703909000;HS10;Autres - Autre;Sculptures and statuary - Other;Art;15.0;2.0;;19.0;;=;36.0
9704;RANGEE 04;"Stamps, postage or revenue; stamp-postmarks, first-day covers, postal stationery (stamped paper) and like, used or unused, other than those of heading 4907";;;;;;;;;
970400;HS6;Timbres-poste;Stamps;;;;;;;;
9704001000;HS10;Timbres-poste;Stamps;Art;15.0;2.0;;19.0;;=;36.0
9704002000;HS10;Timbres-poste;Stamps;Art;15.0;2.0;;19.0;;=;36.0
9704009000;HS10;Timbres-poste - Autre;Stamps - Other;Art;15.0;2.0;;19.0;;=;36.0
9705;RANGEE 05;"Collections and collectors' pieces; of archaeological, ethnographic, historical, zoological, botanical, mineralogical, anatomical, palaeontological or numismatic interest";;;;;;;;;
970510;HS6;Collections et pièces de collection présentant un intérêt archéologique;Collections and collectors' pieces;;;;;;;;
9705101000;HS10;Collections et pièces de collection présentant un intérêt archéologique;Collections and collectors' pieces;Art;15.0;2.0;;19.0;;=;36.0
9705102000;HS10;Collections et pièces de collection présentant un intérêt archéologique;Collections and collectors' pieces;Art;15.0;2.0;;19.0;;=;36.0
9705109000;HS10;Collections et pièces de collection présentant un intérêt archéologique - Autre;Collections and collectors' pieces - Other;Art;15.0;2.0;;19.0;;=;36.0
970521;HS6;Spécimens humains et leurs parties;Collections and collectors' pieces;;;;;;;;
9705211000;HS10;Spécimens humains et leurs parties;Collections and collectors' pieces;Art;15.0;2.0;;19.0;;=;36.0
9705212000;HS10;Spécimens humains et leurs parties;Collections and collectors' pieces;Art;15.0;2.0;;19.0;;=;36.0
9705219000;HS10;Spécimens humains et leurs parties - Autre;Collections and collectors' pieces - Other;Art;15.0;2.0;;19.0;;=;36.0
970522;HS6;Espèces éteintes ou menacées d'extinction;Collections and collectors' pieces;;;;;;;;
9705221000;HS10;Espèces éteintes ou menacées d'extinction;Collections and collectors' pieces;Art;15.0;2.0;;19.0;;=;36.0
9705222000;HS10;Espèces éteintes ou menacées d'extinction;Collections and collectors' pieces;Art;15.0;2.0;;19.0;;=;36.0
9705229000;HS10;Espèces éteintes ou menacées d'extinction - Autre;Collections and collectors' pieces - Other;Art;15.0;2.0;;19.0;;=;36.0
970529;HS6;Autres;Collections and collectors' pieces;;;;;;;;
9705291000;HS10;Autres;Collections and collectors' pieces;Art;15.0;2.0;;19.0;;=;36.0
9705292000;HS10;Autres;Collections and collectors' pieces;Art;15.0;2.0;;19.0;;=;36.0
9705299000;HS10;Autres - Autre;Collections and collectors' pieces - Other;Art;15.0;2.0;;19.0;;=;36.0
970531;HS6;Ayant plus de 100 ans d'âge;Collections and collectors' pieces;;;;;;;;
9705311000;HS10;Ayant plus de 100 ans d'âge;Collections and collectors' pieces;Art;15.0;2.0;;19.0;;=;36.0
9705312000;HS10;Ayant plus de 100 ans d'âge;Collections and collectors' pieces;Art;15.0;2.0;;19.0;;=;36.0
9705319000;HS10;Ayant plus de 100 ans d'âge - Autre;Collections and collectors' pieces - Other;Art;15.0;2.0;;19.0;;=;36.0
970539;HS6;Autres;Collections and collectors' pieces;;;;;;;;
9705391000;HS10;Autres;Collections and collectors' pieces;Art;15.0;2.0;;19.0;;=;36.0
9705392000;HS10;Autres;Collections and collectors' pieces;Art;15.0;2.0;;19.0;;=;36.0
9705399000;HS10;Autres - Autre;Collections and collectors' pieces - Other;Art;15.0;2.0;;19.0;;=;36.0
9706;RANGEE 06;"Antiques; of an age exceeding one hundred years";;;;;;;;;
970610;HS6;Ayant plus de 250 ans d'âge;Antiques;;;;;;;;
9706101000;HS10;Meubles objets dantiquité ayant plus de 250 ans dâge;Meubles objets dantiquité ayant plus de 250 ans dâge;Art;15.0;2.0;;19.0;;=;36.0
9706102000;HS10;Incunables et autres livres objets dantiquité ayant plus de 250 ans dâge;Incunables et autres livres objets dantiquité ayant plus de 250 ans dâge;Art;15.0;2.0;;19.0;;=;36.0
9706109000;HS10;Ayant plus de 250 ans d'âge - Autre;Antiques - Other;Art;15.0;2.0;;19.0;;=;36.0
970690;HS6;Autres;Antiques;;;;;;;;
9706901000;HS10;Meubles objets dantiquité ayant plus de 100 ans mais moins de 250 ans;Meubles objets dantiquité ayant plus de 100 ans mais moins de 250 ans;Art;15.0;2.0;;19.0;;=;36.0
9706902000;HS10;Incunables et autres livres objets dantiquité ayant plus de 100 ans mais moins de 250 ans;Incunables et autres livres objets dantiquité ayant plus de 100 ans mais moins de 250 ans;Art;15.0;2.0;;19.0;;=;36.0
9706909000;HS10;Autres - Autre;Antiques - Other;Art;15.0;2.0;;19.0;;=;36.0
CHAPITRE 98;CHAPITRE;;;;;;;;;;
9880;RANGEE 80;;;;;;;;;;
988025;HS6;Ensembles industriels :;Ensembles industriels :;;;;;;;;
9880251000;HS10;Ensembles industriels :;Ensembles industriels :;Divers;15.0;2.0;;19.0;;910 Déclaration d'Importation du Produit | 210 Autorisation de Libre Circulation;36.0
9880252000;HS10;Ensembles industriels :;Ensembles industriels :;Divers;15.0;2.0;;19.0;;=;36.0
9880259000;HS10;Ensembles industriels : - Autre;Ensembles industriels : - Other;Divers;15.0;2.0;;19.0;;=;36.0
988068;HS6;Tuyaux;Tuyaux;;;;;;;;
9880681000;HS10;Tuyaux;Tuyaux;Divers;15.0;2.0;;19.0;;=;36.0
9880682000;HS10;Tuyaux;Tuyaux;Divers;15.0;2.0;;19.0;;=;36.0
9880689000;HS10;Tuyaux - Autre;Tuyaux - Other;Divers;15.0;2.0;;19.0;;=;36.0
988073;HS6;Ensembles industriels : tuyaux;Ensembles industriels : tuyaux;;;;;;;;
9880731000;HS10;Ensembles industriels : tuyaux;Ensembles industriels : tuyaux;Divers;15.0;2.0;;19.0;;=;36.0
9880732000;HS10;Ensembles industriels : tuyaux;Ensembles industriels : tuyaux;Divers;15.0;2.0;;19.0;;=;36.0
9880739000;HS10;Ensembles industriels : tuyaux - Autre;Ensembles industriels : tuyaux - Other;Divers;15.0;2.0;;19.0;;=;36.0
988084;HS6;Matériel de levage et de manutention;Matériel de levage et de manutention;;;;;;;;
9880841000;HS10;Matériel de levage et de manutention;Matériel de levage et de manutention;Divers;15.0;2.0;;19.0;;=;36.0
9880842000;HS10;Matériel de levage et de manutention;Matériel de levage et de manutention;Divers;15.0;2.0;;19.0;;=;36.0
9880849000;HS10;Matériel de levage et de manutention - Autre;Matériel de levage et de manutention - Other;Divers;15.0;2.0;;19.0;;=;36.0
988085;HS6;Ensembles industriels :;Ensembles industriels :;;;;;;;;
9880851000;HS10;Ensembles industriels :;Ensembles industriels :;Divers;15.0;2.0;;19.0;;=;36.0
9880852000;HS10;Ensembles industriels :;Ensembles industriels :;Divers;15.0;2.0;;19.0;;=;36.0
9880859000;HS10;Ensembles industriels : - Autre;Ensembles industriels : - Other;Divers;15.0;2.0;;19.0;;=;36.0
988087;HS6;Matériels de transport;Matériels de transport;;;;;;;;
9880871000;HS10;Matériels de transport;Matériels de transport;Divers;15.0;2.0;;19.0;;=;36.0
9880872000;HS10;Matériels de transport;Matériels de transport;Divers;15.0;2.0;;19.0;;=;36.0
9880879000;HS10;Matériels de transport - Autre;Matériels de transport - Other;Divers;15.0;2.0;;19.0;;=;36.0
988094;HS6;Mobilier;Mobilier;;;;;;;;
9880941000;HS10;Mobilier;Mobilier;Divers;15.0;2.0;;19.0;;=;36.0
9880942000;HS10;Mobilier;Mobilier;Divers;15.0;2.0;;19.0;;=;36.0
9880949000;HS10;Mobilier - Autre;Mobilier - Other;Divers;15.0;2.0;;19.0;;=;36.0
988099;HS6;Ensembles industriels :;Ensembles industriels :;;;;;;;;
9880991000;HS10;Ensembles industriels :;Ensembles industriels :;Divers;15.0;2.0;;19.0;;=;36.0
9880992000;HS10;Ensembles industriels :;Ensembles industriels :;Divers;15.0;2.0;;19.0;;=;36.0
9880999000;HS10;Ensembles industriels : - Autre;Ensembles industriels : - Other;Divers;15.0;2.0;;19.0;;=;36.0
CHAPITRE 99;CHAPITRE;Codes spéciaux;;;;;;;;;
9920;RANGEE 20;;;;;;;;;;
992030;HS6;Taxation TNC;Taxation TNC;;;;;;;;
9920301000;HS10;Taxation TNC;Taxation TNC;Divers;15.0;2.0;;19.0;;910 Déclaration d'Importation du Produit | 210 Autorisation de Libre Circulation;36.0
9920302000;HS10;Taxation TNC;Taxation TNC;Divers;15.0;2.0;;19.0;;=;36.0
9920309000;HS10;Taxation TNC - Autre;Taxation TNC - Other;Divers;15.0;2.0;;19.0;;=;36.0
992031;HS6;Taxation TNC;Taxation TNC;;;;;;;;
9920311000;HS10;Taxation TNC;Taxation TNC;Divers;15.0;2.0;;19.0;;=;36.0
9920312000;HS10;Taxation TNC;Taxation TNC;Divers;15.0;2.0;;19.0;;=;36.0
9920319000;HS10;Taxation TNC - Autre;Taxation TNC - Other;Divers;15.0;2.0;;19.0;;=;36.0
992040;HS6;TAXATION SPECIFIQUE;TAXATION SPECIFIQUE;;;;;;;;
9920401000;HS10;TAXATION SPECIFIQUE;TAXATION SPECIFIQUE;Divers;15.0;2.0;;19.0;;=;36.0
9920402000;HS10;TAXATION SPECIFIQUE;TAXATION SPECIFIQUE;Divers;15.0;2.0;;19.0;;=;36.0
9920409000;HS10;TAXATION SPECIFIQUE - Autre;TAXATION SPECIFIQUE - Other;Divers;15.0;2.0;;19.0;;=;36.0
9921;RANGEE 21;;;;;;;;;;
992106;HS6;Compléments alimentaires des TD 21061000 et 21069033;Compléments alimentaires des TD 21061000 et 21069033;;;;;;;;
9921061000;HS10;Compléments alimentaires des TD 21061000 et 21069033;Compléments alimentaires des TD 21061000 et 21069033;Divers;15.0;2.0;;19.0;;=;36.0
9921062000;HS10;Compléments alimentaires des TD 21061000 et 21069033;Compléments alimentaires des TD 21061000 et 21069033;Divers;15.0;2.0;;19.0;;=;36.0
9921069000;HS10;Compléments alimentaires des TD 21061000 et 21069033 - Autre;Compléments alimentaires des TD 21061000 et 21069033 - Other;Divers;15.0;2.0;;19.0;;=;36.0
9924;RANGEE 24;;;;;;;;;;
992404;HS6;Produits destinés à une inhalation dans combustion (pour cigarettes électroniques);Produits destinés à une inhalation dans combustion (pour cigarettes électroniques);;;;;;;;
9924041000;HS10;Produits destinés à une inhalation dans combustion (pour cigarettes électroniques);Produits destinés à une inhalation dans combustion (pour cigarettes électroniques);Divers;15.0;2.0;;19.0;;=;36.0
9924042000;HS10;Produits destinés à une inhalation dans combustion (pour cigarettes électroniques);Produits destinés à une inhalation dans combustion (pour cigarettes électroniques);Divers;15.0;2.0;;19.0;;=;36.0
9924049000;HS10;Produits destinés à une inhalation dans combustion (pour cigarettes électroniques) - Autre;Produits destinés à une inhalation dans combustion (pour cigarettes électroniques) - Other;Divers;15.0;2.0;;19.0;;=;36.0
9929;RANGEE 29;;;;;;;;;;
992936;HS6;Vitamines;Vitamines;;;;;;;;
9929361000;HS10;Vitamines;Vitamines;Divers;15.0;2.0;;19.0;;=;36.0
9929362000;HS10;Vitamines;Vitamines;Divers;15.0;2.0;;19.0;;=;36.0
9929369000;HS10;Vitamines - Autre;Vitamines - Other;Divers;15.0;2.0;;19.0;;=;36.0
9930;RANGEE 30;;;;;;;;;;
993005;HS6;Articles de parapharmacie;Articles de parapharmacie;;;;;;;;
9930051000;HS10;Articles de parapharmacie;Articles de parapharmacie;Divers;15.0;2.0;;19.0;;=;36.0
9930052000;HS10;Articles de parapharmacie;Articles de parapharmacie;Divers;15.0;2.0;;19.0;;=;36.0
9930059000;HS10;Articles de parapharmacie - Autre;Articles de parapharmacie - Other;Divers;15.0;2.0;;19.0;;=;36.0
9933;RANGEE 33;;;;;;;;;;
993304;HS6;Produits cosmétiques et parfums;Produits cosmétiques et parfums;;;;;;;;
9933041000;HS10;Produits cosmétiques et parfums;Produits cosmétiques et parfums;Divers;15.0;2.0;;19.0;;=;36.0
9933042000;HS10;Produits cosmétiques et parfums;Produits cosmétiques et parfums;Divers;15.0;2.0;;19.0;;=;36.0
9933049000;HS10;Produits cosmétiques et parfums - Autre;Produits cosmétiques et parfums - Other;Divers;15.0;2.0;;19.0;;=;36.0
993305;HS6;Shampoings;Shampoings;;;;;;;;
9933051000;HS10;Shampoings;Shampoings;Divers;15.0;2.0;;19.0;;=;36.0
9933052000;HS10;Shampoings;Shampoings;Divers;15.0;2.0;;19.0;;=;36.0
9933059000;HS10;Shampoings - Autre;Shampoings - Other;Divers;15.0;2.0;;19.0;;=;36.0
9942;RANGEE 42;;;;;;;;;;
994201;HS6;Articles de sellerie;Articles de sellerie;;;;;;;;
9942011000;HS10;Articles de sellerie;Articles de sellerie;Divers;15.0;2.0;;19.0;;=;36.0
9942012000;HS10;Articles de sellerie;Articles de sellerie;Divers;15.0;2.0;;19.0;;=;36.0
9942019000;HS10;Articles de sellerie - Autre;Articles de sellerie - Other;Divers;15.0;2.0;;19.0;;=;36.0
994202;HS6;Malles;Malles;;;;;;;;
9942021000;HS10;Malles;Malles;Divers;15.0;2.0;;19.0;;=;36.0
9942022000;HS10;Malles;Malles;Divers;15.0;2.0;;19.0;;=;36.0
9942029000;HS10;Malles - Autre;Malles - Other;Divers;15.0;2.0;;19.0;;=;36.0
9949;RANGEE 49;;;;;;;;;;
994900;HS6;Livres;Livres;;;;;;;;
9949001000;HS10;Livres;Livres;Divers;15.0;2.0;;19.0;;=;36.0
9949002000;HS10;Livres;Livres;Divers;15.0;2.0;;19.0;;=;36.0
9949009000;HS10;Livres - Autre;Livres - Other;Divers;15.0;2.0;;19.0;;=;36.0
994911;HS6;Posters;Posters;;;;;;;;
9949111000;HS10;Posters;Posters;Divers;15.0;2.0;;19.0;;=;36.0
9949112000;HS10;Posters;Posters;Divers;15.0;2.0;;19.0;;=;36.0
9949119000;HS10;Posters - Autre;Posters - Other;Divers;15.0;2.0;;19.0;;=;36.0
9962;RANGEE 62;;;;;;;;;;
996210;HS6;Vêtements en matières textiles des chapitres 61 et 62;Vêtements en matières textiles des chapitres 61 et 62;;;;;;;;
9962101000;HS10;Vêtements en matières textiles des chapitres 61 et 62;Vêtements en matières textiles des chapitres 61 et 62;Divers;15.0;2.0;;19.0;;=;36.0
9962102000;HS10;Vêtements en matières textiles des chapitres 61 et 62;Vêtements en matières textiles des chapitres 61 et 62;Divers;15.0;2.0;;19.0;;=;36.0
9962109000;HS10;Vêtements en matières textiles des chapitres 61 et 62 - Autre;Vêtements en matières textiles des chapitres 61 et 62 - Other;Divers;15.0;2.0;;19.0;;=;36.0
9963;RANGEE 63;;;;;;;;;;
996302;HS6;Linge de maison et de table;Linge de maison et de table;;;;;;;;
9963021000;HS10;Linge de maison et de table;Linge de maison et de table;Divers;15.0;2.0;;19.0;;=;36.0
9963022000;HS10;Linge de maison et de table;Linge de maison et de table;Divers;15.0;2.0;;19.0;;=;36.0
9963029000;HS10;Linge de maison et de table - Autre;Linge de maison et de table - Other;Divers;15.0;2.0;;19.0;;=;36.0
9964;RANGEE 64;;;;;;;;;;
996400;HS6;Chaussures des TD 6401 à 6405;Chaussures des TD 6401 à 6405;;;;;;;;
9964001000;HS10;Chaussures des TD 6401 à 6405;Chaussures des TD 6401 à 6405;Divers;15.0;2.0;;19.0;;=;36.0
9964002000;HS10;Chaussures des TD 6401 à 6405;Chaussures des TD 6401 à 6405;Divers;15.0;2.0;;19.0;;=;36.0
9964009000;HS10;Chaussures des TD 6401 à 6405 - Autre;Chaussures des TD 6401 à 6405 - Other;Divers;15.0;2.0;;19.0;;=;36.0
9971;RANGEE 71;;;;;;;;;;
997113;HS6;Articles de bijouterie;Articles de bijouterie;;;;;;;;
9971131000;HS10;Articles de bijouterie;Articles de bijouterie;Divers;15.0;2.0;;19.0;;=;36.0
9971132000;HS10;Articles de bijouterie;Articles de bijouterie;Divers;15.0;2.0;;19.0;;=;36.0
9971139000;HS10;Articles de bijouterie - Autre;Articles de bijouterie - Other;Divers;15.0;2.0;;19.0;;=;36.0
9973;RANGEE 73;;;;;;;;;;
997318;HS6;Articles de quincaillerie (vis;Articles de quincaillerie (vis;;;;;;;;
9973181000;HS10;Articles de quincaillerie (vis;Articles de quincaillerie (vis;Divers;15.0;2.0;;19.0;;=;36.0
9973182000;HS10;Articles de quincaillerie (vis;Articles de quincaillerie (vis;Divers;15.0;2.0;;19.0;;=;36.0
9973189000;HS10;Articles de quincaillerie (vis - Autre;Articles de quincaillerie (vis - Other;Divers;15.0;2.0;;19.0;;=;36.0
9982;RANGEE 82;;;;;;;;;;
998201;HS6;Matériel de jardinage;Matériel de jardinage;;;;;;;;
9982011000;HS10;Matériel de jardinage;Matériel de jardinage;Divers;15.0;2.0;;19.0;;=;36.0
9982012000;HS10;Matériel de jardinage;Matériel de jardinage;Divers;15.0;2.0;;19.0;;=;36.0
9982019000;HS10;Matériel de jardinage - Autre;Matériel de jardinage - Other;Divers;15.0;2.0;;19.0;;=;36.0
998205;HS6;Outillage à main des TD 8202 à 8205 (scies à main;Outillage à main des TD 8202 à 8205 (scies à main;;;;;;;;
9982051000;HS10;Outillage à main des TD 8202 à 8205 (scies à main;Outillage à main des TD 8202 à 8205 (scies à main;Divers;15.0;2.0;;19.0;;=;36.0
9982052000;HS10;Outillage à main des TD 8202 à 8205 (scies à main;Outillage à main des TD 8202 à 8205 (scies à main;Divers;15.0;2.0;;19.0;;=;36.0
9982059000;HS10;Outillage à main des TD 8202 à 8205 (scies à main - Autre;Outillage à main des TD 8202 à 8205 (scies à main - Other;Divers;15.0;2.0;;19.0;;=;36.0
998211;HS6;Couteaux et articles de vaiselle;Couteaux et articles de vaiselle;;;;;;;;
9982111000;HS10;Couteaux et articles de vaiselle;Couteaux et articles de vaiselle;Divers;15.0;2.0;;19.0;;=;36.0
9982112000;HS10;Couteaux et articles de vaiselle;Couteaux et articles de vaiselle;Divers;15.0;2.0;;19.0;;=;36.0
9982119000;HS10;Couteaux et articles de vaiselle - Autre;Couteaux et articles de vaiselle - Other;Divers;15.0;2.0;;19.0;;=;36.0
9983;RANGEE 83;;;;;;;;;;
998301;HS6;Cadenas;Cadenas;;;;;;;;
9983011000;HS10;Cadenas;Cadenas;Divers;15.0;2.0;;19.0;;=;36.0
9983012000;HS10;Cadenas;Cadenas;Divers;15.0;2.0;;19.0;;=;36.0
9983019000;HS10;Cadenas - Autre;Cadenas - Other;Divers;15.0;2.0;;19.0;;=;36.0
9984;RANGEE 84;;;;;;;;;;
998422;HS6;Pièces détachées d'appareils électroménagers;Pièces détachées d'appareils électroménagers;;;;;;;;
9984221000;HS10;Pièces détachées d'appareils électroménagers;Pièces détachées d'appareils électroménagers;Divers;15.0;2.0;;19.0;;=;36.0
9984222000;HS10;Pièces détachées d'appareils électroménagers;Pièces détachées d'appareils électroménagers;Divers;15.0;2.0;;19.0;;=;36.0
9984229000;HS10;Pièces détachées d'appareils électroménagers - Autre;Pièces détachées d'appareils électroménagers - Other;Divers;15.0;2.0;;19.0;;=;36.0
998466;HS6;Pièces destinées aux appareils industriels des TD 8456 à 8465;Pièces destinées aux appareils industriels des TD 8456 à 8465;;;;;;;;
9984661000;HS10;Pièces destinées aux appareils industriels des TD 8456 à 8465;Pièces destinées aux appareils industriels des TD 8456 à 8465;Divers;15.0;2.0;;19.0;;=;36.0
9984662000;HS10;Pièces destinées aux appareils industriels des TD 8456 à 8465;Pièces destinées aux appareils industriels des TD 8456 à 8465;Divers;15.0;2.0;;19.0;;=;36.0
9984669000;HS10;Pièces destinées aux appareils industriels des TD 8456 à 8465 - Autre;Pièces destinées aux appareils industriels des TD 8456 à 8465 - Other;Divers;15.0;2.0;;19.0;;=;36.0
998467;HS6;Outillage électroportatif (meuleuses;Outillage électroportatif (meuleuses;;;;;;;;
9984671000;HS10;Outillage électroportatif (meuleuses;Outillage électroportatif (meuleuses;Divers;15.0;2.0;;19.0;;=;36.0
9984672000;HS10;Outillage électroportatif (meuleuses;Outillage électroportatif (meuleuses;Divers;15.0;2.0;;19.0;;=;36.0
9984679000;HS10;Outillage électroportatif (meuleuses - Autre;Outillage électroportatif (meuleuses - Other;Divers;15.0;2.0;;19.0;;=;36.0
998471;HS6;Ordinateurs et leurs unités - Parties et accessoires;Ordinateurs et leurs unités - Parties et accessoires;;;;;;;;
9984711000;HS10;Ordinateurs et leurs unités - Parties et accessoires;Ordinateurs et leurs unités - Parties et accessoires;Divers;15.0;2.0;;19.0;;=;36.0
9984712000;HS10;Ordinateurs et leurs unités - Parties et accessoires;Ordinateurs et leurs unités - Parties et accessoires;Divers;15.0;2.0;;19.0;;=;36.0
9984719000;HS10;Ordinateurs et leurs unités - Parties et accessoires - Autre;Ordinateurs et leurs unités - Parties et accessoires - Other;Divers;15.0;2.0;;19.0;;=;36.0
9985;RANGEE 85;;;;;;;;;;
998510;HS6;Rasoirs électriques;Rasoirs électriques;;;;;;;;
9985101000;HS10;Rasoirs électriques;Rasoirs électriques;Divers;15.0;2.0;;19.0;;=;36.0
9985102000;HS10;Rasoirs électriques;Rasoirs électriques;Divers;15.0;2.0;;19.0;;=;36.0
9985109000;HS10;Rasoirs électriques - Autre;Rasoirs électriques - Other;Divers;15.0;2.0;;19.0;;=;36.0
998517;HS6;Téléphonies cellulaires et parties;Téléphonies cellulaires et parties;;;;;;;;
9985171000;HS10;Téléphonies cellulaires et parties;Téléphonies cellulaires et parties;Divers;15.0;2.0;;19.0;;=;36.0
9985172000;HS10;Téléphonies cellulaires et parties;Téléphonies cellulaires et parties;Divers;15.0;2.0;;19.0;;=;36.0
9985179000;HS10;Téléphonies cellulaires et parties - Autre;Téléphonies cellulaires et parties - Other;Divers;15.0;2.0;;19.0;;=;36.0
998518;HS6;Appareils audio (microphones et leurs supports;Appareils audio (microphones et leurs supports;;;;;;;;
9985181000;HS10;Appareils audio (microphones et leurs supports;Appareils audio (microphones et leurs supports;Divers;15.0;2.0;;19.0;;=;36.0
9985182000;HS10;Appareils audio (microphones et leurs supports;Appareils audio (microphones et leurs supports;Divers;15.0;2.0;;19.0;;=;36.0
9985189000;HS10;Appareils audio (microphones et leurs supports - Autre;Appareils audio (microphones et leurs supports - Other;Divers;15.0;2.0;;19.0;;=;36.0
998524;HS6;Articles du TD 8524 (logiciels;Articles du TD 8524 (logiciels;;;;;;;;
9985241000;HS10;Articles du TD 8524 (logiciels;Articles du TD 8524 (logiciels;Divers;15.0;2.0;;19.0;;=;36.0
9985242000;HS10;Articles du TD 8524 (logiciels;Articles du TD 8524 (logiciels;Divers;15.0;2.0;;19.0;;=;36.0
9985249000;HS10;Articles du TD 8524 (logiciels - Autre;Articles du TD 8524 (logiciels - Other;Divers;15.0;2.0;;19.0;;=;36.0
998525;HS6;Caméras de télévision;Caméras de télévision;;;;;;;;
9985251000;HS10;Caméras de télévision;Caméras de télévision;Divers;15.0;2.0;;19.0;;=;36.0
9985252000;HS10;Caméras de télévision;Caméras de télévision;Divers;15.0;2.0;;19.0;;=;36.0
9985259000;HS10;Caméras de télévision - Autre;Caméras de télévision - Other;Divers;15.0;2.0;;19.0;;=;36.0
998531;HS6;Systèmes d'alarmes domestiques;Systèmes d'alarmes domestiques;;;;;;;;
9985311000;HS10;Systèmes d'alarmes domestiques;Systèmes d'alarmes domestiques;Divers;15.0;2.0;;19.0;;=;36.0
9985312000;HS10;Systèmes d'alarmes domestiques;Systèmes d'alarmes domestiques;Divers;15.0;2.0;;19.0;;=;36.0
9985319000;HS10;Systèmes d'alarmes domestiques - Autre;Systèmes d'alarmes domestiques - Other;Divers;15.0;2.0;;19.0;;=;36.0
998536;HS6;Pièces électriques domestiques n'excèdent pas 1000 volts (interrupteurs;Pièces électriques domestiques n'excèdent pas 1000 volts (interrupteurs;;;;;;;;
9985361000;HS10;Pièces électriques domestiques n'excèdent pas 1000 volts (interrupteurs;Pièces électriques domestiques n'excèdent pas 1000 volts (interrupteurs;Divers;15.0;2.0;;19.0;;=;36.0
9985362000;HS10;Pièces électriques domestiques n'excèdent pas 1000 volts (interrupteurs;Pièces électriques domestiques n'excèdent pas 1000 volts (interrupteurs;Divers;15.0;2.0;;19.0;;=;36.0
9985369000;HS10;Pièces électriques domestiques n'excèdent pas 1000 volts (interrupteurs - Autre;Pièces électriques domestiques n'excèdent pas 1000 volts (interrupteurs - Other;Divers;15.0;2.0;;19.0;;=;36.0
998539;HS6;Lampes;Lampes;;;;;;;;
9985391000;HS10;Lampes;Lampes;Divers;15.0;2.0;;19.0;;=;36.0
9985392000;HS10;Lampes;Lampes;Divers;15.0;2.0;;19.0;;=;36.0
9985399000;HS10;Lampes - Autre;Lampes - Other;Divers;15.0;2.0;;19.0;;=;36.0
998543;HS6;Cigarettes électroniques et les parties;Cigarettes électroniques et les parties;;;;;;;;
9985431000;HS10;Cigarettes électroniques et les parties;Cigarettes électroniques et les parties;Divers;15.0;2.0;;19.0;;=;36.0
9985432000;HS10;Cigarettes électroniques et les parties;Cigarettes électroniques et les parties;Divers;15.0;2.0;;19.0;;=;36.0
9985439000;HS10;Cigarettes électroniques et les parties - Autre;Cigarettes électroniques et les parties - Other;Divers;15.0;2.0;;19.0;;=;36.0
9987;RANGEE 87;;;;;;;;;;
998708;HS6;Parties et accessoires des véhicules du TD 8701 à 8705;Parties et accessoires des véhicules du TD 8701 à 8705;;;;;;;;
9987081000;HS10;Parties et accessoires des véhicules du TD 8701 à 8705;Parties et accessoires des véhicules du TD 8701 à 8705;Divers;15.0;2.0;;19.0;;=;36.0
9987082000;HS10;Parties et accessoires des véhicules du TD 8701 à 8705;Parties et accessoires des véhicules du TD 8701 à 8705;Divers;15.0;2.0;;19.0;;=;36.0
9987089000;HS10;Parties et accessoires des véhicules du TD 8701 à 8705 - Autre;Parties et accessoires des véhicules du TD 8701 à 8705 - Other;Divers;15.0;2.0;;19.0;;=;36.0
998714;HS6;Cycles et pièces pour cycles;Cycles et pièces pour cycles;;;;;;;;
9987141000;HS10;Cycles et pièces pour cycles;Cycles et pièces pour cycles;Divers;15.0;2.0;;19.0;;=;36.0
9987142000;HS10;Cycles et pièces pour cycles;Cycles et pièces pour cycles;Divers;15.0;2.0;;19.0;;=;36.0
9987149000;HS10;Cycles et pièces pour cycles - Autre;Cycles et pièces pour cycles - Other;Divers;15.0;2.0;;19.0;;=;36.0
9990;RANGEE 90;;;;;;;;;;
999001;HS6;Verres de contact et de lunetteries travaillées optiquement des TD 90013000;Verres de contact et de lunetteries travaillées optiquement des TD 90013000;;;;;;;;
9990011000;HS10;Verres de contact et de lunetteries travaillées optiquement des TD 90013000;Verres de contact et de lunetteries travaillées optiquement des TD 90013000;Divers;15.0;2.0;;19.0;;=;36.0
9990012000;HS10;Verres de contact et de lunetteries travaillées optiquement des TD 90013000;Verres de contact et de lunetteries travaillées optiquement des TD 90013000;Divers;15.0;2.0;;19.0;;=;36.0
9990019000;HS10;Verres de contact et de lunetteries travaillées optiquement des TD 90013000 - Autre;Verres de contact et de lunetteries travaillées optiquement des TD 90013000 - Other;Divers;15.0;2.0;;19.0;;=;36.0
999004;HS6;Lunettes et montures des TD 9003 et 9004 à l'exclusion des lunettes et montures en métaux précieux ou en métaux plaqués;Lunettes et montures des TD 9003 et 9004 à l'exclusion des lunettes et montures en métaux précieux ou en métaux plaqués;;;;;;;;
9990041000;HS10;Lunettes et montures des TD 9003 et 9004 à l'exclusion des lunettes et montures en métaux précieux ou en métaux plaqués;Lunettes et montures des TD 9003 et 9004 à l'exclusion des lunettes et montures en métaux précieux ou en métaux plaqués;Divers;15.0;2.0;;19.0;;=;36.0
9990042000;HS10;Lunettes et montures des TD 9003 et 9004 à l'exclusion des lunettes et montures en métaux précieux ou en métaux plaqués;Lunettes et montures des TD 9003 et 9004 à l'exclusion des lunettes et montures en métaux précieux ou en métaux plaqués;Divers;15.0;2.0;;19.0;;=;36.0
9990049000;HS10;Lunettes et montures des TD 9003 et 9004 à l'exclusion des lunettes et montures en métaux précieux ou en métaux plaqués - Autre;Lunettes et montures des TD 9003 et 9004 à l'exclusion des lunettes et montures en métaux précieux ou en métaux plaqués - Other;Divers;15.0;2.0;;19.0;;=;36.0
999006;HS6;Appareils et dispositifs photographiques des TD 9006;Appareils et dispositifs photographiques des TD 9006;;;;;;;;
9990061000;HS10;Appareils et dispositifs photographiques des TD 9006;Appareils et dispositifs photographiques des TD 9006;Divers;15.0;2.0;;19.0;;=;36.0
9990062000;HS10;Appareils et dispositifs photographiques des TD 9006;Appareils et dispositifs photographiques des TD 9006;Divers;15.0;2.0;;19.0;;=;36.0
9990069000;HS10;Appareils et dispositifs photographiques des TD 9006 - Autre;Appareils et dispositifs photographiques des TD 9006 - Other;Divers;15.0;2.0;;19.0;;=;36.0
999018;HS6;Articles et appareils médicaux des TD 9018 à 9022;Articles et appareils médicaux des TD 9018 à 9022;;;;;;;;
9990181000;HS10;Articles et appareils médicaux des TD 9018 à 9022;Articles et appareils médicaux des TD 9018 à 9022;Divers;15.0;2.0;;19.0;;=;36.0
9990182000;HS10;Articles et appareils médicaux des TD 9018 à 9022;Articles et appareils médicaux des TD 9018 à 9022;Divers;15.0;2.0;;19.0;;=;36.0
9990189000;HS10;Articles et appareils médicaux des TD 9018 à 9022 - Autre;Articles et appareils médicaux des TD 9018 à 9022 - Other;Divers;15.0;2.0;;19.0;;=;36.0
9991;RANGEE 91;;;;;;;;;;
999101;HS6;Montres bracelet des TD 9101 avec boites en métaux précieux ou en plaqués;Montres bracelet des TD 9101 avec boites en métaux précieux ou en plaqués;;;;;;;;
9991011000;HS10;Montres bracelet des TD 9101 avec boites en métaux précieux ou en plaqués;Montres bracelet des TD 9101 avec boites en métaux précieux ou en plaqués;Divers;15.0;2.0;;19.0;;=;36.0
9991012000;HS10;Montres bracelet des TD 9101 avec boites en métaux précieux ou en plaqués;Montres bracelet des TD 9101 avec boites en métaux précieux ou en plaqués;Divers;15.0;2.0;;19.0;;=;36.0
9991019000;HS10;Montres bracelet des TD 9101 avec boites en métaux précieux ou en plaqués - Autre;Montres bracelet des TD 9101 avec boites en métaux précieux ou en plaqués - Other;Divers;15.0;2.0;;19.0;;=;36.0
999102;HS6;Montres bracelet des TD 9102;Montres bracelet des TD 9102;;;;;;;;
9991021000;HS10;Montres bracelet des TD 9102;Montres bracelet des TD 9102;Divers;15.0;2.0;;19.0;;=;36.0
9991022000;HS10;Montres bracelet des TD 9102;Montres bracelet des TD 9102;Divers;15.0;2.0;;19.0;;=;36.0
9991029000;HS10;Montres bracelet des TD 9102 - Autre;Montres bracelet des TD 9102 - Other;Divers;15.0;2.0;;19.0;;=;36.0
9992;RANGEE 92;;;;;;;;;;
999207;HS6;Instruments de musiques des TD 9202 à 9207;Instruments de musiques des TD 9202 à 9207;;;;;;;;
9992071000;HS10;Instruments de musiques des TD 9202 à 9207;Instruments de musiques des TD 9202 à 9207;Divers;15.0;2.0;;19.0;;=;36.0
9992072000;HS10;Instruments de musiques des TD 9202 à 9207;Instruments de musiques des TD 9202 à 9207;Divers;15.0;2.0;;19.0;;=;36.0
9992079000;HS10;Instruments de musiques des TD 9202 à 9207 - Autre;Instruments de musiques des TD 9202 à 9207 - Other;Divers;15.0;2.0;;19.0;;=;36.0
9995;RANGEE 95;;;;;;;;;;
999503;HS6;Jeux vidéo et autres jouets et articles pour fêtes des TD 9503 à 9505 à l'exclusion des consoles de jeux du 95045000;Jeux vidéo et autres jouets et articles pour fêtes des TD 9503 à 9505 à l'exclusion des consoles de jeux du 95045000;;;;;;;;
9995031000;HS10;Jeux vidéo et autres jouets et articles pour fêtes des TD 9503 à 9505 à l'exclusion des consoles de jeux du 95045000;Jeux vidéo et autres jouets et articles pour fêtes des TD 9503 à 9505 à l'exclusion des consoles de jeux du 95045000;Divers;15.0;2.0;;19.0;;=;36.0
9995032000;HS10;Jeux vidéo et autres jouets et articles pour fêtes des TD 9503 à 9505 à l'exclusion des consoles de jeux du 95045000;Jeux vidéo et autres jouets et articles pour fêtes des TD 9503 à 9505 à l'exclusion des consoles de jeux du 95045000;Divers;15.0;2.0;;19.0;;=;36.0
9995039000;HS10;Jeux vidéo et autres jouets et articles pour fêtes des TD 9503 à 9505 à l'exclusion des consoles de jeux du 95045000 - Autre;Jeux vidéo et autres jouets et articles pour fêtes des TD 9503 à 9505 à l'exclusion des consoles de jeux du 95045000 - Other;Divers;15.0;2.0;;19.0;;=;36.0
999504;HS6;Consoles de jeux vidéo;Consoles de jeux vidéo;;;;;;;;
9995041000;HS10;Consoles de jeux vidéo;Consoles de jeux vidéo;Divers;15.0;2.0;;19.0;;=;36.0
9995042000;HS10;Consoles de jeux vidéo;Consoles de jeux vidéo;Divers;15.0;2.0;;19.0;;=;36.0
9995049000;HS10;Consoles de jeux vidéo - Autre;Consoles de jeux vidéo - Other;Divers;15.0;2.0;;19.0;;=;36.0
999506;HS6;Articles pour le sport et la pêches des TD 9506 et 9507;Articles pour le sport et la pêches des TD 9506 et 9507;;;;;;;;
9995061000;HS10;Articles pour le sport et la pêches des TD 9506 et 9507;Articles pour le sport et la pêches des TD 9506 et 9507;Divers;15.0;2.0;;19.0;;=;36.0
9995062000;HS10;Articles pour le sport et la pêches des TD 9506 et 9507;Articles pour le sport et la pêches des TD 9506 et 9507;Divers;15.0;2.0;;19.0;;=;36.0
9995069000;HS10;Articles pour le sport et la pêches des TD 9506 et 9507 - Autre;Articles pour le sport et la pêches des TD 9506 et 9507 - Other;Divers;15.0;2.0;;19.0;;=;36.0
9996;RANGEE 96;;;;;;;;;;
999603;HS6;Articles de toilette et d'hygiène (brosse à dents..);Articles de toilette et d'hygiène (brosse à dents..);;;;;;;;
9996031000;HS10;Articles de toilette et d'hygiène (brosse à dents..);Articles de toilette et d'hygiène (brosse à dents..);Divers;15.0;2.0;;19.0;;=;36.0
9996032000;HS10;Articles de toilette et d'hygiène (brosse à dents..);Articles de toilette et d'hygiène (brosse à dents..);Divers;15.0;2.0;;19.0;;=;36.0
9996039000;HS10;Articles de toilette et d'hygiène (brosse à dents..) - Autre;Articles de toilette et d'hygiène (brosse à dents..) - Other;Divers;15.0;2.0;;19.0;;=;36.0
999606;HS6;Articles de mercerie (aiguilles;Articles de mercerie (aiguilles;;;;;;;;
9996061000;HS10;Articles de mercerie (aiguilles;Articles de mercerie (aiguilles;Divers;15.0;2.0;;19.0;;=;36.0
9996062000;HS10;Articles de mercerie (aiguilles;Articles de mercerie (aiguilles;Divers;15.0;2.0;;19.0;;=;36.0
9996069000;HS10;Articles de mercerie (aiguilles - Autre;Articles de mercerie (aiguilles - Other;Divers;15.0;2.0;;19.0;;=;36.0
999608;HS6;Articles de bureau des TD 9608 à 9612 à l'exclusion des articles en métaux précieux ou en métaux plaqués;Articles de bureau des TD 9608 à 9612 à l'exclusion des articles en métaux précieux ou en métaux plaqués;;;;;;;;
9996081000;HS10;Articles de bureau des TD 9608 à 9612 à l'exclusion des articles en métaux précieux ou en métaux plaqués;Articles de bureau des TD 9608 à 9612 à l'exclusion des articles en métaux précieux ou en métaux plaqués;Divers;15.0;2.0;;19.0;;=;36.0
9996082000;HS10;Articles de bureau des TD 9608 à 9612 à l'exclusion des articles en métaux précieux ou en métaux plaqués;Articles de bureau des TD 9608 à 9612 à l'exclusion des articles en métaux précieux ou en métaux plaqués;Divers;15.0;2.0;;19.0;;=;36.0
9996089000;HS10;Articles de bureau des TD 9608 à 9612 à l'exclusion des articles en métaux précieux ou en métaux plaqués - Autre;Articles de bureau des TD 9608 à 9612 à l'exclusion des articles en métaux précieux ou en métaux plaqués - Other;Divers;15.0;2.0;;19.0;;=;36.0
9997;RANGEE 97;;;;;;;;;;
999705;HS6;Collections et pièces de collection;Collections et pièces de collection;;;;;;;;
9997051000;HS10;Collections et pièces de collection;Collections et pièces de collection;Divers;15.0;2.0;;19.0;;=;36.0
9997052000;HS10;Collections et pièces de collection;Collections et pièces de collection;Divers;15.0;2.0;;19.0;;=;36.0
9997059000;HS10;Collections et pièces de collection - Autre;Collections et pièces de collection - Other;Divers;15.0;2.0;;19.0;;=;36.0
9999;RANGEE 99;Commodities not specified according to kind;;;;;;;;;
999900;HS6;Autres;Autres;;;;;;;;
9999001000;HS10;Autres;Autres;Divers;15.0;2.0;;19.0;;=;36.0
9999002000;HS10;Autres;Autres;Divers;15.0;2.0;;19.0;;=;36.0
9999009000;HS10;Autres - Autre;Autres - Other;Divers;15.0;2.0;;19.0;;=;36.0
999999;HS6;Commodities not specified according to kind;Commodities not specified according to kind;;;;;;;;
9999991000;HS10;Commodities not specified according to kind;Commodities not specified according to kind;Divers;15.0;2.0;;19.0;;=;36.0
9999992000;HS10;Commodities not specified according to kind;Commodities not specified according to kind;Divers;15.0;2.0;;19.0;;=;36.0
9999999000;HS10;Commodities not specified according to kind - Autre;Commodities not specified according to kind - Other;Divers;15.0;2.0;;19.0;;=;36.0
