Code;Niveau;Description_FR;Description_EN;Groupe_Utilisation;D.D_%;PRCT_%;T.C.S_%;T.V.A_%;D.A.P.S_%;Formalites;Total_%
SECTION XI;SECTION;Matières textiles et ouvrages en ces matières;Textiles and textile articles;;;;;;;;
CHAPITRE 61;CHAPITRE;Vêtements en bonneterie;;;;;;;;;
6101;RANGEE 01;"Coats; men's or boys' overcoats, car-coats, capes, cloaks, anoraks, ski-jackets, wind-cheaters, wind-jackets and similar articles; knitted or crocheted, other than those of heading no. 6103";;;;;;;;;
610110;HS6;Manteaux en bonneterie pour hommes;Men's knitted overcoats;;;;;;;;
6101101000;HS10;Manteaux en bonneterie pour hommes;Men's knitted overcoats;Habillement;30.0;2.0;;19.0;;910 Déclaration d'Importation du Produit | 210 Autorisation de Libre Circulation;51.0
6101102000;HS10;Manteaux en bonneterie pour hommes;Men's knitted overcoats;Habillement;30.0;2.0;;19.0;;=;51.0
6101109000;HS10;Manteaux en bonneterie pour hommes - Autre;Men's knitted overcoats - Other;Habillement;30.0;2.0;;19.0;;=;51.0
610120;HS6;Manteaux en bonneterie pour femmes;Women's knitted overcoats;;;;;;;;
6101201000;HS10;Manteauxcabanscapes en bonneterie de coton pour hommesgarçonnets;Manteauxcabanscapes en bonneterie de coton pour hommesgarçonnets;Habillement;30.0;2.0;;19.0;;=;51.0
6101202000;HS10;Anoraksblousons en bonneterie de coton pour hommesgarçonnets;Anoraksblousons en bonneterie de coton pour hommesgarçonnets;Habillement;30.0;2.0;;19.0;;=;51.0
6101209000;HS10;Manteaux en bonneterie pour femmes - Autre;Women's knitted overcoats - Other;Habillement;30.0;2.0;;19.0;;=;51.0
610130;HS6;De fibres synthétiques ou artificielles;Coats;;;;;;;;
6101301000;HS10;Manteauxcabanscapes en bonneterie synthétiqueartificielle pour hommesgarçonnets;Manteauxcabanscapes en bonneterie synthétiqueartificielle pour hommesgarçonnets;Habillement;30.0;2.0;;19.0;;=;51.0
6101302000;HS10;Anoraksblousons en bonneterie synthétiqueartificielle pour hommesgarçonnets;Anoraksblousons en bonneterie synthétiqueartificielle pour hommesgarçonnets;Habillement;30.0;2.0;;19.0;;=;51.0
6101309000;HS10;De fibres synthétiques ou artificielles - Autre;Coats - Other;Habillement;30.0;2.0;;19.0;;=;51.0
610190;HS6;D'autres matières textiles;Coats;;;;;;;;
6101901000;HS10;Manteauxcabanscapes en bonneterie autres textiles pour hommesgarçonnets;Manteauxcabanscapes en bonneterie autres textiles pour hommesgarçonnets;Habillement;30.0;2.0;;19.0;;=;51.0
6101902000;HS10;Anoraks blousons et articles similaires en bonneterie pour hommes ou garçons autres matières textiles;Anoraks blousons et articles similaires en bonneterie pour hommes ou garçons autres matières textiles;Habillement;30.0;2.0;;19.0;;=;51.0
6101909000;HS10;D'autres matières textiles - Autre;Coats - Other;Habillement;30.0;2.0;;19.0;;=;51.0
6102;RANGEE 02;"Coats; women's or girls' overcoats, car-coats, capes, cloaks, anoraks, ski-jackets, wind-cheaters, wind-jackets and similar articles, knitted or crocheted, other than those of heading no. 6104";;;;;;;;;
610210;HS6;Manteaux en bonneterie pour femmes de laine;Women's wool knitted overcoats;;;;;;;;
6102101000;HS10;Manteaux cabans capes et articles similaires en bonneterie pour femmes ou fillettes laine ou poils fins;Manteaux cabans capes et articles similaires en bonneterie pour femmes ou fillettes laine ou poils fins;Habillement;30.0;2.0;;19.0;;=;51.0
6102102000;HS10;Anoraks blousons et articles similaires en bonneterie pour femmes ou fillettes laine ou poils fins;Anoraks blousons et articles similaires en bonneterie pour femmes ou fillettes laine ou poils fins;Habillement;30.0;2.0;;19.0;;=;51.0
6102109000;HS10;Manteaux en bonneterie pour femmes de laine - Autre;Women's wool knitted overcoats - Other;Habillement;30.0;2.0;;19.0;;=;51.0
610220;HS6;De coton;Coats;;;;;;;;
6102201000;HS10;Manteaux cabans capes et articles similaires en bonneterie pour femmes ou fillettes coton;Manteaux cabans capes et articles similaires en bonneterie pour femmes ou fillettes coton;Habillement;30.0;2.0;;19.0;;=;51.0
6102202000;HS10;Anoraks blousons et articles similaires en bonneterie pour femmes ou fillettes coton;Anoraks blousons et articles similaires en bonneterie pour femmes ou fillettes coton;Habillement;30.0;2.0;;19.0;;=;51.0
6102209000;HS10;De coton - Autre;Coats - Other;Habillement;30.0;2.0;;19.0;;=;51.0
610230;HS6;De fibres synthétiques ou artificielles;Coats;;;;;;;;
6102301000;HS10;Manteaux cabans capes et articles similaires en bonneterie pour femmes ou fillettes fibres synthétiques ou artificielles;Manteaux cabans capes et articles similaires en bonneterie pour femmes ou fillettes fibres synthétiques ou artificielles;Habillement;30.0;2.0;;19.0;;=;51.0
6102302000;HS10;Anoraks blousons et articles similaires en bonneterie pour femmes ou fillettes fibres synthétiques ou artificielles;Anoraks blousons et articles similaires en bonneterie pour femmes ou fillettes fibres synthétiques ou artificielles;Habillement;30.0;2.0;;19.0;;=;51.0
6102309000;HS10;De fibres synthétiques ou artificielles - Autre;Coats - Other;Habillement;30.0;2.0;;19.0;;=;51.0
610290;HS6;D'autres matières textiles;Coats;;;;;;;;
6102901000;HS10;D'autres matières textiles;Coats;Habillement;30.0;2.0;;19.0;;=;51.0
6102902000;HS10;D'autres matières textiles;Coats;Habillement;30.0;2.0;;19.0;;=;51.0
6102909000;HS10;D'autres matières textiles - Autre;Coats - Other;Habillement;30.0;2.0;;19.0;;=;51.0
6103;RANGEE 03;"Suits, ensembles, jackets, blazers, trousers, bib and brace overalls, breeches, shorts (not swimwear); men's or boys', knitted or crocheted";;;;;;;;;
610310;HS6;Costumes et vestons en bonneterie pour hommes;Men's knitted suits and jackets;;;;;;;;
6103101000;HS10;Costumes ou complets en bonneterie pour hommes ou garçons laine ou poils fins;Costumes ou complets en bonneterie pour hommes ou garçons laine ou poils fins;Habillement;30.0;2.0;;19.0;;=;51.0
6103102000;HS10;Costumes et vestons en bonneterie pour hommes;Men's knitted suits and jackets;Habillement;30.0;2.0;;19.0;;=;51.0
6103109000;HS10;Costumes et vestons en bonneterie pour hommes - Autre;Men's knitted suits and jackets - Other;Habillement;30.0;2.0;;19.0;;=;51.0
610322;HS6;De coton;Ensembles;;;;;;;;
6103221000;HS10;De coton;Ensembles;Habillement;30.0;2.0;;19.0;;=;51.0
6103222000;HS10;De coton;Ensembles;Habillement;30.0;2.0;;19.0;;=;51.0
6103229000;HS10;De coton - Autre;Ensembles - Other;Habillement;30.0;2.0;;19.0;;=;51.0
610323;HS6;De fibres synthétiques;Ensembles;;;;;;;;
6103231000;HS10;De fibres synthétiques;Ensembles;Habillement;30.0;2.0;;19.0;;=;51.0
6103232000;HS10;De fibres synthétiques;Ensembles;Habillement;30.0;2.0;;19.0;;=;51.0
6103239000;HS10;De fibres synthétiques - Autre;Ensembles - Other;Habillement;30.0;2.0;;19.0;;=;51.0
610329;HS6;D'autres matières textiles;Ensembles;;;;;;;;
6103291000;HS10;Ensembles en bonneterie pour hommes ou garçons soie ou déchets de soie;Ensembles en bonneterie pour hommes ou garçons soie ou déchets de soie;Habillement;30.0;2.0;;19.0;;=;51.0
6103292000;HS10;D'autres matières textiles;Ensembles;Habillement;30.0;2.0;;19.0;;=;51.0
6103299000;HS10;D'autres matières textiles - Autre;Ensembles - Other;Habillement;30.0;2.0;;19.0;;=;51.0
610331;HS6;De laine ou de poils fins;Jackets and blazers;;;;;;;;
6103311000;HS10;De laine ou de poils fins;Jackets and blazers;Habillement;30.0;2.0;;19.0;;=;51.0
6103312000;HS10;De laine ou de poils fins;Jackets and blazers;Habillement;30.0;2.0;;19.0;;=;51.0
6103319000;HS10;De laine ou de poils fins - Autre;Jackets and blazers - Other;Habillement;30.0;2.0;;19.0;;=;51.0
610332;HS6;De coton;Jackets and blazers;;;;;;;;
6103321000;HS10;De coton;Jackets and blazers;Habillement;30.0;2.0;;19.0;;=;51.0
6103322000;HS10;De coton;Jackets and blazers;Habillement;30.0;2.0;;19.0;;=;51.0
6103329000;HS10;De coton - Autre;Jackets and blazers - Other;Habillement;30.0;2.0;;19.0;;=;51.0
610333;HS6;De fibres synthétiques;Jackets and blazers;;;;;;;;
6103331000;HS10;De fibres synthétiques;Jackets and blazers;Habillement;30.0;2.0;;19.0;;=;51.0
6103332000;HS10;De fibres synthétiques;Jackets and blazers;Habillement;30.0;2.0;;19.0;;=;51.0
6103339000;HS10;De fibres synthétiques - Autre;Jackets and blazers - Other;Habillement;30.0;2.0;;19.0;;=;51.0
610339;HS6;D'autres matières textiles;Jackets and blazers;;;;;;;;
6103391000;HS10;Vestons en bonneterie pour hommes ou garçons soie ou déchets de soie;Vestons en bonneterie pour hommes ou garçons soie ou déchets de soie;Habillement;30.0;2.0;;19.0;;=;51.0
6103392000;HS10;D'autres matières textiles;Jackets and blazers;Habillement;30.0;2.0;;19.0;;=;51.0
6103399000;HS10;D'autres matières textiles - Autre;Jackets and blazers - Other;Habillement;30.0;2.0;;19.0;;=;51.0
610341;HS6;De laine ou de poils fins;Trousers;;;;;;;;
6103411000;HS10;Pantalons en bonneterie pour hommes ou garçons laine ou poils fins;Pantalons en bonneterie pour hommes ou garçons laine ou poils fins;Habillement;30.0;2.0;;19.0;;=;51.0
6103412000;HS10;Salopettes à bretelles en bonneterie pour hommes ou garçons laine ou poils fins;Salopettes à bretelles en bonneterie pour hommes ou garçons laine ou poils fins;Habillement;30.0;2.0;;19.0;;=;51.0
6103419000;HS10;De laine ou de poils fins - Autre;Trousers - Other;Habillement;30.0;2.0;;19.0;;=;51.0
610342;HS6;De coton;Trousers;;;;;;;;
6103421000;HS10;Pantalons en bonneterie pour hommes ou garçons coton;Pantalons en bonneterie pour hommes ou garçons coton;Habillement;30.0;2.0;;19.0;;=;51.0
6103422000;HS10;Salopettes à bretelles en bonneterie pour hommes ou garçons coton;Salopettes à bretelles en bonneterie pour hommes ou garçons coton;Habillement;30.0;2.0;;19.0;;=;51.0
6103429000;HS10;De coton - Autre;Trousers - Other;Habillement;30.0;2.0;;19.0;;=;51.0
610343;HS6;De fibres synthétiques;Trousers;;;;;;;;
6103431000;HS10;Pantalons en bonneterie pour hommes ou garçons fibres synthétiques;Pantalons en bonneterie pour hommes ou garçons fibres synthétiques;Habillement;30.0;2.0;;19.0;;=;51.0
6103432000;HS10;Salopettes à bretelles en bonneterie pour hommes ou garçons fibres synthétiques;Salopettes à bretelles en bonneterie pour hommes ou garçons fibres synthétiques;Habillement;30.0;2.0;;19.0;;=;51.0
6103439000;HS10;De fibres synthétiques - Autre;Trousers - Other;Habillement;30.0;2.0;;19.0;;=;51.0
610349;HS6;D'autres matières textiles;Trousers;;;;;;;;
6103491000;HS10;Pantalons en bonneterie pour hommes ou garçons autres matières textiles;Pantalons en bonneterie pour hommes ou garçons autres matières textiles;Habillement;30.0;2.0;;19.0;;=;51.0
6103492000;HS10;Salopettes à bretelles en bonneterie pour hommes ou garçons autres matières textiles;Salopettes à bretelles en bonneterie pour hommes ou garçons autres matières textiles;Habillement;30.0;2.0;;19.0;;=;51.0
6103499000;HS10;D'autres matières textiles - Autre;Trousers - Other;Habillement;30.0;2.0;;19.0;;=;51.0
6104;RANGEE 04;Suits, ensembles, jackets, dresses, skirts, divided skirts, trousers, bib and brace overalls, breeches and shorts (not swimwear), women's or girls', knitted or crocheted;;;;;;;;;
610410;HS6;Costumes tailleurs en bonneterie pour femmes;Women's knitted suits;;;;;;;;
6104101000;HS10;Costumes tailleurs en bonneterie pour femmes;Women's knitted suits;Habillement;30.0;2.0;;19.0;;=;51.0
6104102000;HS10;Costumes tailleurs en bonneterie pour femmes;Women's knitted suits;Habillement;30.0;2.0;;19.0;;=;51.0
6104109000;HS10;Costumes tailleurs en bonneterie pour femmes - Autre;Women's knitted suits - Other;Habillement;30.0;2.0;;19.0;;=;51.0
610413;HS6;De fibres synthétiques;Suits;;;;;;;;
6104131000;HS10;De fibres synthétiques;Suits;Habillement;30.0;2.0;;19.0;;=;51.0
6104132000;HS10;De fibres synthétiques;Suits;Habillement;30.0;2.0;;19.0;;=;51.0
6104139000;HS10;De fibres synthétiques - Autre;Suits - Other;Habillement;30.0;2.0;;19.0;;=;51.0
610419;HS6;D'autres matières textiles;Suits;;;;;;;;
6104191000;HS10;Costumes tailleurs en bonneterie pour femmes ou fillettes coton;Costumes tailleurs en bonneterie pour femmes ou fillettes coton;Habillement;30.0;2.0;;19.0;;=;51.0
6104192000;HS10;Costumes tailleurs en bonneterie pour femmes ou fillettes laine ou poils fins;Costumes tailleurs en bonneterie pour femmes ou fillettes laine ou poils fins;Habillement;30.0;2.0;;19.0;;=;51.0
6104199000;HS10;D'autres matières textiles - Autre;Suits - Other;Habillement;30.0;2.0;;19.0;;=;51.0
610422;HS6;De coton;Ensembles;;;;;;;;
6104221000;HS10;De coton;Ensembles;Habillement;30.0;2.0;;19.0;;=;51.0
6104222000;HS10;De coton;Ensembles;Habillement;30.0;2.0;;19.0;;=;51.0
6104229000;HS10;De coton - Autre;Ensembles - Other;Habillement;30.0;2.0;;19.0;;=;51.0
610423;HS6;De fibres synthétiques;Ensembles;;;;;;;;
6104231000;HS10;De fibres synthétiques;Ensembles;Habillement;30.0;2.0;;19.0;;=;51.0
6104232000;HS10;De fibres synthétiques;Ensembles;Habillement;30.0;2.0;;19.0;;=;51.0
6104239000;HS10;De fibres synthétiques - Autre;Ensembles - Other;Habillement;30.0;2.0;;19.0;;=;51.0
610429;HS6;D'autres matières textiles;Ensembles;;;;;;;;
6104291000;HS10;Ensembles en bonneterie pour femmes ou fillettes laine ou poils fins;Ensembles en bonneterie pour femmes ou fillettes laine ou poils fins;Habillement;30.0;2.0;;19.0;;=;51.0
6104292000;HS10;Ensembles en bonneterie pour femmes ou fillettes soie ou déchets de soie;Ensembles en bonneterie pour femmes ou fillettes soie ou déchets de soie;Habillement;30.0;2.0;;19.0;;=;51.0
6104299000;HS10;D'autres matières textiles - Autre;Ensembles - Other;Habillement;30.0;2.0;;19.0;;=;51.0
610431;HS6;De laine ou de poils fins;Jackets;;;;;;;;
6104311000;HS10;De laine ou de poils fins;Jackets;Habillement;30.0;2.0;;19.0;;=;51.0
6104312000;HS10;De laine ou de poils fins;Jackets;Habillement;30.0;2.0;;19.0;;=;51.0
6104319000;HS10;De laine ou de poils fins - Autre;Jackets - Other;Habillement;30.0;2.0;;19.0;;=;51.0
610432;HS6;De coton;Jackets;;;;;;;;
6104321000;HS10;De coton;Jackets;Habillement;30.0;2.0;;19.0;;=;51.0
6104322000;HS10;De coton;Jackets;Habillement;30.0;2.0;;19.0;;=;51.0
6104329000;HS10;De coton - Autre;Jackets - Other;Habillement;30.0;2.0;;19.0;;=;51.0
610433;HS6;De fibres synthétiques;Jackets;;;;;;;;
6104331000;HS10;De fibres synthétiques;Jackets;Habillement;30.0;2.0;;19.0;;=;51.0
6104332000;HS10;De fibres synthétiques;Jackets;Habillement;30.0;2.0;;19.0;;=;51.0
6104339000;HS10;De fibres synthétiques - Autre;Jackets - Other;Habillement;30.0;2.0;;19.0;;=;51.0
610439;HS6;D'autres matières textiles;Jackets;;;;;;;;
6104391000;HS10;Vestes en bonneterie pour femmes ou fillettes soie schappe ou bourrette;Vestes en bonneterie pour femmes ou fillettes soie schappe ou bourrette;Habillement;30.0;2.0;;19.0;;=;51.0
6104392000;HS10;Vestes en bonneterie pour femmes ou fillettes fibres textiles artificielles;Vestes en bonneterie pour femmes ou fillettes fibres textiles artificielles;Habillement;30.0;2.0;;19.0;;=;51.0
6104399000;HS10;D'autres matières textiles - Autre;Jackets - Other;Habillement;30.0;2.0;;19.0;;=;51.0
610441;HS6;De laine ou de poils fins;Dresses;;;;;;;;
6104411000;HS10;De laine ou de poils fins;Dresses;Habillement;30.0;2.0;;19.0;;=;51.0
6104412000;HS10;De laine ou de poils fins;Dresses;Habillement;30.0;2.0;;19.0;;=;51.0
6104419000;HS10;De laine ou de poils fins - Autre;Dresses - Other;Habillement;30.0;2.0;;19.0;;=;51.0
610442;HS6;De coton;Dresses;;;;;;;;
6104421000;HS10;De coton;Dresses;Habillement;30.0;2.0;;19.0;;=;51.0
6104422000;HS10;De coton;Dresses;Habillement;30.0;2.0;;19.0;;=;51.0
6104429000;HS10;De coton - Autre;Dresses - Other;Habillement;30.0;2.0;;19.0;;=;51.0
610443;HS6;De fibres synthétiques;Dresses;;;;;;;;
6104431000;HS10;De fibres synthétiques;Dresses;Habillement;30.0;2.0;;19.0;;=;51.0
6104432000;HS10;De fibres synthétiques;Dresses;Habillement;30.0;2.0;;19.0;;=;51.0
6104439000;HS10;De fibres synthétiques - Autre;Dresses - Other;Habillement;30.0;2.0;;19.0;;=;51.0
610444;HS6;De fibres artificielles;Dresses;;;;;;;;
6104441000;HS10;De fibres artificielles;Dresses;Habillement;30.0;2.0;;19.0;;=;51.0
6104442000;HS10;De fibres artificielles;Dresses;Habillement;30.0;2.0;;19.0;;=;51.0
6104449000;HS10;De fibres artificielles - Autre;Dresses - Other;Habillement;30.0;2.0;;19.0;;=;51.0
610449;HS6;D'autres matières textiles;Dresses;;;;;;;;
6104491000;HS10;Robes en bonneterie pour femmes ou fillettes soie ou déchets de soie;Robes en bonneterie pour femmes ou fillettes soie ou déchets de soie;Habillement;30.0;2.0;;19.0;;=;51.0
6104492000;HS10;D'autres matières textiles;Dresses;Habillement;30.0;2.0;;19.0;;=;51.0
6104499000;HS10;D'autres matières textiles - Autre;Dresses - Other;Habillement;30.0;2.0;;19.0;;=;51.0
610451;HS6;De laine ou de poils fins;Skirts and divided skirts;;;;;;;;
6104511000;HS10;De laine ou de poils fins;Skirts and divided skirts;Habillement;30.0;2.0;;19.0;;=;51.0
6104512000;HS10;De laine ou de poils fins;Skirts and divided skirts;Habillement;30.0;2.0;;19.0;;=;51.0
6104519000;HS10;De laine ou de poils fins - Autre;Skirts and divided skirts - Other;Habillement;30.0;2.0;;19.0;;=;51.0
610452;HS6;De coton;Skirts and divided skirts;;;;;;;;
6104521000;HS10;De coton;Skirts and divided skirts;Habillement;30.0;2.0;;19.0;;=;51.0
6104522000;HS10;De coton;Skirts and divided skirts;Habillement;30.0;2.0;;19.0;;=;51.0
6104529000;HS10;De coton - Autre;Skirts and divided skirts - Other;Habillement;30.0;2.0;;19.0;;=;51.0
610453;HS6;De fibres synthétiques;Skirts and divided skirts;;;;;;;;
6104531000;HS10;De fibres synthétiques;Skirts and divided skirts;Habillement;30.0;2.0;;19.0;;=;51.0
6104532000;HS10;De fibres synthétiques;Skirts and divided skirts;Habillement;30.0;2.0;;19.0;;=;51.0
6104539000;HS10;De fibres synthétiques - Autre;Skirts and divided skirts - Other;Habillement;30.0;2.0;;19.0;;=;51.0
610459;HS6;D'autres matières textiles;Skirts and divided skirts;;;;;;;;
6104591000;HS10;Jupes et jupes culottes en bonneterie pour femmes ou fillettes soie ou déchets de soie;Jupes et jupes culottes en bonneterie pour femmes ou fillettes soie ou déchets de soie;Habillement;30.0;2.0;;19.0;;=;51.0
6104592000;HS10;D'autres matières textiles;Skirts and divided skirts;Habillement;30.0;2.0;;19.0;;=;51.0
6104599000;HS10;D'autres matières textiles - Autre;Skirts and divided skirts - Other;Habillement;30.0;2.0;;19.0;;=;51.0
610461;HS6;De laine ou de poils fins;Trousers;;;;;;;;
6104611000;HS10;Pantalons en bonneterie pour femmes ou fillettes laine ou poils fins;Pantalons en bonneterie pour femmes ou fillettes laine ou poils fins;Habillement;30.0;2.0;;19.0;;=;51.0
6104612000;HS10;Salopettes à bretelles en bonneterie pour femmes ou fillettes laine ou poils fins;Salopettes à bretelles en bonneterie pour femmes ou fillettes laine ou poils fins;Habillement;30.0;2.0;;19.0;;=;51.0
6104619000;HS10;De laine ou de poils fins - Autre;Trousers - Other;Habillement;30.0;2.0;;19.0;;=;51.0
610462;HS6;De coton;Trousers;;;;;;;;
6104621000;HS10;Pantalons en bonneterie pour femmes ou fillettes coton;Pantalons en bonneterie pour femmes ou fillettes coton;Habillement;30.0;2.0;;19.0;;=;51.0
6104622000;HS10;Salopettes à bretelles en bonneterie pour femmes ou fillettes coton;Salopettes à bretelles en bonneterie pour femmes ou fillettes coton;Habillement;30.0;2.0;;19.0;;=;51.0
6104629000;HS10;De coton - Autre;Trousers - Other;Habillement;30.0;2.0;;19.0;;=;51.0
610463;HS6;De fibres synthétiques;Trousers;;;;;;;;
6104631000;HS10;Pantalons en bonneterie pour femmes ou fillettes fibres synthétiques;Pantalons en bonneterie pour femmes ou fillettes fibres synthétiques;Habillement;30.0;2.0;;19.0;;=;51.0
6104632000;HS10;Salopettes à bretelles en bonneterie pour femmes ou fillettes fibres synthétiques;Salopettes à bretelles en bonneterie pour femmes ou fillettes fibres synthétiques;Habillement;30.0;2.0;;19.0;;=;51.0
6104639000;HS10;De fibres synthétiques - Autre;Trousers - Other;Habillement;30.0;2.0;;19.0;;=;51.0
610469;HS6;D'autres matières textiles;Trousers;;;;;;;;
6104691000;HS10;Pantalons en bonneterie pour femmes ou fillettes autres matières textiles;Pantalons en bonneterie pour femmes ou fillettes autres matières textiles;Habillement;30.0;2.0;;19.0;;=;51.0
6104692000;HS10;Salopettes à bretelles en bonneterie pour femmes ou fillettes autres matières textiles;Salopettes à bretelles en bonneterie pour femmes ou fillettes autres matières textiles;Habillement;30.0;2.0;;19.0;;=;51.0
6104699000;HS10;D'autres matières textiles - Autre;Trousers - Other;Habillement;30.0;2.0;;19.0;;=;51.0
6105;RANGEE 05;"Shirts; men's or boys', knitted or crocheted";;;;;;;;;
610510;HS6;Chemises en bonneterie pour hommes;Men's knitted shirts;;;;;;;;
6105101000;HS10;Chemises en bonneterie pour hommes;Men's knitted shirts;Habillement;30.0;2.0;;19.0;;=;51.0
6105102000;HS10;Chemises en bonneterie pour hommes;Men's knitted shirts;Habillement;30.0;2.0;;19.0;;=;51.0
6105109000;HS10;Chemises en bonneterie pour hommes - Autre;Men's knitted shirts - Other;Habillement;30.0;2.0;;19.0;;=;51.0
610520;HS6;De fibres synthétiques ou artificielles;Shirts;;;;;;;;
6105201000;HS10;Chemises et chemisettes en bonneterie pour hommes ou garçons fibres synthétiques;Chemises et chemisettes en bonneterie pour hommes ou garçons fibres synthétiques;Habillement;30.0;2.0;;19.0;;=;51.0
6105202000;HS10;Chemises et chemisettes en bonneterie pour hommes ou garçons fibres artificielles;Chemises et chemisettes en bonneterie pour hommes ou garçons fibres artificielles;Habillement;30.0;2.0;;19.0;;=;51.0
6105209000;HS10;De fibres synthétiques ou artificielles - Autre;Shirts - Other;Habillement;30.0;2.0;;19.0;;=;51.0
610590;HS6;D'autres matières textiles;Shirts;;;;;;;;
6105901000;HS10;Chemises et chemisettes en bonneterie pour hommes ou garçons laine ou poils fins;Chemises et chemisettes en bonneterie pour hommes ou garçons laine ou poils fins;Habillement;30.0;2.0;;19.0;;=;51.0
6105902000;HS10;Chemises et chemisettes en bonneterie pour hommes ou garçons soie ou déchets de soie;Chemises et chemisettes en bonneterie pour hommes ou garçons soie ou déchets de soie;Habillement;30.0;2.0;;19.0;;=;51.0
6105909000;HS10;D'autres matières textiles - Autre;Shirts - Other;Habillement;30.0;2.0;;19.0;;=;51.0
6106;RANGEE 06;"Blouses, shirts and shirt-blouses; women's or girls', knitted or crocheted";;;;;;;;;
610610;HS6;Chemisiers en bonneterie pour femmes;Women's knitted blouses;;;;;;;;
6106101000;HS10;Chemisiers en bonneterie pour femmes;Women's knitted blouses;Habillement;30.0;2.0;;19.0;;=;51.0
6106102000;HS10;Chemisiers en bonneterie pour femmes;Women's knitted blouses;Habillement;30.0;2.0;;19.0;;=;51.0
6106109000;HS10;Chemisiers en bonneterie pour femmes - Autre;Women's knitted blouses - Other;Habillement;30.0;2.0;;19.0;;=;51.0
610620;HS6;De fibres synthétiques ou artificielles;Blouses;;;;;;;;
6106201000;HS10;Chemisiers blouses blouses chemisiers et chemisettes en bonneterie pour femmes ou fillettes fibres synthétiques;Chemisiers blouses blouses chemisiers et chemisettes en bonneterie pour femmes ou fillettes fibres synthétiques;Habillement;30.0;2.0;;19.0;;=;51.0
6106202000;HS10;Chemisiers blouses blouses chemisiers et chemisettes en bonneterie pour femmes ou fillettes fibres artificielles;Chemisiers blouses blouses chemisiers et chemisettes en bonneterie pour femmes ou fillettes fibres artificielles;Habillement;30.0;2.0;;19.0;;=;51.0
6106209000;HS10;De fibres synthétiques ou artificielles - Autre;Blouses - Other;Habillement;30.0;2.0;;19.0;;=;51.0
610690;HS6;D'autres matières textiles;Blouses;;;;;;;;
6106901000;HS10;Chemisiers blouses blouses chemisiers et chemisettes en bonneterie pour femmes ou fillettes laine ou poils fins;Chemisiers blouses blouses chemisiers et chemisettes en bonneterie pour femmes ou fillettes laine ou poils fins;Habillement;30.0;2.0;;19.0;;=;51.0
6106902000;HS10;Chemisiers blouses blouses chemisiers et chemisettes en bonneterie pour femmes ou fillettes soie ou déchets de soie;Chemisiers blouses blouses chemisiers et chemisettes en bonneterie pour femmes ou fillettes soie ou déchets de soie;Habillement;30.0;2.0;;19.0;;=;51.0
6106909000;HS10;D'autres matières textiles - Autre;Blouses - Other;Habillement;30.0;2.0;;19.0;;=;51.0
6107;RANGEE 07;"Underpants, briefs, nightshirts, pyjamas, bathrobes, dressing gowns and similar articles; men's or boys', knitted or crocheted";;;;;;;;;
610711;HS6;Slips en bonneterie pour hommes;Men's knitted underpants;;;;;;;;
6107111000;HS10;Slips en bonneterie pour hommes;Men's knitted underpants;Habillement;30.0;2.0;;19.0;;=;51.0
6107112000;HS10;Slips en bonneterie pour hommes;Men's knitted underpants;Habillement;30.0;2.0;;19.0;;=;51.0
6107119000;HS10;Slips en bonneterie pour hommes - Autre;Men's knitted underpants - Other;Habillement;30.0;2.0;;19.0;;=;51.0
610712;HS6;De fibres synthétiques ou artificielles;Underpants and briefs;;;;;;;;
6107121000;HS10;Slips et caleçons en bonneterie pour hommes ou garçons fibres synthétiques;Slips et caleçons en bonneterie pour hommes ou garçons fibres synthétiques;Habillement;30.0;2.0;;19.0;;=;51.0
6107122000;HS10;Slips et caleçons en bonneterie pour hommes ou garçons fibres artificielles;Slips et caleçons en bonneterie pour hommes ou garçons fibres artificielles;Habillement;30.0;2.0;;19.0;;=;51.0
6107129000;HS10;De fibres synthétiques ou artificielles - Autre;Underpants and briefs - Other;Habillement;30.0;2.0;;19.0;;=;51.0
610719;HS6;D'autres matières textiles;Underpants and briefs;;;;;;;;
6107191000;HS10;Slips et caleçons en bonneterie pour hommes ou garçons soie ou déchets de soie;Slips et caleçons en bonneterie pour hommes ou garçons soie ou déchets de soie;Habillement;30.0;2.0;;19.0;;=;51.0
6107192000;HS10;D'autres matières textiles;Underpants and briefs;Habillement;30.0;2.0;;19.0;;=;51.0
6107199000;HS10;D'autres matières textiles - Autre;Underpants and briefs - Other;Habillement;30.0;2.0;;19.0;;=;51.0
610721;HS6;De coton;Nightshirts and pyjamas;;;;;;;;
6107211000;HS10;Pyjamas en bonneterie pour hommes ou garçons coton;Pyjamas en bonneterie pour hommes ou garçons coton;Habillement;30.0;2.0;;19.0;;=;51.0
6107212000;HS10;Chemises de nuit en bonneterie pour hommes ou garçons coton;Chemises de nuit en bonneterie pour hommes ou garçons coton;Habillement;30.0;2.0;;19.0;;=;51.0
6107219000;HS10;De coton - Autre;Nightshirts and pyjamas - Other;Habillement;30.0;2.0;;19.0;;=;51.0
610722;HS6;De fibres synthétiques ou artificielles;Nightshirts and pyjamas;;;;;;;;
6107221000;HS10;De fibres synthétiques ou artificielles;Nightshirts and pyjamas;Habillement;30.0;2.0;;19.0;;=;51.0
6107222000;HS10;De fibres synthétiques ou artificielles;Nightshirts and pyjamas;Habillement;30.0;2.0;;19.0;;=;51.0
6107229000;HS10;De fibres synthétiques ou artificielles - Autre;Nightshirts and pyjamas - Other;Habillement;30.0;2.0;;19.0;;=;51.0
610729;HS6;D'autres matières textiles;Nightshirts and pyjamas;;;;;;;;
6107291000;HS10;D'autres matières textiles;Nightshirts and pyjamas;Habillement;30.0;2.0;;19.0;;=;51.0
6107292000;HS10;D'autres matières textiles;Nightshirts and pyjamas;Habillement;30.0;2.0;;19.0;;=;51.0
6107299000;HS10;D'autres matières textiles - Autre;Nightshirts and pyjamas - Other;Habillement;30.0;2.0;;19.0;;=;51.0
610791;HS6;De coton;Bathrobes;;;;;;;;
6107911000;HS10;Autres de coton peignoirs de bain;Autres de coton peignoirs de bain;Habillement;30.0;2.0;;19.0;;=;51.0
6107912000;HS10;De coton;Bathrobes;Habillement;30.0;2.0;;19.0;;=;51.0
6107919000;HS10;De coton - Autre;Bathrobes - Other;Habillement;30.0;2.0;;19.0;;=;51.0
610799;HS6;D'autres matières textiles;Bathrobes;;;;;;;;
6107991000;HS10;D'autres matières textiles;Bathrobes;Habillement;30.0;2.0;;19.0;;=;51.0
6107992000;HS10;D'autres matières textiles;Bathrobes;Habillement;30.0;2.0;;19.0;;=;51.0
6107999000;HS10;D'autres matières textiles - Autre;Bathrobes - Other;Habillement;30.0;2.0;;19.0;;=;51.0
6108;RANGEE 08;"Slips, petticoats, briefs, panties, nightdresses, pyjamas, negligees, bathrobes, dressing gowns and similar articles; women's or girls', knitted or crocheted";;;;;;;;;
610811;HS6;De fibres synthétiques ou artificielles;Slips and petticoats;;;;;;;;
6108111000;HS10;Combinaisons ou fonds de robes et jupons de fibres synthétiques ou artificielles de fibres synthétiques;Combinaisons ou fonds de robes et jupons de fibres synthetiques ou artificielles de fibres synthetiques;Habillement;30.0;2.0;;19.0;;=;51.0
6108112000;HS10;Combinaisons ou fonds de robes et jupons de fibres synthétiques ou artificielles de fibres artificielles;Combinaisons ou fonds de robes et jupons de fibres synthetiques ou artificielles de fibres artificielles;Habillement;30.0;2.0;;19.0;;=;51.0
6108119000;HS10;De fibres synthétiques ou artificielles - Autre;Slips and petticoats - Other;Habillement;30.0;2.0;;19.0;;=;51.0
610819;HS6;D'autres matières textiles;Slips and petticoats;;;;;;;;
6108191000;HS10;Combinaisons ou fonds de robes et jupons dautres matieres textiles de soie ou de déchets de soie;Combinaisons ou fonds de robes et jupons dautres matieres textiles de soie ou de dechets de soie;Habillement;30.0;2.0;;19.0;;=;51.0
6108192000;HS10;D'autres matières textiles;Slips and petticoats;Habillement;30.0;2.0;;19.0;;=;51.0
6108199000;HS10;D'autres matières textiles - Autre;Slips and petticoats - Other;Habillement;30.0;2.0;;19.0;;=;51.0
610821;HS6;Slips en bonneterie pour femmes;Women's knitted briefs;;;;;;;;
6108211000;HS10;Slips en bonneterie pour femmes;Women's knitted briefs;Habillement;30.0;2.0;;19.0;;=;51.0
6108212000;HS10;Slips en bonneterie pour femmes;Women's knitted briefs;Habillement;30.0;2.0;;19.0;;=;51.0
6108219000;HS10;Slips en bonneterie pour femmes - Autre;Women's knitted briefs - Other;Habillement;30.0;2.0;;19.0;;=;51.0
610822;HS6;De fibres synthétiques ou artificielles;Briefs and panties;;;;;;;;
6108221000;HS10;Slips et culottes de fibres synthétiques ou artificielles de fibres synthétiques;Slips et culottes de fibres synthetiques ou artificielles de fibres synthetiques;Habillement;30.0;2.0;;19.0;;=;51.0
6108222000;HS10;Slips et culottes de fibres synthétiques ou artificielles de fibres artificielles;Slips et culottes de fibres synthetiques ou artificielles de fibres artificielles;Habillement;30.0;2.0;;19.0;;=;51.0
6108229000;HS10;De fibres synthétiques ou artificielles - Autre;Briefs and panties - Other;Habillement;30.0;2.0;;19.0;;=;51.0
610829;HS6;D'autres matières textiles;Briefs and panties;;;;;;;;
6108291000;HS10;Slips et culottes dautres matieres textiles de soie ou de déchets de soie;Slips et culottes dautres matieres textiles de soie ou de dechets de soie;Habillement;30.0;2.0;;19.0;;=;51.0
6108292000;HS10;D'autres matières textiles;Briefs and panties;Habillement;30.0;2.0;;19.0;;=;51.0
6108299000;HS10;D'autres matières textiles - Autre;Briefs and panties - Other;Habillement;30.0;2.0;;19.0;;=;51.0
610831;HS6;De coton;Nightdresses and pyjamas;;;;;;;;
6108311000;HS10;Chemises de nuit et pyjamas de coton pyjamas;Chemises de nuit et pyjamas de coton pyjamas;Habillement;30.0;2.0;;19.0;;=;51.0
6108312000;HS10;Chemises de nuit et pyjamas de coton chemises de nuit;Chemises de nuit et pyjamas de coton chemises de nuit;Habillement;30.0;2.0;;19.0;;=;51.0
6108319000;HS10;De coton - Autre;Nightdresses and pyjamas - Other;Habillement;30.0;2.0;;19.0;;=;51.0
610832;HS6;De fibres synthétiques ou artificielles;Nightdresses and pyjamas;;;;;;;;
6108321000;HS10;Chemises de nuit et pyjamas de fibres synthétiques ou artificielles pyjamas;Chemises de nuit et pyjamas de fibres synthetiques ou artificielles pyjamas;Habillement;30.0;2.0;;19.0;;=;51.0
6108322000;HS10;Chemises de nuit et pyjamas de fibres synthétiques ou artificielles chemises de nuit;Chemises de nuit et pyjamas de fibres synthetiques ou artificielles chemises de nuit;Habillement;30.0;2.0;;19.0;;=;51.0
6108329000;HS10;De fibres synthétiques ou artificielles - Autre;Nightdresses and pyjamas - Other;Habillement;30.0;2.0;;19.0;;=;51.0
610839;HS6;D'autres matières textiles;Nightdresses and pyjamas;;;;;;;;
6108391000;HS10;D'autres matières textiles;Nightdresses and pyjamas;Habillement;30.0;2.0;;19.0;;=;51.0
6108392000;HS10;D'autres matières textiles;Nightdresses and pyjamas;Habillement;30.0;2.0;;19.0;;=;51.0
6108399000;HS10;D'autres matières textiles - Autre;Nightdresses and pyjamas - Other;Habillement;30.0;2.0;;19.0;;=;51.0
610891;HS6;De coton;Negligees;;;;;;;;
6108911000;HS10;Autres de coton deshabilles et peignoirs de bain;Autres de coton deshabilles et peignoirs de bain;Habillement;30.0;2.0;;19.0;;=;51.0
6108912000;HS10;De coton;Negligees;Habillement;30.0;2.0;;19.0;;=;51.0
6108919000;HS10;De coton - Autre;Negligees - Other;Habillement;30.0;2.0;;19.0;;=;51.0
610892;HS6;De fibres synthétiques ou artificielles;Negligees;;;;;;;;
6108921000;HS10;Autres de fibres synthétiques ou artificielles deshabilles et peignoirs de bain;Autres de fibres synthetiques ou artificielles deshabilles et peignoirs de bain;Habillement;30.0;2.0;;19.0;;=;51.0
6108922000;HS10;De fibres synthétiques ou artificielles;Negligees;Habillement;30.0;2.0;;19.0;;=;51.0
6108929000;HS10;De fibres synthétiques ou artificielles - Autre;Negligees - Other;Habillement;30.0;2.0;;19.0;;=;51.0
610899;HS6;D'autres matières textiles;Negligees;;;;;;;;
6108991000;HS10;D'autres matières textiles;Negligees;Habillement;30.0;2.0;;19.0;;=;51.0
6108992000;HS10;D'autres matières textiles;Negligees;Habillement;30.0;2.0;;19.0;;=;51.0
6108999000;HS10;D'autres matières textiles - Autre;Negligees - Other;Habillement;30.0;2.0;;19.0;;=;51.0
6109;RANGEE 09;"T-shirts, singlets and other vests; knitted or crocheted";;;;;;;;;
610910;HS6;T-shirts en bonneterie;Knitted T-shirts;;;;;;;;
6109101000;HS10;T-shirts en bonneterie;Knitted T-shirts;Habillement;30.0;2.0;;19.0;;=;51.0
6109102000;HS10;T-shirts en bonneterie;Knitted T-shirts;Habillement;30.0;2.0;;19.0;;=;51.0
6109109000;HS10;T-shirts en bonneterie - Autre;Knitted T-shirts - Other;Habillement;30.0;2.0;;19.0;;=;51.0
610990;HS6;D'autres matières textiles;T-shirts;;;;;;;;
6109901000;HS10;Dautres matieres textiles de laine ou de poils fins;Dautres matieres textiles de laine ou de poils fins;Habillement;30.0;2.0;;19.0;;=;51.0
6109902000;HS10;Dautres matieres textiles de fibres synthétiques ou artificielles;Dautres matieres textiles de fibres synthetiques ou artificielles;Habillement;30.0;2.0;;19.0;;=;51.0
6109909000;HS10;D'autres matières textiles - Autre;T-shirts - Other;Habillement;30.0;2.0;;19.0;;=;51.0
6110;RANGEE 10;"Jerseys, pullovers, cardigans, waistcoats and similar articles; knitted or crocheted";;;;;;;;;
611010;HS6;Chandails, pull-overs en bonneterie de laine;Wool knitted sweaters, pullovers;;;;;;;;
6110101000;HS10;Chandails, pull-overs en bonneterie de laine;Wool knitted sweaters, pullovers;Habillement;30.0;2.0;;19.0;;=;51.0
6110102000;HS10;Chandails, pull-overs en bonneterie de laine;Wool knitted sweaters, pullovers;Habillement;30.0;2.0;;19.0;;=;51.0
6110109000;HS10;Chandails, pull-overs en bonneterie de laine - Autre;Wool knitted sweaters, pullovers - Other;Habillement;30.0;2.0;;19.0;;=;51.0
611011;HS6;De laine;Jerseys;;;;;;;;
6110111000;HS10;De laine ou de poils fins de laine pour hommes ou garonnets;De laine ou de poils fins de laine pour hommes ou garonnets;Habillement;30.0;2.0;;19.0;;=;51.0
6110112000;HS10;De laine ou de poils fins de laine pour femmes ou fillettes;De laine ou de poils fins de laine pour femmes ou fillettes;Habillement;30.0;2.0;;19.0;;=;51.0
6110119000;HS10;De laine - Autre;Jerseys - Other;Habillement;30.0;2.0;;19.0;;=;51.0
611012;HS6;De chèvre de Cachemire;Jerseys;;;;;;;;
6110121000;HS10;De laine ou de poils fins de chevre de cachemire pour hommes ou garonnets;De laine ou de poils fins de chevre de cachemire pour hommes ou garonnets;Habillement;30.0;2.0;;19.0;;=;51.0
6110122000;HS10;De laine ou de poils fins de chevre de cachemire pour femmes ou fillettes;De laine ou de poils fins de chevre de cachemire pour femmes ou fillettes;Habillement;30.0;2.0;;19.0;;=;51.0
6110129000;HS10;De chèvre de Cachemire - Autre;Jerseys - Other;Habillement;30.0;2.0;;19.0;;=;51.0
611019;HS6;Autres;Jerseys;;;;;;;;
6110191000;HS10;De laine ou de poils fins autres pour hommes ou garonnets;De laine ou de poils fins autres pour hommes ou garonnets;Habillement;30.0;2.0;;19.0;;=;51.0
6110192000;HS10;De laine ou de poils fins autres pour femmes ou fillettes;De laine ou de poils fins autres pour femmes ou fillettes;Habillement;30.0;2.0;;19.0;;=;51.0
6110199000;HS10;Autres - Autre;Jerseys - Other;Habillement;30.0;2.0;;19.0;;=;51.0
611020;HS6;Chandails en bonneterie de coton;Cotton knitted sweaters;;;;;;;;
6110201000;HS10;De coton sous pulls;De coton sous pulls;Habillement;30.0;2.0;;19.0;;=;51.0
6110202000;HS10;Chandails en bonneterie de coton;Cotton knitted sweaters;Habillement;30.0;2.0;;19.0;;=;51.0
6110209000;HS10;Chandails en bonneterie de coton - Autre;Cotton knitted sweaters - Other;Habillement;30.0;2.0;;19.0;;=;51.0
611030;HS6;De fibres synthétiques ou artificielles;Jerseys;;;;;;;;
6110301000;HS10;De fibres synthétiques ou artificielles sous pulls;De fibres synthetiques ou artificielles sous pulls;Habillement;30.0;2.0;;19.0;;=;51.0
6110302000;HS10;De fibres synthétiques ou artificielles;Jerseys;Habillement;30.0;2.0;;19.0;;=;51.0
6110309000;HS10;De fibres synthétiques ou artificielles - Autre;Jerseys - Other;Habillement;30.0;2.0;;19.0;;=;51.0
611090;HS6;D'autres matières textiles;Jerseys;;;;;;;;
6110901000;HS10;D'autres matières textiles;Jerseys;Habillement;30.0;2.0;;19.0;;=;51.0
6110902000;HS10;D'autres matières textiles;Jerseys;Habillement;30.0;2.0;;19.0;;=;51.0
6110909000;HS10;D'autres matières textiles - Autre;Jerseys - Other;Habillement;30.0;2.0;;19.0;;=;51.0
6111;RANGEE 11;"Garments and clothing accessories, babies'; knitted or crocheted";;;;;;;;;
611110;HS6;Vêtements pour bébés en bonneterie;Knitted babies' garments;;;;;;;;
6111101000;HS10;Vêtements pour bébés en bonneterie;Knitted babies' garments;Habillement;30.0;2.0;;19.0;;=;51.0
6111102000;HS10;Vêtements pour bébés en bonneterie;Knitted babies' garments;Habillement;30.0;2.0;;19.0;;=;51.0
6111109000;HS10;Vêtements pour bébés en bonneterie - Autre;Knitted babies' garments - Other;Habillement;30.0;2.0;;19.0;;=;51.0
611120;HS6;De coton;Garments and clothing accessories;;;;;;;;
6111201000;HS10;De coton pantalons salopettes a bretelles culottes et combinaisons de dessus;De coton pantalons salopettes a bretelles culottes et combinaisons de dessus;Habillement;30.0;2.0;;19.0;;=;51.0
6111202000;HS10;De coton chemises chemisettes t shirts blouses pull overs et cardigans;De coton chemises chemisettes t shirts blouses pull overs et cardigans;Habillement;30.0;2.0;;19.0;;=;51.0
6111209000;HS10;De coton - Autre;Garments and clothing accessories - Other;Habillement;30.0;2.0;;19.0;;=;51.0
611130;HS6;De fibres synthétiques;Garments and clothing accessories;;;;;;;;
6111301000;HS10;De fibres synthétiques pantalons salopettes a bretelles culottes et combinaisons de dessus;De fibres synthetiques pantalons salopettes a bretelles culottes et combinaisons de dessus;Habillement;30.0;2.0;;19.0;;=;51.0
6111302000;HS10;De fibres synthétiques chemises chemisettes t shirts blouses pull overs et cardigans;De fibres synthetiques chemises chemisettes t shirts blouses pull overs et cardigans;Habillement;30.0;2.0;;19.0;;=;51.0
6111309000;HS10;De fibres synthétiques - Autre;Garments and clothing accessories - Other;Habillement;30.0;2.0;;19.0;;=;51.0
611190;HS6;D'autres matières textiles;Garments and clothing accessories;;;;;;;;
6111901000;HS10;D'autres matières textiles;Garments and clothing accessories;Habillement;30.0;2.0;;19.0;;=;51.0
6111902000;HS10;D'autres matières textiles;Garments and clothing accessories;Habillement;30.0;2.0;;19.0;;=;51.0
6111909000;HS10;D'autres matières textiles - Autre;Garments and clothing accessories - Other;Habillement;30.0;2.0;;19.0;;=;51.0
6112;RANGEE 12;"Track suits, ski suits and swimwear; knitted or crocheted";;;;;;;;;
611211;HS6;Survêtements de sport en bonneterie de coton;Cotton knitted track suits;;;;;;;;
6112111000;HS10;Survêtements de sport en bonneterie de coton;Cotton knitted track suits;Habillement;30.0;2.0;;19.0;;=;51.0
6112112000;HS10;Survêtements de sport en bonneterie de coton;Cotton knitted track suits;Habillement;30.0;2.0;;19.0;;=;51.0
6112119000;HS10;Survêtements de sport en bonneterie de coton - Autre;Cotton knitted track suits - Other;Habillement;30.0;2.0;;19.0;;=;51.0
611212;HS6;De fibres synthétiques;Track suits;;;;;;;;
6112121000;HS10;De fibres synthétiques;Track suits;Habillement;30.0;2.0;;19.0;;=;51.0
6112122000;HS10;De fibres synthétiques;Track suits;Habillement;30.0;2.0;;19.0;;=;51.0
6112129000;HS10;De fibres synthétiques - Autre;Track suits - Other;Habillement;30.0;2.0;;19.0;;=;51.0
611219;HS6;D'autres matières textiles;Track suits;;;;;;;;
6112191000;HS10;Survetements de sport trainings dautres matieres textiles de soie ou de déchets de soie;Survetements de sport trainings dautres matieres textiles de soie ou de dechets de soie;Habillement;30.0;2.0;;19.0;;=;51.0
6112192000;HS10;Survetements de sport trainings dautres matieres textiles autres;Survetements de sport trainings dautres matieres textiles autres;Habillement;30.0;2.0;;19.0;;=;51.0
6112199000;HS10;D'autres matières textiles - Autre;Track suits - Other;Habillement;30.0;2.0;;19.0;;=;51.0
611220;HS6;Combinaisons et ensembles de ski;Ski suits;;;;;;;;
6112201000;HS10;Combinaisons et ensembles de ski;Ski suits;Habillement;30.0;2.0;;19.0;;=;51.0
6112202000;HS10;Combinaisons et ensembles de ski;Ski suits;Habillement;30.0;2.0;;19.0;;=;51.0
6112209000;HS10;Combinaisons et ensembles de ski - Autre;Ski suits - Other;Habillement;30.0;2.0;;19.0;;=;51.0
611231;HS6;De fibres synthétiques;Swimwear;;;;;;;;
6112311000;HS10;Maillots culottes et slips de bain pour hommes ou garonnets de fibres synthétiques contenant en poids 5 ou plus de fils de caoutchouc;Maillots culottes et slips de bain pour hommes ou garonnets de fibres synthetiques contenant en poids 5 ou plus de fils de caoutchouc;Habillement;30.0;2.0;;19.0;;=;51.0
6112312000;HS10;De fibres synthétiques;Swimwear;Habillement;30.0;2.0;;19.0;;=;51.0
6112319000;HS10;De fibres synthétiques - Autre;Swimwear - Other;Habillement;30.0;2.0;;19.0;;=;51.0
611239;HS6;D'autres matières textiles;Swimwear;;;;;;;;
6112391000;HS10;Maillots culottes et slips de bain pour hommes ou garonnets dautres matieres textiles contenant en poids 5 ou plus de fils de caoutchouc;Maillots culottes et slips de bain pour hommes ou garonnets dautres matieres textiles contenant en poids 5 ou plus de fils de caoutchouc;Habillement;30.0;2.0;;19.0;;=;51.0
6112392000;HS10;D'autres matières textiles;Swimwear;Habillement;30.0;2.0;;19.0;;=;51.0
6112399000;HS10;D'autres matières textiles - Autre;Swimwear - Other;Habillement;30.0;2.0;;19.0;;=;51.0
611241;HS6;De fibres synthétiques;Swimwear;;;;;;;;
6112411000;HS10;Maillots culottes et slips de bain pour femmes ou fillettes de fibres synthétiques contenant en poids 5 ou plus de fils de caoutchouc;Maillots culottes et slips de bain pour femmes ou fillettes de fibres synthetiques contenant en poids 5 ou plus de fils de caoutchouc;Habillement;30.0;2.0;;19.0;;=;51.0
6112412000;HS10;De fibres synthétiques;Swimwear;Habillement;30.0;2.0;;19.0;;=;51.0
6112419000;HS10;De fibres synthétiques - Autre;Swimwear - Other;Habillement;30.0;2.0;;19.0;;=;51.0
611249;HS6;D'autres matières textiles;Swimwear;;;;;;;;
6112491000;HS10;Maillots culottes et slips de bain pour femmes ou fillettes dautres matieres textiles contenant en poids 5 ou plus de fils de caoutchouc;Maillots culottes et slips de bain pour femmes ou fillettes dautres matieres textiles contenant en poids 5 ou plus de fils de caoutchouc;Habillement;30.0;2.0;;19.0;;=;51.0
6112492000;HS10;D'autres matières textiles;Swimwear;Habillement;30.0;2.0;;19.0;;=;51.0
6112499000;HS10;D'autres matières textiles - Autre;Swimwear - Other;Habillement;30.0;2.0;;19.0;;=;51.0
6113;RANGEE 13;Garments made up of knitted or crocheted fabrics of heading no. 5903, 5906 and 5907;;;;;;;;;
611300;HS6;Vêtements confectionnés en étoffes de bonneterie des n°s 59.03;Garments made up of knitted or crocheted fabrics of heading no. 5903;;;;;;;;
6113001000;HS10;Imperméables en bonneterie enduite;Imperméables en bonneterie enduite;Habillement;30.0;2.0;;19.0;;=;51.0
6113002000;HS10;Vêtements cires en bonneterie;Vêtements cires en bonneterie;Habillement;30.0;2.0;;19.0;;=;51.0
6113009000;HS10;Vêtements confectionnés en étoffes de bonneterie des n°s 59.03 - Autre;Garments made up of knitted or crocheted fabrics of heading no. 5903 - Other;Habillement;30.0;2.0;;19.0;;=;51.0
6114;RANGEE 14;"Garments; knitted or crocheted, n.e.c. in chapter 61";;;;;;;;;
611420;HS6;De coton;Garments;;;;;;;;
6114201000;HS10;De coton vetements traditionnels;De coton vetements traditionnels;Habillement;30.0;2.0;;19.0;;=;51.0
6114202000;HS10;De coton;Garments;Habillement;30.0;2.0;;19.0;;=;51.0
6114209000;HS10;De coton - Autre;Garments - Other;Habillement;30.0;2.0;;19.0;;=;51.0
611430;HS6;De fibres synthétiques ou artificielles;Garments;;;;;;;;
6114301000;HS10;De fibres synthétiques ou artificielles vetements traditionnels;De fibres synthetiques ou artificielles vetements traditionnels;Habillement;30.0;2.0;;19.0;;=;51.0
6114302000;HS10;De fibres synthétiques ou artificielles vetements speciaux pour la pratique de certains sports;De fibres synthetiques ou artificielles vetements speciaux pour la pratique de certains sports;Habillement;30.0;2.0;;19.0;;=;51.0
6114309000;HS10;De fibres synthétiques ou artificielles - Autre;Garments - Other;Habillement;30.0;2.0;;19.0;;=;51.0
611490;HS6;D'autres matières textiles;Garments;;;;;;;;
6114901000;HS10;Dautres matieres textiles vetements traditionnels;Dautres matieres textiles vetements traditionnels;Habillement;30.0;2.0;;19.0;;=;51.0
6114902000;HS10;Dautres matieres textiles vetements speciaux pour la pratique de certains sports;Dautres matieres textiles vetements speciaux pour la pratique de certains sports;Habillement;30.0;2.0;;19.0;;=;51.0
6114909000;HS10;D'autres matières textiles - Autre;Garments - Other;Habillement;30.0;2.0;;19.0;;=;51.0
6115;RANGEE 15;"Hosiery; panty hose, tights, stockings, socks and other hosiery, including graduated compression hosiery (for example, stockings for varicose veins) and footwear without applied soles, knitted or crocheted";;;;;;;;;
611510;HS6;Collants (bas-culottes);Graduated compression hosiery (for example;;;;;;;;
6115101000;HS10;Collants (bas-culottes);Graduated compression hosiery (for example;Habillement;30.0;2.0;;19.0;;=;51.0
6115102000;HS10;Collants (bas-culottes);Graduated compression hosiery (for example;Habillement;30.0;2.0;;19.0;;=;51.0
6115109000;HS10;Collants (bas-culottes) - Autre;Graduated compression hosiery (for example - Other;Habillement;30.0;2.0;;19.0;;=;51.0
611521;HS6;De fibres synthétiques;Hosiery;;;;;;;;
6115211000;HS10;De fibres synthétiques;Hosiery;Habillement;30.0;2.0;;19.0;;=;51.0
6115212000;HS10;De fibres synthétiques;Hosiery;Habillement;30.0;2.0;;19.0;;=;51.0
6115219000;HS10;De fibres synthétiques - Autre;Hosiery - Other;Habillement;30.0;2.0;;19.0;;=;51.0
611522;HS6;De fibres synthétiques;Hosiery;;;;;;;;
6115221000;HS10;De fibres synthétiques;Hosiery;Habillement;30.0;2.0;;19.0;;=;51.0
6115222000;HS10;De fibres synthétiques;Hosiery;Habillement;30.0;2.0;;19.0;;=;51.0
6115229000;HS10;De fibres synthétiques - Autre;Hosiery - Other;Habillement;30.0;2.0;;19.0;;=;51.0
611529;HS6;D'autres matières textiles;Hosiery;;;;;;;;
6115291000;HS10;Autres collants bas culottes dautres matieres textiles de soie ou de déchets de soie;Autres collants bas culottes dautres matieres textiles de soie ou de dechets de soie;Habillement;30.0;2.0;;19.0;;=;51.0
6115292000;HS10;D'autres matières textiles;Hosiery;Habillement;30.0;2.0;;19.0;;=;51.0
6115299000;HS10;D'autres matières textiles - Autre;Hosiery - Other;Habillement;30.0;2.0;;19.0;;=;51.0
611530;HS6;Autres bas et mi-bas de femmes titrant en fils simples moins de 67 décitex;Hosiery;;;;;;;;
6115301000;HS10;Mi bas de femmes titrage fin;Mi bas de femmes titrage fin;Habillement;30.0;2.0;;19.0;;=;51.0
6115302000;HS10;Autres bas et mi bas de femmes titrant en fils simples moins de 67 decitex bas;Autres bas et mi bas de femmes titrant en fils simples moins de 67 decitex bas;Habillement;30.0;2.0;;19.0;;=;51.0
6115309000;HS10;Autres bas et mi-bas de femmes titrant en fils simples moins de 67 décitex - Autre;Hosiery - Other;Habillement;30.0;2.0;;19.0;;=;51.0
611594;HS6;De laine ou de poils fins;Hosiery and footwear;;;;;;;;
6115941000;HS10;De laine ou de poils fins;Hosiery and footwear;Habillement;30.0;2.0;;19.0;;=;51.0
6115942000;HS10;De laine ou de poils fins;Hosiery and footwear;Habillement;30.0;2.0;;19.0;;=;51.0
6115949000;HS10;De laine ou de poils fins - Autre;Hosiery and footwear - Other;Habillement;30.0;2.0;;19.0;;=;51.0
611595;HS6;De coton;Hosiery and footwear;;;;;;;;
6115951000;HS10;De coton;Hosiery and footwear;Habillement;30.0;2.0;;19.0;;=;51.0
6115952000;HS10;De coton;Hosiery and footwear;Habillement;30.0;2.0;;19.0;;=;51.0
6115959000;HS10;De coton - Autre;Hosiery and footwear - Other;Habillement;30.0;2.0;;19.0;;=;51.0
611596;HS6;De fibres synthétiques;Hosiery and footwear;;;;;;;;
6115961000;HS10;Mi bas en fibres synthétiques;Mi bas en fibres synthétiques;Habillement;30.0;2.0;;19.0;;=;51.0
6115962000;HS10;Bas pour femmes en fibres synthétiques;Bas pour femmes en fibres synthétiques;Habillement;30.0;2.0;;19.0;;=;51.0
6115969000;HS10;De fibres synthétiques - Autre;Hosiery and footwear - Other;Habillement;30.0;2.0;;19.0;;=;51.0
611599;HS6;D'autres matières textiles;Hosiery and footwear;;;;;;;;
6115991000;HS10;Autres dautres matieres textiles de soie ou de déchets de soie;Autres dautres matieres textiles de soie ou de dechets de soie;Habillement;30.0;2.0;;19.0;;=;51.0
6115992000;HS10;D'autres matières textiles;Hosiery and footwear;Habillement;30.0;2.0;;19.0;;=;51.0
6115999000;HS10;D'autres matières textiles - Autre;Hosiery and footwear - Other;Habillement;30.0;2.0;;19.0;;=;51.0
6116;RANGEE 16;"Gloves, mittens and mitts; knitted or crocheted";;;;;;;;;
611610;HS6;Imprégnés;Gloves;;;;;;;;
6116101000;HS10;Gants en bonneterie enduite de caoutchouc;Gants en bonneterie enduite de caoutchouc;Habillement;30.0;2.0;;19.0;;=;51.0
6116102000;HS10;Gants en bonneterie enduite de matières plastiques;Gants en bonneterie enduite de matières plastiques;Habillement;30.0;2.0;;19.0;;=;51.0
6116109000;HS10;Imprégnés - Autre;Gloves - Other;Habillement;30.0;2.0;;19.0;;=;51.0
611691;HS6;De laine ou de poils fins;Gloves;;;;;;;;
6116911000;HS10;Autres de laine ou de poils fins gants;Autres de laine ou de poils fins gants;Habillement;30.0;2.0;;19.0;;=;51.0
6116912000;HS10;Autres de laine ou de poils fins mitaines;Autres de laine ou de poils fins mitaines;Habillement;30.0;2.0;;19.0;;=;51.0
6116919000;HS10;De laine ou de poils fins - Autre;Gloves - Other;Habillement;30.0;2.0;;19.0;;=;51.0
611692;HS6;De coton;Gloves;;;;;;;;
6116921000;HS10;Autres de coton gants;Autres de coton gants;Habillement;30.0;2.0;;19.0;;=;51.0
6116922000;HS10;Autres de coton mitaines;Autres de coton mitaines;Habillement;30.0;2.0;;19.0;;=;51.0
6116929000;HS10;De coton - Autre;Gloves - Other;Habillement;30.0;2.0;;19.0;;=;51.0
611693;HS6;De fibres synthétiques;Gloves;;;;;;;;
6116931000;HS10;Autres de fibres synthétiques gants;Autres de fibres synthetiques gants;Habillement;30.0;2.0;;19.0;;=;51.0
6116932000;HS10;Autres de fibres synthétiques mitaines;Autres de fibres synthetiques mitaines;Habillement;30.0;2.0;;19.0;;=;51.0
6116939000;HS10;De fibres synthétiques - Autre;Gloves - Other;Habillement;30.0;2.0;;19.0;;=;51.0
611699;HS6;D'autres matières textiles;Gloves;;;;;;;;
6116991000;HS10;Autres dautres matieres textiles gants;Autres dautres matieres textiles gants;Habillement;30.0;2.0;;19.0;;=;51.0
6116992000;HS10;Autres dautres matieres textiles mitaines;Autres dautres matieres textiles mitaines;Habillement;30.0;2.0;;19.0;;=;51.0
6116999000;HS10;D'autres matières textiles - Autre;Gloves - Other;Habillement;30.0;2.0;;19.0;;=;51.0
6117;RANGEE 17;"Clothing accessories; made up, knitted or crocheted, knitted or crocheted parts of garments or of clothing accessories";;;;;;;;;
611710;HS6;Châles;Shawls;;;;;;;;
6117101000;HS10;Châles;Shawls;Habillement;30.0;2.0;;19.0;;=;51.0
6117102000;HS10;Châles;Shawls;Habillement;30.0;2.0;;19.0;;=;51.0
6117109000;HS10;Châles - Autre;Shawls - Other;Habillement;30.0;2.0;;19.0;;=;51.0
611780;HS6;Autres accessoires;Clothing accessories;;;;;;;;
6117801000;HS10;Autres accessoires cravates noeuds papillons et foulards cravates;Autres accessoires cravates noeuds papillons et foulards cravates;Habillement;30.0;2.0;;19.0;;=;51.0
6117802000;HS10;Autres accessoires genouilleres et chevillieres;Autres accessoires genouilleres et chevillieres;Habillement;30.0;2.0;;19.0;;=;51.0
6117809000;HS10;Autres accessoires - Autre;Clothing accessories - Other;Habillement;30.0;2.0;;19.0;;=;51.0
611790;HS6;Parties;Clothing;;;;;;;;
6117901000;HS10;Parties de soie ou de déchets de soie;Parties de soie ou de dechets de soie;Habillement;30.0;2.0;;19.0;;=;51.0
6117902000;HS10;Parties de laine ou de poils fins;Parties de laine ou de poils fins;Habillement;30.0;2.0;;19.0;;=;51.0
6117909000;HS10;Parties - Autre;Clothing - Other;Habillement;30.0;2.0;;19.0;;=;51.0
CHAPITRE 62;CHAPITRE;Vêtements (hors bonneterie);;;;;;;;;
6201;RANGEE 01;Overcoats, car-coats, capes, cloaks, anoraks (including ski-jackets), wind-cheaters, wind-jackets and similar articles, men's or boys', other than those of heading no. 6203 (not knitted or crocheted);;;;;;;;;
620111;HS6;Manteaux pour hommes en laine;Men's wool overcoats;;;;;;;;
6201111000;HS10;Manteaux pour hommes en laine;Men's wool overcoats;Habillement;30.0;2.0;;19.0;;910 Déclaration d'Importation du Produit | 210 Autorisation de Libre Circulation;51.0
6201112000;HS10;Manteaux pour hommes en laine;Men's wool overcoats;Habillement;30.0;2.0;;19.0;;=;51.0
6201119000;HS10;Manteaux pour hommes en laine - Autre;Men's wool overcoats - Other;Habillement;30.0;2.0;;19.0;;=;51.0
620120;HS6;De laine ou de poils fins;Coats;;;;;;;;
6201201000;HS10;De laine ou de poils fins;Coats;Habillement;30.0;2.0;;19.0;;=;51.0
6201202000;HS10;De laine ou de poils fins;Coats;Habillement;30.0;2.0;;19.0;;=;51.0
6201209000;HS10;De laine ou de poils fins - Autre;Coats - Other;Habillement;30.0;2.0;;19.0;;=;51.0
620130;HS6;De coton;Coats;;;;;;;;
6201301000;HS10;De coton;Coats;Habillement;30.0;2.0;;19.0;;=;51.0
6201302000;HS10;De coton;Coats;Habillement;30.0;2.0;;19.0;;=;51.0
6201309000;HS10;De coton - Autre;Coats - Other;Habillement;30.0;2.0;;19.0;;=;51.0
620140;HS6;De fibres synthétiques ou artificielles;Coats;;;;;;;;
6201401000;HS10;De fibres synthétiques ou artificielles;Coats;Habillement;30.0;2.0;;19.0;;=;51.0
6201402000;HS10;De fibres synthétiques ou artificielles;Coats;Habillement;30.0;2.0;;19.0;;=;51.0
6201409000;HS10;De fibres synthétiques ou artificielles - Autre;Coats - Other;Habillement;30.0;2.0;;19.0;;=;51.0
620190;HS6;D'autres matières textiles;Coats;;;;;;;;
6201901000;HS10;D'autres matières textiles;Coats;Habillement;30.0;2.0;;19.0;;=;51.0
6201902000;HS10;D'autres matières textiles;Coats;Habillement;30.0;2.0;;19.0;;=;51.0
6201909000;HS10;D'autres matières textiles - Autre;Coats - Other;Habillement;30.0;2.0;;19.0;;=;51.0
6202;RANGEE 02;"Coats; women's or girls' overcoats, carcoats, capes, cloaks, anoraks (including ski-jackets), wind-cheaters, wind-jackets and similar articles, other than those of heading no. 6204 (not knitted or crocheted)";;;;;;;;;
620211;HS6;Manteaux pour femmes en laine;Women's wool overcoats;;;;;;;;
6202111000;HS10;Manteaux pour femmes en laine;Women's wool overcoats;Habillement;30.0;2.0;;19.0;;=;51.0
6202112000;HS10;Manteaux pour femmes en laine;Women's wool overcoats;Habillement;30.0;2.0;;19.0;;=;51.0
6202119000;HS10;Manteaux pour femmes en laine - Autre;Women's wool overcoats - Other;Habillement;30.0;2.0;;19.0;;=;51.0
620220;HS6;De laine ou de poils fins;Coats;;;;;;;;
6202201000;HS10;De laine ou de poils fins;Coats;Habillement;30.0;2.0;;19.0;;=;51.0
6202202000;HS10;De laine ou de poils fins;Coats;Habillement;30.0;2.0;;19.0;;=;51.0
6202209000;HS10;De laine ou de poils fins - Autre;Coats - Other;Habillement;30.0;2.0;;19.0;;=;51.0
620230;HS6;De coton;Coats;;;;;;;;
6202301000;HS10;De coton;Coats;Habillement;30.0;2.0;;19.0;;=;51.0
6202302000;HS10;De coton;Coats;Habillement;30.0;2.0;;19.0;;=;51.0
6202309000;HS10;De coton - Autre;Coats - Other;Habillement;30.0;2.0;;19.0;;=;51.0
620240;HS6;De fibres synthétiques ou artificielles;Coats;;;;;;;;
6202401000;HS10;De fibres synthétiques ou artificielles;Coats;Habillement;30.0;2.0;;19.0;;=;51.0
6202402000;HS10;De fibres synthétiques ou artificielles;Coats;Habillement;30.0;2.0;;19.0;;=;51.0
6202409000;HS10;De fibres synthétiques ou artificielles - Autre;Coats - Other;Habillement;30.0;2.0;;19.0;;=;51.0
620290;HS6;D'autres matières textiles;Coats;;;;;;;;
6202901000;HS10;D'autres matières textiles;Coats;Habillement;30.0;2.0;;19.0;;=;51.0
6202902000;HS10;D'autres matières textiles;Coats;Habillement;30.0;2.0;;19.0;;=;51.0
6202909000;HS10;D'autres matières textiles - Autre;Coats - Other;Habillement;30.0;2.0;;19.0;;=;51.0
6203;RANGEE 03;"Suits, ensembles, jackets, blazers, trousers, bib and brace overalls, breeches and shorts (other than swimwear); men's or boys' (not knitted or crocheted)";;;;;;;;;
620311;HS6;Costumes pour hommes en laine;Men's wool suits;;;;;;;;
6203111000;HS10;Costumes ou complets de laine ou de poils fins traditionnels;Costumes ou complets de laine ou de poils fins traditionnels;Habillement;30.0;2.0;;19.0;;=;51.0
6203112000;HS10;Costumes ou complets de laine ou de poils fins autres que traditionnels;Costumes ou complets de laine ou de poils fins autres que traditionnels;Habillement;30.0;2.0;;19.0;;=;51.0
6203119000;HS10;Costumes pour hommes en laine - Autre;Men's wool suits - Other;Habillement;30.0;2.0;;19.0;;=;51.0
620312;HS6;De fibres synthétiques;Suits;;;;;;;;
6203121000;HS10;Costumes ou complets de fibres synthétiques de polyesters;Costumes ou complets de fibres synthetiques de polyesters;Habillement;30.0;2.0;;19.0;;=;51.0
6203122000;HS10;De fibres synthétiques;Suits;Habillement;30.0;2.0;;19.0;;=;51.0
6203129000;HS10;De fibres synthétiques - Autre;Suits - Other;Habillement;30.0;2.0;;19.0;;=;51.0
620319;HS6;D'autres matières textiles;Suits;;;;;;;;
6203191000;HS10;Costumes ou complets dautres matieres textiles traditionnels;Costumes ou complets dautres matieres textiles traditionnels;Habillement;30.0;2.0;;19.0;;=;51.0
6203192000;HS10;D'autres matières textiles;Suits;Habillement;30.0;2.0;;19.0;;=;51.0
6203199000;HS10;D'autres matières textiles - Autre;Suits - Other;Habillement;30.0;2.0;;19.0;;=;51.0
620322;HS6;De coton;Ensembles;;;;;;;;
6203221000;HS10;Ensembles de coton traditionnels;Ensembles de coton traditionnels;Habillement;30.0;2.0;;19.0;;=;51.0
6203222000;HS10;De coton;Ensembles;Habillement;30.0;2.0;;19.0;;=;51.0
6203229000;HS10;De coton - Autre;Ensembles - Other;Habillement;30.0;2.0;;19.0;;=;51.0
620323;HS6;De fibres synthétiques;Ensembles;;;;;;;;
6203231000;HS10;Ensembles de fibres synthétiques de travail;Ensembles de fibres synthetiques de travail;Habillement;30.0;2.0;;19.0;;=;51.0
6203232000;HS10;De fibres synthétiques;Ensembles;Habillement;30.0;2.0;;19.0;;=;51.0
6203239000;HS10;De fibres synthétiques - Autre;Ensembles - Other;Habillement;30.0;2.0;;19.0;;=;51.0
620329;HS6;D'autres matières textiles;Ensembles;;;;;;;;
6203291000;HS10;Ensembles dautres matieres textiles traditionnels;Ensembles dautres matieres textiles traditionnels;Habillement;30.0;2.0;;19.0;;=;51.0
6203292000;HS10;D'autres matières textiles;Ensembles;Habillement;30.0;2.0;;19.0;;=;51.0
6203299000;HS10;D'autres matières textiles - Autre;Ensembles - Other;Habillement;30.0;2.0;;19.0;;=;51.0
620331;HS6;De laine ou de poils fins;Jackets and blazers;;;;;;;;
6203311000;HS10;Vestons de laine ou de poils fins traditionnels;Vestons de laine ou de poils fins traditionnels;Habillement;30.0;2.0;;19.0;;=;51.0
6203312000;HS10;Vestons de laine ou de poils fins autres que traditionnels;Vestons de laine ou de poils fins autres que traditionnels;Habillement;30.0;2.0;;19.0;;=;51.0
6203319000;HS10;De laine ou de poils fins - Autre;Jackets and blazers - Other;Habillement;30.0;2.0;;19.0;;=;51.0
620332;HS6;De coton;Jackets and blazers;;;;;;;;
6203321000;HS10;Vestons de coton traditionnels;Vestons de coton traditionnels;Habillement;30.0;2.0;;19.0;;=;51.0
6203322000;HS10;De coton;Jackets and blazers;Habillement;30.0;2.0;;19.0;;=;51.0
6203329000;HS10;De coton - Autre;Jackets and blazers - Other;Habillement;30.0;2.0;;19.0;;=;51.0
620333;HS6;De fibres synthétiques;Jackets and blazers;;;;;;;;
6203331000;HS10;Vestons de fibres synthétiques de travail;Vestons de fibres synthetiques de travail;Habillement;30.0;2.0;;19.0;;=;51.0
6203332000;HS10;De fibres synthétiques;Jackets and blazers;Habillement;30.0;2.0;;19.0;;=;51.0
6203339000;HS10;De fibres synthétiques - Autre;Jackets and blazers - Other;Habillement;30.0;2.0;;19.0;;=;51.0
620339;HS6;D'autres matières textiles;Jackets and blazers;;;;;;;;
6203391000;HS10;Vestons dautres matieres textiles traditionnels;Vestons dautres matieres textiles traditionnels;Habillement;30.0;2.0;;19.0;;=;51.0
6203392000;HS10;D'autres matières textiles;Jackets and blazers;Habillement;30.0;2.0;;19.0;;=;51.0
6203399000;HS10;D'autres matières textiles - Autre;Jackets and blazers - Other;Habillement;30.0;2.0;;19.0;;=;51.0
620341;HS6;De laine ou de poils fins;Trousers;;;;;;;;
6203411000;HS10;Pantalons salopettes a bretelles culottes et shorts de laine ou de poils fins traditionnels;Pantalons salopettes a bretelles culottes et shorts de laine ou de poils fins traditionnels;Habillement;30.0;2.0;;19.0;;=;51.0
6203412000;HS10;De laine ou de poils fins;Trousers;Habillement;30.0;2.0;;19.0;;=;51.0
6203419000;HS10;De laine ou de poils fins - Autre;Trousers - Other;Habillement;30.0;2.0;;19.0;;=;51.0
620342;HS6;De coton;Trousers;;;;;;;;
6203421000;HS10;Pantalons salopettes a bretelles culottes et shorts de coton traditionnels;Pantalons salopettes a bretelles culottes et shorts de coton traditionnels;Habillement;30.0;2.0;;19.0;;=;51.0
6203422000;HS10;De coton;Trousers;Habillement;30.0;2.0;;19.0;;=;51.0
6203429000;HS10;De coton - Autre;Trousers - Other;Habillement;30.0;2.0;;19.0;;=;51.0
620343;HS6;De fibres synthétiques;Trousers;;;;;;;;
6203431000;HS10;De fibres synthétiques;Trousers;Habillement;30.0;2.0;;19.0;;=;51.0
6203432000;HS10;De fibres synthétiques;Trousers;Habillement;30.0;2.0;;19.0;;=;51.0
6203439000;HS10;De fibres synthétiques - Autre;Trousers - Other;Habillement;30.0;2.0;;19.0;;=;51.0
620349;HS6;D'autres matières textiles;Trousers;;;;;;;;
6203491000;HS10;Pantalons salopettes a bretelles culottes et shorts dautres matieres textiles traditionnels;Pantalons salopettes a bretelles culottes et shorts dautres matieres textiles traditionnels;Habillement;30.0;2.0;;19.0;;=;51.0
6203492000;HS10;D'autres matières textiles;Trousers;Habillement;30.0;2.0;;19.0;;=;51.0
6203499000;HS10;D'autres matières textiles - Autre;Trousers - Other;Habillement;30.0;2.0;;19.0;;=;51.0
6204;RANGEE 04;"Suits, ensembles, jackets, dresses, skirts, divided skirts, trousers, bib and brace overalls, breeches and shorts (other than swimwear); women's or girls' (not knitted or crocheted)";;;;;;;;;
620411;HS6;Costumes tailleurs pour femmes en laine;Women's wool suits;;;;;;;;
6204111000;HS10;Costumes tailleurs de laine ou de poils fins traditionnels;Costumes tailleurs de laine ou de poils fins traditionnels;Habillement;30.0;2.0;;19.0;;=;51.0
6204112000;HS10;Costumes tailleurs de laine ou de poils fins autres que traditionnels;Costumes tailleurs de laine ou de poils fins autres que traditionnels;Habillement;30.0;2.0;;19.0;;=;51.0
6204119000;HS10;Costumes tailleurs pour femmes en laine - Autre;Women's wool suits - Other;Habillement;30.0;2.0;;19.0;;=;51.0
620412;HS6;De coton;Suits;;;;;;;;
6204121000;HS10;Costumes tailleurs de coton traditionnels;Costumes tailleurs de coton traditionnels;Habillement;30.0;2.0;;19.0;;=;51.0
6204122000;HS10;Costumes tailleurs de coton autres que traditionnels;Costumes tailleurs de coton autres que traditionnels;Habillement;30.0;2.0;;19.0;;=;51.0
6204129000;HS10;De coton - Autre;Suits - Other;Habillement;30.0;2.0;;19.0;;=;51.0
620413;HS6;De fibres synthétiques;Suits;;;;;;;;
6204131000;HS10;De fibres synthétiques;Suits;Habillement;30.0;2.0;;19.0;;=;51.0
6204132000;HS10;De fibres synthétiques;Suits;Habillement;30.0;2.0;;19.0;;=;51.0
6204139000;HS10;De fibres synthétiques - Autre;Suits - Other;Habillement;30.0;2.0;;19.0;;=;51.0
620419;HS6;D'autres matières textiles;Suits;;;;;;;;
6204191000;HS10;Costumes tailleurs dautres matieres textiles traditionnels;Costumes tailleurs dautres matieres textiles traditionnels;Habillement;30.0;2.0;;19.0;;=;51.0
6204192000;HS10;D'autres matières textiles;Suits;Habillement;30.0;2.0;;19.0;;=;51.0
6204199000;HS10;D'autres matières textiles - Autre;Suits - Other;Habillement;30.0;2.0;;19.0;;=;51.0
620421;HS6;De laine ou de poils fins;Ensembles;;;;;;;;
6204211000;HS10;Ensembles de laine ou de poils fins traditionnels;Ensembles de laine ou de poils fins traditionnels;Habillement;30.0;2.0;;19.0;;=;51.0
6204212000;HS10;Ensembles de laine ou de poils fins autres que traditionnels;Ensembles de laine ou de poils fins autres que traditionnels;Habillement;30.0;2.0;;19.0;;=;51.0
6204219000;HS10;De laine ou de poils fins - Autre;Ensembles - Other;Habillement;30.0;2.0;;19.0;;=;51.0
620422;HS6;De coton;Ensembles;;;;;;;;
6204221000;HS10;Ensembles de coton traditionnels;Ensembles de coton traditionnels;Habillement;30.0;2.0;;19.0;;=;51.0
6204222000;HS10;De coton;Ensembles;Habillement;30.0;2.0;;19.0;;=;51.0
6204229000;HS10;De coton - Autre;Ensembles - Other;Habillement;30.0;2.0;;19.0;;=;51.0
620423;HS6;De fibres synthétiques;Ensembles;;;;;;;;
6204231000;HS10;Ensembles de fibres synthétiques de travail;Ensembles de fibres synthetiques de travail;Habillement;30.0;2.0;;19.0;;=;51.0
6204232000;HS10;De fibres synthétiques;Ensembles;Habillement;30.0;2.0;;19.0;;=;51.0
6204239000;HS10;De fibres synthétiques - Autre;Ensembles - Other;Habillement;30.0;2.0;;19.0;;=;51.0
620429;HS6;D'autres matières textiles;Ensembles;;;;;;;;
6204291000;HS10;Ensembles dautres matieres textiles traditionnels;Ensembles dautres matieres textiles traditionnels;Habillement;30.0;2.0;;19.0;;=;51.0
6204292000;HS10;D'autres matières textiles;Ensembles;Habillement;30.0;2.0;;19.0;;=;51.0
6204299000;HS10;D'autres matières textiles - Autre;Ensembles - Other;Habillement;30.0;2.0;;19.0;;=;51.0
620431;HS6;De laine ou de poils fins;Jackets and blazers;;;;;;;;
6204311000;HS10;Vestes de laine ou de poils fins traditionnels;Vestes de laine ou de poils fins traditionnels;Habillement;30.0;2.0;;19.0;;=;51.0
6204312000;HS10;De laine ou de poils fins;Jackets and blazers;Habillement;30.0;2.0;;19.0;;=;51.0
6204319000;HS10;De laine ou de poils fins - Autre;Jackets and blazers - Other;Habillement;30.0;2.0;;19.0;;=;51.0
620432;HS6;De coton;Jackets and blazers;;;;;;;;
6204321000;HS10;Vestes de coton traditionnels;Vestes de coton traditionnels;Habillement;30.0;2.0;;19.0;;=;51.0
6204322000;HS10;De coton;Jackets and blazers;Habillement;30.0;2.0;;19.0;;=;51.0
6204329000;HS10;De coton - Autre;Jackets and blazers - Other;Habillement;30.0;2.0;;19.0;;=;51.0
620433;HS6;De fibres synthétiques;Jackets and blazers;;;;;;;;
6204331000;HS10;Vestes de fibres synthétiques de travail;Vestes de fibres synthetiques de travail;Habillement;30.0;2.0;;19.0;;=;51.0
6204332000;HS10;De fibres synthétiques;Jackets and blazers;Habillement;30.0;2.0;;19.0;;=;51.0
6204339000;HS10;De fibres synthétiques - Autre;Jackets and blazers - Other;Habillement;30.0;2.0;;19.0;;=;51.0
620439;HS6;D'autres matières textiles;Jackets and blazers;;;;;;;;
6204391000;HS10;Vestes dautres matieres textiles traditionnels;Vestes dautres matieres textiles traditionnels;Habillement;30.0;2.0;;19.0;;=;51.0
6204392000;HS10;D'autres matières textiles;Jackets and blazers;Habillement;30.0;2.0;;19.0;;=;51.0
6204399000;HS10;D'autres matières textiles - Autre;Jackets and blazers - Other;Habillement;30.0;2.0;;19.0;;=;51.0
620441;HS6;De laine ou de poils fins;Dresses;;;;;;;;
6204411000;HS10;Robes de laine ou de poils fins traditionnels;Robes de laine ou de poils fins traditionnels;Habillement;30.0;2.0;;19.0;;=;51.0
6204412000;HS10;De laine ou de poils fins;Dresses;Habillement;30.0;2.0;;19.0;;=;51.0
6204419000;HS10;De laine ou de poils fins - Autre;Dresses - Other;Habillement;30.0;2.0;;19.0;;=;51.0
620442;HS6;De coton;Dresses;;;;;;;;
6204421000;HS10;Robes de coton traditionnels;Robes de coton traditionnels;Habillement;30.0;2.0;;19.0;;=;51.0
6204422000;HS10;De coton;Dresses;Habillement;30.0;2.0;;19.0;;=;51.0
6204429000;HS10;De coton - Autre;Dresses - Other;Habillement;30.0;2.0;;19.0;;=;51.0
620443;HS6;De fibres synthétiques;Dresses;;;;;;;;
6204431000;HS10;De fibres synthétiques;Dresses;Habillement;30.0;2.0;;19.0;;=;51.0
6204432000;HS10;De fibres synthétiques;Dresses;Habillement;30.0;2.0;;19.0;;=;51.0
6204439000;HS10;De fibres synthétiques - Autre;Dresses - Other;Habillement;30.0;2.0;;19.0;;=;51.0
620444;HS6;De fibres artificielles;Dresses;;;;;;;;
6204441000;HS10;De fibres artificielles;Dresses;Habillement;30.0;2.0;;19.0;;=;51.0
6204442000;HS10;De fibres artificielles;Dresses;Habillement;30.0;2.0;;19.0;;=;51.0
6204449000;HS10;De fibres artificielles - Autre;Dresses - Other;Habillement;30.0;2.0;;19.0;;=;51.0
620449;HS6;D'autres matières textiles;Dresses;;;;;;;;
6204491000;HS10;Robes dautres matieres textiles traditionnels;Robes dautres matieres textiles traditionnels;Habillement;30.0;2.0;;19.0;;=;51.0
6204492000;HS10;D'autres matières textiles;Dresses;Habillement;30.0;2.0;;19.0;;=;51.0
6204499000;HS10;D'autres matières textiles - Autre;Dresses - Other;Habillement;30.0;2.0;;19.0;;=;51.0
620451;HS6;De laine ou de poils fins;Skirts and divided skirts;;;;;;;;
6204511000;HS10;De laine ou de poils fins;Skirts and divided skirts;Habillement;30.0;2.0;;19.0;;=;51.0
6204512000;HS10;De laine ou de poils fins;Skirts and divided skirts;Habillement;30.0;2.0;;19.0;;=;51.0
6204519000;HS10;De laine ou de poils fins - Autre;Skirts and divided skirts - Other;Habillement;30.0;2.0;;19.0;;=;51.0
620452;HS6;De coton;Skirts and divided skirts;;;;;;;;
6204521000;HS10;De coton;Skirts and divided skirts;Habillement;30.0;2.0;;19.0;;=;51.0
6204522000;HS10;De coton;Skirts and divided skirts;Habillement;30.0;2.0;;19.0;;=;51.0
6204529000;HS10;De coton - Autre;Skirts and divided skirts - Other;Habillement;30.0;2.0;;19.0;;=;51.0
620453;HS6;De fibres synthétiques;Skirts and divided skirts;;;;;;;;
6204531000;HS10;De fibres synthétiques;Skirts and divided skirts;Habillement;30.0;2.0;;19.0;;=;51.0
6204532000;HS10;De fibres synthétiques;Skirts and divided skirts;Habillement;30.0;2.0;;19.0;;=;51.0
6204539000;HS10;De fibres synthétiques - Autre;Skirts and divided skirts - Other;Habillement;30.0;2.0;;19.0;;=;51.0
620459;HS6;D'autres matières textiles;Skirts and divided skirts;;;;;;;;
6204591000;HS10;Jupes et jupes culottes en fibres artificielles femmesfillettes;Jupes et jupes culottes en fibres artificielles femmesfillettes;Habillement;30.0;2.0;;19.0;;=;51.0
6204592000;HS10;Jupes et jupes culottes en soie ou déchets de soie femmesfillettes;Jupes et jupes culottes en soie ou déchets de soie femmesfillettes;Habillement;30.0;2.0;;19.0;;=;51.0
6204599000;HS10;D'autres matières textiles - Autre;Skirts and divided skirts - Other;Habillement;30.0;2.0;;19.0;;=;51.0
620461;HS6;De laine ou de poils fins;Trousers;;;;;;;;
6204611000;HS10;Pantalons pour femmes ou fillettes en laine ou poils fins;Pantalons pour femmes ou fillettes en laine ou poils fins;Habillement;30.0;2.0;;19.0;;=;51.0
6204612000;HS10;Salopettes à bretelles pour femmes ou fillettes en laine ou poils fins;Salopettes à bretelles pour femmes ou fillettes en laine ou poils fins;Habillement;30.0;2.0;;19.0;;=;51.0
6204619000;HS10;De laine ou de poils fins - Autre;Trousers - Other;Habillement;30.0;2.0;;19.0;;=;51.0
620462;HS6;De coton;Trousers;;;;;;;;
6204621000;HS10;De coton;Trousers;Habillement;30.0;2.0;;19.0;;=;51.0
6204622000;HS10;De coton;Trousers;Habillement;30.0;2.0;;19.0;;=;51.0
6204629000;HS10;De coton - Autre;Trousers - Other;Habillement;30.0;2.0;;19.0;;=;51.0
620463;HS6;De fibres synthétiques;Trousers;;;;;;;;
6204631000;HS10;De fibres synthétiques;Trousers;Habillement;30.0;2.0;;19.0;;=;51.0
6204632000;HS10;De fibres synthétiques;Trousers;Habillement;30.0;2.0;;19.0;;=;51.0
6204639000;HS10;De fibres synthétiques - Autre;Trousers - Other;Habillement;30.0;2.0;;19.0;;=;51.0
620469;HS6;D'autres matières textiles;Trousers;;;;;;;;
6204691000;HS10;D'autres matières textiles;Trousers;Habillement;30.0;2.0;;19.0;;=;51.0
6204692000;HS10;D'autres matières textiles;Trousers;Habillement;30.0;2.0;;19.0;;=;51.0
6204699000;HS10;D'autres matières textiles - Autre;Trousers - Other;Habillement;30.0;2.0;;19.0;;=;51.0
6205;RANGEE 05;"Shirts; men's or boys' (not knitted or crocheted)";;;;;;;;;
620520;HS6;Chemises pour hommes de coton;Men's cotton shirts;;;;;;;;
6205201000;HS10;Chemises et chemisettes traditionnelles en coton hommesgarçonnets;Chemises et chemisettes traditionnelles en coton hommesgarçonnets;Habillement;30.0;2.0;;19.0;;=;51.0
6205202000;HS10;Autres chemises et chemisettes en coton hommesgarçonnets;Autres chemises et chemisettes en coton hommesgarçonnets;Habillement;30.0;2.0;;19.0;;=;51.0
6205209000;HS10;Chemises pour hommes de coton - Autre;Men's cotton shirts - Other;Habillement;30.0;2.0;;19.0;;=;51.0
620530;HS6;De fibres synthétiques ou artificielles;Shirts;;;;;;;;
6205301000;HS10;De fibres synthétiques ou artificielles;Shirts;Habillement;30.0;2.0;;19.0;;=;51.0
6205302000;HS10;De fibres synthétiques ou artificielles;Shirts;Habillement;30.0;2.0;;19.0;;=;51.0
6205309000;HS10;De fibres synthétiques ou artificielles - Autre;Shirts - Other;Habillement;30.0;2.0;;19.0;;=;51.0
620590;HS6;D'autres matières textiles;Shirts;;;;;;;;
6205901000;HS10;Chemises et chemisettes traditionnelles en autres matières textiles hommesgarçonnets;Chemises et chemisettes traditionnelles en autres matières textiles hommesgarçonnets;Habillement;30.0;2.0;;19.0;;=;51.0
6205902000;HS10;D'autres matières textiles;Shirts;Habillement;30.0;2.0;;19.0;;=;51.0
6205909000;HS10;D'autres matières textiles - Autre;Shirts - Other;Habillement;30.0;2.0;;19.0;;=;51.0
6206;RANGEE 06;"Blouses, shirts and shirt-blouses; women's or girls' (not knitted or crocheted)";;;;;;;;;
620610;HS6;De soie ou de déchets de soie;Blouses;;;;;;;;
6206101000;HS10;Chemisiers et blouses traditionnelles en soie ou déchets de soie femmesfillettes;Chemisiers et blouses traditionnelles en soie ou déchets de soie femmesfillettes;Habillement;30.0;2.0;;19.0;;=;51.0
6206102000;HS10;De soie ou de déchets de soie;Blouses;Habillement;30.0;2.0;;19.0;;=;51.0
6206109000;HS10;De soie ou de déchets de soie - Autre;Blouses - Other;Habillement;30.0;2.0;;19.0;;=;51.0
620620;HS6;De laine ou de poils fins;Blouses;;;;;;;;
6206201000;HS10;Chemisiers et blouses traditionnelles en laine ou poils fins femmesfillettes;Chemisiers et blouses traditionnelles en laine ou poils fins femmesfillettes;Habillement;30.0;2.0;;19.0;;=;51.0
6206202000;HS10;De laine ou de poils fins;Blouses;Habillement;30.0;2.0;;19.0;;=;51.0
6206209000;HS10;De laine ou de poils fins - Autre;Blouses - Other;Habillement;30.0;2.0;;19.0;;=;51.0
620630;HS6;Chemisiers pour femmes de coton;Women's cotton blouses;;;;;;;;
6206301000;HS10;Chemisiers et blouses traditionnelles en coton femmesfillettes;Chemisiers et blouses traditionnelles en coton femmesfillettes;Habillement;30.0;2.0;;19.0;;=;51.0
6206302000;HS10;Chemisiers pour femmes de coton;Women's cotton blouses;Habillement;30.0;2.0;;19.0;;=;51.0
6206309000;HS10;Chemisiers pour femmes de coton - Autre;Women's cotton blouses - Other;Habillement;30.0;2.0;;19.0;;=;51.0
620640;HS6;De fibres synthétiques ou artificielles;Blouses;;;;;;;;
6206401000;HS10;De fibres synthétiques ou artificielles;Blouses;Habillement;30.0;2.0;;19.0;;=;51.0
6206402000;HS10;De fibres synthétiques ou artificielles;Blouses;Habillement;30.0;2.0;;19.0;;=;51.0
6206409000;HS10;De fibres synthétiques ou artificielles - Autre;Blouses - Other;Habillement;30.0;2.0;;19.0;;=;51.0
620690;HS6;D'autres matières textiles;Blouses;;;;;;;;
6206901000;HS10;Chemisiers et blouses traditionnelles en autres matières textiles femmesfillettes;Chemisiers et blouses traditionnelles en autres matières textiles femmesfillettes;Habillement;30.0;2.0;;19.0;;=;51.0
6206902000;HS10;D'autres matières textiles;Blouses;Habillement;30.0;2.0;;19.0;;=;51.0
6206909000;HS10;D'autres matières textiles - Autre;Blouses - Other;Habillement;30.0;2.0;;19.0;;=;51.0
6207;RANGEE 07;"Singlets and other vests, underpants, briefs, night-shirts, pyjamas, bathrobes, dressing gowns and similar articles; men's or boys' (not knitted or crocheted)";;;;;;;;;
620711;HS6;De coton;Underpants and briefs;;;;;;;;
6207111000;HS10;De coton;Underpants and briefs;Habillement;30.0;2.0;;19.0;;=;51.0
6207112000;HS10;De coton;Underpants and briefs;Habillement;30.0;2.0;;19.0;;=;51.0
6207119000;HS10;De coton - Autre;Underpants and briefs - Other;Habillement;30.0;2.0;;19.0;;=;51.0
620719;HS6;D'autres matières textiles;Underpants and briefs;;;;;;;;
6207191000;HS10;Slips et caleçons en soie ou déchets de soie hommesgarçonnets;Slips et caleçons en soie ou déchets de soie hommesgarçonnets;Habillement;30.0;2.0;;19.0;;=;51.0
6207192000;HS10;D'autres matières textiles;Underpants and briefs;Habillement;30.0;2.0;;19.0;;=;51.0
6207199000;HS10;D'autres matières textiles - Autre;Underpants and briefs - Other;Habillement;30.0;2.0;;19.0;;=;51.0
620721;HS6;De coton;Nightshirts and pyjamas;;;;;;;;
6207211000;HS10;Chemises de nuit en coton hommesgarçonnets;Chemises de nuit en coton hommesgarçonnets;Habillement;30.0;2.0;;19.0;;=;51.0
6207212000;HS10;Pyjamas en coton hommesgarçonnets;Pyjamas en coton hommesgarçonnets;Habillement;30.0;2.0;;19.0;;=;51.0
6207219000;HS10;De coton - Autre;Nightshirts and pyjamas - Other;Habillement;30.0;2.0;;19.0;;=;51.0
620722;HS6;De fibres synthétiques ou artificielles;Nightshirts and pyjamas;;;;;;;;
6207221000;HS10;Chemises de nuit en fibres synthétiques ou artificielles hommesgarçonnets;Chemises de nuit en fibres synthétiques ou artificielles hommesgarçonnets;Habillement;30.0;2.0;;19.0;;=;51.0
6207222000;HS10;Pyjamas en fibres synthétiques ou artificielles hommesgarçonnets;Pyjamas en fibres synthétiques ou artificielles hommesgarçonnets;Habillement;30.0;2.0;;19.0;;=;51.0
6207229000;HS10;De fibres synthétiques ou artificielles - Autre;Nightshirts and pyjamas - Other;Habillement;30.0;2.0;;19.0;;=;51.0
620729;HS6;D'autres matières textiles;Nightshirts and pyjamas;;;;;;;;
6207291000;HS10;Chemises de nuit en autres matières textiles hommesgarçonnets;Chemises de nuit en autres matières textiles hommesgarçonnets;Habillement;30.0;2.0;;19.0;;=;51.0
6207292000;HS10;D'autres matières textiles;Nightshirts and pyjamas;Habillement;30.0;2.0;;19.0;;=;51.0
6207299000;HS10;D'autres matières textiles - Autre;Nightshirts and pyjamas - Other;Habillement;30.0;2.0;;19.0;;=;51.0
620791;HS6;De coton;Singlets and other vests;;;;;;;;
6207911000;HS10;De coton;Singlets and other vests;Habillement;30.0;2.0;;19.0;;=;51.0
6207912000;HS10;De coton;Singlets and other vests;Habillement;30.0;2.0;;19.0;;=;51.0
6207919000;HS10;De coton - Autre;Singlets and other vests - Other;Habillement;30.0;2.0;;19.0;;=;51.0
620799;HS6;D'autres matières textiles;Singlets and other vests;;;;;;;;
6207991000;HS10;Autres sous vêtements et vêtements dintérieur en fibres synthétiques ou artificielles hommesgarçonnets;Autres sous vêtements et vêtements dintérieur en fibres synthétiques ou artificielles hommesgarçonnets;Habillement;30.0;2.0;;19.0;;=;51.0
6207992000;HS10;Autres sous vêtements et vêtements dintérieur en soie ou déchets de soie hommesgarçonnets;Autres sous vêtements et vêtements dintérieur en soie ou déchets de soie hommesgarçonnets;Habillement;30.0;2.0;;19.0;;=;51.0
6207999000;HS10;D'autres matières textiles - Autre;Singlets and other vests - Other;Habillement;30.0;2.0;;19.0;;=;51.0
6208;RANGEE 08;"Singlets and other vests, slips, petticoats, briefs, panties, nightdresses, pyjamas, negligees, bathrobes, dressing gowns and similar articles; women's or girls' (not knitted or crocheted)";;;;;;;;;
620811;HS6;De fibres synthétiques ou artificielles;Slips and petticoats;;;;;;;;
6208111000;HS10;De fibres synthétiques ou artificielles;Slips and petticoats;Habillement;30.0;2.0;;19.0;;=;51.0
6208112000;HS10;De fibres synthétiques ou artificielles;Slips and petticoats;Habillement;30.0;2.0;;19.0;;=;51.0
6208119000;HS10;De fibres synthétiques ou artificielles - Autre;Slips and petticoats - Other;Habillement;30.0;2.0;;19.0;;=;51.0
620819;HS6;D'autres matières textiles;Slips and petticoats;;;;;;;;
6208191000;HS10;Combinaisons fonds de robes et jupons en soie ou déchets de soie femmesfillettes;Combinaisons fonds de robes et jupons en soie ou déchets de soie femmesfillettes;Habillement;30.0;2.0;;19.0;;=;51.0
6208192000;HS10;D'autres matières textiles;Slips and petticoats;Habillement;30.0;2.0;;19.0;;=;51.0
6208199000;HS10;D'autres matières textiles - Autre;Slips and petticoats - Other;Habillement;30.0;2.0;;19.0;;=;51.0
620821;HS6;De coton;Nightdresses and pyjamas;;;;;;;;
6208211000;HS10;Chemises de nuit en coton femmesfillettes;Chemises de nuit en coton femmesfillettes;Habillement;30.0;2.0;;19.0;;=;51.0
6208212000;HS10;Pyjamas en coton femmesfillettes;Pyjamas en coton femmesfillettes;Habillement;30.0;2.0;;19.0;;=;51.0
6208219000;HS10;De coton - Autre;Nightdresses and pyjamas - Other;Habillement;30.0;2.0;;19.0;;=;51.0
620822;HS6;De fibres synthétiques ou artificielles;Nightdresses and pyjamas;;;;;;;;
6208221000;HS10;Chemises de nuit en fibres synthétiques ou artificielles femmesfillettes;Chemises de nuit en fibres synthétiques ou artificielles femmesfillettes;Habillement;30.0;2.0;;19.0;;=;51.0
6208222000;HS10;Pyjamas en fibres synthétiques ou artificielles femmesfillettes;Pyjamas en fibres synthétiques ou artificielles femmesfillettes;Habillement;30.0;2.0;;19.0;;=;51.0
6208229000;HS10;De fibres synthétiques ou artificielles - Autre;Nightdresses and pyjamas - Other;Habillement;30.0;2.0;;19.0;;=;51.0
620829;HS6;D'autres matières textiles;Nightdresses and pyjamas;;;;;;;;
6208291000;HS10;D'autres matières textiles;Nightdresses and pyjamas;Habillement;30.0;2.0;;19.0;;=;51.0
6208292000;HS10;D'autres matières textiles;Nightdresses and pyjamas;Habillement;30.0;2.0;;19.0;;=;51.0
6208299000;HS10;D'autres matières textiles - Autre;Nightdresses and pyjamas - Other;Habillement;30.0;2.0;;19.0;;=;51.0
620891;HS6;De coton;Singlets and other vests;;;;;;;;
6208911000;HS10;De coton;Singlets and other vests;Habillement;30.0;2.0;;19.0;;=;51.0
6208912000;HS10;De coton;Singlets and other vests;Habillement;30.0;2.0;;19.0;;=;51.0
6208919000;HS10;De coton - Autre;Singlets and other vests - Other;Habillement;30.0;2.0;;19.0;;=;51.0
620892;HS6;De fibres synthétiques ou artificielles;Singlets and other vests;;;;;;;;
6208921000;HS10;De fibres synthétiques ou artificielles;Singlets and other vests;Habillement;30.0;2.0;;19.0;;=;51.0
6208922000;HS10;De fibres synthétiques ou artificielles;Singlets and other vests;Habillement;30.0;2.0;;19.0;;=;51.0
6208929000;HS10;De fibres synthétiques ou artificielles - Autre;Singlets and other vests - Other;Habillement;30.0;2.0;;19.0;;=;51.0
620899;HS6;D'autres matières textiles;Singlets and other vests;;;;;;;;
6208991000;HS10;Autres sous vêtements et vêtements dintérieur en soie ou déchets de soie femmesfillettes;Autres sous vêtements et vêtements dintérieur en soie ou déchets de soie femmesfillettes;Habillement;30.0;2.0;;19.0;;=;51.0
6208992000;HS10;D'autres matières textiles;Singlets and other vests;Habillement;30.0;2.0;;19.0;;=;51.0
6208999000;HS10;D'autres matières textiles - Autre;Singlets and other vests - Other;Habillement;30.0;2.0;;19.0;;=;51.0
6209;RANGEE 09;"Garments and clothing accessories; babies' (not knitted or crocheted)";;;;;;;;;
620920;HS6;De coton;Garments and clothing accessories;;;;;;;;
6209201000;HS10;Vêtements et accessoires traditionnels pour bébés en coton non bonneterie;Vêtements et accessoires traditionnels pour bébés en coton non bonneterie;Habillement;30.0;2.0;;19.0;;=;51.0
6209202000;HS10;De coton;Garments and clothing accessories;Habillement;30.0;2.0;;19.0;;=;51.0
6209209000;HS10;De coton - Autre;Garments and clothing accessories - Other;Habillement;30.0;2.0;;19.0;;=;51.0
620930;HS6;De fibres synthétiques;Garments and clothing accessories;;;;;;;;
6209301000;HS10;Pantalons salopettes et combinaisons de dessus pour bébés en fibres synthétiques non bonneterie;Pantalons salopettes et combinaisons de dessus pour bébés en fibres synthétiques non bonneterie;Habillement;30.0;2.0;;19.0;;=;51.0
6209302000;HS10;Chemises t shirts blouses et pull overs pour bébés en fibres synthétiques non bonneterie;Chemises t shirts blouses et pull overs pour bébés en fibres synthétiques non bonneterie;Habillement;30.0;2.0;;19.0;;=;51.0
6209309000;HS10;De fibres synthétiques - Autre;Garments and clothing accessories - Other;Habillement;30.0;2.0;;19.0;;=;51.0
620990;HS6;D'autres matières textiles;Garments and clothing accessories;;;;;;;;
6209901000;HS10;Vêtements et accessoires traditionnels pour bébés en autres matières textiles non bonneterie;Vêtements et accessoires traditionnels pour bébés en autres matières textiles non bonneterie;Habillement;30.0;2.0;;19.0;;=;51.0
6209902000;HS10;D'autres matières textiles;Garments and clothing accessories;Habillement;30.0;2.0;;19.0;;=;51.0
6209909000;HS10;D'autres matières textiles - Autre;Garments and clothing accessories - Other;Habillement;30.0;2.0;;19.0;;=;51.0
6210;RANGEE 10;Garments made up of fabrics of heading no. 5602, 5603, 5903, 5906 or 5907 (not knitted or crocheted);;;;;;;;;
621010;HS6;Vêtements de feutre;Felt garments;;;;;;;;
6210101000;HS10;Vêtements confectionnés en feutre position 5602;Vêtements confectionnés en feutre position 5602;Habillement;30.0;2.0;;19.0;;=;51.0
6210102000;HS10;Vêtements de feutre;Felt garments;Habillement;30.0;2.0;;19.0;;=;51.0
6210109000;HS10;Vêtements de feutre - Autre;Felt garments - Other;Habillement;30.0;2.0;;19.0;;=;51.0
621020;HS6;Autres vêtements;Garments;;;;;;;;
6210201000;HS10;معاطف رجالية مصنوعة من مواد مغطاة أو مشربة 5903 5906 5907;معاطف رجالية مصنوعة من مواد مغطاة أو مشربة 5903 5906 5907;Habillement;30.0;2.0;;19.0;;=;51.0
6210202000;HS10;Autres vêtements;Garments;Habillement;30.0;2.0;;19.0;;=;51.0
6210209000;HS10;Autres vêtements - Autre;Garments - Other;Habillement;30.0;2.0;;19.0;;=;51.0
621030;HS6;Autres vêtements;Garments;;;;;;;;
6210301000;HS10;معاطف نسائية مصنوعة من مواد مغطاة أو مشربة 5903 5906 5907;معاطف نسائية مصنوعة من مواد مغطاة أو مشربة 5903 5906 5907;Habillement;30.0;2.0;;19.0;;=;51.0
6210302000;HS10;Autres vêtements;Garments;Habillement;30.0;2.0;;19.0;;=;51.0
6210309000;HS10;Autres vêtements - Autre;Garments - Other;Habillement;30.0;2.0;;19.0;;=;51.0
621040;HS6;Autres vêtements;Garments;;;;;;;;
6210401000;HS10;بذلات حماية سكافندر للرجال والفتيان للاستخدام في الهواء المسموم;بذلات حماية سكافندر للرجال والفتيان للاستخدام في الهواء المسموم;Habillement;30.0;2.0;;19.0;;=;51.0
6210402000;HS10;Autres vêtements;Garments;Habillement;30.0;2.0;;19.0;;=;51.0
6210409000;HS10;Autres vêtements - Autre;Garments - Other;Habillement;30.0;2.0;;19.0;;=;51.0
621050;HS6;Autres vêtements;Garments;;;;;;;;
6210501000;HS10;بذلات حماية سكافندر للنساء والفتيات للاستخدام في الهواء المسموم;بذلات حماية سكافندر للنساء والفتيات للاستخدام في الهواء المسموم;Habillement;30.0;2.0;;19.0;;=;51.0
6210502000;HS10;Autres vêtements;Garments;Habillement;30.0;2.0;;19.0;;=;51.0
6210509000;HS10;Autres vêtements - Autre;Garments - Other;Habillement;30.0;2.0;;19.0;;=;51.0
6211;RANGEE 11;Track suits, swimwear and other garments (not knitted or crocheted);;;;;;;;;
621111;HS6;Maillots de bain pour hommes;Men's swimwear;;;;;;;;
6211111000;HS10;مايوهات ولباس سباحة رجالي وفتياني من الحرير أو فضلات الحرير غير محاكة;مايوهات ولباس سباحة رجالي وفتياني من الحرير أو فضلات الحرير غير محاكة;Habillement;30.0;2.0;;19.0;;=;51.0
6211112000;HS10;مايوهات ولباس سباحة رجالي وفتياني من الألياف الاصطناعية غير محاكة;مايوهات ولباس سباحة رجالي وفتياني من الألياف الاصطناعية غير محاكة;Habillement;30.0;2.0;;19.0;;=;51.0
6211119000;HS10;Maillots de bain pour hommes - Autre;Men's swimwear - Other;Habillement;30.0;2.0;;19.0;;=;51.0
621112;HS6;Maillots de bain pour femmes;Women's swimwear;;;;;;;;
6211121000;HS10;مايوهات ولباس سباحة نسائي وبناتي من الحرير أو فضلات الحرير غير محاكة;مايوهات ولباس سباحة نسائي وبناتي من الحرير أو فضلات الحرير غير محاكة;Habillement;30.0;2.0;;19.0;;=;51.0
6211122000;HS10;مايوهات ولباس سباحة نسائي وبناتي من الألياف الاصطناعية غير محاكة;مايوهات ولباس سباحة نسائي وبناتي من الألياف الاصطناعية غير محاكة;Habillement;30.0;2.0;;19.0;;=;51.0
6211129000;HS10;Maillots de bain pour femmes - Autre;Women's swimwear - Other;Habillement;30.0;2.0;;19.0;;=;51.0
621120;HS6;Combinaisons et ensembles de ski;Ski suits;;;;;;;;
6211201000;HS10;Combinaisons et ensembles de ski;Ski suits;Habillement;30.0;2.0;;19.0;;=;51.0
6211202000;HS10;Combinaisons et ensembles de ski;Ski suits;Habillement;30.0;2.0;;19.0;;=;51.0
6211209000;HS10;Combinaisons et ensembles de ski - Autre;Ski suits - Other;Habillement;30.0;2.0;;19.0;;=;51.0
621132;HS6;De coton;Track suits and other garments n.e.c.;;;;;;;;
6211321000;HS10;ملابس عمل رجالية وفتيانية من القطن غير محاكة;ملابس عمل رجالية وفتيانية من القطن غير محاكة;Habillement;30.0;2.0;;19.0;;=;51.0
6211322000;HS10;De coton;Track suits and other garments n.e.c.;Habillement;30.0;2.0;;19.0;;=;51.0
6211329000;HS10;De coton - Autre;Track suits and other garments n.e.c. - Other;Habillement;30.0;2.0;;19.0;;=;51.0
621133;HS6;De fibres synthétiques ou artificielles;Track suits and other garments n.e.c.;;;;;;;;
6211331000;HS10;ملابس عمل رجالية وفتيانية من الألياف الاصطناعية أو التركيبية غير محاكة;ملابس عمل رجالية وفتيانية من الألياف الاصطناعية أو التركيبية غير محاكة;Habillement;30.0;2.0;;19.0;;=;51.0
6211332000;HS10;De fibres synthétiques ou artificielles;Track suits and other garments n.e.c.;Habillement;30.0;2.0;;19.0;;=;51.0
6211339000;HS10;De fibres synthétiques ou artificielles - Autre;Track suits and other garments n.e.c. - Other;Habillement;30.0;2.0;;19.0;;=;51.0
621139;HS6;D'autres matières textiles;Track suits and other garments n.e.c.;;;;;;;;
6211391000;HS10;ملابس عمل رجالية وفتيانية من مواد نسيجية أخرى غير محاكة;ملابس عمل رجالية وفتيانية من مواد نسيجية أخرى غير محاكة;Habillement;30.0;2.0;;19.0;;=;51.0
6211392000;HS10;D'autres matières textiles;Track suits and other garments n.e.c.;Habillement;30.0;2.0;;19.0;;=;51.0
6211399000;HS10;D'autres matières textiles - Autre;Track suits and other garments n.e.c. - Other;Habillement;30.0;2.0;;19.0;;=;51.0
621142;HS6;De coton;Track suits and other garments n.e.c.;;;;;;;;
6211421000;HS10;ملابس نسائية وفتيات تقليدية من القطن غير محاكة;ملابس نسائية وفتيات تقليدية من القطن غير محاكة;Habillement;30.0;2.0;;19.0;;=;51.0
6211422000;HS10;De coton;Track suits and other garments n.e.c.;Habillement;30.0;2.0;;19.0;;=;51.0
6211429000;HS10;De coton - Autre;Track suits and other garments n.e.c. - Other;Habillement;30.0;2.0;;19.0;;=;51.0
621143;HS6;De fibres synthétiques ou artificielles;Track suits and other garments n.e.c.;;;;;;;;
6211431000;HS10;ملابس عمل نسائية وفتيات من الألياف الاصطناعية أو التركيبية غير محاكة;ملابس عمل نسائية وفتيات من الألياف الاصطناعية أو التركيبية غير محاكة;Habillement;30.0;2.0;;19.0;;=;51.0
6211432000;HS10;De fibres synthétiques ou artificielles;Track suits and other garments n.e.c.;Habillement;30.0;2.0;;19.0;;=;51.0
6211439000;HS10;De fibres synthétiques ou artificielles - Autre;Track suits and other garments n.e.c. - Other;Habillement;30.0;2.0;;19.0;;=;51.0
621149;HS6;D'autres matières textiles;Track suits and other garments n.e.c.;;;;;;;;
6211491000;HS10;ملابس نسائية وفتيات تقليدية من مواد نسيجية أخرى غير محاكة;ملابس نسائية وفتيات تقليدية من مواد نسيجية أخرى غير محاكة;Habillement;30.0;2.0;;19.0;;=;51.0
6211492000;HS10;D'autres matières textiles;Track suits and other garments n.e.c.;Habillement;30.0;2.0;;19.0;;=;51.0
6211499000;HS10;D'autres matières textiles - Autre;Track suits and other garments n.e.c. - Other;Habillement;30.0;2.0;;19.0;;=;51.0
6212;RANGEE 12;"Brassieres, girdles, corsets, braces, suspenders, garters and similar articles and parts thereof; whether or not knitted or crocheted";;;;;;;;;
621210;HS6;Soutiens-gorge et bustiers;Brassieres;;;;;;;;
6212101000;HS10;أطقم ستيان وسليب معبأة للبيع بالتجزئة ملابس داخلية;أطقم ستيان وسليب معبأة للبيع بالتجزئة ملابس داخلية;Habillement;30.0;2.0;;19.0;;=;51.0
6212102000;HS10;صدريات soutien gorge;صدريات soutien gorge;Habillement;30.0;2.0;;19.0;;=;51.0
6212109000;HS10;Soutiens-gorge et bustiers - Autre;Brassieres - Other;Habillement;30.0;2.0;;19.0;;=;51.0
621220;HS6;Gaines et gaines-culottes;Girdles and panty-girdles;;;;;;;;
6212201000;HS10;Gaines et gaines-culottes;Girdles and panty-girdles;Habillement;30.0;2.0;;19.0;;=;51.0
6212202000;HS10;Gaines et gaines-culottes;Girdles and panty-girdles;Habillement;30.0;2.0;;19.0;;=;51.0
6212209000;HS10;Gaines et gaines-culottes - Autre;Girdles and panty-girdles - Other;Habillement;30.0;2.0;;19.0;;=;51.0
621230;HS6;Combinés;Corselettes;;;;;;;;
6212301000;HS10;Combinés;Corselettes;Habillement;30.0;2.0;;19.0;;=;51.0
6212302000;HS10;Combinés;Corselettes;Habillement;30.0;2.0;;19.0;;=;51.0
6212309000;HS10;Combinés - Autre;Corselettes - Other;Habillement;30.0;2.0;;19.0;;=;51.0
621290;HS6;Autres;Braces;;;;;;;;
6212901000;HS10;كورسيهات وأحزمة كورسيه corsets et ceintures corsets;كورسيهات وأحزمة كورسيه corsets et ceintures corsets;Habillement;30.0;2.0;;19.0;;=;51.0
6212902000;HS10;أحزمة حمل أحزمة أمومة وأحزمة مماثلة للتصحيح أو الدعم;أحزمة حمل أحزمة أمومة وأحزمة مماثلة للتصحيح أو الدعم;Habillement;30.0;2.0;;19.0;;=;51.0
6212909000;HS10;Autres - Autre;Braces - Other;Habillement;30.0;2.0;;19.0;;=;51.0
6213;RANGEE 13;Handkerchiefs (not knitted or crocheted);;;;;;;;;
621320;HS6;De coton;Handkerchiefs;;;;;;;;
6213201000;HS10;مناديل قماش وجيوب صدر pochettes من القطن غير محاكة تقليدية;مناديل قماش وجيوب صدر pochettes من القطن غير محاكة تقليدية;Habillement;30.0;2.0;;19.0;;=;51.0
6213202000;HS10;مناديل قماش وجيوب صدر pochettes من القطن غير محاكة غير تقليدية;مناديل قماش وجيوب صدر pochettes من القطن غير محاكة غير تقليدية;Habillement;30.0;2.0;;19.0;;=;51.0
6213209000;HS10;De coton - Autre;Handkerchiefs - Other;Habillement;30.0;2.0;;19.0;;=;51.0
621390;HS6;D'autres matières textiles;Handkerchiefs;;;;;;;;
6213901000;HS10;مناديل قماش وجيوب صدر pochettes من مواد نسيجية أخرى تقليدية;مناديل قماش وجيوب صدر pochettes من مواد نسيجية أخرى تقليدية;Habillement;30.0;2.0;;19.0;;=;51.0
6213902000;HS10;D'autres matières textiles;Handkerchiefs;Habillement;30.0;2.0;;19.0;;=;51.0
6213909000;HS10;D'autres matières textiles - Autre;Handkerchiefs - Other;Habillement;30.0;2.0;;19.0;;=;51.0
6214;RANGEE 14;Shawls, scarves, mufflers, mantillas, veils and the like (not knitted or crocheted);;;;;;;;;
621410;HS6;De soie ou de déchets de soie;Shawls;;;;;;;;
6214101000;HS10;شالات أوشحة أغطية رأس إلخ من الحرير تقليدية غير محاكة;شالات أوشحة أغطية رأس إلخ من الحرير تقليدية غير محاكة;Habillement;30.0;2.0;;19.0;;=;51.0
6214102000;HS10;De soie ou de déchets de soie;Shawls;Habillement;30.0;2.0;;19.0;;=;51.0
6214109000;HS10;De soie ou de déchets de soie - Autre;Shawls - Other;Habillement;30.0;2.0;;19.0;;=;51.0
621420;HS6;De laine ou de poils fins;Shawls;;;;;;;;
6214201000;HS10;شالات أوشحة أغطية رأس إلخ من الصوف أو الوبر الناعم تقليدية غير محاكة;شالات أوشحة أغطية رأس إلخ من الصوف أو الوبر الناعم تقليدية غير محاكة;Habillement;30.0;2.0;;19.0;;=;51.0
6214202000;HS10;De laine ou de poils fins;Shawls;Habillement;30.0;2.0;;19.0;;=;51.0
6214209000;HS10;De laine ou de poils fins - Autre;Shawls - Other;Habillement;30.0;2.0;;19.0;;=;51.0
621430;HS6;De fibres synthétiques;Shawls;;;;;;;;
6214301000;HS10;De fibres synthétiques;Shawls;Habillement;30.0;2.0;;19.0;;=;51.0
6214302000;HS10;De fibres synthétiques;Shawls;Habillement;30.0;2.0;;19.0;;=;51.0
6214309000;HS10;De fibres synthétiques - Autre;Shawls - Other;Habillement;30.0;2.0;;19.0;;=;51.0
621440;HS6;De fibres artificielles;Shawls;;;;;;;;
6214401000;HS10;De fibres artificielles;Shawls;Habillement;30.0;2.0;;19.0;;=;51.0
6214402000;HS10;De fibres artificielles;Shawls;Habillement;30.0;2.0;;19.0;;=;51.0
6214409000;HS10;De fibres artificielles - Autre;Shawls - Other;Habillement;30.0;2.0;;19.0;;=;51.0
621490;HS6;D'autres matières textiles;Shawls;;;;;;;;
6214901000;HS10;شالات أوشحة أغطية رأس إلخ من مواد نسيجية أخرى تقليدية غير محاكة;شالات أوشحة أغطية رأس إلخ من مواد نسيجية أخرى تقليدية غير محاكة;Habillement;30.0;2.0;;19.0;;=;51.0
6214902000;HS10;D'autres matières textiles;Shawls;Habillement;30.0;2.0;;19.0;;=;51.0
6214909000;HS10;D'autres matières textiles - Autre;Shawls - Other;Habillement;30.0;2.0;;19.0;;=;51.0
6215;RANGEE 15;Ties, bow ties and cravats (not knitted or crocheted);;;;;;;;;
621510;HS6;De soie ou de déchets de soie;Ties;;;;;;;;
6215101000;HS10;De soie ou de déchets de soie;Ties;Habillement;30.0;2.0;;19.0;;=;51.0
6215102000;HS10;De soie ou de déchets de soie;Ties;Habillement;30.0;2.0;;19.0;;=;51.0
6215109000;HS10;De soie ou de déchets de soie - Autre;Ties - Other;Habillement;30.0;2.0;;19.0;;=;51.0
621520;HS6;De fibres synthétiques ou artificielles;Ties;;;;;;;;
6215201000;HS10;De fibres synthétiques ou artificielles;Ties;Habillement;30.0;2.0;;19.0;;=;51.0
6215202000;HS10;De fibres synthétiques ou artificielles;Ties;Habillement;30.0;2.0;;19.0;;=;51.0
6215209000;HS10;De fibres synthétiques ou artificielles - Autre;Ties - Other;Habillement;30.0;2.0;;19.0;;=;51.0
621590;HS6;D'autres matières textiles;Ties;;;;;;;;
6215901000;HS10;كرافاتات ربطات عنق فراشية nœuds papillons وفولارات كرافات من الصوف;كرافاتات ربطات عنق فراشية nœuds papillons وفولارات كرافات من الصوف;Habillement;30.0;2.0;;19.0;;=;51.0
6215902000;HS10;D'autres matières textiles;Ties;Habillement;30.0;2.0;;19.0;;=;51.0
6215909000;HS10;D'autres matières textiles - Autre;Ties - Other;Habillement;30.0;2.0;;19.0;;=;51.0
6216;RANGEE 16;Gloves, mittens and mitts (not knitted or crocheted);;;;;;;;;
621600;HS6;Gants;Gloves;;;;;;;;
6216001000;HS10;قفازات gants غير محاكة;قفازات gants غير محاكة;Habillement;30.0;2.0;;19.0;;=;51.0
6216002000;HS10;نصف قفازات mitaines غير محاكة;نصف قفازات mitaines غير محاكة;Habillement;30.0;2.0;;19.0;;=;51.0
6216009000;HS10;Gants - Autre;Gloves - Other;Habillement;30.0;2.0;;19.0;;=;51.0
6217;RANGEE 17;"Clothing accessories n.e.c.; parts of garments or accessories other than those of heading no. 6212 (not knitted or crocheted)";;;;;;;;;
621710;HS6;Accessoires;Clothing accessories;;;;;;;;
6217101000;HS10;أطواق ياقات أصفاد وقطع تزيينية مماثلة للملابس النسائية والملابس الداخلية غير محاكة;أطواق ياقات أصفاد وقطع تزيينية مماثلة للملابس النسائية والملابس الداخلية غير محاكة;Habillement;30.0;2.0;;19.0;;=;51.0
6217102000;HS10;جوارب قصيرة socquettes وجوارب chaussettes غير محاكة;جوارب قصيرة socquettes وجوارب chaussettes غير محاكة;Habillement;30.0;2.0;;19.0;;=;51.0
6217109000;HS10;Accessoires - Autre;Clothing accessories - Other;Habillement;30.0;2.0;;19.0;;=;51.0
621790;HS6;Parties;Clothing;;;;;;;;
6217901000;HS10;Autres accessoires confectionnés du vêtement parties de vêtements ou daccessoires du vêtement autres que celles du n 6212 parties en laine ou en poils fins;Autres accessoires confectionnés du vêtement parties de vêtements ou daccessoires du vêtement autres que celles du n 6212 parties en laine ou en poils fins;Habillement;30.0;2.0;;19.0;;=;51.0
6217902000;HS10;Autres accessoires confectionnés du vêtement parties de vêtements ou daccessoires du vêtement autres que celles du n 6212 parties en textiles synthétiques ou artificiels;Autres accessoires confectionnés du vêtement parties de vêtements ou daccessoires du vêtement autres que celles du n 6212 parties en textiles synthetiques ou artificiels;Habillement;30.0;2.0;;19.0;;=;51.0
6217909000;HS10;Parties - Autre;Clothing - Other;Habillement;30.0;2.0;;19.0;;=;51.0
CHAPITRE 63;CHAPITRE;Autres articles textiles confectionnés;;;;;;;;;
6301;RANGEE 01;Blankets and travelling rugs;;;;;;;;;
630110;HS6;Couvertures électriques;Electric blankets;;;;;;;;
6301101000;HS10;Couvertures électriques;Electric blankets;Textile;30.0;2.0;;19.0;;910 Déclaration d'Importation du Produit | 210 Autorisation de Libre Circulation;51.0
6301102000;HS10;Couvertures électriques;Electric blankets;Textile;30.0;2.0;;19.0;;=;51.0
6301109000;HS10;Couvertures électriques - Autre;Electric blankets - Other;Textile;30.0;2.0;;19.0;;=;51.0
630120;HS6;Couvertures (autres que les couvertures chauffantes électriques) de laine ou de poils fins;Blankets (other than electric blankets) and travelling rugs;;;;;;;;
6301201000;HS10;Autres articles textiles confectionnes assortiments friperie et chiffons couvertures couvertures autres que les couvertures chauffantes électriques de laine ou de poils fins en bonneterie;Autres articles textiles confectionnes assortiments friperie et chiffons couvertures couvertures autres que les couvertures chauffantes electriques de laine ou de poils fins en bonneterie;Textile;30.0;2.0;;19.0;;=;51.0
6301202000;HS10;Couvertures (autres que les couvertures chauffantes électriques) de laine ou de poils fins;Blankets (other than electric blankets) and travelling rugs;Textile;30.0;2.0;;19.0;;=;51.0
6301209000;HS10;Couvertures (autres que les couvertures chauffantes électriques) de laine ou de poils fins - Autre;Blankets (other than electric blankets) and travelling rugs - Other;Textile;30.0;2.0;;19.0;;=;51.0
630130;HS6;Couvertures (autres que les couvertures chauffantes électriques) de coton;Blankets (other than electric blankets) and travelling rugs;;;;;;;;
6301301000;HS10;Autres articles textiles confectionnes assortiments friperie et chiffons couvertures couvertures autres que les couvertures chauffantes électriques de coton en bonneterie;Autres articles textiles confectionnes assortiments friperie et chiffons couvertures couvertures autres que les couvertures chauffantes electriques de coton en bonneterie;Textile;30.0;2.0;;19.0;;=;51.0
6301302000;HS10;Couvertures (autres que les couvertures chauffantes électriques) de coton;Blankets (other than electric blankets) and travelling rugs;Textile;30.0;2.0;;19.0;;=;51.0
6301309000;HS10;Couvertures (autres que les couvertures chauffantes électriques) de coton - Autre;Blankets (other than electric blankets) and travelling rugs - Other;Textile;30.0;2.0;;19.0;;=;51.0
630140;HS6;Couvertures de fibres synthétiques;Synthetic fibre blankets;;;;;;;;
6301401000;HS10;Autres articles textiles confectionnes assortiments friperie et chiffons couvertures couvertures autres que les couvertures chauffantes électriques de fibres synthétiques en bonneterie;Autres articles textiles confectionnes assortiments friperie et chiffons couvertures couvertures autres que les couvertures chauffantes electriques de fibres synthetiques en bonneterie;Textile;30.0;2.0;;19.0;;=;51.0
6301402000;HS10;Couvertures de fibres synthétiques;Synthetic fibre blankets;Textile;30.0;2.0;;19.0;;=;51.0
6301409000;HS10;Couvertures de fibres synthétiques - Autre;Synthetic fibre blankets - Other;Textile;30.0;2.0;;19.0;;=;51.0
630190;HS6;Autres couvertures;Blankets and travelling rugs;;;;;;;;
6301901000;HS10;Autres articles textiles confectionnes assortiments friperie et chiffons couvertures autres couvertures en bonneterie;Autres articles textiles confectionnes assortiments friperie et chiffons couvertures autres couvertures en bonneterie;Textile;30.0;2.0;;19.0;;=;51.0
6301902000;HS10;Autres couvertures;Blankets and travelling rugs;Textile;30.0;2.0;;19.0;;=;51.0
6301909000;HS10;Autres couvertures - Autre;Blankets and travelling rugs - Other;Textile;30.0;2.0;;19.0;;=;51.0
6302;RANGEE 02;Bed linen, table linen, toilet linen and kitchen linen;;;;;;;;;
630210;HS6;Linge de lit en bonneterie;Knitted bed linen;;;;;;;;
6302101000;HS10;Autres articles textiles confectionnes assortiments friperie et chiffons linge de lit de table de toilette ou de cuisine linge de lit en bonneterie faits a la main meme partiellement;Autres articles textiles confectionnes assortiments friperie et chiffons linge de lit de table de toilette ou de cuisine linge de lit en bonneterie faits a la main meme partiellement;Textile;30.0;2.0;;19.0;;=;51.0
6302102000;HS10;Linge de lit en bonneterie;Knitted bed linen;Textile;30.0;2.0;;19.0;;=;51.0
6302109000;HS10;Linge de lit en bonneterie - Autre;Knitted bed linen - Other;Textile;30.0;2.0;;19.0;;=;51.0
630221;HS6;Linge de lit imprimé de coton;Printed cotton bed linen;;;;;;;;
6302211000;HS10;Autres articles textiles confectionnes assortiments friperie et chiffons linge de lit de table de toilette ou de cuisine autre linge de lit imprime de coton faits a la main meme partiellement;Autres articles textiles confectionnes assortiments friperie et chiffons linge de lit de table de toilette ou de cuisine autre linge de lit imprime de coton faits a la main meme partiellement;Textile;30.0;2.0;;19.0;;=;51.0
6302212000;HS10;Linge de lit imprimé de coton;Printed cotton bed linen;Textile;30.0;2.0;;19.0;;=;51.0
6302219000;HS10;Linge de lit imprimé de coton - Autre;Printed cotton bed linen - Other;Textile;30.0;2.0;;19.0;;=;51.0
630222;HS6;De fibres synthétiques ou artificielles;Bed linen;;;;;;;;
6302221000;HS10;Autres articles textiles confectionnes assortiments friperie et chiffons linge de lit de table de toilette ou de cuisine autre linge de lit imprime de fibres synthétiques ou artificielles faits a la main meme partiellement;Autres articles textiles confectionnes assortiments friperie et chiffons linge de lit de table de toilette ou de cuisine autre linge de lit imprime de fibres synthetiques ou artificielles faits a la main meme partiellement;Textile;30.0;2.0;;19.0;;=;51.0
6302222000;HS10;De fibres synthétiques ou artificielles;Bed linen;Textile;30.0;2.0;;19.0;;=;51.0
6302229000;HS10;De fibres synthétiques ou artificielles - Autre;Bed linen - Other;Textile;30.0;2.0;;19.0;;=;51.0
630229;HS6;D'autres matières textiles;Bed linen;;;;;;;;
6302291000;HS10;Autres articles textiles confectionnes assortiments friperie et chiffons linge de lit de table de toilette ou de cuisine autre linge de lit imprime dautres matieres textiles faits a la main meme partiellement;Autres articles textiles confectionnes assortiments friperie et chiffons linge de lit de table de toilette ou de cuisine autre linge de lit imprime dautres matieres textiles faits a la main meme partiellement;Textile;30.0;2.0;;19.0;;=;51.0
6302292000;HS10;D'autres matières textiles;Bed linen;Textile;30.0;2.0;;19.0;;=;51.0
6302299000;HS10;D'autres matières textiles - Autre;Bed linen - Other;Textile;30.0;2.0;;19.0;;=;51.0
630231;HS6;De coton;Bed linen;;;;;;;;
6302311000;HS10;Autres articles textiles confectionnes assortiments friperie et chiffons linge de lit de table de toilette ou de cuisine autre linge de lit de coton faits a la main meme partiellement;Autres articles textiles confectionnes assortiments friperie et chiffons linge de lit de table de toilette ou de cuisine autre linge de lit de coton faits a la main meme partiellement;Textile;30.0;2.0;;19.0;;=;51.0
6302312000;HS10;De coton;Bed linen;Textile;30.0;2.0;;19.0;;=;51.0
6302319000;HS10;De coton - Autre;Bed linen - Other;Textile;30.0;2.0;;19.0;;=;51.0
630232;HS6;De fibres synthétiques ou artificielles;Bed linen;;;;;;;;
6302321000;HS10;Autres articles textiles confectionnes assortiments friperie et chiffons linge de lit de table de toilette ou de cuisine autre linge de lit de fibres synthétiques ou artificielles faits a la main meme partiellement;Autres articles textiles confectionnes assortiments friperie et chiffons linge de lit de table de toilette ou de cuisine autre linge de lit de fibres synthetiques ou artificielles faits a la main meme partiellement;Textile;30.0;2.0;;19.0;;=;51.0
6302322000;HS10;De fibres synthétiques ou artificielles;Bed linen;Textile;30.0;2.0;;19.0;;=;51.0
6302329000;HS10;De fibres synthétiques ou artificielles - Autre;Bed linen - Other;Textile;30.0;2.0;;19.0;;=;51.0
630239;HS6;D'autres matières textiles;Bed linen;;;;;;;;
6302391000;HS10;Autres articles textiles confectionnes assortiments friperie et chiffons linge de lit de table de toilette ou de cuisine autre linge de lit dautres matieres textiles faits a la main meme partiellement;Autres articles textiles confectionnes assortiments friperie et chiffons linge de lit de table de toilette ou de cuisine autre linge de lit dautres matieres textiles faits a la main meme partiellement;Textile;30.0;2.0;;19.0;;=;51.0
6302392000;HS10;D'autres matières textiles;Bed linen;Textile;30.0;2.0;;19.0;;=;51.0
6302399000;HS10;D'autres matières textiles - Autre;Bed linen - Other;Textile;30.0;2.0;;19.0;;=;51.0
630240;HS6;Linge de table en bonneterie;Table linen;;;;;;;;
6302401000;HS10;Autres articles textiles confectionnes assortiments friperie et chiffons linge de lit de table de toilette ou de cuisine linge de table en bonneterie faits a la main meme partiellement;Autres articles textiles confectionnes assortiments friperie et chiffons linge de lit de table de toilette ou de cuisine linge de table en bonneterie faits a la main meme partiellement;Textile;30.0;2.0;;19.0;;=;51.0
6302402000;HS10;Linge de table en bonneterie;Table linen;Textile;30.0;2.0;;19.0;;=;51.0
6302409000;HS10;Linge de table en bonneterie - Autre;Table linen - Other;Textile;30.0;2.0;;19.0;;=;51.0
630251;HS6;De coton;Table linen;;;;;;;;
6302511000;HS10;Autres articles textiles confectionnes assortiments friperie et chiffons linge de lit de table de toilette ou de cuisine autre linge de table de coton faits a la main meme partiellement;Autres articles textiles confectionnes assortiments friperie et chiffons linge de lit de table de toilette ou de cuisine autre linge de table de coton faits a la main meme partiellement;Textile;30.0;2.0;;19.0;;=;51.0
6302512000;HS10;De coton;Table linen;Textile;30.0;2.0;;19.0;;=;51.0
6302519000;HS10;De coton - Autre;Table linen - Other;Textile;30.0;2.0;;19.0;;=;51.0
630253;HS6;De fibres synthétiques ou artificielles;Table linen;;;;;;;;
6302531000;HS10;Autres articles textiles confectionnes assortiments friperie et chiffons linge de lit de table de toilette ou de cuisine autre linge de table de fibres synthétiques ou artificielles faits a la main meme partiellement;Autres articles textiles confectionnes assortiments friperie et chiffons linge de lit de table de toilette ou de cuisine autre linge de table de fibres synthetiques ou artificielles faits a la main meme partiellement;Textile;30.0;2.0;;19.0;;=;51.0
6302532000;HS10;De fibres synthétiques ou artificielles;Table linen;Textile;30.0;2.0;;19.0;;=;51.0
6302539000;HS10;De fibres synthétiques ou artificielles - Autre;Table linen - Other;Textile;30.0;2.0;;19.0;;=;51.0
630259;HS6;D'autres matières textiles;Table linen;;;;;;;;
6302591000;HS10;Autres articles textiles confectionnes assortiments friperie et chiffons linge de lit de table de toilette ou de cuisine autre linge de table dautres matieres textiles faits a la main meme partiellement;Autres articles textiles confectionnes assortiments friperie et chiffons linge de lit de table de toilette ou de cuisine autre linge de table dautres matieres textiles faits a la main meme partiellement;Textile;30.0;2.0;;19.0;;=;51.0
6302592000;HS10;D'autres matières textiles;Table linen;Textile;30.0;2.0;;19.0;;=;51.0
6302599000;HS10;D'autres matières textiles - Autre;Table linen - Other;Textile;30.0;2.0;;19.0;;=;51.0
630260;HS6;Linge de toilette de coton;Cotton toilet linen;;;;;;;;
6302601000;HS10;Linge de toilette de coton;Cotton toilet linen;Textile;30.0;2.0;;19.0;;=;51.0
6302602000;HS10;Linge de toilette de coton;Cotton toilet linen;Textile;30.0;2.0;;19.0;;=;51.0
6302609000;HS10;Linge de toilette de coton - Autre;Cotton toilet linen - Other;Textile;30.0;2.0;;19.0;;=;51.0
630291;HS6;Linge de toilette de coton autre;Other cotton toilet linen;;;;;;;;
6302911000;HS10;Linge de toilette de coton autre;Other cotton toilet linen;Textile;30.0;2.0;;19.0;;=;51.0
6302912000;HS10;Linge de toilette de coton autre;Other cotton toilet linen;Textile;30.0;2.0;;19.0;;=;51.0
6302919000;HS10;Linge de toilette de coton autre - Autre;Other cotton toilet linen - Other;Textile;30.0;2.0;;19.0;;=;51.0
630293;HS6;De fibres synthétiques ou artificielles;Toilet and kitchen linen;;;;;;;;
6302931000;HS10;Autres articles textiles confectionnes assortiments friperie et chiffons linge de lit de table de toilette ou de cuisine autre de fibres synthétiques ou artificielles en nontisses;Autres articles textiles confectionnes assortiments friperie et chiffons linge de lit de table de toilette ou de cuisine autre de fibres synthetiques ou artificielles en nontisses;Textile;30.0;2.0;;19.0;;=;51.0
6302932000;HS10;De fibres synthétiques ou artificielles;Toilet and kitchen linen;Textile;30.0;2.0;;19.0;;=;51.0
6302939000;HS10;De fibres synthétiques ou artificielles - Autre;Toilet and kitchen linen - Other;Textile;30.0;2.0;;19.0;;=;51.0
630299;HS6;D'autres matières textiles;Toilet and kitchen linen;;;;;;;;
6302991000;HS10;Autres articles textiles confectionnes assortiments friperie et chiffons linge de lit de table de toilette ou de cuisine autre dautres matieres textiles de lin;Autres articles textiles confectionnes assortiments friperie et chiffons linge de lit de table de toilette ou de cuisine autre dautres matieres textiles de lin;Textile;30.0;2.0;;19.0;;=;51.0
6302992000;HS10;D'autres matières textiles;Toilet and kitchen linen;Textile;30.0;2.0;;19.0;;=;51.0
6302999000;HS10;D'autres matières textiles - Autre;Toilet and kitchen linen - Other;Textile;30.0;2.0;;19.0;;=;51.0
6303;RANGEE 03;"Curtains (including drapes) and interior blinds; curtain or bed valances";;;;;;;;;
630311;HS6;Rideaux et stores de coton;Cotton curtains and blinds;;;;;;;;
6303111000;HS10;Rideaux et stores de coton;Cotton curtains and blinds;Textile;30.0;2.0;;19.0;;=;51.0
6303112000;HS10;Rideaux et stores de coton;Cotton curtains and blinds;Textile;30.0;2.0;;19.0;;=;51.0
6303119000;HS10;Rideaux et stores de coton - Autre;Cotton curtains and blinds - Other;Textile;30.0;2.0;;19.0;;=;51.0
630312;HS6;De fibres synthétiques;Curtains (including drapes) and interior blinds;;;;;;;;
6303121000;HS10;De fibres synthétiques;Curtains (including drapes) and interior blinds;Textile;30.0;2.0;;19.0;;=;51.0
6303122000;HS10;De fibres synthétiques;Curtains (including drapes) and interior blinds;Textile;30.0;2.0;;19.0;;=;51.0
6303129000;HS10;De fibres synthétiques - Autre;Curtains (including drapes) and interior blinds - Other;Textile;30.0;2.0;;19.0;;=;51.0
630319;HS6;D'autres matières textiles;Curtains (including drapes) and interior blinds;;;;;;;;
6303191000;HS10;Autres articles textiles confectionnes assortiments friperie et chiffons vitrages rideaux et stores dinterieur cantonnieres et tours de lits en bonneterie dautres matieres textiles de coton;Autres articles textiles confectionnes assortiments friperie et chiffons vitrages rideaux et stores dinterieur cantonnieres et tours de lits en bonneterie dautres matieres textiles de coton;Textile;30.0;2.0;;19.0;;=;51.0
6303192000;HS10;Autres articles textiles confectionnes assortiments friperie et chiffons vitrages rideaux et stores dinterieur cantonnieres et tours de lits en bonneterie dautres matieres textiles de soie ou de déchets de soie;Autres articles textiles confectionnes assortiments friperie et chiffons vitrages rideaux et stores dinterieur cantonnieres et tours de lits en bonneterie dautres matieres textiles de soie ou de dechets de soie;Textile;30.0;2.0;;19.0;;=;51.0
6303199000;HS10;D'autres matières textiles - Autre;Curtains (including drapes) and interior blinds - Other;Textile;30.0;2.0;;19.0;;=;51.0
630391;HS6;De coton;Curtains (including drapes) and interior blinds;;;;;;;;
6303911000;HS10;Autres articles textiles confectionnes assortiments friperie et chiffons vitrages rideaux et stores dinterieur cantonnieres et tours de lits autres de coton vitrages et rideaux;Autres articles textiles confectionnes assortiments friperie et chiffons vitrages rideaux et stores dinterieur cantonnieres et tours de lits autres de coton vitrages et rideaux;Textile;30.0;2.0;;19.0;;=;51.0
6303912000;HS10;Autres articles textiles confectionnes assortiments friperie et chiffons vitrages rideaux et stores dinterieur cantonnieres et tours de lits autres de coton stores dinterieur cantonnieres et tours de lits;Autres articles textiles confectionnes assortiments friperie et chiffons vitrages rideaux et stores dinterieur cantonnieres et tours de lits autres de coton stores dinterieur cantonnieres et tours de lits;Textile;30.0;2.0;;19.0;;=;51.0
6303919000;HS10;De coton - Autre;Curtains (including drapes) and interior blinds - Other;Textile;30.0;2.0;;19.0;;=;51.0
630392;HS6;De fibres synthétiques;Curtains (including drapes) and interior blinds;;;;;;;;
6303921000;HS10;Autres articles textiles confectionnes assortiments friperie et chiffons vitrages rideaux et stores dinterieur cantonnieres et tours de lits autres de fibres synthétiques en nontisses;Autres articles textiles confectionnes assortiments friperie et chiffons vitrages rideaux et stores dinterieur cantonnieres et tours de lits autres de fibres synthetiques en nontisses;Textile;30.0;2.0;;19.0;;=;51.0
6303922000;HS10;De fibres synthétiques;Curtains (including drapes) and interior blinds;Textile;30.0;2.0;;19.0;;=;51.0
6303929000;HS10;De fibres synthétiques - Autre;Curtains (including drapes) and interior blinds - Other;Textile;30.0;2.0;;19.0;;=;51.0
630399;HS6;D'autres matières textiles;Curtains (including drapes) and interior blinds;;;;;;;;
6303991000;HS10;Autres articles textiles confectionnes assortiments friperie et chiffons vitrages rideaux et stores dinterieur cantonnieres et tours de lits autres dautres matieres textiles vitrages et rideaux;Autres articles textiles confectionnes assortiments friperie et chiffons vitrages rideaux et stores dinterieur cantonnieres et tours de lits autres dautres matieres textiles vitrages et rideaux;Textile;30.0;2.0;;19.0;;=;51.0
6303992000;HS10;Autres articles textiles confectionnes assortiments friperie et chiffons vitrages rideaux et stores dinterieur cantonnieres et tours de lits autres dautres matieres textiles stores dinterieur cantonnieres et tours de lits;Autres articles textiles confectionnes assortiments friperie et chiffons vitrages rideaux et stores dinterieur cantonnieres et tours de lits autres dautres matieres textiles stores dinterieur cantonnieres et tours de lits;Textile;30.0;2.0;;19.0;;=;51.0
6303999000;HS10;D'autres matières textiles - Autre;Curtains (including drapes) and interior blinds - Other;Textile;30.0;2.0;;19.0;;=;51.0
6304;RANGEE 04;"Furnishing articles; excluding those of heading no. 9404";;;;;;;;;
630411;HS6;Couvre-lits de bonneterie;Knitted bedspreads;;;;;;;;
6304111000;HS10;Autres articles textiles confectionnes assortiments friperie et chiffons autres articles dameublement à lexclusion de ceux du n 9404 couvre lits en bonneterie de laine ou de poils fins;Autres articles textiles confectionnes assortiments friperie et chiffons autres articles dameublement à lexclusion de ceux du n 9404 couvre lits en bonneterie de laine ou de poils fins;Textile;30.0;2.0;;19.0;;=;51.0
6304112000;HS10;Autres articles textiles confectionnes assortiments friperie et chiffons autres articles dameublement à lexclusion de ceux du n 9404 couvre lits en bonneterie de fibres textiles synthétiques ou artificielles;Autres articles textiles confectionnes assortiments friperie et chiffons autres articles dameublement à lexclusion de ceux du n 9404 couvre lits en bonneterie de fibres textiles synthetiques ou artificielles;Textile;30.0;2.0;;19.0;;=;51.0
6304119000;HS10;Couvre-lits de bonneterie - Autre;Knitted bedspreads - Other;Textile;30.0;2.0;;19.0;;=;51.0
630419;HS6;Autres;Bedspreads;;;;;;;;
6304191000;HS10;Autres articles textiles confectionnes assortiments friperie et chiffons autres articles dameublement à lexclusion de ceux du n 9404 couvre lits autres de coton;Autres articles textiles confectionnes assortiments friperie et chiffons autres articles dameublement à lexclusion de ceux du n 9404 couvre lits autres de coton;Textile;30.0;2.0;;19.0;;=;51.0
6304192000;HS10;Autres articles textiles confectionnes assortiments friperie et chiffons autres articles dameublement à lexclusion de ceux du n 9404 couvre lits autres de lin ou de ramie;Autres articles textiles confectionnes assortiments friperie et chiffons autres articles dameublement à lexclusion de ceux du n 9404 couvre lits autres de lin ou de ramie;Textile;30.0;2.0;;19.0;;=;51.0
6304199000;HS10;Autres - Autre;Bedspreads - Other;Textile;30.0;2.0;;19.0;;=;51.0
630420;HS6;Moustiquaires pour lits mentionnées dans la Note 1 de sous-positions du présent Chapitre;Furnishing articles;;;;;;;;
6304201000;HS10;Moustiquaires pour lits mentionnées dans la Note 1 de sous-positions du présent Chapitre;Furnishing articles;Textile;30.0;2.0;;19.0;;=;51.0
6304202000;HS10;Moustiquaires pour lits mentionnées dans la Note 1 de sous-positions du présent Chapitre;Furnishing articles;Textile;30.0;2.0;;19.0;;=;51.0
6304209000;HS10;Moustiquaires pour lits mentionnées dans la Note 1 de sous-positions du présent Chapitre - Autre;Furnishing articles - Other;Textile;30.0;2.0;;19.0;;=;51.0
630491;HS6;En bonneterie;Furnishing articles;;;;;;;;
6304911000;HS10;Autres articles textiles confectionnes assortiments friperie et chiffons autres articles dameublement à lexclusion de ceux du n 9404 autres en bonneterie moustiquaires;Autres articles textiles confectionnes assortiments friperie et chiffons autres articles dameublement à lexclusion de ceux du n 9404 autres en bonneterie moustiquaires;Textile;30.0;2.0;;19.0;;=;51.0
6304912000;HS10;Autres articles textiles confectionnes assortiments friperie et chiffons autres articles dameublement à lexclusion de ceux du n 9404 autres en bonneterie enveloppes de coussins;Autres articles textiles confectionnes assortiments friperie et chiffons autres articles dameublement à lexclusion de ceux du n 9404 autres en bonneterie enveloppes de coussins;Textile;30.0;2.0;;19.0;;=;51.0
6304919000;HS10;En bonneterie - Autre;Furnishing articles - Other;Textile;30.0;2.0;;19.0;;=;51.0
630492;HS6;Autres qu'en bonneterie;Furnishing articles;;;;;;;;
6304921000;HS10;Moustiquaires en coton non tricotées;Moustiquaires en coton non tricotées;Textile;30.0;2.0;;19.0;;=;51.0
6304922000;HS10;Enveloppes de coussins en coton non tricotées;Enveloppes de coussins en coton non tricotées;Textile;30.0;2.0;;19.0;;=;51.0
6304929000;HS10;Autres qu'en bonneterie - Autre;Furnishing articles - Other;Textile;30.0;2.0;;19.0;;=;51.0
630493;HS6;Autres qu'en bonneterie;Furnishing articles;;;;;;;;
6304931000;HS10;Moustiquaires en fibres synthétiques non tricotées;Moustiquaires en fibres synthétiques non tricotées;Textile;30.0;2.0;;19.0;;=;51.0
6304932000;HS10;Enveloppes de coussins en fibres synthétiques non tricotées;Enveloppes de coussins en fibres synthétiques non tricotées;Textile;30.0;2.0;;19.0;;=;51.0
6304939000;HS10;Autres qu'en bonneterie - Autre;Furnishing articles - Other;Textile;30.0;2.0;;19.0;;=;51.0
630499;HS6;Autres qu'en bonneterie;Furnishing articles;;;;;;;;
6304991000;HS10;Moustiquaires en autres matières textiles non tricotées;Moustiquaires en autres matières textiles non tricotées;Textile;30.0;2.0;;19.0;;=;51.0
6304992000;HS10;Enveloppes de coussins en autres matières textiles non tricotées;Enveloppes de coussins en autres matières textiles non tricotées;Textile;30.0;2.0;;19.0;;=;51.0
6304999000;HS10;Autres qu'en bonneterie - Autre;Furnishing articles - Other;Textile;30.0;2.0;;19.0;;=;51.0
6305;RANGEE 05;Sacks and bags, of a kind used for the packing of goods;;;;;;;;;
630510;HS6;Sacs d'emballage en jute;Jute packing sacks;;;;;;;;
6305101000;HS10;Sacs et sachets demballage en jute;Sacs et sachets demballage en jute;Textile;30.0;2.0;;19.0;;=;51.0
6305102000;HS10;Sacs et sachets demballage en autres fibres textiles libériennes du n 5303;Sacs et sachets demballage en autres fibres textiles libériennes du n 5303;Textile;30.0;2.0;;19.0;;=;51.0
6305109000;HS10;Sacs d'emballage en jute - Autre;Jute packing sacks - Other;Textile;30.0;2.0;;19.0;;=;51.0
630520;HS6;Sacs d'emballage en coton;Cotton packing sacks;;;;;;;;
6305201000;HS10;Sacs d'emballage en coton;Cotton packing sacks;Textile;30.0;2.0;;19.0;;=;51.0
6305202000;HS10;Sacs d'emballage en coton;Cotton packing sacks;Textile;30.0;2.0;;19.0;;=;51.0
6305209000;HS10;Sacs d'emballage en coton - Autre;Cotton packing sacks - Other;Textile;30.0;2.0;;19.0;;=;51.0
630532;HS6;Conteneurs souples en synthétique;Synthetic flexible containers;;;;;;;;
6305321000;HS10;Contenants souples pour matières en vrac fibc obtenus à partir de lames de polyéthylène ou de polypropylène;Contenants souples pour matières en vrac fibc obtenus à partir de lames de polyéthylène ou de polypropylène;Textile;30.0;2.0;;19.0;;=;51.0
6305322000;HS10;Conteneurs souples en synthétique;Synthetic flexible containers;Textile;30.0;2.0;;19.0;;=;51.0
6305329000;HS10;Conteneurs souples en synthétique - Autre;Synthetic flexible containers - Other;Textile;30.0;2.0;;19.0;;=;51.0
630533;HS6;Autres;Sacks and bags;;;;;;;;
6305331000;HS10;Autres;Sacks and bags;Textile;30.0;2.0;;19.0;;=;51.0
6305332000;HS10;Autres;Sacks and bags;Textile;30.0;2.0;;19.0;;=;51.0
6305339000;HS10;Autres - Autre;Sacks and bags - Other;Textile;30.0;2.0;;19.0;;=;51.0
630539;HS6;Autres;Sacks and bags;;;;;;;;
6305391000;HS10;Sacs de couverture équipés de fermetures à glissières ou velcro fibres synthétiquesartificielles;Sacs de couverture équipés de fermetures à glissières ou velcro fibres synthétiquesartificielles;Textile;30.0;2.0;;19.0;;=;51.0
6305392000;HS10;Autres;Sacks and bags;Textile;30.0;2.0;;19.0;;=;51.0
6305399000;HS10;Autres - Autre;Sacks and bags - Other;Textile;30.0;2.0;;19.0;;=;51.0
630590;HS6;D'autres matières textiles;Sacks and bags;;;;;;;;
6305901000;HS10;D'autres matières textiles;Sacks and bags;Textile;30.0;2.0;;19.0;;=;51.0
6305902000;HS10;D'autres matières textiles;Sacks and bags;Textile;30.0;2.0;;19.0;;=;51.0
6305909000;HS10;D'autres matières textiles - Autre;Sacks and bags - Other;Textile;30.0;2.0;;19.0;;=;51.0
6306;RANGEE 06;"Tarpaulins, awnings and sunblinds; tents (including temporary canopies and similar articles); sails for boats, sailboards or landcraft; camping goods";;;;;;;;;
630612;HS6;Bâches de fibres synthétiques;Synthetic fibre tarpaulins;;;;;;;;
6306121000;HS10;Bâches dextérieur en fibres synthétiques;Bâches dextérieur en fibres synthétiques;Textile;30.0;2.0;;19.0;;=;51.0
6306122000;HS10;Stores dextérieur en fibres synthétiques;Stores dextérieur en fibres synthétiques;Textile;30.0;2.0;;19.0;;=;51.0
6306129000;HS10;Bâches de fibres synthétiques - Autre;Synthetic fibre tarpaulins - Other;Textile;30.0;2.0;;19.0;;=;51.0
630619;HS6;D'autres matières textiles;Tarpaulins;;;;;;;;
6306191000;HS10;Bâches dextérieur en dautres matières textiles;Bâches dextérieur en dautres matières textiles;Textile;30.0;2.0;;19.0;;=;51.0
6306192000;HS10;Stores dextérieur en dautres matières textiles;Stores dextérieur en dautres matières textiles;Textile;30.0;2.0;;19.0;;=;51.0
6306199000;HS10;D'autres matières textiles - Autre;Tarpaulins - Other;Textile;30.0;2.0;;19.0;;=;51.0
630622;HS6;De fibres synthétiques;Tents (including temporary canopies and similar articles);;;;;;;;
6306221000;HS10;Tentes pour campeurs ou de plage en fibres synthétiques;Tentes pour campeurs ou de plage en fibres synthétiques;Textile;30.0;2.0;;19.0;;=;51.0
6306222000;HS10;Tentes foraines en fibres synthétiques;Tentes foraines en fibres synthétiques;Textile;30.0;2.0;;19.0;;=;51.0
6306229000;HS10;De fibres synthétiques - Autre;Tents (including temporary canopies and similar articles) - Other;Textile;30.0;2.0;;19.0;;=;51.0
630629;HS6;D'autres matières textiles;Tents (including temporary canopies and similar articles);;;;;;;;
6306291000;HS10;Tentes kheimas traditionnelles à base de laine mélangée aux poils danimaux;Tentes kheimas traditionnelles à base de laine mélangée aux poils danimaux;Textile;30.0;2.0;;19.0;;=;51.0
6306292000;HS10;D'autres matières textiles;Tents (including temporary canopies and similar articles);Textile;30.0;2.0;;19.0;;=;51.0
6306299000;HS10;D'autres matières textiles - Autre;Tents (including temporary canopies and similar articles) - Other;Textile;30.0;2.0;;19.0;;=;51.0
630630;HS6;Voiles :;Sails;;;;;;;;
6306301000;HS10;Voiles :;Sails;Textile;30.0;2.0;;19.0;;=;51.0
6306302000;HS10;Voiles :;Sails;Textile;30.0;2.0;;19.0;;=;51.0
6306309000;HS10;Voiles : - Autre;Sails - Other;Textile;30.0;2.0;;19.0;;=;51.0
630640;HS6;Matelas pneumatiques;Camping goods;;;;;;;;
6306401000;HS10;Matelas pneumatiques;Camping goods;Textile;30.0;2.0;;19.0;;=;51.0
6306402000;HS10;Matelas pneumatiques;Camping goods;Textile;30.0;2.0;;19.0;;=;51.0
6306409000;HS10;Matelas pneumatiques - Autre;Camping goods - Other;Textile;30.0;2.0;;19.0;;=;51.0
630690;HS6;Autres;Camping goods;;;;;;;;
6306901000;HS10;Oreillers et coussins pneumatiques;Oreillers et coussins pneumatiques;Textile;30.0;2.0;;19.0;;=;51.0
6306902000;HS10;Hamacs autres;Hamacs autres;Textile;30.0;2.0;;19.0;;=;51.0
6306909000;HS10;Autres - Autre;Camping goods - Other;Textile;30.0;2.0;;19.0;;=;51.0
6307;RANGEE 07;"Textiles; made up articles n.e.c. in chapter 63, including dress patterns";;;;;;;;;
630710;HS6;Serpillières, lavettes;Floor cloths, dish cloths;;;;;;;;
6307101000;HS10;Serpillières lavettes et articles dentretien similaires en bonneterie;Serpillières lavettes et articles dentretien similaires en bonneterie;Textile;30.0;2.0;;19.0;;=;51.0
6307102000;HS10;Serpillières lavettes et articles dentretien similaires en nontissés;Serpillières lavettes et articles dentretien similaires en nontissés;Textile;30.0;2.0;;19.0;;=;51.0
6307109000;HS10;Serpillières, lavettes - Autre;Floor cloths, dish cloths - Other;Textile;30.0;2.0;;19.0;;=;51.0
630720;HS6;Ceintures et gilets de sauvetages;Life-jackets and life-belts;;;;;;;;
6307201000;HS10;Ceintures et gilets de sauvetages;Life-jackets and life-belts;Textile;30.0;2.0;;19.0;;=;51.0
6307202000;HS10;Ceintures et gilets de sauvetages;Life-jackets and life-belts;Textile;30.0;2.0;;19.0;;=;51.0
6307209000;HS10;Ceintures et gilets de sauvetages - Autre;Life-jackets and life-belts - Other;Textile;30.0;2.0;;19.0;;=;51.0
630790;HS6;Autres;Textiles;;;;;;;;
6307901000;HS10;Patrons de vêtements;Patrons de vêtements;Textile;30.0;2.0;;19.0;;=;51.0
6307902000;HS10;Drapeaux étendards bannières fanions et articles similaires;Drapeaux étendards bannières fanions et articles similaires;Textile;30.0;2.0;;19.0;;=;51.0
6307909000;HS10;Autres - Autre;Textiles - Other;Textile;30.0;2.0;;19.0;;=;51.0
6308;RANGEE 08;"Textiles; sets of woven fabric and yarn, with or without accessories, for making into rugs, tapestries, embroidered tablecloths, serviettes and similar textile articles, in packings for retail sale";;;;;;;;;
630800;HS6;Assortiments composés de pièces de tissus et de fils;Fabrics;;;;;;;;
6308001000;HS10;Assortiments composés de pièces de tissus et de fils;Fabrics;Textile;30.0;2.0;;19.0;;=;51.0
6308002000;HS10;Assortiments composés de pièces de tissus et de fils;Fabrics;Textile;30.0;2.0;;19.0;;=;51.0
6308009000;HS10;Assortiments composés de pièces de tissus et de fils - Autre;Fabrics - Other;Textile;30.0;2.0;;19.0;;=;51.0
6309;RANGEE 09;"Textiles; worn clothing and other worn articles";;;;;;;;;
630900;HS6;Vêtements usagés;Worn clothing;;;;;;;;
6309001000;HS10;Vêtements usagés;Worn clothing;Textile;30.0;2.0;;19.0;;=;51.0
6309002000;HS10;Chaussures et coiffures de tous genres et en toutes matières usagées friperie;Chaussures et coiffures de tous genres et en toutes matières usagées friperie;Textile;30.0;2.0;;19.0;;=;51.0
6309009000;HS10;Vêtements usagés - Autre;Worn clothing - Other;Textile;30.0;2.0;;19.0;;=;51.0
6310;RANGEE 10;"Rags; used or new, scrap twine, cordage, rope and cables and worn out articles of twine, cordage, rope or cables, of textile materials";;;;;;;;;
631010;HS6;Chiffons et déchets textiles triés;Sorted textile rags and waste;;;;;;;;
6310101000;HS10;Chiffons ficelles cordes et cordages triés destinés à la fabrication darticles industriels;Chiffons ficelles cordes et cordages triés destinés à la fabrication darticles industriels;Textile;30.0;2.0;;19.0;;=;51.0
6310102000;HS10;Chiffons et déchets textiles triés;Sorted textile rags and waste;Textile;30.0;2.0;;19.0;;=;51.0
6310109000;HS10;Chiffons et déchets textiles triés - Autre;Sorted textile rags and waste - Other;Textile;30.0;2.0;;19.0;;=;51.0
631090;HS6;Autres chiffons et déchets textiles;Other textile rags and waste;;;;;;;;
6310901000;HS10;Chiffons ficelles cordes et cordages non triés destinés à la fabrication darticles industriels;Chiffons ficelles cordes et cordages non triés destinés à la fabrication darticles industriels;Textile;30.0;2.0;;19.0;;=;51.0
6310902000;HS10;Autres chiffons et déchets textiles;Other textile rags and waste;Textile;30.0;2.0;;19.0;;=;51.0
6310909000;HS10;Autres chiffons et déchets textiles - Autre;Other textile rags and waste - Other;Textile;30.0;2.0;;19.0;;=;51.0
SECTION XII;SECTION;"Chaussures, coiffures, parapluies; fleurs artificielles";"Footwear, headgear, umbrellas; artificial flowers";;;;;;;;
CHAPITRE 64;CHAPITRE;Chaussures, guêtres;;;;;;;;;
6401;RANGEE 01;"Footwear; waterproof, with outer soles and uppers of rubber or plastics, (uppers not fixed to the sole nor assembled by stitch, rivet, nail, screw, plug or similar)";;;;;;;;;
640110;HS6;Chaussures comportant à l'avant;Footwear;;;;;;;;
6401101000;HS10;Chaussures étanches de sécurité avec coquille métallique à dessus en caoutchouc;Chaussures étanches de sécurité avec coquille métallique à dessus en caoutchouc;Habillement;30.0;2.0;;19.0;;910 Déclaration d'Importation du Produit | 210 Autorisation de Libre Circulation;51.0
6401102000;HS10;Chaussures étanches de sécurité avec coquille métallique à dessus en matière plastique;Chaussures étanches de sécurité avec coquille métallique à dessus en matière plastique;Habillement;30.0;2.0;;19.0;;=;51.0
6401109000;HS10;Chaussures comportant à l'avant - Autre;Footwear - Other;Habillement;30.0;2.0;;19.0;;=;51.0
640192;HS6;Couvrant la cheville mais ne couvrant pas le genou;Footwear;;;;;;;;
6401921000;HS10;Autres chaussures étanches couvrant la cheville non le genou à dessus en caoutchouc;Autres chaussures étanches couvrant la cheville non le genou à dessus en caoutchouc;Habillement;30.0;2.0;;19.0;;=;51.0
6401922000;HS10;Autres chaussures étanches couvrant la cheville non le genou à dessus en matière plastique;Autres chaussures étanches couvrant la cheville non le genou à dessus en matière plastique;Habillement;30.0;2.0;;19.0;;=;51.0
6401929000;HS10;Couvrant la cheville mais ne couvrant pas le genou - Autre;Footwear - Other;Habillement;30.0;2.0;;19.0;;=;51.0
640199;HS6;Autres;Footwear;;;;;;;;
6401991000;HS10;Autres chaussures étanches basses à dessus en caoutchouc;Autres chaussures étanches basses à dessus en caoutchouc;Habillement;30.0;2.0;;19.0;;=;51.0
6401992000;HS10;Autres chaussures étanches basses à dessus en matière plastique;Autres chaussures étanches basses à dessus en matière plastique;Habillement;30.0;2.0;;19.0;;=;51.0
6401999000;HS10;Autres - Autre;Footwear - Other;Habillement;30.0;2.0;;19.0;;=;51.0
6402;RANGEE 02;"Footwear; with outer soles and uppers of rubber or plastics (excluding waterproof footwear)";;;;;;;;;
640212;HS6;Chaussures de ski et chaussures pour le surf des neiges;Sports footwear;;;;;;;;
6402121000;HS10;Chaussures de ski et chaussures pour le surf des neiges;Sports footwear;Habillement;30.0;2.0;;19.0;;=;51.0
6402122000;HS10;Chaussures de ski et chaussures pour le surf des neiges;Sports footwear;Habillement;30.0;2.0;;19.0;;=;51.0
6402129000;HS10;Chaussures de ski et chaussures pour le surf des neiges - Autre;Sports footwear - Other;Habillement;30.0;2.0;;19.0;;=;51.0
640219;HS6;Autres;Sports footwear;;;;;;;;
6402191000;HS10;Chaussures de sport football baseball ou quilles;Chaussures de sport football baseball ou quilles;Habillement;30.0;2.0;;19.0;;=;51.0
6402192000;HS10;Autres;Sports footwear;Habillement;30.0;2.0;;19.0;;=;51.0
6402199000;HS10;Autres - Autre;Sports footwear - Other;Habillement;30.0;2.0;;19.0;;=;51.0
640220;HS6;Chaussures avec dessus en lanières ou brides fixées à la semelle par des tétons;Footwear;;;;;;;;
6402201000;HS10;Chaussures avec dessus en lanières ou brides fixées à la semelle par des tétons;Footwear;Habillement;30.0;2.0;;19.0;;=;51.0
6402202000;HS10;Chaussures avec dessus en lanières ou brides fixées à la semelle par des tétons;Footwear;Habillement;30.0;2.0;;19.0;;=;51.0
6402209000;HS10;Chaussures avec dessus en lanières ou brides fixées à la semelle par des tétons - Autre;Footwear - Other;Habillement;30.0;2.0;;19.0;;=;51.0
640291;HS6;Couvrant la cheville;Footwear;;;;;;;;
6402911000;HS10;Chaussures de sécurité couvrant la cheville avec coquille métallique;Chaussures de sécurité couvrant la cheville avec coquille métallique;Habillement;30.0;2.0;;19.0;;=;51.0
6402912000;HS10;Couvrant la cheville;Footwear;Habillement;30.0;2.0;;19.0;;=;51.0
6402919000;HS10;Couvrant la cheville - Autre;Footwear - Other;Habillement;30.0;2.0;;19.0;;=;51.0
640299;HS6;Autres;Footwear;;;;;;;;
6402991000;HS10;Autres chaussures de sécurité basses avec coquille métallique;Autres chaussures de sécurité basses avec coquille métallique;Habillement;30.0;2.0;;19.0;;=;51.0
6402992000;HS10;Autres;Footwear;Habillement;30.0;2.0;;19.0;;=;51.0
6402999000;HS10;Autres - Autre;Footwear - Other;Habillement;30.0;2.0;;19.0;;=;51.0
6403;RANGEE 03;"Footwear; with outer soles of rubber, plastics, leather or composition leather and uppers of leather";;;;;;;;;
640312;HS6;Chaussures de ski et chaussures pour le surf des neiges;Sports footwear;;;;;;;;
6403121000;HS10;Chaussures de ski à dessus en cuir naturel;Chaussures de ski à dessus en cuir naturel;Habillement;30.0;2.0;;19.0;;=;51.0
6403122000;HS10;Chaussures de sport chaussures de ski et chaussures pour le surf des neiges chaussures pour le surf des neiges;Chaussures de sport chaussures de ski et chaussures pour le surf des neiges chaussures pour le surf des neiges;Habillement;30.0;2.0;;19.0;;=;51.0
6403129000;HS10;Chaussures de ski et chaussures pour le surf des neiges - Autre;Sports footwear - Other;Habillement;30.0;2.0;;19.0;;=;51.0
640319;HS6;Autres;Sports footwear;;;;;;;;
6403191000;HS10;Chaussures de sport autres chaussures football base ball ou quilles;Chaussures de sport autres chaussures football base ball ou quilles;Habillement;30.0;2.0;;19.0;;=;51.0
6403192000;HS10;Autres;Sports footwear;Habillement;30.0;2.0;;19.0;;=;51.0
6403199000;HS10;Autres - Autre;Sports footwear - Other;Habillement;30.0;2.0;;19.0;;=;51.0
640320;HS6;Chaussures à semelles extérieures en cuir naturel et dessus constitués par des lanières en cuir naturel passant le cou-de-pied et entourant le gros orteil;Footwear;;;;;;;;
6403201000;HS10;Chaussures à semelles extérieures en cuir naturel et dessus constitués par des lanières en cuir naturel passant le cou-de-pied et entourant le gros orteil;Footwear;Habillement;30.0;2.0;;19.0;;=;51.0
6403202000;HS10;Chaussures à semelles extérieures en cuir naturel et dessus constitués par des lanières en cuir naturel passant le cou-de-pied et entourant le gros orteil;Footwear;Habillement;30.0;2.0;;19.0;;=;51.0
6403209000;HS10;Chaussures à semelles extérieures en cuir naturel et dessus constitués par des lanières en cuir naturel passant le cou-de-pied et entourant le gros orteil - Autre;Footwear - Other;Habillement;30.0;2.0;;19.0;;=;51.0
640340;HS6;Autres chaussures comportant;Footwear;;;;;;;;
6403401000;HS10;Autres chaussures comportant a lavant une coquille de protection en metal couvrant la cheville;Autres chaussures comportant a lavant une coquille de protection en metal couvrant la cheville;Habillement;30.0;2.0;;19.0;;=;51.0
6403402000;HS10;Autres chaussures comportant;Footwear;Habillement;30.0;2.0;;19.0;;=;51.0
6403409000;HS10;Autres chaussures comportant - Autre;Footwear - Other;Habillement;30.0;2.0;;19.0;;=;51.0
640351;HS6;Couvrant la cheville;Footwear;;;;;;;;
6403511000;HS10;Autres chaussures a semelles exterieures en cuir naturel couvrant la cheville a semelles principales en bois depourvues de semelles interieures;Autres chaussures a semelles exterieures en cuir naturel couvrant la cheville a semelles principales en bois depourvues de semelles interieures;Habillement;30.0;2.0;;19.0;;=;51.0
6403512000;HS10;Autres chaussures a semelles exterieures en cuir naturel couvrant la cheville pantoufles et chaussures dinterieur traditionnels;Autres chaussures a semelles exterieures en cuir naturel couvrant la cheville pantoufles et chaussures dinterieur traditionnels;Habillement;30.0;2.0;;19.0;;=;51.0
6403519000;HS10;Couvrant la cheville - Autre;Footwear - Other;Habillement;30.0;2.0;;19.0;;=;51.0
640359;HS6;Autres;Footwear;;;;;;;;
6403591000;HS10;Autres chaussures a semelles exterieures en cuir naturel autres chaussures a semelles principales en bois depourvues de semelles interieures;Autres chaussures a semelles exterieures en cuir naturel autres chaussures a semelles principales en bois depourvues de semelles interieures;Habillement;30.0;2.0;;19.0;;=;51.0
6403592000;HS10;Autres;Footwear;Habillement;30.0;2.0;;19.0;;=;51.0
6403599000;HS10;Autres - Autre;Footwear - Other;Habillement;30.0;2.0;;19.0;;=;51.0
640391;HS6;Couvrant la cheville;Footwear;;;;;;;;
6403911000;HS10;Autres chaussures couvrant la cheville a semelles principales en bois depourvues de semelles interieures;Autres chaussures couvrant la cheville a semelles principales en bois depourvues de semelles interieures;Habillement;30.0;2.0;;19.0;;=;51.0
6403912000;HS10;Couvrant la cheville;Footwear;Habillement;30.0;2.0;;19.0;;=;51.0
6403919000;HS10;Couvrant la cheville - Autre;Footwear - Other;Habillement;30.0;2.0;;19.0;;=;51.0
640399;HS6;Autres;Footwear;;;;;;;;
6403991000;HS10;Autres chaussures autres a semelles principales en bois depourvues de semelles interieures;Autres chaussures autres a semelles principales en bois depourvues de semelles interieures;Habillement;30.0;2.0;;19.0;;=;51.0
6403992000;HS10;Autres;Footwear;Habillement;30.0;2.0;;19.0;;=;51.0
6403999000;HS10;Autres - Autre;Footwear - Other;Habillement;30.0;2.0;;19.0;;=;51.0
6404;RANGEE 04;"Footwear; with outer soles of rubber, plastics, leather or composition leather and uppers of textile materials";;;;;;;;;
640411;HS6;Chaussures de sport;chaussures dites de tennis;;;;;;;;
6404111000;HS10;Chaussures a semelles exterieures en caoutchouc ou en matiere plastique chaussures de sport chaussures dites de tennis de basket ball de gymnastique dentrainement et chaussures similaires chaussures de sport;Chaussures a semelles exterieures en caoutchouc ou en matiere plastique chaussures de sport chaussures dites de tennis de basket ball de gymnastique dentrainement et chaussures similaires chaussures de sport;Habillement;30.0;2.0;;19.0;;=;51.0
6404112000;HS10;Chaussures a semelles exterieures en caoutchouc ou en matiere plastique chaussures de sport chaussures dites de tennis de basket ball de gymnastique dentrainement et chaussures similaires chaussures dites de tennis de basket ball de gymnastique dentrainement et chaussures similaires;Chaussures a semelles exterieures en caoutchouc ou en matiere plastique chaussures de sport chaussures dites de tennis de basket ball de gymnastique dentrainement et chaussures similaires chaussures dites de tennis de basket ball de gymnastique dentrainement et chaussures similaires;Habillement;30.0;2.0;;19.0;;=;51.0
6404119000;HS10;Chaussures de sport - Autre;chaussures dites de tennis - Other;Habillement;30.0;2.0;;19.0;;=;51.0
640419;HS6;Autres;Footwear;;;;;;;;
6404191000;HS10;Chaussures a semelles exterieures en caoutchouc ou en matiere plastique autres pantoufles et autres chaussures dinterieur;Chaussures a semelles exterieures en caoutchouc ou en matiere plastique autres pantoufles et autres chaussures dinterieur;Habillement;30.0;2.0;;19.0;;=;51.0
6404192000;HS10;Autres;Footwear;Habillement;30.0;2.0;;19.0;;=;51.0
6404199000;HS10;Autres - Autre;Footwear - Other;Habillement;30.0;2.0;;19.0;;=;51.0
640420;HS6;Chaussures à semelles extérieures en cuir naturel ou reconstitué;Footwear;;;;;;;;
6404201000;HS10;Chaussures a semelles exterieures en cuir naturel ou reconstitue pantoufles et autres chaussures dinterieur;Chaussures a semelles exterieures en cuir naturel ou reconstitue pantoufles et autres chaussures dinterieur;Habillement;30.0;2.0;;19.0;;=;51.0
6404202000;HS10;Chaussures à semelles extérieures en cuir naturel ou reconstitué;Footwear;Habillement;30.0;2.0;;19.0;;=;51.0
6404209000;HS10;Chaussures à semelles extérieures en cuir naturel ou reconstitué - Autre;Footwear - Other;Habillement;30.0;2.0;;19.0;;=;51.0
6405;RANGEE 05;"Footwear; other footwear n.e.c. in chapter 64";;;;;;;;;
640510;HS6;A dessus en cuir naturel ou reconstitué;Footwear;;;;;;;;
6405101000;HS10;A dessus en cuir naturel ou reconstitué;Footwear;Habillement;30.0;2.0;;19.0;;=;51.0
6405102000;HS10;A dessus en cuir naturel ou reconstitué;Footwear;Habillement;30.0;2.0;;19.0;;=;51.0
6405109000;HS10;A dessus en cuir naturel ou reconstitué - Autre;Footwear - Other;Habillement;30.0;2.0;;19.0;;=;51.0
640520;HS6;A dessus en matières textiles;Footwear;;;;;;;;
6405201000;HS10;A dessus en matieres textiles a semelles exterieures en bois ou en liege;A dessus en matieres textiles a semelles exterieures en bois ou en liege;Habillement;30.0;2.0;;19.0;;=;51.0
6405202000;HS10;A dessus en matières textiles;Footwear;Habillement;30.0;2.0;;19.0;;=;51.0
6405209000;HS10;A dessus en matières textiles - Autre;Footwear - Other;Habillement;30.0;2.0;;19.0;;=;51.0
640590;HS6;Autres;Footwear;;;;;;;;
6405901000;HS10;Autres;Footwear;Habillement;30.0;2.0;;19.0;;=;51.0
6405902000;HS10;Autres;Footwear;Habillement;30.0;2.0;;19.0;;=;51.0
6405909000;HS10;Autres - Autre;Footwear - Other;Habillement;30.0;2.0;;19.0;;=;51.0
6406;RANGEE 06;"Footwear; parts of footwear; removable in-soles, heel cushions and similar articles; gaiters, le.g.ings and similar articles, and parts thereof";;;;;;;;;
640610;HS6;Dessus de chaussures et leurs parties;Footwear;;;;;;;;
6406101000;HS10;Dessus de chaussures et leurs parties a lexclusion des contreforts et bouts durs tiges;Dessus de chaussures et leurs parties a lexclusion des contreforts et bouts durs tiges;Habillement;30.0;2.0;;19.0;;=;51.0
6406102000;HS10;Dessus de chaussures et leurs parties a lexclusion des contreforts et bouts durs empeignes claques et doublures;Dessus de chaussures et leurs parties a lexclusion des contreforts et bouts durs empeignes claques et doublures;Habillement;30.0;2.0;;19.0;;=;51.0
6406109000;HS10;Dessus de chaussures et leurs parties - Autre;Footwear - Other;Habillement;30.0;2.0;;19.0;;=;51.0
640620;HS6;Semelles extérieures et talons en caoutchouc ou en matière plastique;Footwear;;;;;;;;
6406201000;HS10;Semelles exterieures et talons en caoutchouc ou en matiere plastique semelles exterieures et talons en caoutchouc;Semelles exterieures et talons en caoutchouc ou en matiere plastique semelles exterieures et talons en caoutchouc;Habillement;30.0;2.0;;19.0;;=;51.0
6406202000;HS10;Semelles exterieures et talons en caoutchouc ou en matiere plastique semelles exterieures et talons en matiere plastique;Semelles exterieures et talons en caoutchouc ou en matiere plastique semelles exterieures et talons en matiere plastique;Habillement;30.0;2.0;;19.0;;=;51.0
6406209000;HS10;Semelles extérieures et talons en caoutchouc ou en matière plastique - Autre;Footwear - Other;Habillement;30.0;2.0;;19.0;;=;51.0
640690;HS6;Autres;Footwear;;;;;;;;
6406901000;HS10;Autres en bois;Autres en bois;Habillement;30.0;2.0;;19.0;;=;51.0
6406902000;HS10;Autres;Footwear;Habillement;30.0;2.0;;19.0;;=;51.0
6406909000;HS10;Autres - Autre;Footwear - Other;Habillement;30.0;2.0;;19.0;;=;51.0
CHAPITRE 65;CHAPITRE;Coiffures;;;;;;;;;
6501;RANGEE 01;"Hat-forms, hat bodies and hoods of felt, neither blocked to shape nor with made brims; plateaux and manchons (including slit manchons) of felt";;;;;;;;;
650100;HS6;Cloches non dressées (mises en forme) ni tournurées (mises en tournure);Hat-forms;;;;;;;;
6501001000;HS10;Cloches non dressees ni tournurees pour chapeaux;Cloches non dressees ni tournurees pour chapeaux;Habillement;30.0;2.0;;19.0;;910 Déclaration d'Importation du Produit | 210 Autorisation de Libre Circulation;51.0
6501002000;HS10;Plateaux et manchons pour chapeaux;Plateaux et manchons pour chapeaux;Habillement;30.0;2.0;;19.0;;=;51.0
6501009000;HS10;Cloches non dressées (mises en forme) ni tournurées (mises en tournure) - Autre;Hat-forms - Other;Habillement;30.0;2.0;;19.0;;=;51.0
6502;RANGEE 02;"Hat-shapes; plaited or made by assembling strips of any material, neither blocked to shape, nor with made brims, nor lined, nor trimmed";;;;;;;;;
650200;HS6;Cloches ou formes pour chapeaux;Hat-shapes;;;;;;;;
6502001000;HS10;En copeaux ou rubans de bois paille ecorce sparte aloes abaca sisal ou autres fibres vegetales non filees;En copeaux ou rubans de bois paille ecorce sparte aloes abaca sisal ou autres fibres vegetales non filees;Habillement;30.0;2.0;;19.0;;=;51.0
6502002000;HS10;Cloches ou formes pour chapeaux;Hat-shapes;Habillement;30.0;2.0;;19.0;;=;51.0
6502009000;HS10;Cloches ou formes pour chapeaux - Autre;Hat-shapes - Other;Habillement;30.0;2.0;;19.0;;=;51.0
6504;RANGEE 04;"Hats and other headgear; plaited or made by assembling strips of any material, whether or not lined or trimmed";;;;;;;;;
650400;HS6;Chapeaux et autres coiffures;Hats and other headgear;;;;;;;;
6504001000;HS10;Coiffures traditionnelles chachia tarbouche madhalla turbans etc;Coiffures traditionnelles chachia tarbouche madhalla turbans etc;Habillement;30.0;2.0;;19.0;;=;51.0
6504002000;HS10;Chapeaux et autres coiffures;Hats and other headgear;Habillement;30.0;2.0;;19.0;;=;51.0
6504009000;HS10;Chapeaux et autres coiffures - Autre;Hats and other headgear - Other;Habillement;30.0;2.0;;19.0;;=;51.0
6505;RANGEE 05;"Hats and other headgear; knitted or crocheted, or made up from lace, felt or other textile fabric, in the piece (but not in strips), whether or not lined or trimmed; hair-nets of any material, whether or not lined or trimmed";;;;;;;;;
650500;HS6;Chapeaux et autres coiffures en bonneterie ou confectionnés à l'aide de dentelles;résilles et filets à cheveux en toutes matières;;;;;;;;
6505001000;HS10;Resilles et filets a cheveux;Resilles et filets a cheveux;Habillement;30.0;2.0;;19.0;;=;51.0
6505002000;HS10;Casquettes chapeauxet kepis pour uniformes militaires police douanes et similaires;Casquettes chapeauxet kepis pour uniformes militaires police douanes et similaires;Habillement;30.0;2.0;;19.0;;=;51.0
6505009000;HS10;Chapeaux et autres coiffures en bonneterie ou confectionnés à l'aide de dentelles - Autre;résilles et filets à cheveux en toutes matières - Other;Habillement;30.0;2.0;;19.0;;=;51.0
6506;RANGEE 06;"Headgear; n.e.c. in chapter 65, whether or not lined or trimmed";;;;;;;;;
650610;HS6;Coiffures de sécurité;Headgear;;;;;;;;
6506101000;HS10;Coiffures de securite metalliques pour soudure a larc;Coiffures de securite metalliques pour soudure a larc;Habillement;30.0;2.0;;19.0;;=;51.0
6506102000;HS10;Coiffures de sécurité;Headgear;Habillement;30.0;2.0;;19.0;;=;51.0
6506109000;HS10;Coiffures de sécurité - Autre;Headgear - Other;Habillement;30.0;2.0;;19.0;;=;51.0
650691;HS6;En caoutchouc ou en matière plastique;Headgear;;;;;;;;
6506911000;HS10;En caoutchouc ou en matière plastique;Headgear;Habillement;30.0;2.0;;19.0;;=;51.0
6506912000;HS10;En caoutchouc ou en matière plastique;Headgear;Habillement;30.0;2.0;;19.0;;=;51.0
6506919000;HS10;En caoutchouc ou en matière plastique - Autre;Headgear - Other;Habillement;30.0;2.0;;19.0;;=;51.0
650699;HS6;En autres matières;Headgear;;;;;;;;
6506991000;HS10;En pelleteries naturelles;En pelleteries naturelles;Habillement;30.0;2.0;;19.0;;=;51.0
6506992000;HS10;En metal;En metal;Habillement;30.0;2.0;;19.0;;=;51.0
6506999000;HS10;En autres matières - Autre;Headgear - Other;Habillement;30.0;2.0;;19.0;;=;51.0
6507;RANGEE 07;Head-bands, linings, covers, hat foundations, hat frames, peaks and chinstraps, for headgear;;;;;;;;;
650700;HS6;Bandes pour garniture intérieure;Head-bands;;;;;;;;
6507001000;HS10;Bandes pour garniture interieure des coiffures;Bandes pour garniture interieure des coiffures;Habillement;30.0;2.0;;19.0;;=;51.0
6507002000;HS10;Visieres pour coiffures;Visieres pour coiffures;Habillement;30.0;2.0;;19.0;;=;51.0
6507009000;HS10;Bandes pour garniture intérieure - Autre;Head-bands - Other;Habillement;30.0;2.0;;19.0;;=;51.0
CHAPITRE 66;CHAPITRE;Parapluies, cannes;;;;;;;;;
6601;RANGEE 01;"Umbrellas; sun umbrellas (including walking stick umbrellas, garden umbrellas and similar umbrellas)";;;;;;;;;
660110;HS6;Parasols de jardin et similaires;Umbrellas and sun umbrellas;;;;;;;;
6601101000;HS10;Parasols de jardin et similaires;Umbrellas and sun umbrellas;Divers;15.0;2.0;;19.0;;910 Déclaration d'Importation du Produit | 210 Autorisation de Libre Circulation;36.0
6601102000;HS10;Parasols de jardin et similaires;Umbrellas and sun umbrellas;Divers;15.0;2.0;;19.0;;=;36.0
6601109000;HS10;Parasols de jardin et similaires - Autre;Umbrellas and sun umbrellas - Other;Divers;15.0;2.0;;19.0;;=;36.0
660191;HS6;A mât ou manche télescopique;Umbrellas and sun umbrellas;;;;;;;;
6601911000;HS10;A mat ou manche telescopique parapluies;A mat ou manche telescopique parapluies;Divers;15.0;2.0;;19.0;;=;36.0
6601912000;HS10;A mât ou manche télescopique;Umbrellas and sun umbrellas;Divers;15.0;2.0;;19.0;;=;36.0
6601919000;HS10;A mât ou manche télescopique - Autre;Umbrellas and sun umbrellas - Other;Divers;15.0;2.0;;19.0;;=;36.0
660199;HS6;Autres;Umbrellas and sun umbrellas;;;;;;;;
6601991000;HS10;Autres autres parapluies;Autres autres parapluies;Divers;15.0;2.0;;19.0;;=;36.0
6601992000;HS10;Autres;Umbrellas and sun umbrellas;Divers;15.0;2.0;;19.0;;=;36.0
6601999000;HS10;Autres - Autre;Umbrellas and sun umbrellas - Other;Divers;15.0;2.0;;19.0;;=;36.0
6602;RANGEE 02;Walking-sticks, seat-sticks, whips, riding-crops and the like;;;;;;;;;
660200;HS6;Cannes;Walking-sticks;;;;;;;;
6602001000;HS10;Cannes pliantes ou non pour aveugles;Cannes pliantes ou non pour aveugles;Divers;15.0;2.0;;19.0;;=;36.0
6602002000;HS10;Cannes;Walking-sticks;Divers;15.0;2.0;;19.0;;=;36.0
6602009000;HS10;Cannes - Autre;Walking-sticks - Other;Divers;15.0;2.0;;19.0;;=;36.0
6603;RANGEE 03;Trimmings, parts and accessories of articles of heading no. 6601 or 6602;;;;;;;;;
660320;HS6;Montures assemblées;Umbrella frames;;;;;;;;
6603201000;HS10;Montures assemblées;Umbrella frames;Divers;15.0;2.0;;19.0;;=;36.0
6603202000;HS10;Montures assemblées;Umbrella frames;Divers;15.0;2.0;;19.0;;=;36.0
6603209000;HS10;Montures assemblées - Autre;Umbrella frames - Other;Divers;15.0;2.0;;19.0;;=;36.0
660390;HS6;Autres;Trimmings;;;;;;;;
6603901000;HS10;Poignees et pommeaux;Poignees et pommeaux;Divers;15.0;2.0;;19.0;;=;36.0
6603902000;HS10;Mats et manches;Mats et manches;Divers;15.0;2.0;;19.0;;=;36.0
6603909000;HS10;Autres - Autre;Trimmings - Other;Divers;15.0;2.0;;19.0;;=;36.0
CHAPITRE 67;CHAPITRE;Plumes, fleurs artificielles;;;;;;;;;
6701;RANGEE 01;"Skin and other parts of birds with their feather or down; feathers, parts of feather, down and articles thereof (other than goods of heading no. 0505 and worked quills and scapes)";;;;;;;;;
670100;HS6;Peaux et autres parties d'oiseaux revêtus de leurs plumes ou de leur duvet;Skins and other parts of birds with their feathers or down;;;;;;;;
6701001000;HS10;Eventails et ecrans a main et leurs montures et parties de montures;Eventails et ecrans a main et leurs montures et parties de montures;Divers;15.0;2.0;;19.0;;910 Déclaration d'Importation du Produit | 210 Autorisation de Libre Circulation;36.0
6701002000;HS10;Peaux et autres parties d'oiseaux revêtus de leurs plumes ou de leur duvet;Skins and other parts of birds with their feathers or down;Divers;15.0;2.0;;19.0;;=;36.0
6701009000;HS10;Peaux et autres parties d'oiseaux revêtus de leurs plumes ou de leur duvet - Autre;Skins and other parts of birds with their feathers or down - Other;Divers;15.0;2.0;;19.0;;=;36.0
6702;RANGEE 02;"Flowers, foliage and fruit, artificial, and parts thereof; articles made of artificial flowers, foliage or fruit";;;;;;;;;
670210;HS6;En matières plastiques;Flowers;;;;;;;;
6702101000;HS10;En matières plastiques;Flowers;Divers;15.0;2.0;;19.0;;=;36.0
6702102000;HS10;En matières plastiques;Flowers;Divers;15.0;2.0;;19.0;;=;36.0
6702109000;HS10;En matières plastiques - Autre;Flowers - Other;Divers;15.0;2.0;;19.0;;=;36.0
670290;HS6;En autres matières;Flowers;;;;;;;;
6702901000;HS10;En autres matières;Flowers;Divers;15.0;2.0;;19.0;;=;36.0
6702902000;HS10;En autres matières;Flowers;Divers;15.0;2.0;;19.0;;=;36.0
6702909000;HS10;En autres matières - Autre;Flowers - Other;Divers;15.0;2.0;;19.0;;=;36.0
6703;RANGEE 03;"Human hair, dressed, thinned, bleached or otherwise worked; wool or other animal hair or other textile materials, prepared for use in making wigs or the like";;;;;;;;;
670300;HS6;Cheveux remis;laine;;;;;;;;
6703001000;HS10;Cheveux remis amincis blanchis ou autrement préparés;Cheveux remis amincis blanchis ou autrement prepares;Divers;15.0;2.0;;19.0;;=;36.0
6703002000;HS10;Cheveux remis;laine;Divers;15.0;2.0;;19.0;;=;36.0
6703009000;HS10;Cheveux remis - Autre;laine - Other;Divers;15.0;2.0;;19.0;;=;36.0
6704;RANGEE 04;"Wigs, false beards, eyebrows and eyelashes, switches and the like, of human or animal hair or of textile materials; articles of human hair, n.e.c. or included";;;;;;;;;
670411;HS6;Perruques complètes;Wigs;;;;;;;;
6704111000;HS10;Perruques complètes;Wigs;Divers;15.0;2.0;;19.0;;=;36.0
6704112000;HS10;Perruques complètes;Wigs;Divers;15.0;2.0;;19.0;;=;36.0
6704119000;HS10;Perruques complètes - Autre;Wigs - Other;Divers;15.0;2.0;;19.0;;=;36.0
670419;HS6;Autres;False beards;;;;;;;;
6704191000;HS10;Autres cils et meches;Autres cils et meches;Divers;15.0;2.0;;19.0;;=;36.0
6704192000;HS10;Autres;False beards;Divers;15.0;2.0;;19.0;;=;36.0
6704199000;HS10;Autres - Autre;False beards - Other;Divers;15.0;2.0;;19.0;;=;36.0
670420;HS6;En cheveux;Wigs;;;;;;;;
6704201000;HS10;En cheveux perruques cils et meches;En cheveux perruques cils et meches;Divers;15.0;2.0;;19.0;;=;36.0
6704202000;HS10;En cheveux;Wigs;Divers;15.0;2.0;;19.0;;=;36.0
6704209000;HS10;En cheveux - Autre;Wigs - Other;Divers;15.0;2.0;;19.0;;=;36.0
670490;HS6;En autres matières;Wigs;;;;;;;;
6704901000;HS10;En autres matières;Wigs;Divers;15.0;2.0;;19.0;;=;36.0
6704902000;HS10;En autres matières;Wigs;Divers;15.0;2.0;;19.0;;=;36.0
6704909000;HS10;En autres matières - Autre;Wigs - Other;Divers;15.0;2.0;;19.0;;=;36.0
SECTION XIII;SECTION;"Ouvrages en pierres, plâtre, ciment; produits céramiques; verre et ouvrages en verre";"Articles of stone, plaster, cement; ceramic products; glass and glassware";;;;;;;;
CHAPITRE 68;CHAPITRE;Ouvrages en pierres, ciment;;;;;;;;;
6801;RANGEE 01;"Stone; setts, curbstones and flagstones, of natural stone (except slate)";;;;;;;;;
680100;HS6;Pavés;Stone;;;;;;;;
6801001000;HS10;Pavés;Pavés;Construction;15.0;2.0;;19.0;;910 Déclaration d'Importation du Produit | 210 Autorisation de Libre Circulation;36.0
6801002000;HS10;Bordures de trottoirs;Bordures de trottoirs;Construction;15.0;2.0;;19.0;;=;36.0
6801009000;HS10;Pavés - Autre;Stone - Other;Construction;15.0;2.0;;19.0;;=;36.0
6802;RANGEE 02;"Monumental or building stone, worked (except slate) and articles thereof (not of heading no. 6801) mosaic cubes etc., of natural stone including slate; artificially coloured granules of natural stone";;;;;;;;;
680210;HS6;Carreaux;granulés;;;;;;;;
6802101000;HS10;Carreaux cubes des et articles similaires;Carreaux cubes des et articles similaires;Construction;15.0;2.0;;19.0;;=;36.0
6802102000;HS10;Granules eclats et poudres colores artificiellement;Granules eclats et poudres colores artificiellement;Construction;15.0;2.0;;19.0;;=;36.0
6802109000;HS10;Carreaux - Autre;granulés - Other;Construction;15.0;2.0;;19.0;;=;36.0
680221;HS6;Marbre;Marble;;;;;;;;
6802211000;HS10;Marbre;Marble;Construction;15.0;2.0;;19.0;;=;36.0
6802212000;HS10;Travertin;Travertin;Construction;15.0;2.0;;19.0;;=;36.0
6802219000;HS10;Marbre - Autre;Marble - Other;Construction;15.0;2.0;;19.0;;=;36.0
680223;HS6;Granit;Granite;;;;;;;;
6802231000;HS10;Taille ou faonne par methode traditionnelle;Taille ou faonne par methode traditionnelle;Construction;15.0;2.0;;19.0;;=;36.0
6802232000;HS10;Granit;Granite;Construction;15.0;2.0;;19.0;;=;36.0
6802239000;HS10;Granit - Autre;Granite - Other;Construction;15.0;2.0;;19.0;;=;36.0
680229;HS6;Autres pierres;Stone;;;;;;;;
6802291000;HS10;Tailles ou faonnes par methode traditionnelle;Tailles ou faonnes par methode traditionnelle;Construction;15.0;2.0;;19.0;;=;36.0
6802292000;HS10;Autres pierres;Stone;Construction;15.0;2.0;;19.0;;=;36.0
6802299000;HS10;Autres pierres - Autre;Stone - Other;Construction;15.0;2.0;;19.0;;=;36.0
680291;HS6;Marbres;Marble;;;;;;;;
6802911000;HS10;Marbres;Marble;Construction;15.0;2.0;;19.0;;=;36.0
6802912000;HS10;Marbres;Marble;Construction;15.0;2.0;;19.0;;=;36.0
6802919000;HS10;Marbres - Autre;Marble - Other;Construction;15.0;2.0;;19.0;;=;36.0
680292;HS6;Autres pierres calcaires;Stone;;;;;;;;
6802921000;HS10;Moulures ou tournes mais non autrement travailles;Moulures ou tournes mais non autrement travailles;Construction;15.0;2.0;;19.0;;=;36.0
6802922000;HS10;Polies decorees ou autrement travaillees mais non sculptees;Polies decorees ou autrement travaillees mais non sculptees;Construction;15.0;2.0;;19.0;;=;36.0
6802929000;HS10;Autres pierres calcaires - Autre;Stone - Other;Construction;15.0;2.0;;19.0;;=;36.0
680293;HS6;Granit;Granite;;;;;;;;
6802931000;HS10;Graves ou sculptes par methode traditionnelle destines pour la decoration;Graves ou sculptes par methode traditionnelle destines pour la decoration;Construction;15.0;2.0;;19.0;;=;36.0
6802932000;HS10;Granit;Granite;Construction;15.0;2.0;;19.0;;=;36.0
6802939000;HS10;Granit - Autre;Granite - Other;Construction;15.0;2.0;;19.0;;=;36.0
680299;HS6;Autres pierres;Stone;;;;;;;;
6802991000;HS10;Moulures ou tournes mais non autrement travailles;Moulures ou tournes mais non autrement travailles;Construction;15.0;2.0;;19.0;;=;36.0
6802992000;HS10;Polies decorees ou autrement travaillees mais non sculptees;Polies decorees ou autrement travaillees mais non sculptees;Construction;15.0;2.0;;19.0;;=;36.0
6802999000;HS10;Autres pierres - Autre;Stone - Other;Construction;15.0;2.0;;19.0;;=;36.0
6803;RANGEE 03;"Slate, worked; and articles of slate or of agglomerated slate";;;;;;;;;
680300;HS6;Ardoise naturelle travaillée et ouvrages en ardoise naturelle ou agglomérée (ardoisine);Slate;;;;;;;;
6803001000;HS10;Ardoises pour lecriture ou le dessin;Ardoises pour lecriture ou le dessin;Construction;15.0;2.0;;19.0;;=;36.0
6803002000;HS10;Ardoise naturelle travaillée et ouvrages en ardoise naturelle ou agglomérée (ardoisine);Slate;Construction;15.0;2.0;;19.0;;=;36.0
6803009000;HS10;Ardoise naturelle travaillée et ouvrages en ardoise naturelle ou agglomérée (ardoisine) - Autre;Slate - Other;Construction;15.0;2.0;;19.0;;=;36.0
6804;RANGEE 04;Millstones, grindstones, grinding wheels, etc without frameworks, for grinding, sharpening, polishing, etc and parts thereof, natural stone, agglomerated natural or artificial abrasives or of ceramics;;;;;;;;;
680410;HS6;Meules à moudre ou à défibrer;Millstones and grindstones;;;;;;;;
6804101000;HS10;Meules a moudre ou a defibrer en diamant naturel ou synthétique agglomere;Meules a moudre ou a defibrer en diamant naturel ou synthetique agglomere;Construction;15.0;2.0;;19.0;;=;36.0
6804102000;HS10;Meules à moudre ou à défibrer;Millstones and grindstones;Construction;15.0;2.0;;19.0;;=;36.0
6804109000;HS10;Meules à moudre ou à défibrer - Autre;Millstones and grindstones - Other;Construction;15.0;2.0;;19.0;;=;36.0
680421;HS6;En diamant naturel ou synthétique;Millstones;;;;;;;;
6804211000;HS10;En diamant naturel ou synthétique;Millstones;Construction;15.0;2.0;;19.0;;=;36.0
6804212000;HS10;En diamant naturel ou synthétique;Millstones;Construction;15.0;2.0;;19.0;;=;36.0
6804219000;HS10;En diamant naturel ou synthétique - Autre;Millstones - Other;Construction;15.0;2.0;;19.0;;=;36.0
680422;HS6;En autres abrasifs agglomérés ou en céramique;Millstones;;;;;;;;
6804221000;HS10;Autres meules et articles similaires en autres abrasifs agglomeres ou en ceramique en abrasifs agglomeres;Autres meules et articles similaires en autres abrasifs agglomeres ou en ceramique en abrasifs agglomeres;Construction;15.0;2.0;;19.0;;=;36.0
6804222000;HS10;Autres meules et articles similaires en autres abrasifs agglomeres ou en ceramique en ceramique;Autres meules et articles similaires en autres abrasifs agglomeres ou en ceramique en ceramique;Construction;15.0;2.0;;19.0;;=;36.0
6804229000;HS10;En autres abrasifs agglomérés ou en céramique - Autre;Millstones - Other;Construction;15.0;2.0;;19.0;;=;36.0
680423;HS6;En pierres naturelles;Millstones;;;;;;;;
6804231000;HS10;En pierres naturelles;Millstones;Construction;15.0;2.0;;19.0;;=;36.0
6804232000;HS10;En pierres naturelles;Millstones;Construction;15.0;2.0;;19.0;;=;36.0
6804239000;HS10;En pierres naturelles - Autre;Millstones - Other;Construction;15.0;2.0;;19.0;;=;36.0
680430;HS6;Pierres à aiguiser ou à polir à la main;Stones;;;;;;;;
6804301000;HS10;Pierres a aiguiser ou a polir a la main en abrasifs agglomeres;Pierres a aiguiser ou a polir a la main en abrasifs agglomeres;Construction;15.0;2.0;;19.0;;=;36.0
6804302000;HS10;Pierres a aiguiser ou a polir a la main en pierres naturelles;Pierres a aiguiser ou a polir a la main en pierres naturelles;Construction;15.0;2.0;;19.0;;=;36.0
6804309000;HS10;Pierres à aiguiser ou à polir à la main - Autre;Stones - Other;Construction;15.0;2.0;;19.0;;=;36.0
6805;RANGEE 05;"Abrasive powder or grain; natural or artificial, on a base of textile material, of paper, paperboard or of other material, whether or not cut to shape or sewn or otherwise made up";;;;;;;;;
680510;HS6;Appliqués sur tissus en matières textiles seulement;Abrasive powder or grain;;;;;;;;
6805101000;HS10;Appliqués sur tissus en matières textiles seulement;Abrasive powder or grain;Construction;15.0;2.0;;19.0;;=;36.0
6805102000;HS10;Appliqués sur tissus en matières textiles seulement;Abrasive powder or grain;Construction;15.0;2.0;;19.0;;=;36.0
6805109000;HS10;Appliqués sur tissus en matières textiles seulement - Autre;Abrasive powder or grain - Other;Construction;15.0;2.0;;19.0;;=;36.0
680520;HS6;Appliqués sur papier ou carton seulement;Abrasive powder or grain;;;;;;;;
6805201000;HS10;Appliqués sur papier ou carton seulement;Abrasive powder or grain;Construction;15.0;2.0;;19.0;;=;36.0
6805202000;HS10;Appliqués sur papier ou carton seulement;Abrasive powder or grain;Construction;15.0;2.0;;19.0;;=;36.0
6805209000;HS10;Appliqués sur papier ou carton seulement - Autre;Abrasive powder or grain - Other;Construction;15.0;2.0;;19.0;;=;36.0
680530;HS6;Appliqués sur d'autres matières;Abrasive powder or grain;;;;;;;;
6805301000;HS10;Appliqués sur d'autres matières;Abrasive powder or grain;Construction;15.0;2.0;;19.0;;=;36.0
6805302000;HS10;Appliqués sur d'autres matières;Abrasive powder or grain;Construction;15.0;2.0;;19.0;;=;36.0
6805309000;HS10;Appliqués sur d'autres matières - Autre;Abrasive powder or grain - Other;Construction;15.0;2.0;;19.0;;=;36.0
6806;RANGEE 06;"Slag, rock wool and similar mineral wools; exfoliated vermiculite, expanded clays, foamed slag, mixtures and articles of heat, sound insulating or sound-absorbing mineral materials";;;;;;;;;
680610;HS6;Laines de laitier;Slag wool;;;;;;;;
6806101000;HS10;Laines de laitier de scories de roche et laines minerales similaires meme mélangees entre elles en masses feuilles ou rouleaux produits disolation;Laines de laitier de scories de roche et laines minerales similaires meme melangees entre elles en masses feuilles ou rouleaux produits disolation;Construction;15.0;2.0;;19.0;;=;36.0
6806102000;HS10;Laines de laitier;Slag wool;Construction;15.0;2.0;;19.0;;=;36.0
6806109000;HS10;Laines de laitier - Autre;Slag wool - Other;Construction;15.0;2.0;;19.0;;=;36.0
680620;HS6;Vermiculite expansée;Exfoliated vermiculite;;;;;;;;
6806201000;HS10;Vermiculite expansee argiles expansees mousse de scories et produits mineraux similaires expanses meme mélanges entre eux argiles expansees;Vermiculite expansee argiles expansees mousse de scories et produits mineraux similaires expanses meme melanges entre eux argiles expansees;Construction;15.0;2.0;;19.0;;=;36.0
6806202000;HS10;Vermiculite expansée;Exfoliated vermiculite;Construction;15.0;2.0;;19.0;;=;36.0
6806209000;HS10;Vermiculite expansée - Autre;Exfoliated vermiculite - Other;Construction;15.0;2.0;;19.0;;=;36.0
680690;HS6;Autres;Minerals;;;;;;;;
6806901000;HS10;Autres mélanges de matieres minerales pour lisolation thermique ou sonore ou pour labsorption du son;Autres melanges de matieres minerales pour lisolation thermique ou sonore ou pour labsorption du son;Construction;15.0;2.0;;19.0;;=;36.0
6806902000;HS10;Autres ouvrages en matieres minerales pour lisolation thermique ou sonore ou pour labsorption du son;Autres ouvrages en matieres minerales pour lisolation thermique ou sonore ou pour labsorption du son;Construction;15.0;2.0;;19.0;;=;36.0
6806909000;HS10;Autres - Autre;Minerals - Other;Construction;15.0;2.0;;19.0;;=;36.0
6807;RANGEE 07;"Asphalt or similar material; articles (e.g. petroleum bitumen or coal tar pitch)";;;;;;;;;
680710;HS6;En rouleaux;Asphalt or similar material;;;;;;;;
6807101000;HS10;En rouleaux;Asphalt or similar material;Construction;15.0;2.0;;19.0;;=;36.0
6807102000;HS10;En rouleaux;Asphalt or similar material;Construction;15.0;2.0;;19.0;;=;36.0
6807109000;HS10;En rouleaux - Autre;Asphalt or similar material - Other;Construction;15.0;2.0;;19.0;;=;36.0
680790;HS6;Autres;Asphalt or similar material;;;;;;;;
6807901000;HS10;Autres pour le revetement de toitures;Autres pour le revetement de toitures;Construction;15.0;2.0;;19.0;;=;36.0
6807902000;HS10;Autres;Asphalt or similar material;Construction;15.0;2.0;;19.0;;=;36.0
6807909000;HS10;Autres - Autre;Asphalt or similar material - Other;Construction;15.0;2.0;;19.0;;=;36.0
6808;RANGEE 08;"Panels, boards, tiles, blocks and the like; of vegetable fibre, of straw, shavings, chips, particles, sawdust or other waste, of wood, agglomerated with cement, plaster or other mineral binders";;;;;;;;;
680800;HS6;Panneaux;Panels;;;;;;;;
6808001000;HS10;Panneaux;Panels;Construction;15.0;2.0;;19.0;;=;36.0
6808002000;HS10;Panneaux;Panels;Construction;15.0;2.0;;19.0;;=;36.0
6808009000;HS10;Panneaux - Autre;Panels - Other;Construction;15.0;2.0;;19.0;;=;36.0
6809;RANGEE 09;"Plaster or compositions based on plaster; articles thereof";;;;;;;;;
680911;HS6;Revêtus ou renforcés de papier ou de carton uniquement;Plaster;;;;;;;;
6809111000;HS10;Revêtus ou renforcés de papier ou de carton uniquement;Plaster;Construction;15.0;2.0;;19.0;;=;36.0
6809112000;HS10;Revêtus ou renforcés de papier ou de carton uniquement;Plaster;Construction;15.0;2.0;;19.0;;=;36.0
6809119000;HS10;Revêtus ou renforcés de papier ou de carton uniquement - Autre;Plaster - Other;Construction;15.0;2.0;;19.0;;=;36.0
680919;HS6;Autres;Plaster;;;;;;;;
6809191000;HS10;Autres;Plaster;Construction;15.0;2.0;;19.0;;=;36.0
6809192000;HS10;Autres;Plaster;Construction;15.0;2.0;;19.0;;=;36.0
6809199000;HS10;Autres - Autre;Plaster - Other;Construction;15.0;2.0;;19.0;;=;36.0
680990;HS6;Autres ouvrages;Plaster articles or articles of compositions based on plaster;;;;;;;;
6809901000;HS10;Autres ouvrages fabrique par methode traditionnelle destinee a la decoration;Autres ouvrages fabrique par methode traditionnelle destinee a la decoration;Construction;15.0;2.0;;19.0;;=;36.0
6809902000;HS10;Autres ouvrages;Plaster articles or articles of compositions based on plaster;Construction;15.0;2.0;;19.0;;=;36.0
6809909000;HS10;Autres ouvrages - Autre;Plaster articles or articles of compositions based on plaster - Other;Construction;15.0;2.0;;19.0;;=;36.0
6810;RANGEE 10;"Cement, concrete or artificial stone; whether or not reinforced, articles thereof";;;;;;;;;
681011;HS6;Blocs et briques de construction;Cement;;;;;;;;
6810111000;HS10;Blocs et briques de construction;Cement;Construction;15.0;2.0;;19.0;;=;36.0
6810112000;HS10;Blocs et briques de construction;Cement;Construction;15.0;2.0;;19.0;;=;36.0
6810119000;HS10;Blocs et briques de construction - Autre;Cement - Other;Construction;15.0;2.0;;19.0;;=;36.0
681019;HS6;Autres;Cement;;;;;;;;
6810191000;HS10;Tuiles carreaux dalles briques et articles similaires autres tuiles;Tuiles carreaux dalles briques et articles similaires autres tuiles;Construction;15.0;2.0;;19.0;;=;36.0
6810192000;HS10;Autres;Cement;Construction;15.0;2.0;;19.0;;=;36.0
6810199000;HS10;Autres - Autre;Cement - Other;Construction;15.0;2.0;;19.0;;=;36.0
681091;HS6;Eléments préfabriqués pour le bâtiment ou le génie civil;Cement;;;;;;;;
6810911000;HS10;Eléments préfabriqués pour le bâtiment ou le génie civil;Cement;Construction;15.0;2.0;;19.0;;=;36.0
6810912000;HS10;Eléments préfabriqués pour le bâtiment ou le génie civil;Cement;Construction;15.0;2.0;;19.0;;=;36.0
6810919000;HS10;Eléments préfabriqués pour le bâtiment ou le génie civil - Autre;Cement - Other;Construction;15.0;2.0;;19.0;;=;36.0
681099;HS6;Autres;Cement;;;;;;;;
6810991000;HS10;Autres ouvrages autres statuettes vasques vases coupes cendriers et autres articlesdornementation similaires;Autres ouvrages autres statuettes vasques vases coupes cendriers et autres articlesdornementation similaires;Construction;15.0;2.0;;19.0;;=;36.0
6810992000;HS10;Autres ouvrages autres tuyaux;Autres ouvrages autres tuyaux;Construction;15.0;2.0;;19.0;;=;36.0
6810999000;HS10;Autres - Autre;Cement - Other;Construction;15.0;2.0;;19.0;;=;36.0
6811;RANGEE 11;Asbestos-cement, of cellulose fibre-cement or the like;;;;;;;;;
681140;HS6;Contenant de l'amiante;Asbestos-cement;;;;;;;;
6811401000;HS10;Contenant de lamiante plaques ondulees;Contenant de lamiante plaques ondulees;Construction;15.0;2.0;;19.0;;=;36.0
6811402000;HS10;Contenant de lamiante autres plaques panneaux carreaux tuiles et articles similaires;Contenant de lamiante autres plaques panneaux carreaux tuiles et articles similaires;Construction;15.0;2.0;;19.0;;=;36.0
6811409000;HS10;Contenant de l'amiante - Autre;Asbestos-cement - Other;Construction;15.0;2.0;;19.0;;=;36.0
681181;HS6;Plaques ondulées;Cellulose fibre-cement;;;;;;;;
6811811000;HS10;Plaques ondulées;Cellulose fibre-cement;Construction;15.0;2.0;;19.0;;=;36.0
6811812000;HS10;Plaques ondulées;Cellulose fibre-cement;Construction;15.0;2.0;;19.0;;=;36.0
6811819000;HS10;Plaques ondulées - Autre;Cellulose fibre-cement - Other;Construction;15.0;2.0;;19.0;;=;36.0
681182;HS6;Autres plaques;Cellulose fibre-cement;;;;;;;;
6811821000;HS10;Autres plaques;Cellulose fibre-cement;Construction;15.0;2.0;;19.0;;=;36.0
6811822000;HS10;Autres plaques;Cellulose fibre-cement;Construction;15.0;2.0;;19.0;;=;36.0
6811829000;HS10;Autres plaques - Autre;Cellulose fibre-cement - Other;Construction;15.0;2.0;;19.0;;=;36.0
681189;HS6;Autres ouvrages;Cellulose fibre-cement;;;;;;;;
6811891000;HS10;Autres ouvrages;Cellulose fibre-cement;Construction;15.0;2.0;;19.0;;=;36.0
6811892000;HS10;Autres ouvrages;Cellulose fibre-cement;Construction;15.0;2.0;;19.0;;=;36.0
6811899000;HS10;Autres ouvrages - Autre;Cellulose fibre-cement - Other;Construction;15.0;2.0;;19.0;;=;36.0
6812;RANGEE 12;"Fabricated asbestos fibres; mixtures with a basis of asbestos or of asbestos and magnesium carbonate; articles of such mixtures or of asbestos (e.g. thread, woven fabric, clothing, footwear), whether or not reinforced, not goods of heading 6811 or 6813";;;;;;;;;
681280;HS6;En crocidolite;Fabricated crocidolite (blue asbestos) fibres;;;;;;;;
6812801000;HS10;En crocidolite en fibres travaille mélanges a base damiante ou a base damiante et de carbonate de magnesium;En crocidolite en fibres travaille melanges a base damiante ou a base damiante et de carbonate de magnesium;Construction;15.0;2.0;;19.0;;=;36.0
6812802000;HS10;En crocidolite;Fabricated crocidolite (blue asbestos) fibres;Construction;15.0;2.0;;19.0;;=;36.0
6812809000;HS10;En crocidolite - Autre;Fabricated crocidolite (blue asbestos) fibres - Other;Construction;15.0;2.0;;19.0;;=;36.0
681291;HS6;Vêtements;Asbestos or mixtures with a basis of asbestos (other than crocidolite);;;;;;;;
6812911000;HS10;Vêtements;Asbestos or mixtures with a basis of asbestos (other than crocidolite);Construction;15.0;2.0;;19.0;;=;36.0
6812912000;HS10;Vêtements;Asbestos or mixtures with a basis of asbestos (other than crocidolite);Construction;15.0;2.0;;19.0;;=;36.0
6812919000;HS10;Vêtements - Autre;Asbestos or mixtures with a basis of asbestos (other than crocidolite) - Other;Construction;15.0;2.0;;19.0;;=;36.0
681299;HS6;Autres;Asbestos or mixtures with a basis of asbestos (other than crocidolite);;;;;;;;
6812991000;HS10;Autres autres amiante travaille en fibres mélanges a base damiante ou a base damiante et de carbonate de magnesium;Autres autres amiante travaille en fibres melanges a base damiante ou a base damiante et de carbonate de magnesium;Construction;15.0;2.0;;19.0;;=;36.0
6812992000;HS10;Autres;Asbestos or mixtures with a basis of asbestos (other than crocidolite);Construction;15.0;2.0;;19.0;;=;36.0
6812999000;HS10;Autres - Autre;Asbestos or mixtures with a basis of asbestos (other than crocidolite) - Other;Construction;15.0;2.0;;19.0;;=;36.0
6813;RANGEE 13;"Friction material and articles thereof (e.g. sheets, rolls, strips, segments, discs, washers, pads) not mounted; for brakes, clutches or the like, with a basis of asbestos, other mineral substances, or cellulose";;;;;;;;;
681320;HS6;Contenant de l'amiante;Friction material and articles thereof (e.g. sheets;;;;;;;;
6813201000;HS10;Contenant de l'amiante;Friction material and articles thereof (e.g. sheets;Construction;15.0;2.0;;19.0;;=;36.0
6813202000;HS10;Contenant de l'amiante;Friction material and articles thereof (e.g. sheets;Construction;15.0;2.0;;19.0;;=;36.0
6813209000;HS10;Contenant de l'amiante - Autre;Friction material and articles thereof (e.g. sheets - Other;Construction;15.0;2.0;;19.0;;=;36.0
681381;HS6;Garnitures de freins;Brake linings and pads;;;;;;;;
6813811000;HS10;Ne contenant pas de lamiante garnitures de freins pour vehicules automobiles des positions 8702 8703 8704 ou 8705;Ne contenant pas de lamiante garnitures de freins pour vehicules automobiles des positions 8702 8703 8704 ou 8705;Construction;15.0;2.0;;19.0;;=;36.0
6813812000;HS10;Garnitures de freins;Brake linings and pads;Construction;15.0;2.0;;19.0;;=;36.0
6813819000;HS10;Garnitures de freins - Autre;Brake linings and pads - Other;Construction;15.0;2.0;;19.0;;=;36.0
681389;HS6;Autres;Friction material and articles thereof (e.g. sheets;;;;;;;;
6813891000;HS10;Autres;Friction material and articles thereof (e.g. sheets;Construction;15.0;2.0;;19.0;;=;36.0
6813892000;HS10;Autres;Friction material and articles thereof (e.g. sheets;Construction;15.0;2.0;;19.0;;=;36.0
6813899000;HS10;Autres - Autre;Friction material and articles thereof (e.g. sheets - Other;Construction;15.0;2.0;;19.0;;=;36.0
6814;RANGEE 14;"Mica; worked, articles of, including agglomerated or reconstituted mica; whether or not on a support of paper, paperboard or other materials";;;;;;;;;
681410;HS6;Plaques;Mica;;;;;;;;
6814101000;HS10;Plaques;Mica;Construction;15.0;2.0;;19.0;;=;36.0
6814102000;HS10;Plaques;Mica;Construction;15.0;2.0;;19.0;;=;36.0
6814109000;HS10;Plaques - Autre;Mica - Other;Construction;15.0;2.0;;19.0;;=;36.0
681490;HS6;Autres;Mica;;;;;;;;
6814901000;HS10;Autres;Mica;Construction;15.0;2.0;;19.0;;=;36.0
6814902000;HS10;Autres;Mica;Construction;15.0;2.0;;19.0;;=;36.0
6814909000;HS10;Autres - Autre;Mica - Other;Construction;15.0;2.0;;19.0;;=;36.0
6815;RANGEE 15;"Stone or other mineral substances; articles thereof (including carbon fibres, articles of carbon fibres and articles of peat), not elsewhere specified or included";;;;;;;;;
681510;HS6;Fibres de carbone;ouvrages en fibres de carbone pour usages autres qu'électriques;;;;;;;;
6815101000;HS10;Fibres de carbone;ouvrages en fibres de carbone pour usages autres qu'électriques;Construction;15.0;2.0;;19.0;;=;36.0
6815102000;HS10;Fibres de carbone;ouvrages en fibres de carbone pour usages autres qu'électriques;Construction;15.0;2.0;;19.0;;=;36.0
6815109000;HS10;Fibres de carbone - Autre;ouvrages en fibres de carbone pour usages autres qu'électriques - Other;Construction;15.0;2.0;;19.0;;=;36.0
681511;HS6;Fibres de carbone;Stone or other mineral substances not elsewhere specified or included;;;;;;;;
6815111000;HS10;Fibres de carbone;Stone or other mineral substances not elsewhere specified or included;Construction;15.0;2.0;;19.0;;=;36.0
6815112000;HS10;Fibres de carbone;Stone or other mineral substances not elsewhere specified or included;Construction;15.0;2.0;;19.0;;=;36.0
6815119000;HS10;Fibres de carbone - Autre;Stone or other mineral substances not elsewhere specified or included - Other;Construction;15.0;2.0;;19.0;;=;36.0
681512;HS6;Textiles en fibres de carbone;Stone or other mineral substances not elsewhere specified or included;;;;;;;;
6815121000;HS10;Textiles en fibres de carbone;Stone or other mineral substances not elsewhere specified or included;Construction;15.0;2.0;;19.0;;=;36.0
6815122000;HS10;Textiles en fibres de carbone;Stone or other mineral substances not elsewhere specified or included;Construction;15.0;2.0;;19.0;;=;36.0
6815129000;HS10;Textiles en fibres de carbone - Autre;Stone or other mineral substances not elsewhere specified or included - Other;Construction;15.0;2.0;;19.0;;=;36.0
681513;HS6;Autres ouvrages en fibres de carbone;Stone or other mineral substances not elsewhere specified or included;;;;;;;;
6815131000;HS10;Autres ouvrages en fibres de carbone;Stone or other mineral substances not elsewhere specified or included;Construction;15.0;2.0;;19.0;;=;36.0
6815132000;HS10;Autres ouvrages en fibres de carbone;Stone or other mineral substances not elsewhere specified or included;Construction;15.0;2.0;;19.0;;=;36.0
6815139000;HS10;Autres ouvrages en fibres de carbone - Autre;Stone or other mineral substances not elsewhere specified or included - Other;Construction;15.0;2.0;;19.0;;=;36.0
681519;HS6;Autres;Stone or other mineral substances not elsewhere specified or included;;;;;;;;
6815191000;HS10;Autres;Stone or other mineral substances not elsewhere specified or included;Construction;15.0;2.0;;19.0;;=;36.0
6815192000;HS10;Autres;Stone or other mineral substances not elsewhere specified or included;Construction;15.0;2.0;;19.0;;=;36.0
6815199000;HS10;Autres - Autre;Stone or other mineral substances not elsewhere specified or included - Other;Construction;15.0;2.0;;19.0;;=;36.0
681520;HS6;Ouvrages en tourbe;Peat;;;;;;;;
6815201000;HS10;Ouvrages en tourbe;Peat;Construction;15.0;2.0;;19.0;;=;36.0
6815202000;HS10;Ouvrages en tourbe;Peat;Construction;15.0;2.0;;19.0;;=;36.0
6815209000;HS10;Ouvrages en tourbe - Autre;Peat - Other;Construction;15.0;2.0;;19.0;;=;36.0
681591;HS6;Contenant de la magnésite;Stone articles and articles of other mineral substances;;;;;;;;
6815911000;HS10;Autres ouvrages contenant de la magnesite de la magnesie sous forme de periclase de la dolomie y compris sous forme de chaux dolomitique ou de la chromite briques non cuites;Autres ouvrages contenant de la magnesite de la magnesie sous forme de periclase de la dolomie y compris sous forme de chaux dolomitique ou de la chromite briques non cuites;Construction;15.0;2.0;;19.0;;=;36.0
6815912000;HS10;Contenant de la magnésite;Stone articles and articles of other mineral substances;Construction;15.0;2.0;;19.0;;=;36.0
6815919000;HS10;Contenant de la magnésite - Autre;Stone articles and articles of other mineral substances - Other;Construction;15.0;2.0;;19.0;;=;36.0
681599;HS6;Autres;Stone articles and articles of other mineral substances;;;;;;;;
6815991000;HS10;Autres;Stone articles and articles of other mineral substances;Construction;15.0;2.0;;19.0;;=;36.0
6815992000;HS10;Autres;Stone articles and articles of other mineral substances;Construction;15.0;2.0;;19.0;;=;36.0
6815999000;HS10;Autres - Autre;Stone articles and articles of other mineral substances - Other;Construction;15.0;2.0;;19.0;;=;36.0
CHAPITRE 69;CHAPITRE;Produits céramiques;;;;;;;;;
6901;RANGEE 01;Bricks, blocks, tiles and other ceramic goods of siliceous fossil meals (e.g. kieselguhr, tripolite or diatomite) or of similar siliceous earths;;;;;;;;;
690100;HS6;Briques;Bricks;;;;;;;;
6901001000;HS10;Briques;Bricks;Construction;30.0;2.0;;19.0;;910 Déclaration d'Importation du Produit | 210 Autorisation de Libre Circulation;51.0
6901002000;HS10;Briques;Bricks;Construction;30.0;2.0;;19.0;;=;51.0
6901009000;HS10;Briques - Autre;Bricks - Other;Construction;30.0;2.0;;19.0;;=;51.0
6902;RANGEE 02;"Refractory bricks, blocks, tiles and similar refractory ceramic constructional goods; other than those of siliceous fossil meals or similar siliceous earths";;;;;;;;;
690210;HS6;Contenant en poids plus de 50% des éléments Mg;Refractory bricks;;;;;;;;
6902101000;HS10;Contenant en poids plus de 50% des éléments Mg;Refractory bricks;Construction;30.0;2.0;;19.0;;=;51.0
6902102000;HS10;Contenant en poids plus de 50% des éléments Mg;Refractory bricks;Construction;30.0;2.0;;19.0;;=;51.0
6902109000;HS10;Contenant en poids plus de 50% des éléments Mg - Autre;Refractory bricks - Other;Construction;30.0;2.0;;19.0;;=;51.0
690220;HS6;Contenant en poids plus de 50% d'alumine (Al2O3);Refractory bricks;;;;;;;;
6902201000;HS10;Contenant en poids plus de 50 dalumine al2o3 de silice sio2 ou dun mélange ou combinaison de ces produits contenant en poids 93 ou plus de silice sio2;Contenant en poids plus de 50 dalumine al2o3 de silice sio2 ou dun melange ou combinaison de ces produits contenant en poids 93 ou plus de silice sio2;Construction;30.0;2.0;;19.0;;=;51.0
6902202000;HS10;Contenant en poids plus de 50% d'alumine (Al2O3);Refractory bricks;Construction;30.0;2.0;;19.0;;=;51.0
6902209000;HS10;Contenant en poids plus de 50% d'alumine (Al2O3) - Autre;Refractory bricks - Other;Construction;30.0;2.0;;19.0;;=;51.0
690290;HS6;Autres;Refractory bricks;;;;;;;;
6902901000;HS10;Autres briques refractaires contenant en poids plus de 93 dalumine al2o3 du silice sio2 et de loxyde de fer fe2o3;Autres briques refractaires contenant en poids plus de 93 dalumine al2o3 du silice sio2 et de loxyde de fer fe2o3;Construction;30.0;2.0;;19.0;;=;51.0
6902902000;HS10;Autres;Refractory bricks;Construction;30.0;2.0;;19.0;;=;51.0
6902909000;HS10;Autres - Autre;Refractory bricks - Other;Construction;30.0;2.0;;19.0;;=;51.0
6903;RANGEE 03;"Ceramic goods; (e.g. retorts, crucibles, muffles, nozzles, plugs, supports cupels, tubes, pipes, sheaths, rods and slide gates) excluding those of siliceous fossil meals or of similar siliceous earths";;;;;;;;;
690310;HS6;Contenant en poids plus de 50 % de carbone libre;Refractory ceramic goods;;;;;;;;
6903101000;HS10;Contenant en poids plus de 50 % de carbone libre;Refractory ceramic goods;Construction;30.0;2.0;;19.0;;=;51.0
6903102000;HS10;Contenant en poids plus de 50 % de carbone libre;Refractory ceramic goods;Construction;30.0;2.0;;19.0;;=;51.0
6903109000;HS10;Contenant en poids plus de 50 % de carbone libre - Autre;Refractory ceramic goods - Other;Construction;30.0;2.0;;19.0;;=;51.0
690320;HS6;Contenant en poids plus de 50% d'alumine (Al2O3) ou d'un mélange ou combinaison d'alumine et de silice (SiO2);Refractory ceramic goods;;;;;;;;
6903201000;HS10;Contenant en poids plus de 50 dalumine al2o3 ou dun mélange ou combinaison dalumine et de silice sio2 contenant en poids plus de 50 dalumine al2o3;Contenant en poids plus de 50 dalumine al2o3 ou dun melange ou combinaison dalumine et de silice sio2 contenant en poids plus de 50 dalumine al2o3;Construction;30.0;2.0;;19.0;;=;51.0
6903202000;HS10;Contenant en poids plus de 50 dalumine al2o3 ou dun mélange ou combinaison dalumine et de silice sio2 contenant un mélange ou combinaison dalumine et de silice sio2;Contenant en poids plus de 50 dalumine al2o3 ou dun melange ou combinaison dalumine et de silice sio2 contenant un melange ou combinaison dalumine et de silice sio2;Construction;30.0;2.0;;19.0;;=;51.0
6903209000;HS10;Contenant en poids plus de 50% d'alumine (Al2O3) ou d'un mélange ou combinaison d'alumine et de silice (SiO2) - Autre;Refractory ceramic goods - Other;Construction;30.0;2.0;;19.0;;=;51.0
690390;HS6;Autres;Refractory ceramic goods;;;;;;;;
6903901000;HS10;Autres contenant en poids plus de 25 mais pas plus de 50 de graphite ou dautre carbone ou dun mélange de ces produits;Autres contenant en poids plus de 25 mais pas plus de 50 de graphite ou dautre carbone ou dun melange de ces produits;Construction;30.0;2.0;;19.0;;=;51.0
6903902000;HS10;Autres;Refractory ceramic goods;Construction;30.0;2.0;;19.0;;=;51.0
6903909000;HS10;Autres - Autre;Refractory ceramic goods - Other;Construction;30.0;2.0;;19.0;;=;51.0
6904;RANGEE 04;Ceramic building bricks, floor blocks, support or filler tiles and the like;;;;;;;;;
690410;HS6;Briques de construction;Ceramic building bricks;;;;;;;;
6904101000;HS10;Briques de construction;Ceramic building bricks;Construction;30.0;2.0;;19.0;;=;51.0
6904102000;HS10;Briques de construction;Ceramic building bricks;Construction;30.0;2.0;;19.0;;=;51.0
6904109000;HS10;Briques de construction - Autre;Ceramic building bricks - Other;Construction;30.0;2.0;;19.0;;=;51.0
690490;HS6;Autres;Ceramic flooring blocks;;;;;;;;
6904901000;HS10;Autres;Ceramic flooring blocks;Construction;30.0;2.0;;19.0;;=;51.0
6904902000;HS10;Autres;Ceramic flooring blocks;Construction;30.0;2.0;;19.0;;=;51.0
6904909000;HS10;Autres - Autre;Ceramic flooring blocks - Other;Construction;30.0;2.0;;19.0;;=;51.0
6905;RANGEE 05;Roofing tiles, chimney-pots, cowls, chimney liners, architectural ornaments and other ceramic constructional goods;;;;;;;;;
690510;HS6;Tuiles;Ceramic roofing tiles;;;;;;;;
6905101000;HS10;Tuiles;Ceramic roofing tiles;Construction;30.0;2.0;;19.0;;=;51.0
6905102000;HS10;Tuiles;Ceramic roofing tiles;Construction;30.0;2.0;;19.0;;=;51.0
6905109000;HS10;Tuiles - Autre;Ceramic roofing tiles - Other;Construction;30.0;2.0;;19.0;;=;51.0
690590;HS6;Autres;Ceramic chimney-pots;;;;;;;;
6905901000;HS10;Autres carreaux en poterie rouge fabrique par methode traditionnelle;Autres carreaux en poterie rouge fabrique par methode traditionnelle;Construction;30.0;2.0;;19.0;;=;51.0
6905902000;HS10;Autres;Ceramic chimney-pots;Construction;30.0;2.0;;19.0;;=;51.0
6905909000;HS10;Autres - Autre;Ceramic chimney-pots - Other;Construction;30.0;2.0;;19.0;;=;51.0
6906;RANGEE 06;Ceramic pipes, conduits, guttering and pipe fittings;;;;;;;;;
690600;HS6;Tuyaux;Ceramic pipes;;;;;;;;
6906001000;HS10;Pour lagriculture ou lhorticulture;Pour lagriculture ou lhorticulture;Construction;30.0;2.0;;19.0;;=;51.0
6906002000;HS10;Tuyaux;Ceramic pipes;Construction;30.0;2.0;;19.0;;=;51.0
6906009000;HS10;Tuyaux - Autre;Ceramic pipes - Other;Construction;30.0;2.0;;19.0;;=;51.0
6907;RANGEE 07;"Ceramic flags and paving, hearth or wall tiles; ceramic mosaic cubes and the like, whether or not on a backing; finishing ceramics";;;;;;;;;
690721;HS6;D'un coefficient d'absorption d'eau en poids inférieur ou égal à 0;Ceramic tiles;;;;;;;;
6907211000;HS10;D'un coefficient d'absorption d'eau en poids inférieur ou égal à 0;Ceramic tiles;Construction;30.0;2.0;;19.0;;=;51.0
6907212000;HS10;D'un coefficient d'absorption d'eau en poids inférieur ou égal à 0;Ceramic tiles;Construction;30.0;2.0;;19.0;;=;51.0
6907219000;HS10;D'un coefficient d'absorption d'eau en poids inférieur ou égal à 0 - Autre;Ceramic tiles - Other;Construction;30.0;2.0;;19.0;;=;51.0
690722;HS6;D'un coefficient d'absorption d'eau en poids supérieur à 0;Ceramic tiles;;;;;;;;
6907221000;HS10;D'un coefficient d'absorption d'eau en poids supérieur à 0;Ceramic tiles;Construction;30.0;2.0;;19.0;;=;51.0
6907222000;HS10;D'un coefficient d'absorption d'eau en poids supérieur à 0;Ceramic tiles;Construction;30.0;2.0;;19.0;;=;51.0
6907229000;HS10;D'un coefficient d'absorption d'eau en poids supérieur à 0 - Autre;Ceramic tiles - Other;Construction;30.0;2.0;;19.0;;=;51.0
690723;HS6;D'un coefficient d'absorption d'eau en poids supérieur à 10 %;Ceramic tiles;;;;;;;;
6907231000;HS10;D'un coefficient d'absorption d'eau en poids supérieur à 10 %;Ceramic tiles;Construction;30.0;2.0;;19.0;;=;51.0
6907232000;HS10;D'un coefficient d'absorption d'eau en poids supérieur à 10 %;Ceramic tiles;Construction;30.0;2.0;;19.0;;=;51.0
6907239000;HS10;D'un coefficient d'absorption d'eau en poids supérieur à 10 % - Autre;Ceramic tiles - Other;Construction;30.0;2.0;;19.0;;=;51.0
690730;HS6;Cubes;Mosaic cubes and the like;;;;;;;;
6907301000;HS10;Cubes;Mosaic cubes and the like;Construction;30.0;2.0;;19.0;;=;51.0
6907302000;HS10;Cubes;Mosaic cubes and the like;Construction;30.0;2.0;;19.0;;=;51.0
6907309000;HS10;Cubes - Autre;Mosaic cubes and the like - Other;Construction;30.0;2.0;;19.0;;=;51.0
690740;HS6;Pièces de finition;Finishing ceramics;;;;;;;;
6907401000;HS10;Pièces de finition;Finishing ceramics;Construction;30.0;2.0;;19.0;;=;51.0
6907402000;HS10;Pièces de finition;Finishing ceramics;Construction;30.0;2.0;;19.0;;=;51.0
6907409000;HS10;Pièces de finition - Autre;Finishing ceramics - Other;Construction;30.0;2.0;;19.0;;=;51.0
6909;RANGEE 09;"Ceramic ware for laboratory, chemical, other technical uses; ceramic troughs, tubs, similar receptacles used in agriculture; ceramic pots, jars and similar used in the conveyance or packing of goods";;;;;;;;;
690911;HS6;En porcelaine;Ceramic wares;;;;;;;;
6909111000;HS10;Appareils et articles pour usages chimiques ou autres usages techniques en porcelaine pour laboratoire;Appareils et articles pour usages chimiques ou autres usages techniques en porcelaine pour laboratoire;Construction;30.0;2.0;;19.0;;=;51.0
6909112000;HS10;En porcelaine;Ceramic wares;Construction;30.0;2.0;;19.0;;=;51.0
6909119000;HS10;En porcelaine - Autre;Ceramic wares - Other;Construction;30.0;2.0;;19.0;;=;51.0
690912;HS6;Articles ayant une dureté équivalente à 9 ou davantage sur l'échelle de Mohs;Ceramic wares;;;;;;;;
6909121000;HS10;Appareils et articles pour usages chimiques ou autres usages techniques articles ayant une durete equivalente a 9 ou davantage sur lechelle de mohs pour laboratoire;Appareils et articles pour usages chimiques ou autres usages techniques articles ayant une durete equivalente a 9 ou davantage sur lechelle de mohs pour laboratoire;Construction;30.0;2.0;;19.0;;=;51.0
6909122000;HS10;Articles ayant une dureté équivalente à 9 ou davantage sur l'échelle de Mohs;Ceramic wares;Construction;30.0;2.0;;19.0;;=;51.0
6909129000;HS10;Articles ayant une dureté équivalente à 9 ou davantage sur l'échelle de Mohs - Autre;Ceramic wares - Other;Construction;30.0;2.0;;19.0;;=;51.0
690919;HS6;Autres;Ceramic wares;;;;;;;;
6909191000;HS10;Appareils et articles pour usages chimiques ou autres usages techniques autres pour laboratoire;Appareils et articles pour usages chimiques ou autres usages techniques autres pour laboratoire;Construction;30.0;2.0;;19.0;;=;51.0
6909192000;HS10;Appareils et articles pour usages chimiques ou autres usages techniques autres appareils et articles en ceramique pour applications industrielles;Appareils et articles pour usages chimiques ou autres usages techniques autres appareils et articles en ceramique pour applications industrielles;Construction;30.0;2.0;;19.0;;=;51.0
6909199000;HS10;Autres - Autre;Ceramic wares - Other;Construction;30.0;2.0;;19.0;;=;51.0
690990;HS6;Autres;Ceramic wares;;;;;;;;
6909901000;HS10;Autres auges bacs et récipients similaires pour leconomie rurale;Autres auges bacs et recipients similaires pour leconomie rurale;Construction;30.0;2.0;;19.0;;=;51.0
6909902000;HS10;Autres cruchons et récipients similaires de transport ou demballage;Autres cruchons et recipients similaires de transport ou demballage;Construction;30.0;2.0;;19.0;;=;51.0
6909909000;HS10;Autres - Autre;Ceramic wares - Other;Construction;30.0;2.0;;19.0;;=;51.0
6910;RANGEE 10;Ceramic sinks, wash basins, wash basin pedestals, baths, bidets, water closet pans, flushing cisterns, urinals and similar sanitary fixtures;;;;;;;;;
691010;HS6;En porcelaine;Ceramic sinks;;;;;;;;
6910101000;HS10;En porcelaine;Ceramic sinks;Construction;30.0;2.0;;19.0;;=;51.0
6910102000;HS10;En porcelaine;Ceramic sinks;Construction;30.0;2.0;;19.0;;=;51.0
6910109000;HS10;En porcelaine - Autre;Ceramic sinks - Other;Construction;30.0;2.0;;19.0;;=;51.0
691090;HS6;Autres;Ceramic sinks;;;;;;;;
6910901000;HS10;Autres;Ceramic sinks;Construction;30.0;2.0;;19.0;;=;51.0
6910902000;HS10;Autres;Ceramic sinks;Construction;30.0;2.0;;19.0;;=;51.0
6910909000;HS10;Autres - Autre;Ceramic sinks - Other;Construction;30.0;2.0;;19.0;;=;51.0
6911;RANGEE 11;"Tableware, kitchenware, other household articles and toilet articles; of porcelain or china";;;;;;;;;
691110;HS6;Articles pour le service de la table ou de la cuisine;Tableware and kitchenware;;;;;;;;
6911101000;HS10;Articles pour le service de la table ou de la cuisine assortiments conditionnes pour la vente au detail services;Articles pour le service de la table ou de la cuisine assortiments conditionnes pour la vente au detail services;Construction;30.0;2.0;;19.0;;=;51.0
6911102000;HS10;Articles pour le service de la table ou de la cuisine;Tableware and kitchenware;Construction;30.0;2.0;;19.0;;=;51.0
6911109000;HS10;Articles pour le service de la table ou de la cuisine - Autre;Tableware and kitchenware - Other;Construction;30.0;2.0;;19.0;;=;51.0
691190;HS6;Autres;Household and toilet articles;;;;;;;;
6911901000;HS10;Autres colorees dorees ou argentees;Autres colorees dorees ou argentees;Construction;30.0;2.0;;19.0;;=;51.0
6911902000;HS10;Autres cendriers autres qua caractere ornemental;Autres cendriers autres qua caractere ornemental;Construction;30.0;2.0;;19.0;;=;51.0
6911909000;HS10;Autres - Autre;Household and toilet articles - Other;Construction;30.0;2.0;;19.0;;=;51.0
6912;RANGEE 12;"Ceramic tableware, kitchenware, other household articles and toilet articles; other than of porcelain or china";;;;;;;;;
691200;HS6;Vaisselles;Ceramic tableware;;;;;;;;
6912001000;HS10;Vaisselles;Ceramic tableware;Construction;30.0;2.0;;19.0;;=;51.0
6912002000;HS10;Vaisselles;Ceramic tableware;Construction;30.0;2.0;;19.0;;=;51.0
6912009000;HS10;Vaisselles - Autre;Ceramic tableware - Other;Construction;30.0;2.0;;19.0;;=;51.0
6913;RANGEE 13;Statuettes and other ornamental ceramic articles;;;;;;;;;
691310;HS6;En porcelaine;Ceramic statuettes and other ornamental ceramic articles;;;;;;;;
6913101000;HS10;En porcelaine statuettes;En porcelaine statuettes;Construction;30.0;2.0;;19.0;;=;51.0
6913102000;HS10;En porcelaine;Ceramic statuettes and other ornamental ceramic articles;Construction;30.0;2.0;;19.0;;=;51.0
6913109000;HS10;En porcelaine - Autre;Ceramic statuettes and other ornamental ceramic articles - Other;Construction;30.0;2.0;;19.0;;=;51.0
691390;HS6;Autres;Ceramic statuettes and other ornamental ceramic articles;;;;;;;;
6913901000;HS10;Autres;Ceramic statuettes and other ornamental ceramic articles;Construction;30.0;2.0;;19.0;;=;51.0
6913902000;HS10;Autres;Ceramic statuettes and other ornamental ceramic articles;Construction;30.0;2.0;;19.0;;=;51.0
6913909000;HS10;Autres - Autre;Ceramic statuettes and other ornamental ceramic articles - Other;Construction;30.0;2.0;;19.0;;=;51.0
6914;RANGEE 14;"Ceramic articles; n.e.c. in chapter 69";;;;;;;;;
691410;HS6;En porcelaine;Ceramic articles n.e.c. in chapter 69;;;;;;;;
6914101000;HS10;En porcelaine articles scolaires;En porcelaine articles scolaires;Construction;30.0;2.0;;19.0;;=;51.0
6914102000;HS10;En porcelaine;Ceramic articles n.e.c. in chapter 69;Construction;30.0;2.0;;19.0;;=;51.0
6914109000;HS10;En porcelaine - Autre;Ceramic articles n.e.c. in chapter 69 - Other;Construction;30.0;2.0;;19.0;;=;51.0
691490;HS6;Autres;Ceramic articles n.e.c. in chapter 69;;;;;;;;
6914901000;HS10;Autres articles scolaires;Autres articles scolaires;Construction;30.0;2.0;;19.0;;=;51.0
6914902000;HS10;Autres;Ceramic articles n.e.c. in chapter 69;Construction;30.0;2.0;;19.0;;=;51.0
6914909000;HS10;Autres - Autre;Ceramic articles n.e.c. in chapter 69 - Other;Construction;30.0;2.0;;19.0;;=;51.0
CHAPITRE 70;CHAPITRE;Verre et ouvrages en verre;;;;;;;;;
7001;RANGEE 01;"Glass; cullet and other waste and scrap of glass, excluding glass from cathode ray tubes or other activated glass of heading 85.49, glass in the mass";;;;;;;;;
700100;HS6;Calcin et autres déchets et débris de verre;verre en masse.;;;;;;;;
7001001000;HS10;Calcin et autres déchets et debris de verre;Calcin et autres dechets et debris de verre;Industrie;30.0;2.0;;19.0;;910 Déclaration d'Importation du Produit | 210 Autorisation de Libre Circulation;51.0
7001002000;HS10;Calcin et autres déchets et débris de verre;verre en masse.;Industrie;30.0;2.0;;19.0;;=;51.0
7001009000;HS10;Calcin et autres déchets et débris de verre - Autre;verre en masse. - Other;Industrie;30.0;2.0;;19.0;;=;51.0
7002;RANGEE 02;Glass in balls (other than microspheres of heading no. 7018), rods or tubes, unworked;;;;;;;;;
700210;HS6;Billes;Glass;;;;;;;;
7002101000;HS10;Billes;Glass;Industrie;30.0;2.0;;19.0;;=;51.0
7002102000;HS10;Billes;Glass;Industrie;30.0;2.0;;19.0;;=;51.0
7002109000;HS10;Billes - Autre;Glass - Other;Industrie;30.0;2.0;;19.0;;=;51.0
700220;HS6;Barres et baguettes;Glass;;;;;;;;
7002201000;HS10;Barres ou baguettes en verredoptique;Barres ou baguettes en verredoptique;Industrie;30.0;2.0;;19.0;;=;51.0
7002202000;HS10;Barres et baguettes;Glass;Industrie;30.0;2.0;;19.0;;=;51.0
7002209000;HS10;Barres et baguettes - Autre;Glass - Other;Industrie;30.0;2.0;;19.0;;=;51.0
700231;HS6;En quartz ou en autre silice fondu;Glass;;;;;;;;
7002311000;HS10;En quartz ou en autre silice fondu;Glass;Industrie;30.0;2.0;;19.0;;=;51.0
7002312000;HS10;En quartz ou en autre silice fondu;Glass;Industrie;30.0;2.0;;19.0;;=;51.0
7002319000;HS10;En quartz ou en autre silice fondu - Autre;Glass - Other;Industrie;30.0;2.0;;19.0;;=;51.0
700232;HS6;En autre verre d'un coefficient de dilatation linéaire n'excédant pas 5x1E-6 par Kelvin entre 0°C et 300°C;Glass;;;;;;;;
7002321000;HS10;En autre verre d'un coefficient de dilatation linéaire n'excédant pas 5x1E-6 par Kelvin entre 0°C et 300°C;Glass;Industrie;30.0;2.0;;19.0;;=;51.0
7002322000;HS10;En autre verre d'un coefficient de dilatation linéaire n'excédant pas 5x1E-6 par Kelvin entre 0°C et 300°C;Glass;Industrie;30.0;2.0;;19.0;;=;51.0
7002329000;HS10;En autre verre d'un coefficient de dilatation linéaire n'excédant pas 5x1E-6 par Kelvin entre 0°C et 300°C - Autre;Glass - Other;Industrie;30.0;2.0;;19.0;;=;51.0
700239;HS6;Autres;Glass;;;;;;;;
7002391000;HS10;Autres;Glass;Industrie;30.0;2.0;;19.0;;=;51.0
7002392000;HS10;Autres;Glass;Industrie;30.0;2.0;;19.0;;=;51.0
7002399000;HS10;Autres - Autre;Glass - Other;Industrie;30.0;2.0;;19.0;;=;51.0
7003;RANGEE 03;"Glass; cast glass and rolled glass in sheets or profiles, whether or not having an absorbent, reflecting or non-reflecting layer, but not otherwise worked";;;;;;;;;
700311;HS6;Colorées dans la masse;Colorées dans la masse;;;;;;;;
7003111000;HS10;Colorées dans la masse;Colorées dans la masse;Industrie;30.0;2.0;;19.0;;=;51.0
7003112000;HS10;Colorées dans la masse;Colorées dans la masse;Industrie;30.0;2.0;;19.0;;=;51.0
7003119000;HS10;Colorées dans la masse - Autre;Colorées dans la masse - Other;Industrie;30.0;2.0;;19.0;;=;51.0
700312;HS6;Glass;Glass;;;;;;;;
7003121000;HS10;Plaques et feuilles non armees colorees dans la masse opacifiees plaquees doublees ou a couche absorbante reflechissante ou non reflechissante en verre doptique;Plaques et feuilles non armees colorees dans la masse opacifiees plaquees doublees ou a couche absorbante reflechissante ou non reflechissante en verre doptique;Industrie;30.0;2.0;;19.0;;=;51.0
7003122000;HS10;Glass;Glass;Industrie;30.0;2.0;;19.0;;=;51.0
7003129000;HS10;Glass - Autre;Glass - Other;Industrie;30.0;2.0;;19.0;;=;51.0
700319;HS6;Autres;Glass;;;;;;;;
7003191000;HS10;Plaques et feuilles non armees autres en verre doptique;Plaques et feuilles non armees autres en verre doptique;Industrie;30.0;2.0;;19.0;;=;51.0
7003192000;HS10;Plaques et feuilles non armees autres autres de forme carree ou rectangulaire;Plaques et feuilles non armees autres autres de forme carree ou rectangulaire;Industrie;30.0;2.0;;19.0;;=;51.0
7003199000;HS10;Autres - Autre;Glass - Other;Industrie;30.0;2.0;;19.0;;=;51.0
700320;HS6;Plaques et feuilles;Glass;;;;;;;;
7003201000;HS10;Plaques et feuilles armees de forme carree ou rectangulaire;Plaques et feuilles armees de forme carree ou rectangulaire;Industrie;30.0;2.0;;19.0;;=;51.0
7003202000;HS10;Plaques et feuilles;Glass;Industrie;30.0;2.0;;19.0;;=;51.0
7003209000;HS10;Plaques et feuilles - Autre;Glass - Other;Industrie;30.0;2.0;;19.0;;=;51.0
700330;HS6;Profilés;Glass;;;;;;;;
7003301000;HS10;Profilés non armes;Profiles non armes;Industrie;30.0;2.0;;19.0;;=;51.0
7003302000;HS10;Profilés armes;Profiles armes;Industrie;30.0;2.0;;19.0;;=;51.0
7003309000;HS10;Profilés - Autre;Glass - Other;Industrie;30.0;2.0;;19.0;;=;51.0
7004;RANGEE 04;"Glass; drawn glass and blown glass, in sheets, whether or not having an absorbent, reflecting or non-reflecting layer, but not otherwise worked";;;;;;;;;
700420;HS6;Verre coloré dans la masse;Glass;;;;;;;;
7004201000;HS10;Verre colore dans la masse opacifie plaque double ou a couche absorbante reflechissante ou non reflechissante en verre doptique;Verre colore dans la masse opacifie plaque double ou a couche absorbante reflechissante ou non reflechissante en verre doptique;Industrie;30.0;2.0;;19.0;;=;51.0
7004202000;HS10;Verre coloré dans la masse;Glass;Industrie;30.0;2.0;;19.0;;=;51.0
7004209000;HS10;Verre coloré dans la masse - Autre;Glass - Other;Industrie;30.0;2.0;;19.0;;=;51.0
700490;HS6;Autre verre;Glass;;;;;;;;
7004901000;HS10;Autre verre verre doptique;Autre verre verre doptique;Industrie;30.0;2.0;;19.0;;=;51.0
7004902000;HS10;Autre verre;Glass;Industrie;30.0;2.0;;19.0;;=;51.0
7004909000;HS10;Autre verre - Autre;Glass - Other;Industrie;30.0;2.0;;19.0;;=;51.0
7005;RANGEE 05;"Glass; float glass and surface ground or polished glass, in sheets, whether or not having an absorbent, reflecting or non-reflecting layer, but not otherwise worked";;;;;;;;;
700510;HS6;Glace non armée;Glass;;;;;;;;
7005101000;HS10;Glace non armee a couche absorbante reflechissante ou non reflechissante a couche non reflechissante;Glace non armee a couche absorbante reflechissante ou non reflechissante a couche non reflechissante;Industrie;30.0;2.0;;19.0;;=;51.0
7005102000;HS10;Glace non armée;Glass;Industrie;30.0;2.0;;19.0;;=;51.0
7005109000;HS10;Glace non armée - Autre;Glass - Other;Industrie;30.0;2.0;;19.0;;=;51.0
700521;HS6;Colorée dans la masse;Glass;;;;;;;;
7005211000;HS10;Autre glace non armee coloree dans la masse opacifiee plaquee doublee ou simplement doucie dune épaisseur nexcedant pas 35 mm;Autre glace non armee coloree dans la masse opacifiee plaquee doublee ou simplement doucie dune epaisseur nexcedant pas 35 mm;Industrie;30.0;2.0;;19.0;;=;51.0
7005212000;HS10;Autre glace non armee coloree dans la masse opacifiee plaquee doublee ou simplement doucie dune épaisseur excedant 35 mm mais nexcedant pas 45 mm;Autre glace non armee coloree dans la masse opacifiee plaquee doublee ou simplement doucie dune epaisseur excedant 35 mm mais nexcedant pas 45 mm;Industrie;30.0;2.0;;19.0;;=;51.0
7005219000;HS10;Colorée dans la masse - Autre;Glass - Other;Industrie;30.0;2.0;;19.0;;=;51.0
700529;HS6;Autre;Glass;;;;;;;;
7005291000;HS10;Autre glace non armee autres dune épaisseur nexcedant pas 35 mm;Autre glace non armee autres dune epaisseur nexcedant pas 35 mm;Industrie;30.0;2.0;;19.0;;=;51.0
7005292000;HS10;Autre glace non armee autres dune épaisseur excedant 35 mm mais nexcedant pas 45 mm;Autre glace non armee autres dune epaisseur excedant 35 mm mais nexcedant pas 45 mm;Industrie;30.0;2.0;;19.0;;=;51.0
7005299000;HS10;Autre - Autre;Glass - Other;Industrie;30.0;2.0;;19.0;;=;51.0
700530;HS6;Glace armée;Glass;;;;;;;;
7005301000;HS10;Glace armee a couche non reflechissante;Glace armee a couche non reflechissante;Industrie;30.0;2.0;;19.0;;=;51.0
7005302000;HS10;Glace armée;Glass;Industrie;30.0;2.0;;19.0;;=;51.0
7005309000;HS10;Glace armée - Autre;Glass - Other;Industrie;30.0;2.0;;19.0;;=;51.0
7006;RANGEE 06;Glass of heading no. 7003, 7004 or 7005, bent, edge-worked, engraved, drilled, enamelled or otherwise worked, not framed or fitted with other materials;;;;;;;;;
700600;HS6;Verre des n°70.03;Glass of heading no. 7003;;;;;;;;
7006001000;HS10;Façonnés par méthode traditionnelle;Façonnés par méthode traditionnelle;Industrie;30.0;2.0;;19.0;;=;51.0
7006002000;HS10;Verre des n°70.03;Glass of heading no. 7003;Industrie;30.0;2.0;;19.0;;=;51.0
7006009000;HS10;Verre des n°70.03 - Autre;Glass of heading no. 7003 - Other;Industrie;30.0;2.0;;19.0;;=;51.0
7007;RANGEE 07;Safety glass, consisting of toughened (tempered) or laminated glass;;;;;;;;;
700711;HS6;De dimensions et formats permettant leur emploi dans les automobiles;Glass;;;;;;;;
7007111000;HS10;Verres trempés de dimensions et formats permettant leur emploi dans les automobiles vehicules aeriens bateaux ou autres vehicules pour automobiles;Verres trempes de dimensions et formats permettant leur emploi dans les automobiles vehicules aeriens bateaux ou autres vehicules pour automobiles;Industrie;30.0;2.0;;19.0;;=;51.0
7007112000;HS10;De dimensions et formats permettant leur emploi dans les automobiles;Glass;Industrie;30.0;2.0;;19.0;;=;51.0
7007119000;HS10;De dimensions et formats permettant leur emploi dans les automobiles - Autre;Glass - Other;Industrie;30.0;2.0;;19.0;;=;51.0
700719;HS6;Autres;Glass;;;;;;;;
7007191000;HS10;Verres trempés autres emailles;Verres trempes autres emailles;Industrie;30.0;2.0;;19.0;;=;51.0
7007192000;HS10;Verres trempés autres colores dans la masse opacifies plaques doubles ou a couche absorbante ou reflechissante;Verres trempes autres colores dans la masse opacifies plaques doubles ou a couche absorbante ou reflechissante;Industrie;30.0;2.0;;19.0;;=;51.0
7007199000;HS10;Autres - Autre;Glass - Other;Industrie;30.0;2.0;;19.0;;=;51.0
700721;HS6;De dimensions et formats permettant leur emploi dans les automobiles;Glass;;;;;;;;
7007211000;HS10;Verres formes de feuilles contre collees de dimensions et formats permettant leur emploi dans les automobiles vehicules aeriens bateaux ou autres vehicules pour automobiles;Verres formes de feuilles contre collees de dimensions et formats permettant leur emploi dans les automobiles vehicules aeriens bateaux ou autres vehicules pour automobiles;Industrie;30.0;2.0;;19.0;;=;51.0
7007212000;HS10;De dimensions et formats permettant leur emploi dans les automobiles;Glass;Industrie;30.0;2.0;;19.0;;=;51.0
7007219000;HS10;De dimensions et formats permettant leur emploi dans les automobiles - Autre;Glass - Other;Industrie;30.0;2.0;;19.0;;=;51.0
700729;HS6;Autres;Glass;;;;;;;;
7007291000;HS10;Autres;Glass;Industrie;30.0;2.0;;19.0;;=;51.0
7007292000;HS10;Autres;Glass;Industrie;30.0;2.0;;19.0;;=;51.0
7007299000;HS10;Autres - Autre;Glass - Other;Industrie;30.0;2.0;;19.0;;=;51.0
7008;RANGEE 08;"Glass; multiple-walled insulating units of glass";;;;;;;;;
700800;HS6;Vitrages isolants à parois multiples;Glass;;;;;;;;
7008001000;HS10;Colores dans la masse opacifies plaques doubles ou a couche absorbante ou reflechissante;Colores dans la masse opacifies plaques doubles ou a couche absorbante ou reflechissante;Industrie;30.0;2.0;;19.0;;=;51.0
7008002000;HS10;Vitrages isolants à parois multiples;Glass;Industrie;30.0;2.0;;19.0;;=;51.0
7008009000;HS10;Vitrages isolants à parois multiples - Autre;Glass - Other;Industrie;30.0;2.0;;19.0;;=;51.0
7009;RANGEE 09;"Glass mirrors; whether or not framed, including rear-view mirrors";;;;;;;;;
700910;HS6;Miroirs rétroviseurs pour véhicules;Glass;;;;;;;;
7009101000;HS10;Miroirs retroviseurs pour vehicules interieurs;Miroirs retroviseurs pour vehicules interieurs;Industrie;30.0;2.0;;19.0;;=;51.0
7009102000;HS10;Miroirs retroviseurs pour vehicules exterieurs;Miroirs retroviseurs pour vehicules exterieurs;Industrie;30.0;2.0;;19.0;;=;51.0
7009109000;HS10;Miroirs rétroviseurs pour véhicules - Autre;Glass - Other;Industrie;30.0;2.0;;19.0;;=;51.0
700990;HS6;Autres;Autres;;;;;;;;
7009901000;HS10;Autres;Autres;Industrie;30.0;2.0;;19.0;;=;51.0
7009902000;HS10;Autres;Autres;Industrie;30.0;2.0;;19.0;;=;51.0
7009909000;HS10;Autres - Autre;Autres - Other;Industrie;30.0;2.0;;19.0;;=;51.0
700991;HS6;Glass mirrors;Glass mirrors;;;;;;;;
7009911000;HS10;Glass mirrors;Glass mirrors;Industrie;30.0;2.0;;19.0;;=;51.0
7009912000;HS10;Glass mirrors;Glass mirrors;Industrie;30.0;2.0;;19.0;;=;51.0
7009919000;HS10;Glass mirrors - Autre;Glass mirrors - Other;Industrie;30.0;2.0;;19.0;;=;51.0
700992;HS6;Glass mirrors;Glass mirrors;;;;;;;;
7009921000;HS10;Glass mirrors;Glass mirrors;Industrie;30.0;2.0;;19.0;;=;51.0
7009922000;HS10;Glass mirrors;Glass mirrors;Industrie;30.0;2.0;;19.0;;=;51.0
7009929000;HS10;Glass mirrors - Autre;Glass mirrors - Other;Industrie;30.0;2.0;;19.0;;=;51.0
7010;RANGEE 10;"Carboys, bottles, flasks, jars, pots, phials, ampoules, containers of glass of a kind used for the conveyance or packing of goods; preserving jars of glass; stoppers, lids and other closures of glass";;;;;;;;;
701010;HS6;Ampoules;Glass;;;;;;;;
7010101000;HS10;Ampoules du type utilise en pharmacie;Ampoules du type utilise en pharmacie;Industrie;30.0;2.0;;19.0;;=;51.0
7010102000;HS10;Ampoules;Glass;Industrie;30.0;2.0;;19.0;;=;51.0
7010109000;HS10;Ampoules - Autre;Glass - Other;Industrie;30.0;2.0;;19.0;;=;51.0
701020;HS6;Bouchons;Glass;;;;;;;;
7010201000;HS10;Bouchons;Glass;Industrie;30.0;2.0;;19.0;;=;51.0
7010202000;HS10;Bouchons;Glass;Industrie;30.0;2.0;;19.0;;=;51.0
7010209000;HS10;Bouchons - Autre;Glass - Other;Industrie;30.0;2.0;;19.0;;=;51.0
701090;HS6;Autres;Glass;;;;;;;;
7010901000;HS10;Autres;Glass;Industrie;30.0;2.0;;19.0;;=;51.0
7010902000;HS10;Autres;Glass;Industrie;30.0;2.0;;19.0;;=;51.0
7010909000;HS10;Autres - Autre;Glass - Other;Industrie;30.0;2.0;;19.0;;=;51.0
7011;RANGEE 11;Glass envelopes (including bulbs and tubes), open and glass parts thereof, without fittings, for electric lamps and light sources, cathode-ray tubes or the like;;;;;;;;;
701110;HS6;Pour l'éclairage électrique;Glass envelopes (including bulbs and tubes);;;;;;;;
7011101000;HS10;Pour l'éclairage électrique;Glass envelopes (including bulbs and tubes);Industrie;30.0;2.0;;19.0;;=;51.0
7011102000;HS10;Pour l'éclairage électrique;Glass envelopes (including bulbs and tubes);Industrie;30.0;2.0;;19.0;;=;51.0
7011109000;HS10;Pour l'éclairage électrique - Autre;Glass envelopes (including bulbs and tubes) - Other;Industrie;30.0;2.0;;19.0;;=;51.0
701120;HS6;Pour tubes cathodiques;Glass envelopes (including bulbs and tubes);;;;;;;;
7011201000;HS10;Pour tubes cathodiques;Glass envelopes (including bulbs and tubes);Industrie;30.0;2.0;;19.0;;=;51.0
7011202000;HS10;Pour tubes cathodiques;Glass envelopes (including bulbs and tubes);Industrie;30.0;2.0;;19.0;;=;51.0
7011209000;HS10;Pour tubes cathodiques - Autre;Glass envelopes (including bulbs and tubes) - Other;Industrie;30.0;2.0;;19.0;;=;51.0
701190;HS6;Autres;Glass envelopes (including bulbs and tubes);;;;;;;;
7011901000;HS10;Autres;Glass envelopes (including bulbs and tubes);Industrie;30.0;2.0;;19.0;;=;51.0
7011902000;HS10;Autres;Glass envelopes (including bulbs and tubes);Industrie;30.0;2.0;;19.0;;=;51.0
7011909000;HS10;Autres - Autre;Glass envelopes (including bulbs and tubes) - Other;Industrie;30.0;2.0;;19.0;;=;51.0
7013;RANGEE 13;Glassware of a kind used for table, kitchen, toilet, office, indoor decoration or similar purposes (other than of heading no. 7010 or 7018);;;;;;;;;
701310;HS6;Objets en vitrocérame;Glassware;;;;;;;;
7013101000;HS10;Objets en vitrocerame objets pour le service de la table ou pour la cuisine en vitrocerame;Objets en vitrocerame objets pour le service de la table ou pour la cuisine en vitrocerame;Industrie;30.0;2.0;;19.0;;=;51.0
7013102000;HS10;Objets en vitrocerame verrerie pour lornementation des appartements en vitrocerame;Objets en vitrocerame verrerie pour lornementation des appartements en vitrocerame;Industrie;30.0;2.0;;19.0;;=;51.0
7013109000;HS10;Objets en vitrocérame - Autre;Glassware - Other;Industrie;30.0;2.0;;19.0;;=;51.0
701322;HS6;En cristal au plomb;Stemware drinking glasses;;;;;;;;
7013221000;HS10;En cristal au plomb;Stemware drinking glasses;Industrie;30.0;2.0;;19.0;;=;51.0
7013222000;HS10;En cristal au plomb;Stemware drinking glasses;Industrie;30.0;2.0;;19.0;;=;51.0
7013229000;HS10;En cristal au plomb - Autre;Stemware drinking glasses - Other;Industrie;30.0;2.0;;19.0;;=;51.0
701328;HS6;Autres;Stemware drinking glasses;;;;;;;;
7013281000;HS10;Autres;Stemware drinking glasses;Industrie;30.0;2.0;;19.0;;=;51.0
7013282000;HS10;Autres;Stemware drinking glasses;Industrie;30.0;2.0;;19.0;;=;51.0
7013289000;HS10;Autres - Autre;Stemware drinking glasses - Other;Industrie;30.0;2.0;;19.0;;=;51.0
701333;HS6;En cristal au plomb;Glassware;;;;;;;;
7013331000;HS10;En cristal au plomb;Glassware;Industrie;30.0;2.0;;19.0;;=;51.0
7013332000;HS10;En cristal au plomb;Glassware;Industrie;30.0;2.0;;19.0;;=;51.0
7013339000;HS10;En cristal au plomb - Autre;Glassware - Other;Industrie;30.0;2.0;;19.0;;=;51.0
701337;HS6;Autres;Glassware;;;;;;;;
7013371000;HS10;Autres;Glassware;Industrie;30.0;2.0;;19.0;;=;51.0
7013372000;HS10;Autres;Glassware;Industrie;30.0;2.0;;19.0;;=;51.0
7013379000;HS10;Autres - Autre;Glassware - Other;Industrie;30.0;2.0;;19.0;;=;51.0
701341;HS6;En cristal au plomb;Glassware of a kind used for table or kitchen purposes (not drinking glasses);;;;;;;;
7013411000;HS10;En cristal au plomb;Glassware of a kind used for table or kitchen purposes (not drinking glasses);Industrie;30.0;2.0;;19.0;;=;51.0
7013412000;HS10;En cristal au plomb;Glassware of a kind used for table or kitchen purposes (not drinking glasses);Industrie;30.0;2.0;;19.0;;=;51.0
7013419000;HS10;En cristal au plomb - Autre;Glassware of a kind used for table or kitchen purposes (not drinking glasses) - Other;Industrie;30.0;2.0;;19.0;;=;51.0
701342;HS6;En verre d'un coefficient de dilatation linéaire n'excédant pas 5 x 10-6 par Kelvin entre 0°C et 300 °c;Glassware of a kind used for table or kitchen purposes (not drinking glasses);;;;;;;;
7013421000;HS10;En verre d'un coefficient de dilatation linéaire n'excédant pas 5 x 10-6 par Kelvin entre 0°C et 300 °c;Glassware of a kind used for table or kitchen purposes (not drinking glasses);Industrie;30.0;2.0;;19.0;;=;51.0
7013422000;HS10;En verre d'un coefficient de dilatation linéaire n'excédant pas 5 x 10-6 par Kelvin entre 0°C et 300 °c;Glassware of a kind used for table or kitchen purposes (not drinking glasses);Industrie;30.0;2.0;;19.0;;=;51.0
7013429000;HS10;En verre d'un coefficient de dilatation linéaire n'excédant pas 5 x 10-6 par Kelvin entre 0°C et 300 °c - Autre;Glassware of a kind used for table or kitchen purposes (not drinking glasses) - Other;Industrie;30.0;2.0;;19.0;;=;51.0
701349;HS6;Autres;Glassware of a kind used for table or kitchen purposes (not drinking glasses or of glass-ceramics);;;;;;;;
7013491000;HS10;Objets pour le service de la table ou pour la cuisine autres quen vitrocerame autres en verre trempe;Objets pour le service de la table ou pour la cuisine autres quen vitrocerame autres en verre trempe;Industrie;30.0;2.0;;19.0;;=;51.0
7013492000;HS10;Autres;Glassware of a kind used for table or kitchen purposes (not drinking glasses or of glass-ceramics);Industrie;30.0;2.0;;19.0;;=;51.0
7013499000;HS10;Autres - Autre;Glassware of a kind used for table or kitchen purposes (not drinking glasses or of glass-ceramics) - Other;Industrie;30.0;2.0;;19.0;;=;51.0
701391;HS6;En cristal au plomb;Glassware;;;;;;;;
7013911000;HS10;En cristal au plomb;Glassware;Industrie;30.0;2.0;;19.0;;=;51.0
7013912000;HS10;En cristal au plomb;Glassware;Industrie;30.0;2.0;;19.0;;=;51.0
7013919000;HS10;En cristal au plomb - Autre;Glassware - Other;Industrie;30.0;2.0;;19.0;;=;51.0
701399;HS6;Autres;Glassware;;;;;;;;
7013991000;HS10;Autres objets autres biberons;Autres objets autres biberons;Industrie;30.0;2.0;;19.0;;=;51.0
7013992000;HS10;Autres;Glassware;Industrie;30.0;2.0;;19.0;;=;51.0
7013999000;HS10;Autres - Autre;Glassware - Other;Industrie;30.0;2.0;;19.0;;=;51.0
7014;RANGEE 14;Signalling glassware and optical elements of glass (other than those of heading no. 7015), not optically worked;;;;;;;;;
701400;HS6;Verrerie de signalisation et éléments d'optique en verre (autres que ceux du n°70.15);Glassware;;;;;;;;
7014001000;HS10;Verrerie de signalisation;Verrerie de signalisation;Industrie;30.0;2.0;;19.0;;=;51.0
7014002000;HS10;Elements doptique en verre;Elements doptique en verre;Industrie;30.0;2.0;;19.0;;=;51.0
7014009000;HS10;Verrerie de signalisation et éléments d'optique en verre (autres que ceux du n°70.15) - Autre;Glassware - Other;Industrie;30.0;2.0;;19.0;;=;51.0
7015;RANGEE 15;"Clock, watch and similar glasses, glasses for non-corrective or corrective spectacles, curved, bent, hallowed etc, not optically worked; hollow glass spheres and their segments for manufacture";;;;;;;;;
701510;HS6;Verre de lunetterie médicale;Glasses for corrective spectacles;;;;;;;;
7015101000;HS10;Verres de lunetterie medicale en feuille;Verres de lunetterie medicale en feuille;Industrie;30.0;2.0;;19.0;;=;51.0
7015102000;HS10;Verres de lunetterie medicale ebauches pour verres de lunettes medicales;Verres de lunetterie medicale ebauches pour verres de lunettes medicales;Industrie;30.0;2.0;;19.0;;=;51.0
7015109000;HS10;Verre de lunetterie médicale - Autre;Glasses for corrective spectacles - Other;Industrie;30.0;2.0;;19.0;;=;51.0
701590;HS6;Autres;Glasses;;;;;;;;
7015901000;HS10;Autres verres solaires;Autres verres solaires;Industrie;30.0;2.0;;19.0;;=;51.0
7015902000;HS10;Autres;Glasses;Industrie;30.0;2.0;;19.0;;=;51.0
7015909000;HS10;Autres - Autre;Glasses - Other;Industrie;30.0;2.0;;19.0;;=;51.0
7016;RANGEE 16;"Glass; paving blocks, slabs, bricks, tiles etc, of pressed, moulded glass, whether or not wired, glass smallwares for decorative purposes leaded lights and the like; multicellular or foam glass";;;;;;;;;
701610;HS6;Cubes;Glass cubes and other glass smallwares;;;;;;;;
7016101000;HS10;Cubes des et autre verrerie meme sur support pour mosaiques ou decorations similaires façonnés par methode traditionnel;Cubes des et autre verrerie meme sur support pour mosaiques ou decorations similaires façonnés par methode traditionnel;Industrie;30.0;2.0;;19.0;;=;51.0
7016102000;HS10;Cubes;Glass cubes and other glass smallwares;Industrie;30.0;2.0;;19.0;;=;51.0
7016109000;HS10;Cubes - Autre;Glass cubes and other glass smallwares - Other;Industrie;30.0;2.0;;19.0;;=;51.0
701690;HS6;Autres;Multicellular or foam glass;;;;;;;;
7016901000;HS10;Autres verre assemble en vitraux;Autres verre assemble en vitraux;Industrie;30.0;2.0;;19.0;;=;51.0
7016902000;HS10;Autres briques;Autres briques;Industrie;30.0;2.0;;19.0;;=;51.0
7016909000;HS10;Autres - Autre;Multicellular or foam glass - Other;Industrie;30.0;2.0;;19.0;;=;51.0
7017;RANGEE 17;Laboratory, hygienic or pharmaceutical glassware, whether or not graduated or calibrated;;;;;;;;;
701710;HS6;En quartz ou en autre silice fondus;Glassware;;;;;;;;
7017101000;HS10;En quartz ou en autre silice fondus;Glassware;Industrie;30.0;2.0;;19.0;;=;51.0
7017102000;HS10;En quartz ou en autre silice fondus;Glassware;Industrie;30.0;2.0;;19.0;;=;51.0
7017109000;HS10;En quartz ou en autre silice fondus - Autre;Glassware - Other;Industrie;30.0;2.0;;19.0;;=;51.0
701720;HS6;En autre verre d'un coefficient de dilatation linéaire n'excédant pas 5x10-6 par Kelvin entre 0°C et 300°C;Glassware;;;;;;;;
7017201000;HS10;En autre verre d'un coefficient de dilatation linéaire n'excédant pas 5x10-6 par Kelvin entre 0°C et 300°C;Glassware;Industrie;30.0;2.0;;19.0;;=;51.0
7017202000;HS10;En autre verre d'un coefficient de dilatation linéaire n'excédant pas 5x10-6 par Kelvin entre 0°C et 300°C;Glassware;Industrie;30.0;2.0;;19.0;;=;51.0
7017209000;HS10;En autre verre d'un coefficient de dilatation linéaire n'excédant pas 5x10-6 par Kelvin entre 0°C et 300°C - Autre;Glassware - Other;Industrie;30.0;2.0;;19.0;;=;51.0
701790;HS6;Autres;Glassware;;;;;;;;
7017901000;HS10;Autres eprouvettes et pipettes memes graduees;Autres eprouvettes et pipettes memes graduees;Industrie;30.0;2.0;;19.0;;=;51.0
7017902000;HS10;Autres becher et autres tubes speciaux memes gradues;Autres becher et autres tubes speciaux memes gradues;Industrie;30.0;2.0;;19.0;;=;51.0
7017909000;HS10;Autres - Autre;Glassware - Other;Industrie;30.0;2.0;;19.0;;=;51.0
7018;RANGEE 18;"Glass beads, imitation pearls, precious or semi-precious stones and similar glass smallwares, statuettes and other ornaments of worked glass; glass microspheres not exceeding 1mm in diameter";;;;;;;;;
701810;HS6;Perles de verre;Glass;;;;;;;;
7018101000;HS10;Perles de verre imitations de perles fines ou de culture imitations de pierres gemmes et articles similaires de verroterie perles de verre;Perles de verre imitations de perles fines ou de culture imitations de pierres gemmes et articles similaires de verroterie perles de verre;Industrie;30.0;2.0;;19.0;;=;51.0
7018102000;HS10;Perles de verre imitations de perles fines ou de culture imitations de pierres gemmes et articles similaires de verroterie imitation de perles fines ou de culture;Perles de verre imitations de perles fines ou de culture imitations de pierres gemmes et articles similaires de verroterie imitation de perles fines ou de culture;Industrie;30.0;2.0;;19.0;;=;51.0
7018109000;HS10;Perles de verre - Autre;Glass - Other;Industrie;30.0;2.0;;19.0;;=;51.0
701820;HS6;Microsphère de verre d'une diamètre n'excédant pas 1 mm;Glass microspheres;;;;;;;;
7018201000;HS10;Microsphère de verre d'une diamètre n'excédant pas 1 mm;Glass microspheres;Industrie;30.0;2.0;;19.0;;=;51.0
7018202000;HS10;Microsphère de verre d'une diamètre n'excédant pas 1 mm;Glass microspheres;Industrie;30.0;2.0;;19.0;;=;51.0
7018209000;HS10;Microsphère de verre d'une diamètre n'excédant pas 1 mm - Autre;Glass microspheres - Other;Industrie;30.0;2.0;;19.0;;=;51.0
701890;HS6;Autres;Glass;;;;;;;;
7018901000;HS10;Autres yeux en verre autres que de prothese;Autres yeux en verre autres que de prothese;Industrie;30.0;2.0;;19.0;;=;51.0
7018902000;HS10;Autres statuettes et autres objets dornementation;Autres statuettes et autres objets dornementation;Industrie;30.0;2.0;;19.0;;=;51.0
7018909000;HS10;Autres - Autre;Glass - Other;Industrie;30.0;2.0;;19.0;;=;51.0
7019;RANGEE 19;Glass fibres (including glass wool) and articles thereof (e.g. yarn, rovings, woven fabrics);;;;;;;;;
701911;HS6;Fils coupés (chopped strands);Glass fibres;;;;;;;;
7019111000;HS10;Fils coupés (chopped strands);Glass fibres;Industrie;30.0;2.0;;19.0;;=;51.0
7019112000;HS10;Fils coupés (chopped strands);Glass fibres;Industrie;30.0;2.0;;19.0;;=;51.0
7019119000;HS10;Fils coupés (chopped strands) - Autre;Glass fibres - Other;Industrie;30.0;2.0;;19.0;;=;51.0
701912;HS6;Stratifils (rovings);Glass fibres;;;;;;;;
7019121000;HS10;Stratifils (rovings);Glass fibres;Industrie;30.0;2.0;;19.0;;=;51.0
7019122000;HS10;Stratifils (rovings);Glass fibres;Industrie;30.0;2.0;;19.0;;=;51.0
7019129000;HS10;Stratifils (rovings) - Autre;Glass fibres - Other;Industrie;30.0;2.0;;19.0;;=;51.0
701913;HS6;Autres fils;Glass fibres;;;;;;;;
7019131000;HS10;Autres fils;Glass fibres;Industrie;30.0;2.0;;19.0;;=;51.0
7019132000;HS10;Autres fils;Glass fibres;Industrie;30.0;2.0;;19.0;;=;51.0
7019139000;HS10;Autres fils - Autre;Glass fibres - Other;Industrie;30.0;2.0;;19.0;;=;51.0
701914;HS6;Mats liés mécaniquement;Glass fibres;;;;;;;;
7019141000;HS10;Mats liés mécaniquement;Glass fibres;Industrie;30.0;2.0;;19.0;;=;51.0
7019142000;HS10;Mats liés mécaniquement;Glass fibres;Industrie;30.0;2.0;;19.0;;=;51.0
7019149000;HS10;Mats liés mécaniquement - Autre;Glass fibres - Other;Industrie;30.0;2.0;;19.0;;=;51.0
701915;HS6;Mats liés chimiquement;Glass fibres;;;;;;;;
7019151000;HS10;Mats liés chimiquement;Glass fibres;Industrie;30.0;2.0;;19.0;;=;51.0
7019152000;HS10;Mats liés chimiquement;Glass fibres;Industrie;30.0;2.0;;19.0;;=;51.0
7019159000;HS10;Mats liés chimiquement - Autre;Glass fibres - Other;Industrie;30.0;2.0;;19.0;;=;51.0
701919;HS6;Autres;Glass fibres;;;;;;;;
7019191000;HS10;Autres;Glass fibres;Industrie;30.0;2.0;;19.0;;=;51.0
7019192000;HS10;Autres;Glass fibres;Industrie;30.0;2.0;;19.0;;=;51.0
7019199000;HS10;Autres - Autre;Glass fibres - Other;Industrie;30.0;2.0;;19.0;;=;51.0
701961;HS6;Tissus de stratifils (rovings) à maille fermée;Glass fibres;;;;;;;;
7019611000;HS10;Tissus de stratifils (rovings) à maille fermée;Glass fibres;Industrie;30.0;2.0;;19.0;;=;51.0
7019612000;HS10;Tissus de stratifils (rovings) à maille fermée;Glass fibres;Industrie;30.0;2.0;;19.0;;=;51.0
7019619000;HS10;Tissus de stratifils (rovings) à maille fermée - Autre;Glass fibres - Other;Industrie;30.0;2.0;;19.0;;=;51.0
701962;HS6;Autres étoffes de stratifils (rovings) à maille fermée;Glass fibres;;;;;;;;
7019621000;HS10;Autres étoffes de stratifils (rovings) à maille fermée;Glass fibres;Industrie;30.0;2.0;;19.0;;=;51.0
7019622000;HS10;Autres étoffes de stratifils (rovings) à maille fermée;Glass fibres;Industrie;30.0;2.0;;19.0;;=;51.0
7019629000;HS10;Autres étoffes de stratifils (rovings) à maille fermée - Autre;Glass fibres - Other;Industrie;30.0;2.0;;19.0;;=;51.0
701963;HS6;Tissus de fils à maille fermée;Glass fibres;;;;;;;;
7019631000;HS10;Tissus de fils à maille fermée;Glass fibres;Industrie;30.0;2.0;;19.0;;=;51.0
7019632000;HS10;Tissus de fils à maille fermée;Glass fibres;Industrie;30.0;2.0;;19.0;;=;51.0
7019639000;HS10;Tissus de fils à maille fermée - Autre;Glass fibres - Other;Industrie;30.0;2.0;;19.0;;=;51.0
701964;HS6;Tissus de fils à maille fermée;Glass fibres;;;;;;;;
7019641000;HS10;Tissus de fils à maille fermée;Glass fibres;Industrie;30.0;2.0;;19.0;;=;51.0
7019642000;HS10;Tissus de fils à maille fermée;Glass fibres;Industrie;30.0;2.0;;19.0;;=;51.0
7019649000;HS10;Tissus de fils à maille fermée - Autre;Glass fibres - Other;Industrie;30.0;2.0;;19.0;;=;51.0
701965;HS6;Tissus à maille ouverte d'une largeur n'excédant pas 30 cm;Glass fibres;;;;;;;;
7019651000;HS10;Tissus à maille ouverte d'une largeur n'excédant pas 30 cm;Glass fibres;Industrie;30.0;2.0;;19.0;;=;51.0
7019652000;HS10;Tissus à maille ouverte d'une largeur n'excédant pas 30 cm;Glass fibres;Industrie;30.0;2.0;;19.0;;=;51.0
7019659000;HS10;Tissus à maille ouverte d'une largeur n'excédant pas 30 cm - Autre;Glass fibres - Other;Industrie;30.0;2.0;;19.0;;=;51.0
701966;HS6;Tissus à maille ouverte d'une largeur excédant 30 cm;Glass fibres;;;;;;;;
7019661000;HS10;Tissus à maille ouverte d'une largeur excédant 30 cm;Glass fibres;Industrie;30.0;2.0;;19.0;;=;51.0
7019662000;HS10;Tissus à maille ouverte d'une largeur excédant 30 cm;Glass fibres;Industrie;30.0;2.0;;19.0;;=;51.0
7019669000;HS10;Tissus à maille ouverte d'une largeur excédant 30 cm - Autre;Glass fibres - Other;Industrie;30.0;2.0;;19.0;;=;51.0
701969;HS6;Autres;Glass fibres;;;;;;;;
7019691000;HS10;Etoffes liees mécaniquement autres etoffes liees mécaniquement non tisse;Etoffes liees mecaniquement autres etoffes liees mecaniquement non tisse;Industrie;30.0;2.0;;19.0;;=;51.0
7019692000;HS10;Autres;Glass fibres;Industrie;30.0;2.0;;19.0;;=;51.0
7019699000;HS10;Autres - Autre;Glass fibres - Other;Industrie;30.0;2.0;;19.0;;=;51.0
701971;HS6;Voiles (fines couches);Glass fibres;;;;;;;;
7019711000;HS10;Voiles (fines couches);Glass fibres;Industrie;30.0;2.0;;19.0;;=;51.0
7019712000;HS10;Voiles (fines couches);Glass fibres;Industrie;30.0;2.0;;19.0;;=;51.0
7019719000;HS10;Voiles (fines couches) - Autre;Glass fibres - Other;Industrie;30.0;2.0;;19.0;;=;51.0
701972;HS6;Autres étoffes à maille fermée;Glass fibres;;;;;;;;
7019721000;HS10;Autres étoffes à maille fermée;Glass fibres;Industrie;30.0;2.0;;19.0;;=;51.0
7019722000;HS10;Autres étoffes à maille fermée;Glass fibres;Industrie;30.0;2.0;;19.0;;=;51.0
7019729000;HS10;Autres étoffes à maille fermée - Autre;Glass fibres - Other;Industrie;30.0;2.0;;19.0;;=;51.0
701973;HS6;Autres étoffes à maille ouverte;Glass fibres;;;;;;;;
7019731000;HS10;Autres étoffes à maille ouverte;Glass fibres;Industrie;30.0;2.0;;19.0;;=;51.0
7019732000;HS10;Autres étoffes à maille ouverte;Glass fibres;Industrie;30.0;2.0;;19.0;;=;51.0
7019739000;HS10;Autres étoffes à maille ouverte - Autre;Glass fibres - Other;Industrie;30.0;2.0;;19.0;;=;51.0
701980;HS6;Laine de verre et ouvrages en ces matières;Glass fibres;;;;;;;;
7019801000;HS10;Laine de verre et ouvrages en ces matieres laine de verre;Laine de verre et ouvrages en ces matieres laine de verre;Industrie;30.0;2.0;;19.0;;=;51.0
7019802000;HS10;Laine de verre et ouvrages en ces matieres matelas de laine de verre pour isolation thermique;Laine de verre et ouvrages en ces matieres matelas de laine de verre pour isolation thermique;Industrie;30.0;2.0;;19.0;;=;51.0
7019809000;HS10;Laine de verre et ouvrages en ces matières - Autre;Glass fibres - Other;Industrie;30.0;2.0;;19.0;;=;51.0
701990;HS6;Autres;Glass fibres;;;;;;;;
7019901000;HS10;Autres fibres non textiles en vrac ou en flocons;Autres fibres non textiles en vrac ou en flocons;Industrie;30.0;2.0;;19.0;;=;51.0
7019902000;HS10;Autres bourrelets et coquilles pour lisolation des tuyauteries;Autres bourrelets et coquilles pour lisolation des tuyauteries;Industrie;30.0;2.0;;19.0;;=;51.0
7019909000;HS10;Autres - Autre;Glass fibres - Other;Industrie;30.0;2.0;;19.0;;=;51.0
7020;RANGEE 20;"Glass; articles n.e.c. in chapter 70";;;;;;;;;
702000;HS6;Autres ouvrages en verre;Glass;;;;;;;;
7020001000;HS10;Ouvrages en cristal;Ouvrages en cristal;Industrie;30.0;2.0;;19.0;;=;51.0
7020002000;HS10;Articles pour lindustrie en verre;Articles pour lindustrie en verre;Industrie;30.0;2.0;;19.0;;=;51.0
7020009000;HS10;Autres ouvrages en verre - Autre;Glass - Other;Industrie;30.0;2.0;;19.0;;=;51.0
