Code;Niveau;Description_FR;Description_EN;Groupe_Utilisation;D.D_%;PRCT_%;T.C.S_%;T.V.A_%;D.A.P.S_%;Formalites;Total_%
SECTION VIII;SECTION;Peaux, cuirs, pelleteries et ouvrages en ces matières;Raw hides, skins, leather and articles thereof;;;;;;;;
CHAPITRE 41;CHAPITRE;Peaux et cuirs;;;;;;;;;
4101;RANGEE 01;Raw hides and skins of bovine (including buffalo) or equine animals (fresh, salted, dried, limed, pickled, otherwise preserved but not tanned, parchment dressed or further prepared), whether or not dehaired or split;;;;;;;;;
410120;HS6;Peaux brutes de bovins entières ≤8kg;Whole bovine hides ≤8kg;;;;;;;;
4101201000;HS10;Peaux brutes de bovins entières ≤8kg;Whole bovine hides ≤8kg;Industrie;15.0;2.0;;19.0;;910 Déclaration d'Importation du Produit | 210 Autorisation de Libre Circulation;36.0
4101202000;HS10;Peaux brutes de bovins entières ≤8kg;Whole bovine hides ≤8kg;Industrie;15.0;2.0;;19.0;;=;36.0
4101209000;HS10;Peaux brutes de bovins entières ≤8kg - Autre;Whole bovine hides ≤8kg - Other;Industrie;15.0;2.0;;19.0;;=;36.0
410150;HS6;Peaux brutes de bovins entières >16kg;Whole bovine hides >16kg;;;;;;;;
4101501000;HS10;Peaux brutes de bovins entières >16kg;Whole bovine hides >16kg;Industrie;15.0;2.0;;19.0;;=;36.0
4101502000;HS10;Peaux brutes de bovins entières >16kg;Whole bovine hides >16kg;Industrie;15.0;2.0;;19.0;;=;36.0
4101509000;HS10;Peaux brutes de bovins entières >16kg - Autre;Whole bovine hides >16kg - Other;Industrie;15.0;2.0;;19.0;;=;36.0
410190;HS6;Autres peaux brutes de bovins;Other raw bovine hides;;;;;;;;
4101901000;HS10;Autres peaux brutes de bovins;Other raw bovine hides;Industrie;15.0;2.0;;19.0;;=;36.0
4101902000;HS10;Autres peaux brutes de bovins;Other raw bovine hides;Industrie;15.0;2.0;;19.0;;=;36.0
4101909000;HS10;Autres peaux brutes de bovins - Autre;Other raw bovine hides - Other;Industrie;15.0;2.0;;19.0;;=;36.0
4102;RANGEE 02;Raw skins of sheep or lambs (fresh, salted, dried, limed, pickled or otherwise preserved, but not further prepared), whether or not with wool on or split;;;;;;;;;
410210;HS6;Peaux brutes d'ovins lainées;Raw sheepskins with wool;;;;;;;;
4102101000;HS10;Peaux brutes dovins lainées dagneaux;Peaux brutes dovins lainées dagneaux;Industrie;15.0;2.0;;19.0;;=;36.0
4102102000;HS10;Peaux brutes d'ovins lainées;Raw sheepskins with wool;Industrie;15.0;2.0;;19.0;;=;36.0
4102109000;HS10;Peaux brutes d'ovins lainées - Autre;Raw sheepskins with wool - Other;Industrie;15.0;2.0;;19.0;;=;36.0
410221;HS6;Peaux d'ovins picklées;Pickled sheepskins;;;;;;;;
4102211000;HS10;Peaux d'ovins picklées;Pickled sheepskins;Industrie;15.0;2.0;;19.0;;=;36.0
4102212000;HS10;Peaux d'ovins picklées;Pickled sheepskins;Industrie;15.0;2.0;;19.0;;=;36.0
4102219000;HS10;Peaux d'ovins picklées - Autre;Pickled sheepskins - Other;Industrie;15.0;2.0;;19.0;;=;36.0
410229;HS6;Autres peaux d'ovins épilées;Other dehaired sheepskins;;;;;;;;
4102291000;HS10;Autres peaux d'ovins épilées;Other dehaired sheepskins;Industrie;15.0;2.0;;19.0;;=;36.0
4102292000;HS10;Autres peaux d'ovins épilées;Other dehaired sheepskins;Industrie;15.0;2.0;;19.0;;=;36.0
4102299000;HS10;Autres peaux d'ovins épilées - Autre;Other dehaired sheepskins - Other;Industrie;15.0;2.0;;19.0;;=;36.0
4103;RANGEE 03;"Raw hides and skins n.e.c in headings no. 4101, 4102; fresh, salted, dried, pickled or otherwise preserved, not further prepared, whether or not dehaired or split";;;;;;;;;
410320;HS6;Peaux de reptiles brutes;Raw reptile skins;;;;;;;;
4103201000;HS10;Peaux de reptiles brutes - Espèce 1;Raw reptile skins - Species 1;Industrie;15.0;2.0;;19.0;;=;36.0
4103202000;HS10;Peaux de reptiles brutes - Espèce 2;Raw reptile skins - Species 2;Industrie;15.0;2.0;;19.0;;=;36.0
4103209000;HS10;Peaux de reptiles brutes - Autre espèce;Raw reptile skins - Other species;Industrie;15.0;2.0;;19.0;;=;36.0
410330;HS6;De porcins;Hides and skins;;;;;;;;
4103301000;HS10;De porcins frais;De porcins frais;Industrie;15.0;2.0;;19.0;;=;36.0
4103302000;HS10;De porcins sales ou séchés;De porcins sales ou seches;Industrie;15.0;2.0;;19.0;;=;36.0
4103309000;HS10;De porcins - Autre;Hides and skins - Other;Industrie;15.0;2.0;;19.0;;=;36.0
410390;HS6;Autres peaux brutes;Other raw hides;;;;;;;;
4103901000;HS10;Autres peaux brutes - Espèce 1;Other raw hides - Species 1;Industrie;15.0;2.0;;19.0;;=;36.0
4103902000;HS10;Autres peaux brutes - Espèce 2;Other raw hides - Species 2;Industrie;15.0;2.0;;19.0;;=;36.0
4103909000;HS10;Autres peaux brutes - Autre espèce;Other raw hides - Other species;Industrie;15.0;2.0;;19.0;;=;36.0
4104;RANGEE 04;Tanned or crust hides and skins of bovine (including buffalo) or equine animals, without hair on, whether or not split, but not further prepared;;;;;;;;;
410411;HS6;Cuirs de bovins pleine fleur;Full grain bovine leather;;;;;;;;
4104111000;HS10;Cuirs tannés ou en croûte de bovins à létat humide wet blue pleine fleur non refendue côtés fleur;Cuirs tannés ou en croûte de bovins à létat humide wet blue pleine fleur non refendue côtés fleur;Industrie;15.0;2.0;;19.0;;=;36.0
4104112000;HS10;Cuirs tannés ou en croûte déquidés à létat humide wet blue pleine fleur non refendue côtés fleur;Cuirs tannés ou en croûte déquidés à létat humide wet blue pleine fleur non refendue côtés fleur;Industrie;15.0;2.0;;19.0;;=;36.0
4104119000;HS10;Cuirs de bovins pleine fleur - Autre;Full grain bovine leather - Other;Industrie;15.0;2.0;;19.0;;=;36.0
410419;HS6;Autres cuirs de bovins;Other bovine leather;;;;;;;;
4104191000;HS10;Autres cuirs de bovins;Other bovine leather;Industrie;15.0;2.0;;19.0;;=;36.0
4104192000;HS10;Cuirs tannés ou en croûte déquidés à létat humide autres;Cuirs tannés ou en croûte déquidés à létat humide autres;Industrie;15.0;2.0;;19.0;;=;36.0
4104199000;HS10;Autres cuirs de bovins - Autre;Other bovine leather - Other;Industrie;15.0;2.0;;19.0;;=;36.0
410441;HS6;Pleine fleur;côtés fleur;;;;;;;;
4104411000;HS10;Cuirs tannés de bovins pleine fleur non refendue à létat sec en croûte;Cuirs tannés de bovins pleine fleur non refendue à létat sec en croûte;Industrie;15.0;2.0;;19.0;;=;36.0
4104412000;HS10;Cuirs tannés déquidés pleine fleur non refendue à létat sec en croûte;Cuirs tannés déquidés pleine fleur non refendue à létat sec en croûte;Industrie;15.0;2.0;;19.0;;=;36.0
4104419000;HS10;Pleine fleur - Autre;côtés fleur - Other;Industrie;15.0;2.0;;19.0;;=;36.0
410449;HS6;Autres;Tanned or crust hides and skins;;;;;;;;
4104491000;HS10;Autres cuirs tannés de bovins à létat sec en croûte;Autres cuirs tannés de bovins à létat sec en croûte;Industrie;15.0;2.0;;19.0;;=;36.0
4104492000;HS10;Autres cuirs tannés déquidés à létat sec en croûte;Autres cuirs tannés déquidés à létat sec en croûte;Industrie;15.0;2.0;;19.0;;=;36.0
4104499000;HS10;Autres - Autre;Tanned or crust hides and skins - Other;Industrie;15.0;2.0;;19.0;;=;36.0
4105;RANGEE 05;Tanned or crust skins of sheep and lambs, without wool on, whether or not split, but not further prepared;;;;;;;;;
410510;HS6;Peaux tannées d'ovins sans laine;Tanned sheepskins without wool;;;;;;;;
4105101000;HS10;Peaux dovins tannées ou en croûte état humide wet blue méthode traditionnelle;Peaux dovins tannées ou en croûte état humide wet blue méthode traditionnelle;Industrie;15.0;2.0;;19.0;;=;36.0
4105102000;HS10;Peaux tannées d'ovins sans laine;Tanned sheepskins without wool;Industrie;15.0;2.0;;19.0;;=;36.0
4105109000;HS10;Peaux tannées d'ovins sans laine - Autre;Tanned sheepskins without wool - Other;Industrie;15.0;2.0;;19.0;;=;36.0
410530;HS6;A l'état sec (en croûte);Tanned or crust skins;;;;;;;;
4105301000;HS10;A l'état sec (en croûte);Tanned or crust skins;Industrie;15.0;2.0;;19.0;;=;36.0
4105302000;HS10;A l'état sec (en croûte);Tanned or crust skins;Industrie;15.0;2.0;;19.0;;=;36.0
4105309000;HS10;A l'état sec (en croûte) - Autre;Tanned or crust skins - Other;Industrie;15.0;2.0;;19.0;;=;36.0
4106;RANGEE 06;Tanned or crust hides and skins of other animals, without wool or hair on, whether or not split, but not further prepared;;;;;;;;;
410621;HS6;Cuirs de caprins à l'état humide;Wet goat leather;;;;;;;;
4106211000;HS10;Cuirs de caprins tannés ou en croûte état humide wet blue méthode traditionnelle;Cuirs de caprins tannés ou en croûte état humide wet blue méthode traditionnelle;Industrie;15.0;2.0;;19.0;;=;36.0
4106212000;HS10;Cuirs de caprins à l'état humide;Wet goat leather;Industrie;15.0;2.0;;19.0;;=;36.0
4106219000;HS10;Cuirs de caprins à l'état humide - Autre;Wet goat leather - Other;Industrie;15.0;2.0;;19.0;;=;36.0
410622;HS6;A l'état sec (en croûte);Tanned or crust hides and skins;;;;;;;;
4106221000;HS10;A l'état sec (en croûte);Tanned or crust hides and skins;Industrie;15.0;2.0;;19.0;;=;36.0
4106222000;HS10;A l'état sec (en croûte);Tanned or crust hides and skins;Industrie;15.0;2.0;;19.0;;=;36.0
4106229000;HS10;A l'état sec (en croûte) - Autre;Tanned or crust hides and skins - Other;Industrie;15.0;2.0;;19.0;;=;36.0
410631;HS6;A l'état humide (y compris wet-blue);Tanned or crust hides and skins;;;;;;;;
4106311000;HS10;A l'état humide (y compris wet-blue);Tanned or crust hides and skins;Industrie;15.0;2.0;;19.0;;=;36.0
4106312000;HS10;A l'état humide (y compris wet-blue);Tanned or crust hides and skins;Industrie;15.0;2.0;;19.0;;=;36.0
4106319000;HS10;A l'état humide (y compris wet-blue) - Autre;Tanned or crust hides and skins - Other;Industrie;15.0;2.0;;19.0;;=;36.0
410632;HS6;A l'état sec (en croûte);Tanned or crust hides and skins;;;;;;;;
4106321000;HS10;A l'état sec (en croûte);Tanned or crust hides and skins;Industrie;15.0;2.0;;19.0;;=;36.0
4106322000;HS10;A l'état sec (en croûte);Tanned or crust hides and skins;Industrie;15.0;2.0;;19.0;;=;36.0
4106329000;HS10;A l'état sec (en croûte) - Autre;Tanned or crust hides and skins - Other;Industrie;15.0;2.0;;19.0;;=;36.0
410640;HS6;De reptiles;Tanned or crust hides and skins;;;;;;;;
4106401000;HS10;Cuirs de reptiles tannés ou apprêtés état humide méthode traditionnelle;Cuirs de reptiles tannés ou apprêtés état humide méthode traditionnelle;Industrie;15.0;2.0;;19.0;;=;36.0
4106402000;HS10;De reptiles;Tanned or crust hides and skins;Industrie;15.0;2.0;;19.0;;=;36.0
4106409000;HS10;De reptiles - Autre;Tanned or crust hides and skins - Other;Industrie;15.0;2.0;;19.0;;=;36.0
410691;HS6;A l'état humide (y compris wet-blue);Tanned or crust hides and skins;;;;;;;;
4106911000;HS10;Cuirs de chameaux tannés ou apprêtés état humide wet blue méthode traditionnelle;Cuirs de chameaux tannés ou apprêtés état humide wet blue méthode traditionnelle;Industrie;15.0;2.0;;19.0;;=;36.0
4106912000;HS10;A l'état humide (y compris wet-blue);Tanned or crust hides and skins;Industrie;15.0;2.0;;19.0;;=;36.0
4106919000;HS10;A l'état humide (y compris wet-blue) - Autre;Tanned or crust hides and skins - Other;Industrie;15.0;2.0;;19.0;;=;36.0
410692;HS6;A l'état sec (en croûte);Tanned or crust hides and skins;;;;;;;;
4106921000;HS10;Cuirs de poissons tannés ou en croûte à létat sec en croûte;Cuirs de poissons tannés ou en croûte à létat sec en croûte;Industrie;15.0;2.0;;19.0;;=;36.0
4106922000;HS10;Cuirs de phoques et autres mammifères marins tannés ou en croûte à létat sec;Cuirs de phoques et autres mammifères marins tannés ou en croûte à létat sec;Industrie;15.0;2.0;;19.0;;=;36.0
4106929000;HS10;A l'état sec (en croûte) - Autre;Tanned or crust hides and skins - Other;Industrie;15.0;2.0;;19.0;;=;36.0
4107;RANGEE 07;Leather further prepared after tanning or crusting, including parchment-dressed leather, of bovine (including buffalo) or equine animals, without hair on, whether or not split, other than leather of heading 41.14;;;;;;;;;
410711;HS6;Cuirs préparés de porcs pleine fleur;Full grain pig leather;;;;;;;;
4107111000;HS10;Cuirs de bovins préparés ou parcheminés peaux entières pleine fleur non refendues bovins;Cuirs de bovins préparés ou parcheminés peaux entières pleine fleur non refendues bovins;Industrie;15.0;2.0;;19.0;;=;36.0
4107112000;HS10;Cuirs déquidés préparés ou parcheminés peaux entières pleine fleur non refendues;Cuirs déquidés préparés ou parcheminés peaux entières pleine fleur non refendues;Industrie;15.0;2.0;;19.0;;=;36.0
4107119000;HS10;Cuirs préparés de porcs pleine fleur - Autre;Full grain pig leather - Other;Industrie;15.0;2.0;;19.0;;=;36.0
410712;HS6;Côtés fleur;Leather;;;;;;;;
4107121000;HS10;Cuirs de bovins préparés ou parcheminés peaux entières cotes fleur cuirs refendus;Cuirs de bovins préparés ou parcheminés peaux entières cotes fleur cuirs refendus;Industrie;15.0;2.0;;19.0;;=;36.0
4107122000;HS10;Cuirs déquidés préparés ou parcheminés peaux entières cotes fleur;Cuirs déquidés préparés ou parcheminés peaux entières cotes fleur;Industrie;15.0;2.0;;19.0;;=;36.0
4107129000;HS10;Côtés fleur - Autre;Leather - Other;Industrie;15.0;2.0;;19.0;;=;36.0
410719;HS6;Autres;Leather;;;;;;;;
4107191000;HS10;Autres cuirs de bovins préparés ou parcheminés peaux entières;Autres cuirs de bovins préparés ou parcheminés peaux entières;Industrie;15.0;2.0;;19.0;;=;36.0
4107192000;HS10;Autres cuirs déquidés préparés ou parcheminés peaux entières;Autres cuirs déquidés préparés ou parcheminés peaux entières;Industrie;15.0;2.0;;19.0;;=;36.0
4107199000;HS10;Autres - Autre;Leather - Other;Industrie;15.0;2.0;;19.0;;=;36.0
410791;HS6;Cuirs d'autres animaux pleine fleur;Other animal leather full grain;;;;;;;;
4107911000;HS10;Cuirs d'autres animaux pleine fleur - Espèce 1;Other animal leather full grain - Species 1;Industrie;15.0;2.0;;19.0;;=;36.0
4107912000;HS10;Cuirs d'autres animaux pleine fleur - Espèce 2;Other animal leather full grain - Species 2;Industrie;15.0;2.0;;19.0;;=;36.0
4107919000;HS10;Cuirs d'autres animaux pleine fleur - Autre espèce;Other animal leather full grain - Other species;Industrie;15.0;2.0;;19.0;;=;36.0
410792;HS6;Côtés fleur;Leather;;;;;;;;
4107921000;HS10;Cuirs de bovins préparés autresbandes cotes fleur cuirs refendus;Cuirs de bovins préparés autresbandes cotes fleur cuirs refendus;Industrie;15.0;2.0;;19.0;;=;36.0
4107922000;HS10;Cuirs déquidés préparés autresbandes cotes fleur;Cuirs déquidés préparés autresbandes cotes fleur;Industrie;15.0;2.0;;19.0;;=;36.0
4107929000;HS10;Côtés fleur - Autre;Leather - Other;Industrie;15.0;2.0;;19.0;;=;36.0
410799;HS6;Autres cuirs préparés;Other prepared leather;;;;;;;;
4107991000;HS10;Autres cuirs préparés - Espèce 1;Other prepared leather - Species 1;Industrie;15.0;2.0;;19.0;;=;36.0
4107992000;HS10;Autres cuirs préparés - Espèce 2;Other prepared leather - Species 2;Industrie;15.0;2.0;;19.0;;=;36.0
4107999000;HS10;Autres cuirs préparés - Autre espèce;Other prepared leather - Other species;Industrie;15.0;2.0;;19.0;;=;36.0
4112;RANGEE 12;Leather further prepared after tanning or crusting, including parchment dressed leather, of sheep or lamb, without wool on, whether or not split, other than leather of heading 41.14;;;;;;;;;
411200;HS6;Cuirs de bovins préparés (chamoisés);Prepared bovine leather (chamois);;;;;;;;
4112001000;HS10;Cuirs dovins parcheminés;Cuirs dovins parcheminés;Industrie;15.0;2.0;;19.0;;=;36.0
4112002000;HS10;Cuirs de bovins préparés (chamoisés);Prepared bovine leather (chamois);Industrie;15.0;2.0;;19.0;;=;36.0
4112009000;HS10;Cuirs de bovins préparés (chamoisés) - Autre;Prepared bovine leather (chamois) - Other;Industrie;15.0;2.0;;19.0;;=;36.0
4113;RANGEE 13;Leather further prepared after tanning or crusting, including parchment-dressed leather, of animals (other than ovine), without wool or hair on, whether or not split, other than leather of heading 41.14;;;;;;;;;
411310;HS6;Cuirs de caprins préparés;Prepared goat leather;;;;;;;;
4113101000;HS10;Cuirs de caprins préparés;Prepared goat leather;Industrie;15.0;2.0;;19.0;;=;36.0
4113102000;HS10;Cuirs de caprins préparés;Prepared goat leather;Industrie;15.0;2.0;;19.0;;=;36.0
4113109000;HS10;Cuirs de caprins préparés - Autre;Prepared goat leather - Other;Industrie;15.0;2.0;;19.0;;=;36.0
411320;HS6;De porcins;Leather;;;;;;;;
4113201000;HS10;De porcins;Leather;Industrie;15.0;2.0;;19.0;;=;36.0
4113202000;HS10;De porcins;Leather;Industrie;15.0;2.0;;19.0;;=;36.0
4113209000;HS10;De porcins - Autre;Leather - Other;Industrie;15.0;2.0;;19.0;;=;36.0
411330;HS6;De reptiles;Leather;;;;;;;;
4113301000;HS10;De reptiles;Leather;Industrie;15.0;2.0;;19.0;;=;36.0
4113302000;HS10;De reptiles;Leather;Industrie;15.0;2.0;;19.0;;=;36.0
4113309000;HS10;De reptiles - Autre;Leather - Other;Industrie;15.0;2.0;;19.0;;=;36.0
411390;HS6;Autres;Leather;;;;;;;;
4113901000;HS10;Cuirs de chameaux préparés ou parcheminés;Cuirs de chameaux préparés ou parcheminés;Industrie;15.0;2.0;;19.0;;=;36.0
4113902000;HS10;Cuirs de poissons ou de mammifères marins préparés ou parcheminés;Cuirs de poissons ou de mammifères marins préparés ou parcheminés;Industrie;15.0;2.0;;19.0;;=;36.0
4113909000;HS10;Autres - Autre;Leather - Other;Industrie;15.0;2.0;;19.0;;=;36.0
4114;RANGEE 14;"Chamois (including combination chamois) leather; patent leather and patent laminated leather; metallised leather";;;;;;;;;
411410;HS6;Cuirs et peaux chamoisés;Chamois leather;;;;;;;;
4114101000;HS10;Cuirs de bovins chamoisés y compris chamois combiné;Cuirs de bovins chamoisés y compris chamois combiné;Industrie;15.0;2.0;;19.0;;=;36.0
4114102000;HS10;Cuirs déquidés chamoisés y compris chamois combiné;Cuirs déquidés chamoisés y compris chamois combiné;Industrie;15.0;2.0;;19.0;;=;36.0
4114109000;HS10;Cuirs et peaux chamoisés - Autre;Chamois leather - Other;Industrie;15.0;2.0;;19.0;;=;36.0
411420;HS6;Cuirs et peaux vernis;Patent leather;;;;;;;;
4114201000;HS10;Cuirs et peaux vernis;Patent leather;Industrie;15.0;2.0;;19.0;;=;36.0
4114202000;HS10;Cuirs et peaux vernis;Patent leather;Industrie;15.0;2.0;;19.0;;=;36.0
4114209000;HS10;Cuirs et peaux vernis - Autre;Patent leather - Other;Industrie;15.0;2.0;;19.0;;=;36.0
4115;RANGEE 15;"Composition leather with a basis of leather or leather fibre, in slabs, sheets or strip, in rolls or not; parings and other waste of leather or of composition leather, not suitable for the manufacture of leather articles; leather dust, powder and flour";;;;;;;;;
411510;HS6;Cuirs reconstitués;Composition leather;;;;;;;;
4115101000;HS10;Cuirs reconstitués;Composition leather;Industrie;15.0;2.0;;19.0;;=;36.0
4115102000;HS10;Cuirs reconstitués;Composition leather;Industrie;15.0;2.0;;19.0;;=;36.0
4115109000;HS10;Cuirs reconstitués - Autre;Composition leather - Other;Industrie;15.0;2.0;;19.0;;=;36.0
411520;HS6;Rognures de cuir;Leather parings;;;;;;;;
411520;HS6-DIRECT;Rognures de cuir;Leather parings;Industrie;15.0;2.0;;19.0;;=;36.0
CHAPITRE 42;CHAPITRE;Ouvrages en cuir;;;;;;;;;
4201;RANGEE 01;Saddlery and harness for any animal (including traces, leads, knee pads, muzzles, saddle cloths, saddle bags, dog coats and the like) of any material;;;;;;;;;
420100;HS6;Articles de sellerie et de bourrellerie;Saddlery and harness;;;;;;;;
4201001000;HS10;Articles de sellerie et de bourrellerie;Saddlery and harness;Industrie;30.0;2.0;;19.0;;910 Déclaration d'Importation du Produit | 210 Autorisation de Libre Circulation;51.0
4201002000;HS10;Articles de sellerie et de bourrellerie;Saddlery and harness;Industrie;30.0;2.0;;19.0;;=;51.0
4201009000;HS10;Articles de sellerie et de bourrellerie - Autre;Saddlery and harness - Other;Industrie;30.0;2.0;;19.0;;=;51.0
4202;RANGEE 02;"Trunks; suit, camera, jewellery, cutlery cases; travel, tool, similar bags; wholly or mainly covered by leather, composition leather, plastic sheeting, textile materials, vulcanised fibre, paperboard";;;;;;;;;
420211;HS6;Malles et valises à surface extérieure en cuir;Trunks and suitcases with outer surface of leather;;;;;;;;
4202111000;HS10;Malles et valises à surface extérieure en cuir - Grade 1 / Premium;Trunks and suitcases with outer surface of leather - Grade 1 / Premium;Industrie;30.0;2.0;;19.0;;=;51.0
4202112000;HS10;Malles et valises à surface extérieure en cuir - Grade 2 / Standard;Trunks and suitcases with outer surface of leather - Grade 2 / Standard;Industrie;30.0;2.0;;19.0;;=;51.0
4202119000;HS10;Malles et valises à surface extérieure en cuir - Autre;Trunks and suitcases with outer surface of leather - Other;Industrie;30.0;2.0;;19.0;;=;51.0
420212;HS6;Malles et valises à surface extérieure en plastique;Trunks and suitcases with outer surface of plastics;;;;;;;;
420212;HS6-DIRECT;Malles et valises à surface extérieure en plastique;Trunks and suitcases with outer surface of plastics;Industrie;30.0;2.0;;19.0;;=;51.0
420219;HS6;Autres malles et valises;Other trunks and suitcases;;;;;;;;
420219;HS6-DIRECT;Autres malles et valises;Other trunks and suitcases;Industrie;30.0;2.0;;19.0;;=;51.0
420221;HS6;Sacs à main à surface extérieure en cuir;Handbags with outer surface of leather;;;;;;;;
4202211000;HS10;Sacs à main à surface extérieure en cuir - Grade 1 / Premium;Handbags with outer surface of leather - Grade 1 / Premium;Industrie;30.0;2.0;;19.0;;=;51.0
4202212000;HS10;Sacs à main à surface extérieure en cuir - Grade 2 / Standard;Handbags with outer surface of leather - Grade 2 / Standard;Industrie;30.0;2.0;;19.0;;=;51.0
4202219000;HS10;Sacs à main à surface extérieure en cuir - Autre;Handbags with outer surface of leather - Other;Industrie;30.0;2.0;;19.0;;=;51.0
420222;HS6;Sacs à main à surface extérieure en feuilles de plastique;Handbags with outer surface of plastic sheeting;;;;;;;;
420222;HS6-DIRECT;Sacs à main à surface extérieure en feuilles de plastique;Handbags with outer surface of plastic sheeting;Industrie;30.0;2.0;;19.0;;=;51.0
420229;HS6;Autres sacs à main;Other handbags;;;;;;;;
420229;HS6-DIRECT;Autres sacs à main;Other handbags;Industrie;30.0;2.0;;19.0;;=;51.0
420231;HS6;Articles de poche à surface extérieure en cuir;Articles carried in pocket with outer surface of leather;;;;;;;;
4202311000;HS10;Articles de poche en cuir naturel ou reconstitué faits à la main;Articles de poche en cuir naturel ou reconstitué faits à la main;Industrie;30.0;2.0;;19.0;;=;51.0
4202312000;HS10;Articles de poche à surface extérieure en cuir;Articles carried in pocket with outer surface of leather;Industrie;30.0;2.0;;19.0;;=;51.0
4202319000;HS10;Articles de poche à surface extérieure en cuir - Autre;Articles carried in pocket with outer surface of leather - Other;Industrie;30.0;2.0;;19.0;;=;51.0
420232;HS6;Articles de poche à surface extérieure en plastique;Articles carried in pocket with outer surface of plastics;;;;;;;;
420232;HS6-DIRECT;Articles de poche à surface extérieure en plastique;Articles carried in pocket with outer surface of plastics;Industrie;30.0;2.0;;19.0;;=;51.0
420239;HS6;Autres articles de poche;Other articles carried in pocket;;;;;;;;
420239;HS6-DIRECT;Autres articles de poche;Other articles carried in pocket;Industrie;30.0;2.0;;19.0;;=;51.0
420291;HS6;Autres contenants à surface extérieure en cuir;Other containers with outer surface of leather;;;;;;;;
420291;HS6-DIRECT;Autres contenants à surface extérieure en cuir;Other containers with outer surface of leather;Industrie;30.0;2.0;;19.0;;=;51.0
420292;HS6;Autres contenants à surface extérieure en plastique;Other containers with outer surface of plastics;;;;;;;;
420292;HS6-DIRECT;Autres contenants à surface extérieure en plastique;Other containers with outer surface of plastics;Industrie;30.0;2.0;;19.0;;=;51.0
420299;HS6;Autres contenants;Other containers;;;;;;;;
420299;HS6-DIRECT;Autres contenants;Other containers;Industrie;30.0;2.0;;19.0;;=;51.0
4203;RANGEE 03;Articles of apparel and clothing accessories, of leather or of composition leather;;;;;;;;;
420310;HS6;Vêtements en cuir naturel ou reconstitué;Articles of apparel of leather or of composition leather;;;;;;;;
4203101000;HS10;Vetements de protection pour tous metiers;Vetements de protection pour tous metiers;Industrie;30.0;2.0;;19.0;;=;51.0
4203102000;HS10;Vêtements en cuir naturel ou reconstitué;Articles of apparel of leather or of composition leather;Industrie;30.0;2.0;;19.0;;=;51.0
4203109000;HS10;Vêtements en cuir naturel ou reconstitué - Autre;Articles of apparel of leather or of composition leather - Other;Industrie;30.0;2.0;;19.0;;=;51.0
420321;HS6;Gants de sport en cuir;Sports gloves of leather;;;;;;;;
420321;HS6-DIRECT;Gants de sport en cuir;Sports gloves of leather;Industrie;30.0;2.0;;19.0;;=;51.0
420329;HS6;Autres gants en cuir;Other gloves of leather;;;;;;;;
420329;HS6-DIRECT;Autres gants en cuir;Other gloves of leather;Industrie;30.0;2.0;;19.0;;=;51.0
420330;HS6;Ceintures et baudriers en cuir;Belts and bandoliers of leather;;;;;;;;
4203301000;HS10;Ceintures ceinturons et baudriers ceintures de securite pour tous metiers;Ceintures ceinturons et baudriers ceintures de securite pour tous metiers;Industrie;30.0;2.0;;19.0;;=;51.0
4203302000;HS10;Ceintures et baudriers en cuir;Belts and bandoliers of leather;Industrie;30.0;2.0;;19.0;;=;51.0
4203309000;HS10;Ceintures et baudriers en cuir - Autre;Belts and bandoliers of leather - Other;Industrie;30.0;2.0;;19.0;;=;51.0
420340;HS6;Autres accessoires du vêtement en cuir;Other clothing accessories of leather;;;;;;;;
420340;HS6-DIRECT;Autres accessoires du vêtement en cuir;Other clothing accessories of leather;Industrie;30.0;2.0;;19.0;;=;51.0
4204;RANGEE 04;;;;;;;;;;
420400;HS6;Articles en cuir pour usages techniques;Articles of leather for technical uses;;;;;;;;
4204000010;HS10;Articles en cuir pour usages techniques - Usage spécifique;Articles of leather for technical uses - Specific use;Industrie;30.0;2.0;;19.0;;=;51.0
4204000090;HS10;Articles en cuir pour usages techniques - Autre usage;Articles of leather for technical uses - Other use;Industrie;30.0;2.0;;19.0;;=;51.0
4205;RANGEE 05;Leather or composition leather articles n.e.c. in chapter 42;;;;;;;;;
420500;HS6;Autres ouvrages en cuir naturel ou reconstitué;Other articles of leather or of composition leather;;;;;;;;
4205001000;HS10;Trepointes de longueur indeterminee et bandes pour lenrobage des talons;Trepointes de longueur indeterminee et bandes pour lenrobage des talons;Industrie;30.0;2.0;;19.0;;=;51.0
4205002000;HS10;Articles de maroquinerie sous mains couvre livres poufs etc;Articles de maroquinerie sous mains couvre livres poufs etc;Industrie;30.0;2.0;;19.0;;=;51.0
4205009000;HS10;Autres ouvrages en cuir naturel ou reconstitué - Autre;Other articles of leather or of composition leather - Other;Industrie;30.0;2.0;;19.0;;=;51.0
4206;RANGEE 06;Articles of gut (other than silk-worm gut), of goldbeater's skin, of bladders or of tendons;;;;;;;;;
420600;HS6;Ouvrages en boyaux, baudruches, vessies ou tendons;Articles of gut, goldbeater's skin, bladders or tendons;;;;;;;;
420600;HS6-DIRECT;Ouvrages en boyaux, baudruches, vessies ou tendons;Articles of gut, goldbeater's skin, bladders or tendons;Industrie;30.0;2.0;;19.0;;=;51.0
CHAPITRE 43;CHAPITRE;Pelleteries et fourrures;;;;;;;;;
4301;RANGEE 01;Raw furskins (including heads, tails, paws, other pieces or cuttings, suitable for furriers' use), excluding raw hides and skins of heading no. 4101, 4102 or 4103;;;;;;;;;
430110;HS6;Pelleteries brutes de visons;Raw furskins of mink;;;;;;;;
430110;HS6-DIRECT;Pelleteries brutes de visons;Raw furskins of mink;Industrie;15.0;2.0;;19.0;;910 Déclaration d'Importation du Produit | 210 Autorisation de Libre Circulation;36.0
430130;HS6;Pelleteries brutes d'agneaux astrakan, breitschwanz, karakul;Raw furskins of lamb, Astrakhan, Broadtail, Caracul;;;;;;;;
430130;HS6-DIRECT;Pelleteries brutes d'agneaux astrakan, breitschwanz, karakul;Raw furskins of lamb, Astrakhan, Broadtail, Caracul;Industrie;15.0;2.0;;19.0;;=;36.0
430160;HS6;Pelleteries brutes de renards;Raw furskins of fox;;;;;;;;
430160;HS6-DIRECT;Pelleteries brutes de renards;Raw furskins of fox;Industrie;15.0;2.0;;19.0;;=;36.0
430180;HS6;Autres pelleteries brutes;Other raw furskins;;;;;;;;
4301801000;HS10;Autres pelleteries entieres meme sans les tetes queues ou pattes de ratons laveurs;Autres pelleteries entieres meme sans les tetes queues ou pattes de ratons laveurs;Industrie;15.0;2.0;;19.0;;=;36.0
4301802000;HS10;Autres pelleteries entieres meme sans les tetes queues ou pattes de lynx chats sauvages;Autres pelleteries entieres meme sans les tetes queues ou pattes de lynx chats sauvages;Industrie;15.0;2.0;;19.0;;=;36.0
4301809000;HS10;Autres pelleteries brutes - Autre;Other raw furskins - Other;Industrie;15.0;2.0;;19.0;;=;36.0
430190;HS6;Têtes, queues, pattes et autres morceaux de pelleteries;Heads, tails, paws and other pieces of raw furskins;;;;;;;;
430190;HS6-DIRECT;Têtes, queues, pattes et autres morceaux de pelleteries;Heads, tails, paws and other pieces of raw furskins;Industrie;15.0;2.0;;19.0;;=;36.0
4302;RANGEE 02;Tanned or dressed furskins (including heads, tails, paws, other pieces, cuttings), unassembled, or assembled (without addition of other materials), excluding those of heading no. 4303;;;;;;;;;
430211;HS6;Pelleteries tannées de visons entières;Whole tanned furskins of mink;;;;;;;;
430211;HS6-DIRECT;Pelleteries tannées de visons entières;Whole tanned furskins of mink;Industrie;15.0;2.0;;19.0;;=;36.0
430219;HS6;Autres pelleteries tannées entières;Other whole tanned furskins;;;;;;;;
4302191000;HS10;Pelleteries entieres meme sans les tetes queues ou pattes non assemblees autres de castors;Pelleteries entieres meme sans les tetes queues ou pattes non assemblees autres de castors;Industrie;15.0;2.0;;19.0;;=;36.0
4302192000;HS10;Pelleteries entieres meme sans les tetes queues ou pattes non assemblees autres de rats musques;Pelleteries entieres meme sans les tetes queues ou pattes non assemblees autres de rats musques;Industrie;15.0;2.0;;19.0;;=;36.0
4302199000;HS10;Autres pelleteries tannées entières - Autre;Other whole tanned furskins - Other;Industrie;15.0;2.0;;19.0;;=;36.0
430220;HS6;Têtes, queues, pattes et autres morceaux de pelleteries tannées;Heads, tails, paws and other pieces of tanned furskins;;;;;;;;
430220;HS6-DIRECT;Têtes, queues, pattes et autres morceaux de pelleteries tannées;Heads, tails, paws and other pieces of tanned furskins;Industrie;15.0;2.0;;19.0;;=;36.0
430230;HS6;Pelleteries tannées assemblées en nappes;Tanned furskins assembled in plates;;;;;;;;
430230;HS6-DIRECT;Pelleteries tannées assemblées en nappes;Tanned furskins assembled in plates;Industrie;15.0;2.0;;19.0;;=;36.0
4303;RANGEE 03;Articles of apparel, clothing accessories and other articles of furskin;;;;;;;;;
430310;HS6;Vêtements et accessoires du vêtement en pelleteries;Articles of apparel and clothing accessories of furskin;;;;;;;;
4303101000;HS10;Vetements et accessoires du vetement gants et moufles mitaines;Vetements et accessoires du vetement gants et moufles mitaines;Industrie;15.0;2.0;;19.0;;=;36.0
4303102000;HS10;Vetements et accessoires du vetement vetement en cuir doubles de fourrures;Vetements et accessoires du vetement vetement en cuir doubles de fourrures;Industrie;15.0;2.0;;19.0;;=;36.0
4303109000;HS10;Vêtements et accessoires du vêtement en pelleteries - Autre;Articles of apparel and clothing accessories of furskin - Other;Industrie;15.0;2.0;;19.0;;=;36.0
430390;HS6;Autres articles en pelleteries;Other articles of furskin;;;;;;;;
430390;HS6-DIRECT;Autres articles en pelleteries;Other articles of furskin;Industrie;15.0;2.0;;19.0;;=;36.0
4304;RANGEE 04;Artificial fur and articles thereof;;;;;;;;;
430400;HS6;Pelleteries factices et articles en pelleteries factices;Artificial fur and articles thereof;;;;;;;;
430400;HS6-DIRECT;Pelleteries factices et articles en pelleteries factices;Artificial fur and articles thereof;Industrie;15.0;2.0;;19.0;;=;36.0
SECTION IX;SECTION;"Bois, charbon de bois et ouvrages en bois; liège et ouvrages en liège";"Wood and articles of wood; cork and articles of cork";;;;;;;;
CHAPITRE 44;CHAPITRE;Bois et ouvrages en bois;;;;;;;;;
4401;RANGEE 01;"Fuel wood, in logs, billets, twigs, faggots or similar forms; wood in chip or particles; sawdust and wood waste and scrap, whether or not agglomerated in logs, briquettes, pellets or similar forms";;;;;;;;;
440111;HS6;De conifères;Wood;;;;;;;;
4401111000;HS10;De conifères;Wood;Industrie;15.0;2.0;;19.0;;910 Déclaration d'Importation du Produit | 210 Autorisation de Libre Circulation;36.0
4401112000;HS10;De conifères;Wood;Industrie;15.0;2.0;;19.0;;=;36.0
4401119000;HS10;De conifères - Autre;Wood - Other;Industrie;15.0;2.0;;19.0;;=;36.0
440112;HS6;Autres que de conifères;Wood;;;;;;;;
4401121000;HS10;Autres que de conifères;Wood;Industrie;15.0;2.0;;19.0;;=;36.0
4401122000;HS10;Autres que de conifères;Wood;Industrie;15.0;2.0;;19.0;;=;36.0
4401129000;HS10;Autres que de conifères - Autre;Wood - Other;Industrie;15.0;2.0;;19.0;;=;36.0
440121;HS6;De conifères;Wood;;;;;;;;
4401211000;HS10;De conifères;Wood;Industrie;15.0;2.0;;19.0;;=;36.0
4401212000;HS10;De conifères;Wood;Industrie;15.0;2.0;;19.0;;=;36.0
4401219000;HS10;De conifères - Autre;Wood - Other;Industrie;15.0;2.0;;19.0;;=;36.0
440122;HS6;Autres que de conifères;Wood;;;;;;;;
4401221000;HS10;Autres que de conifères;Wood;Industrie;15.0;2.0;;19.0;;=;36.0
4401222000;HS10;Autres que de conifères;Wood;Industrie;15.0;2.0;;19.0;;=;36.0
4401229000;HS10;Autres que de conifères - Autre;Wood - Other;Industrie;15.0;2.0;;19.0;;=;36.0
440131;HS6;Granulés de bois;Wood;;;;;;;;
4401311000;HS10;Granulés de bois;Wood;Industrie;15.0;2.0;;19.0;;=;36.0
4401312000;HS10;Granulés de bois;Wood;Industrie;15.0;2.0;;19.0;;=;36.0
4401319000;HS10;Granulés de bois - Autre;Wood - Other;Industrie;15.0;2.0;;19.0;;=;36.0
440132;HS6;Briquettes de bois;Wood;;;;;;;;
4401321000;HS10;Briquettes de bois;Wood;Industrie;15.0;2.0;;19.0;;=;36.0
4401322000;HS10;Briquettes de bois;Wood;Industrie;15.0;2.0;;19.0;;=;36.0
4401329000;HS10;Briquettes de bois - Autre;Wood - Other;Industrie;15.0;2.0;;19.0;;=;36.0
440139;HS6;Autres;Wood;;;;;;;;
4401391000;HS10;Autres;Wood;Industrie;15.0;2.0;;19.0;;=;36.0
4401392000;HS10;Autres;Wood;Industrie;15.0;2.0;;19.0;;=;36.0
4401399000;HS10;Autres - Autre;Wood - Other;Industrie;15.0;2.0;;19.0;;=;36.0
440141;HS6;Sciures;Wood;;;;;;;;
4401411000;HS10;Sciures;Wood;Industrie;15.0;2.0;;19.0;;=;36.0
4401412000;HS10;Sciures;Wood;Industrie;15.0;2.0;;19.0;;=;36.0
4401419000;HS10;Sciures - Autre;Wood - Other;Industrie;15.0;2.0;;19.0;;=;36.0
440149;HS6;Autres;Wood;;;;;;;;
4401491000;HS10;Autres;Wood;Industrie;15.0;2.0;;19.0;;=;36.0
4401492000;HS10;Autres;Wood;Industrie;15.0;2.0;;19.0;;=;36.0
4401499000;HS10;Autres - Autre;Wood - Other;Industrie;15.0;2.0;;19.0;;=;36.0
4402;RANGEE 02;Wood charcoal (including shell or nut charcoal), whether or not agglomerated;;;;;;;;;
440210;HS6;De bambou;Wood;;;;;;;;
4402101000;HS10;De bambou a usage industriel;De bambou a usage industriel;Industrie;15.0;2.0;;19.0;;=;36.0
4402102000;HS10;De bambou;Wood;Industrie;15.0;2.0;;19.0;;=;36.0
4402109000;HS10;De bambou - Autre;Wood - Other;Industrie;15.0;2.0;;19.0;;=;36.0
440220;HS6;De coques ou de noix;Wood;;;;;;;;
4402201000;HS10;De coques ou de noix a usage industriel;De coques ou de noix a usage industriel;Industrie;15.0;2.0;;19.0;;=;36.0
4402202000;HS10;De coques ou de noix;Wood;Industrie;15.0;2.0;;19.0;;=;36.0
4402209000;HS10;De coques ou de noix - Autre;Wood - Other;Industrie;15.0;2.0;;19.0;;=;36.0
440290;HS6;Autres;Wood;;;;;;;;
4402901000;HS10;Autres a usage industriel;Autres a usage industriel;Industrie;15.0;2.0;;19.0;;=;36.0
4402902000;HS10;Autres;Wood;Industrie;15.0;2.0;;19.0;;=;36.0
4402909000;HS10;Autres - Autre;Wood - Other;Industrie;15.0;2.0;;19.0;;=;36.0
4403;RANGEE 03;Wood in the rough, whether or not stripped of bark or sapwood, or roughly squared;;;;;;;;;
440311;HS6;De conifères;Wood;;;;;;;;
4403111000;HS10;Poteaux en bois bruts de conifères traités lignes électriquestélégraphiques;Poteaux en bois bruts de conifères traités lignes électriquestélégraphiques;Industrie;15.0;2.0;;19.0;;=;36.0
4403112000;HS10;De conifères;Wood;Industrie;15.0;2.0;;19.0;;=;36.0
4403119000;HS10;De conifères - Autre;Wood - Other;Industrie;15.0;2.0;;19.0;;=;36.0
440312;HS6;Autres que de conifères;Wood;;;;;;;;
4403121000;HS10;Poteaux en bois bruts non conifères traités lignes électriquestélégraphiques;Poteaux en bois bruts non conifères traités lignes électriquestélégraphiques;Industrie;15.0;2.0;;19.0;;=;36.0
4403122000;HS10;Autres que de conifères;Wood;Industrie;15.0;2.0;;19.0;;=;36.0
4403129000;HS10;Autres que de conifères - Autre;Wood - Other;Industrie;15.0;2.0;;19.0;;=;36.0
440320;HS6;Bois bruts traités;Treated rough wood;;;;;;;;
4403201000;HS10;Bois bruts traités - Espèce 1;Treated rough wood - Species 1;Industrie;15.0;2.0;;19.0;;=;36.0
4403202000;HS10;Bois bruts traités - Espèce 2;Treated rough wood - Species 2;Industrie;15.0;2.0;;19.0;;=;36.0
4403209000;HS10;Bois bruts traités - Autre espèce;Treated rough wood - Other species;Industrie;15.0;2.0;;19.0;;=;36.0
440321;HS6;De pin (Pinus spp.);Wood;;;;;;;;
4403211000;HS10;Bois bruts de pin 15 cm non traités pour poteaux;Bois bruts de pin 15 cm non traités pour poteaux;Industrie;15.0;2.0;;19.0;;=;36.0
4403212000;HS10;De pin (Pinus spp.);Wood;Industrie;15.0;2.0;;19.0;;=;36.0
4403219000;HS10;De pin (Pinus spp.) - Autre;Wood - Other;Industrie;15.0;2.0;;19.0;;=;36.0
440322;HS6;De pin (Pinus spp.);Wood;;;;;;;;
4403221000;HS10;Bois bruts de pin 15 cm non traités pour poteaux;Bois bruts de pin 15 cm non traités pour poteaux;Industrie;15.0;2.0;;19.0;;=;36.0
4403222000;HS10;De pin (Pinus spp.);Wood;Industrie;15.0;2.0;;19.0;;=;36.0
4403229000;HS10;De pin (Pinus spp.) - Autre;Wood - Other;Industrie;15.0;2.0;;19.0;;=;36.0
440323;HS6;De sapin (Abies spp.) et d'épicéa (Picea spp.);Wood;;;;;;;;
4403231000;HS10;Bois bruts de sapin et épicéa 15 cm non traités pour poteaux;Bois bruts de sapin et épicéa 15 cm non traités pour poteaux;Industrie;15.0;2.0;;19.0;;=;36.0
4403232000;HS10;De sapin (Abies spp.) et d'épicéa (Picea spp.);Wood;Industrie;15.0;2.0;;19.0;;=;36.0
4403239000;HS10;De sapin (Abies spp.) et d'épicéa (Picea spp.) - Autre;Wood - Other;Industrie;15.0;2.0;;19.0;;=;36.0
440324;HS6;De sapin (Abies spp.) et d'épicéa (Picea spp.);Wood;;;;;;;;
4403241000;HS10;Bois bruts de sapin et épicéa 15 cm non traités pour poteaux;Bois bruts de sapin et épicéa 15 cm non traités pour poteaux;Industrie;15.0;2.0;;19.0;;=;36.0
4403242000;HS10;De sapin (Abies spp.) et d'épicéa (Picea spp.);Wood;Industrie;15.0;2.0;;19.0;;=;36.0
4403249000;HS10;De sapin (Abies spp.) et d'épicéa (Picea spp.) - Autre;Wood - Other;Industrie;15.0;2.0;;19.0;;=;36.0
440325;HS6;Autres;Wood;;;;;;;;
4403251000;HS10;Autres bois bruts de conifères 15 cm non traités pour poteaux;Autres bois bruts de conifères 15 cm non traités pour poteaux;Industrie;15.0;2.0;;19.0;;=;36.0
4403252000;HS10;Autres;Wood;Industrie;15.0;2.0;;19.0;;=;36.0
4403259000;HS10;Autres - Autre;Wood - Other;Industrie;15.0;2.0;;19.0;;=;36.0
440326;HS6;Autres;Wood;;;;;;;;
4403261000;HS10;Autres bois bruts de conifères 15 cm non traités pour poteaux;Autres bois bruts de conifères 15 cm non traités pour poteaux;Industrie;15.0;2.0;;19.0;;=;36.0
4403262000;HS10;Autres;Wood;Industrie;15.0;2.0;;19.0;;=;36.0
4403269000;HS10;Autres - Autre;Wood - Other;Industrie;15.0;2.0;;19.0;;=;36.0
440341;HS6;Dark red Meranti;Wood;;;;;;;;
4403411000;HS10;Dark red Meranti;Wood;Industrie;15.0;2.0;;19.0;;=;36.0
4403412000;HS10;Dark red Meranti;Wood;Industrie;15.0;2.0;;19.0;;=;36.0
4403419000;HS10;Dark red Meranti - Autre;Wood - Other;Industrie;15.0;2.0;;19.0;;=;36.0
440342;HS6;Teak;Wood;;;;;;;;
4403421000;HS10;Teak;Wood;Industrie;15.0;2.0;;19.0;;=;36.0
4403422000;HS10;Teak;Wood;Industrie;15.0;2.0;;19.0;;=;36.0
4403429000;HS10;Teak - Autre;Wood - Other;Industrie;15.0;2.0;;19.0;;=;36.0
440349;HS6;Autres;Wood;;;;;;;;
4403491000;HS10;Autres;Wood;Industrie;15.0;2.0;;19.0;;=;36.0
4403492000;HS10;Autres;Wood;Industrie;15.0;2.0;;19.0;;=;36.0
4403499000;HS10;Autres - Autre;Wood - Other;Industrie;15.0;2.0;;19.0;;=;36.0
440391;HS6;De chêne (Quercus spp.);Wood;;;;;;;;
4403911000;HS10;De chêne (Quercus spp.);Wood;Industrie;15.0;2.0;;19.0;;=;36.0
4403912000;HS10;De chêne (Quercus spp.);Wood;Industrie;15.0;2.0;;19.0;;=;36.0
4403919000;HS10;De chêne (Quercus spp.) - Autre;Wood - Other;Industrie;15.0;2.0;;19.0;;=;36.0
440393;HS6;De hêtre (Fagus spp.);Wood;;;;;;;;
4403931000;HS10;De hêtre (Fagus spp.);Wood;Industrie;15.0;2.0;;19.0;;=;36.0
4403932000;HS10;De hêtre (Fagus spp.);Wood;Industrie;15.0;2.0;;19.0;;=;36.0
4403939000;HS10;De hêtre (Fagus spp.) - Autre;Wood - Other;Industrie;15.0;2.0;;19.0;;=;36.0
440394;HS6;De hêtre (Fagus spp.);Wood;;;;;;;;
4403941000;HS10;De hêtre (Fagus spp.);Wood;Industrie;15.0;2.0;;19.0;;=;36.0
4403942000;HS10;De hêtre (Fagus spp.);Wood;Industrie;15.0;2.0;;19.0;;=;36.0
4403949000;HS10;De hêtre (Fagus spp.) - Autre;Wood - Other;Industrie;15.0;2.0;;19.0;;=;36.0
440395;HS6;De bouleau (Betula spp.);Wood;;;;;;;;
4403951000;HS10;De bouleau (Betula spp.);Wood;Industrie;15.0;2.0;;19.0;;=;36.0
4403952000;HS10;De bouleau (Betula spp.);Wood;Industrie;15.0;2.0;;19.0;;=;36.0
4403959000;HS10;De bouleau (Betula spp.) - Autre;Wood - Other;Industrie;15.0;2.0;;19.0;;=;36.0
440396;HS6;De bouleau (Betula spp.);Wood;;;;;;;;
4403961000;HS10;De bouleau (Betula spp.);Wood;Industrie;15.0;2.0;;19.0;;=;36.0
4403962000;HS10;De bouleau (Betula spp.);Wood;Industrie;15.0;2.0;;19.0;;=;36.0
4403969000;HS10;De bouleau (Betula spp.) - Autre;Wood - Other;Industrie;15.0;2.0;;19.0;;=;36.0
440397;HS6;De peuplier (Populus spp.);Wood;;;;;;;;
4403971000;HS10;De peuplier (Populus spp.);Wood;Industrie;15.0;2.0;;19.0;;=;36.0
4403972000;HS10;De peuplier (Populus spp.);Wood;Industrie;15.0;2.0;;19.0;;=;36.0
4403979000;HS10;De peuplier (Populus spp.) - Autre;Wood - Other;Industrie;15.0;2.0;;19.0;;=;36.0
440398;HS6;D'eucalyptus (Eucalyptus spp.);Wood;;;;;;;;
4403981000;HS10;D'eucalyptus (Eucalyptus spp.);Wood;Industrie;15.0;2.0;;19.0;;=;36.0
4403982000;HS10;D'eucalyptus (Eucalyptus spp.);Wood;Industrie;15.0;2.0;;19.0;;=;36.0
4403989000;HS10;D'eucalyptus (Eucalyptus spp.) - Autre;Wood - Other;Industrie;15.0;2.0;;19.0;;=;36.0
440399;HS6;Autres;Wood;;;;;;;;
4403991000;HS10;Autres;Wood;Industrie;15.0;2.0;;19.0;;=;36.0
4403992000;HS10;Autres;Wood;Industrie;15.0;2.0;;19.0;;=;36.0
4403999000;HS10;Autres - Autre;Wood - Other;Industrie;15.0;2.0;;19.0;;=;36.0
4404;RANGEE 04;"Hoopwood; split poles; piles, pickets, stakes of wood, pointed, not sawn lengthwise; wooden sticks, roughly trimmed, not turned, bent, etc., suitable for walking sticks, umbrellas, tool handles, etc.";;;;;;;;;
440410;HS6;De conifères;Wood;;;;;;;;
4404101000;HS10;Bois fendus et piquets de conifères non sciés longitudinalement;Bois fendus et piquets de conifères non sciés longitudinalement;Industrie;15.0;2.0;;19.0;;=;36.0
4404102000;HS10;Bois en éclisses lames ou rubans copeaux de conifères pour la vinaigrerie;Bois en éclisses lames ou rubans copeaux de conifères pour la vinaigrerie;Industrie;15.0;2.0;;19.0;;=;36.0
4404109000;HS10;De conifères - Autre;Wood - Other;Industrie;15.0;2.0;;19.0;;=;36.0
440420;HS6;Autres que de conifères;Wood;;;;;;;;
4404201000;HS10;Bois fendus et piquets non conifères non sciés longitudinalement;Bois fendus et piquets non conifères non sciés longitudinalement;Industrie;15.0;2.0;;19.0;;=;36.0
4404202000;HS10;Bois en éclisses lames ou rubans copeaux non conifères pour la vinaigrerie;Bois en éclisses lames ou rubans copeaux non conifères pour la vinaigrerie;Industrie;15.0;2.0;;19.0;;=;36.0
4404209000;HS10;Autres que de conifères - Autre;Wood - Other;Industrie;15.0;2.0;;19.0;;=;36.0
4405;RANGEE 05;"Wood wool; wood flour";;;;;;;;;
440500;HS6;Laine (paille) de bois;farine de bois;;;;;;;;
4405001000;HS10;Laine paille de bois;Laine paille de bois;Industrie;15.0;2.0;;19.0;;=;36.0
4405002000;HS10;Farine de bois;Farine de bois;Industrie;15.0;2.0;;19.0;;=;36.0
4405009000;HS10;Laine (paille) de bois - Autre;farine de bois - Other;Industrie;15.0;2.0;;19.0;;=;36.0
4406;RANGEE 06;Railway or tramway sleepers (cross-ties) of wood;;;;;;;;;
440611;HS6;De conifères;Wood;;;;;;;;
4406111000;HS10;De conifères;Wood;Industrie;15.0;2.0;;19.0;;=;36.0
4406112000;HS10;De conifères;Wood;Industrie;15.0;2.0;;19.0;;=;36.0
4406119000;HS10;De conifères - Autre;Wood - Other;Industrie;15.0;2.0;;19.0;;=;36.0
440612;HS6;Autres que de conifères;Wood;;;;;;;;
4406121000;HS10;Autres que de conifères;Wood;Industrie;15.0;2.0;;19.0;;=;36.0
4406122000;HS10;Autres que de conifères;Wood;Industrie;15.0;2.0;;19.0;;=;36.0
4406129000;HS10;Autres que de conifères - Autre;Wood - Other;Industrie;15.0;2.0;;19.0;;=;36.0
440691;HS6;De conifères;Wood;;;;;;;;
4406911000;HS10;De conifères;Wood;Industrie;15.0;2.0;;19.0;;=;36.0
4406912000;HS10;De conifères;Wood;Industrie;15.0;2.0;;19.0;;=;36.0
4406919000;HS10;De conifères - Autre;Wood - Other;Industrie;15.0;2.0;;19.0;;=;36.0
440692;HS6;Autres que de conifères;Wood;;;;;;;;
4406921000;HS10;Autres que de conifères;Wood;Industrie;15.0;2.0;;19.0;;=;36.0
4406922000;HS10;Autres que de conifères;Wood;Industrie;15.0;2.0;;19.0;;=;36.0
4406929000;HS10;Autres que de conifères - Autre;Wood - Other;Industrie;15.0;2.0;;19.0;;=;36.0
4407;RANGEE 07;Wood sawn or chipped lengthwise, sliced or peeled, whether or not planed, sanded or finger-jointed, of a thickness exceeding 6mm;;;;;;;;;
440711;HS6;De pins (Pinus spp.) :;Wood;;;;;;;;
4407111000;HS10;De pins (Pinus spp.) :;Wood;Industrie;15.0;2.0;;19.0;;=;36.0
4407112000;HS10;De pins (Pinus spp.) :;Wood;Industrie;15.0;2.0;;19.0;;=;36.0
4407119000;HS10;De pins (Pinus spp.) : - Autre;Wood - Other;Industrie;15.0;2.0;;19.0;;=;36.0
440712;HS6;De sapin (Abies spp.) et d'épicéa (Picea spp.) :;Wood;;;;;;;;
4407121000;HS10;De sapin (Abies spp.) et d'épicéa (Picea spp.) :;Wood;Industrie;15.0;2.0;;19.0;;=;36.0
4407122000;HS10;De sapin (Abies spp.) et d'épicéa (Picea spp.) :;Wood;Industrie;15.0;2.0;;19.0;;=;36.0
4407129000;HS10;De sapin (Abies spp.) et d'épicéa (Picea spp.) : - Autre;Wood - Other;Industrie;15.0;2.0;;19.0;;=;36.0
440713;HS6;De E-P-S (épicéa (Picea spp.);Wood;;;;;;;;
4407131000;HS10;De E-P-S (épicéa (Picea spp.);Wood;Industrie;15.0;2.0;;19.0;;=;36.0
4407132000;HS10;De E-P-S (épicéa (Picea spp.);Wood;Industrie;15.0;2.0;;19.0;;=;36.0
4407139000;HS10;De E-P-S (épicéa (Picea spp.) - Autre;Wood - Other;Industrie;15.0;2.0;;19.0;;=;36.0
440714;HS6;De Hem-fir (hemlock de l'Ouest (Tsuga heterophylla) et sapin (Abies spp.) :;Wood;;;;;;;;
4407141000;HS10;De Hem-fir (hemlock de l'Ouest (Tsuga heterophylla) et sapin (Abies spp.) :;Wood;Industrie;15.0;2.0;;19.0;;=;36.0
4407142000;HS10;De Hem-fir (hemlock de l'Ouest (Tsuga heterophylla) et sapin (Abies spp.) :;Wood;Industrie;15.0;2.0;;19.0;;=;36.0
4407149000;HS10;De Hem-fir (hemlock de l'Ouest (Tsuga heterophylla) et sapin (Abies spp.) : - Autre;Wood - Other;Industrie;15.0;2.0;;19.0;;=;36.0
440719;HS6;Autres;Wood;;;;;;;;
4407191000;HS10;Autres;Wood;Industrie;15.0;2.0;;19.0;;=;36.0
4407192000;HS10;Autres;Wood;Industrie;15.0;2.0;;19.0;;=;36.0
4407199000;HS10;Autres - Autre;Wood - Other;Industrie;15.0;2.0;;19.0;;=;36.0
440721;HS6;Mahogany (Swietenia spp.);Wood;;;;;;;;
4407211000;HS10;Mahogany (Swietenia spp.);Wood;Industrie;15.0;2.0;;19.0;;=;36.0
4407212000;HS10;Mahogany (Swietenia spp.);Wood;Industrie;15.0;2.0;;19.0;;=;36.0
4407219000;HS10;Mahogany (Swietenia spp.) - Autre;Wood - Other;Industrie;15.0;2.0;;19.0;;=;36.0
440722;HS6;Virola;Wood;;;;;;;;
4407221000;HS10;Virola;Wood;Industrie;15.0;2.0;;19.0;;=;36.0
4407222000;HS10;Virola;Wood;Industrie;15.0;2.0;;19.0;;=;36.0
4407229000;HS10;Virola - Autre;Wood - Other;Industrie;15.0;2.0;;19.0;;=;36.0
440723;HS6;Teak;Wood;;;;;;;;
4407231000;HS10;Teak;Wood;Industrie;15.0;2.0;;19.0;;=;36.0
4407232000;HS10;Teak;Wood;Industrie;15.0;2.0;;19.0;;=;36.0
4407239000;HS10;Teak - Autre;Wood - Other;Industrie;15.0;2.0;;19.0;;=;36.0
440725;HS6;Dark Red Maranti;Wood;;;;;;;;
4407251000;HS10;Dark Red Maranti;Wood;Industrie;15.0;2.0;;19.0;;=;36.0
4407252000;HS10;Dark Red Maranti;Wood;Industrie;15.0;2.0;;19.0;;=;36.0
4407259000;HS10;Dark Red Maranti - Autre;Wood - Other;Industrie;15.0;2.0;;19.0;;=;36.0
440726;HS6;White Lauan;Wood;;;;;;;;
4407261000;HS10;White Lauan;Wood;Industrie;15.0;2.0;;19.0;;=;36.0
4407262000;HS10;White Lauan;Wood;Industrie;15.0;2.0;;19.0;;=;36.0
4407269000;HS10;White Lauan - Autre;Wood - Other;Industrie;15.0;2.0;;19.0;;=;36.0
440727;HS6;Sapelli;Wood;;;;;;;;
4407271000;HS10;Sapelli;Wood;Industrie;15.0;2.0;;19.0;;=;36.0
4407272000;HS10;Sapelli;Wood;Industrie;15.0;2.0;;19.0;;=;36.0
4407279000;HS10;Sapelli - Autre;Wood - Other;Industrie;15.0;2.0;;19.0;;=;36.0
440728;HS6;Iroko;Wood;;;;;;;;
4407281000;HS10;Iroko;Wood;Industrie;15.0;2.0;;19.0;;=;36.0
4407282000;HS10;Iroko;Wood;Industrie;15.0;2.0;;19.0;;=;36.0
4407289000;HS10;Iroko - Autre;Wood - Other;Industrie;15.0;2.0;;19.0;;=;36.0
440729;HS6;Autres;Wood;;;;;;;;
4407291000;HS10;Autres;Wood;Industrie;15.0;2.0;;19.0;;=;36.0
4407292000;HS10;Autres;Wood;Industrie;15.0;2.0;;19.0;;=;36.0
4407299000;HS10;Autres - Autre;Wood - Other;Industrie;15.0;2.0;;19.0;;=;36.0
440791;HS6;De chêne (Quercus spp.);Wood;;;;;;;;
4407911000;HS10;De chêne (Quercus spp.);Wood;Industrie;15.0;2.0;;19.0;;=;36.0
4407912000;HS10;De chêne (Quercus spp.);Wood;Industrie;15.0;2.0;;19.0;;=;36.0
4407919000;HS10;De chêne (Quercus spp.) - Autre;Wood - Other;Industrie;15.0;2.0;;19.0;;=;36.0
440792;HS6;De hêtre (Fagus spp.);Wood;;;;;;;;
4407921000;HS10;De hêtre (Fagus spp.);Wood;Industrie;15.0;2.0;;19.0;;=;36.0
4407922000;HS10;De hêtre (Fagus spp.);Wood;Industrie;15.0;2.0;;19.0;;=;36.0
4407929000;HS10;De hêtre (Fagus spp.) - Autre;Wood - Other;Industrie;15.0;2.0;;19.0;;=;36.0
440793;HS6;D'érable (Acer spp);Wood;;;;;;;;
4407931000;HS10;D'érable (Acer spp);Wood;Industrie;15.0;2.0;;19.0;;=;36.0
4407932000;HS10;D'érable (Acer spp);Wood;Industrie;15.0;2.0;;19.0;;=;36.0
4407939000;HS10;D'érable (Acer spp) - Autre;Wood - Other;Industrie;15.0;2.0;;19.0;;=;36.0
440794;HS6;De cerisier (Prunus spp);Wood;;;;;;;;
4407941000;HS10;De cerisier (Prunus spp);Wood;Industrie;15.0;2.0;;19.0;;=;36.0
4407942000;HS10;De cerisier (Prunus spp);Wood;Industrie;15.0;2.0;;19.0;;=;36.0
4407949000;HS10;De cerisier (Prunus spp) - Autre;Wood - Other;Industrie;15.0;2.0;;19.0;;=;36.0
440795;HS6;De frêne (Fraxinus spp.);Wood;;;;;;;;
4407951000;HS10;De frêne (Fraxinus spp.);Wood;Industrie;15.0;2.0;;19.0;;=;36.0
4407952000;HS10;De frêne (Fraxinus spp.);Wood;Industrie;15.0;2.0;;19.0;;=;36.0
4407959000;HS10;De frêne (Fraxinus spp.) - Autre;Wood - Other;Industrie;15.0;2.0;;19.0;;=;36.0
440796;HS6;De bouleau (Betula spp.);Wood;;;;;;;;
4407961000;HS10;De bouleau (Betula spp.);Wood;Industrie;15.0;2.0;;19.0;;=;36.0
4407962000;HS10;De bouleau (Betula spp.);Wood;Industrie;15.0;2.0;;19.0;;=;36.0
4407969000;HS10;De bouleau (Betula spp.) - Autre;Wood - Other;Industrie;15.0;2.0;;19.0;;=;36.0
440797;HS6;De peuplier (Populus spp.);Wood;;;;;;;;
4407971000;HS10;De peuplier (Populus spp.);Wood;Industrie;15.0;2.0;;19.0;;=;36.0
4407972000;HS10;De peuplier (Populus spp.);Wood;Industrie;15.0;2.0;;19.0;;=;36.0
4407979000;HS10;De peuplier (Populus spp.) - Autre;Wood - Other;Industrie;15.0;2.0;;19.0;;=;36.0
440799;HS6;Autres;Wood;;;;;;;;
4407991000;HS10;Autres;Wood;Industrie;15.0;2.0;;19.0;;=;36.0
4407992000;HS10;Autres;Wood;Industrie;15.0;2.0;;19.0;;=;36.0
4407999000;HS10;Autres - Autre;Wood - Other;Industrie;15.0;2.0;;19.0;;=;36.0
4408;RANGEE 08;Sheets for veneering (including those obtained by slicing laminated wood), for plywood or for similar laminated wood and other wood, sawn lengthwise, sliced or peeled, planed or not, sanded, spliced or end-jointed, of a thickness not exceeding 6 mm;;;;;;;;;
440810;HS6;De conifères;Wood;;;;;;;;
4408101000;HS10;De coniferes feuilles de placage;De coniferes feuilles de placage;Industrie;15.0;2.0;;19.0;;=;36.0
4408102000;HS10;De coniferes feuilles pour contre plaques;De coniferes feuilles pour contre plaques;Industrie;15.0;2.0;;19.0;;=;36.0
4408109000;HS10;De conifères - Autre;Wood - Other;Industrie;15.0;2.0;;19.0;;=;36.0
440831;HS6;Dark Red Meranti;Wood;;;;;;;;
4408311000;HS10;De bois tropicaux dark red meranti light red meranti et merantibakau feuilles de placage;De bois tropicaux dark red meranti light red meranti et merantibakau feuilles de placage;Industrie;15.0;2.0;;19.0;;=;36.0
4408312000;HS10;De bois tropicaux dark red meranti light red meranti et merantibakau feuilles pour contre plaques;De bois tropicaux dark red meranti light red meranti et merantibakau feuilles pour contre plaques;Industrie;15.0;2.0;;19.0;;=;36.0
4408319000;HS10;Dark Red Meranti - Autre;Wood - Other;Industrie;15.0;2.0;;19.0;;=;36.0
440839;HS6;Autres;Wood;;;;;;;;
4408391000;HS10;De bois tropicaux autres feuilles de placage;De bois tropicaux autres feuilles de placage;Industrie;15.0;2.0;;19.0;;=;36.0
4408392000;HS10;De bois tropicaux autres feuilles pour contre plaques;De bois tropicaux autres feuilles pour contre plaques;Industrie;15.0;2.0;;19.0;;=;36.0
4408399000;HS10;Autres - Autre;Wood - Other;Industrie;15.0;2.0;;19.0;;=;36.0
440890;HS6;Autres;Wood;;;;;;;;
4408901000;HS10;Autres feuilles de placage;Autres feuilles de placage;Industrie;15.0;2.0;;19.0;;=;36.0
4408902000;HS10;Autres feuilles pour contre plaques;Autres feuilles pour contre plaques;Industrie;15.0;2.0;;19.0;;=;36.0
4408909000;HS10;Autres - Autre;Wood - Other;Industrie;15.0;2.0;;19.0;;=;36.0
4409;RANGEE 09;Wood (including strips, friezes for parquet flooring, not assembled), continuously shaped (tongued, grooved, v-jointed, beaded or the like) along any edges, ends or faces, whether or not planed, sanded or end-jointed;;;;;;;;;
440910;HS6;De conifères;Wood;;;;;;;;
4409101000;HS10;De coniferes baguettes et moulures pour cadres tableaux photographie miroirs et objets similaires;De coniferes baguettes et moulures pour cadres tableaux photographie miroirs et objets similaires;Industrie;15.0;2.0;;19.0;;=;36.0
4409102000;HS10;De conifères;Wood;Industrie;15.0;2.0;;19.0;;=;36.0
4409109000;HS10;De conifères - Autre;Wood - Other;Industrie;15.0;2.0;;19.0;;=;36.0
440921;HS6;En bambou;Wood;;;;;;;;
4409211000;HS10;En bambou;Wood;Industrie;15.0;2.0;;19.0;;=;36.0
4409212000;HS10;En bambou;Wood;Industrie;15.0;2.0;;19.0;;=;36.0
4409219000;HS10;En bambou - Autre;Wood - Other;Industrie;15.0;2.0;;19.0;;=;36.0
440922;HS6;De bois tropicaux;Wood;;;;;;;;
4409221000;HS10;Autres que de coniferes de bois tropicaux baguettes et moulures pour cadres tableaux photographie miroirs et objets similaires;Autres que de coniferes de bois tropicaux baguettes et moulures pour cadres tableaux photographie miroirs et objets similaires;Industrie;15.0;2.0;;19.0;;=;36.0
4409222000;HS10;Autres que de coniferes de bois tropicaux lames et frises pour parquets non assembles;Autres que de coniferes de bois tropicaux lames et frises pour parquets non assembles;Industrie;15.0;2.0;;19.0;;=;36.0
4409229000;HS10;De bois tropicaux - Autre;Wood - Other;Industrie;15.0;2.0;;19.0;;=;36.0
440929;HS6;Autres :;Wood;;;;;;;;
4409291000;HS10;Autres que de coniferes autres baguettes et moulures pour cadres tableaux photographie miroirs et objets similaires;Autres que de coniferes autres baguettes et moulures pour cadres tableaux photographie miroirs et objets similaires;Industrie;15.0;2.0;;19.0;;=;36.0
4409292000;HS10;Autres que de coniferes autres lames et frises pour parquets non assembles;Autres que de coniferes autres lames et frises pour parquets non assembles;Industrie;15.0;2.0;;19.0;;=;36.0
4409299000;HS10;Autres : - Autre;Wood - Other;Industrie;15.0;2.0;;19.0;;=;36.0
4410;RANGEE 10;Particle board, oriented strand board (OSB) and similar board (e.g. waferboard) of wood or other ligneous materials, whether or not agglomerated with resins or other organic binding substances;;;;;;;;;
441011;HS6;Panneaux de particules;Particle board of wood;;;;;;;;
4410111000;HS10;De bois panneaux de particules bruts ou simplement ponces;De bois panneaux de particules bruts ou simplement ponces;Industrie;15.0;2.0;;19.0;;=;36.0
4410112000;HS10;De bois panneaux de particules recouverts en surface de papier;De bois panneaux de particules recouverts en surface de papier;Industrie;15.0;2.0;;19.0;;=;36.0
4410119000;HS10;Panneaux de particules - Autre;Particle board of wood - Other;Industrie;15.0;2.0;;19.0;;=;36.0
441012;HS6;Panneaux dits oriented strand board (OSB);Oriented strand board (OSB) of wood;;;;;;;;
4410121000;HS10;De bois panneauxditsoriented strand board osb bruts ou simplement ponces;De bois panneauxditsoriented strand board osb bruts ou simplement ponces;Industrie;15.0;2.0;;19.0;;=;36.0
4410122000;HS10;De bois panneauxditsoriented strand board osb recouverts en surface de papier;De bois panneauxditsoriented strand board osb recouverts en surface de papier;Industrie;15.0;2.0;;19.0;;=;36.0
4410129000;HS10;Panneaux dits oriented strand board (OSB) - Autre;Oriented strand board (OSB) of wood - Other;Industrie;15.0;2.0;;19.0;;=;36.0
441019;HS6;Autres;Wafer board and similar board of wood n.e.c. in item no. 4410.1;;;;;;;;
4410191000;HS10;De bois autres panneaux ditswaferboard;De bois autres panneaux ditswaferboard;Industrie;15.0;2.0;;19.0;;=;36.0
4410192000;HS10;Autres;Wafer board and similar board of wood n.e.c. in item no. 4410.1;Industrie;15.0;2.0;;19.0;;=;36.0
4410199000;HS10;Autres - Autre;Wafer board and similar board of wood n.e.c. in item no. 4410.1 - Other;Industrie;15.0;2.0;;19.0;;=;36.0
441090;HS6;Autres;Particle board;;;;;;;;
4410901000;HS10;Autres bruts ou simplement ponces;Autres bruts ou simplement ponces;Industrie;15.0;2.0;;19.0;;=;36.0
4410902000;HS10;Autres recouverts en surface de papier;Autres recouverts en surface de papier;Industrie;15.0;2.0;;19.0;;=;36.0
4410909000;HS10;Autres - Autre;Particle board - Other;Industrie;15.0;2.0;;19.0;;=;36.0
4411;RANGEE 11;Fibreboard of wood or other ligneous materials, whether or not bonded with resins or other organic substances;;;;;;;;;
441112;HS6;D'une épaisseur n'excédant pas 5 mm;Medium density fibreboard (MDF);;;;;;;;
4411121000;HS10;Panneaux de densite moyenne ditsmdf dune épaisseur nexcedant pas 5 mm non ouvres mécaniquement ni recouverts en surface;Panneaux de densite moyenne ditsmdf dune epaisseur nexcedant pas 5 mm non ouvres mecaniquement ni recouverts en surface;Industrie;15.0;2.0;;19.0;;=;36.0
4411122000;HS10;D'une épaisseur n'excédant pas 5 mm;Medium density fibreboard (MDF);Industrie;15.0;2.0;;19.0;;=;36.0
4411129000;HS10;D'une épaisseur n'excédant pas 5 mm - Autre;Medium density fibreboard (MDF) - Other;Industrie;15.0;2.0;;19.0;;=;36.0
441113;HS6;D'une épaisseur excédant 5 mm mais n'excédant pas 9 mm;Medium density fibreboard (MDF);;;;;;;;
4411131000;HS10;Panneaux de densite moyenne ditsmdf dune épaisseur excedant 5 mm mais nexcedant pas 9 mm non ouvres mécaniquement ni recouverts en surface;Panneaux de densite moyenne ditsmdf dune epaisseur excedant 5 mm mais nexcedant pas 9 mm non ouvres mecaniquement ni recouverts en surface;Industrie;15.0;2.0;;19.0;;=;36.0
4411132000;HS10;Panneaux de densite moyenne ditsmdf dune épaisseur excedant 5 mm mais nexcedant pas 9 mm plinthes en mdf;Panneaux de densite moyenne ditsmdf dune epaisseur excedant 5 mm mais nexcedant pas 9 mm plinthes en mdf;Industrie;15.0;2.0;;19.0;;=;36.0
4411139000;HS10;D'une épaisseur excédant 5 mm mais n'excédant pas 9 mm - Autre;Medium density fibreboard (MDF) - Other;Industrie;15.0;2.0;;19.0;;=;36.0
441114;HS6;D'une épaisseur excédant 9 mm;Medium density fibreboard (MDF);;;;;;;;
4411141000;HS10;Panneaux de densite moyenne ditsmdf dune épaisseur excedant 9 mm non ouvres mécaniquement ni recouverts en surface;Panneaux de densite moyenne ditsmdf dune epaisseur excedant 9 mm non ouvres mecaniquement ni recouverts en surface;Industrie;15.0;2.0;;19.0;;=;36.0
4411142000;HS10;D'une épaisseur excédant 9 mm;Medium density fibreboard (MDF);Industrie;15.0;2.0;;19.0;;=;36.0
4411149000;HS10;D'une épaisseur excédant 9 mm - Autre;Medium density fibreboard (MDF) - Other;Industrie;15.0;2.0;;19.0;;=;36.0
441192;HS6;D'une masse volumique excédant 0;Fibreboard (other than MDF) of a density exceeding 0.8g/cm3;;;;;;;;
4411921000;HS10;Autres dune masse volumique excedant 08 gcm3 non ouvres mécaniquement ni recouverts en surface;Autres dune masse volumique excedant 08 gcm3 non ouvres mecaniquement ni recouverts en surface;Industrie;15.0;2.0;;19.0;;=;36.0
4411922000;HS10;D'une masse volumique excédant 0;Fibreboard (other than MDF) of a density exceeding 0.8g/cm3;Industrie;15.0;2.0;;19.0;;=;36.0
4411929000;HS10;D'une masse volumique excédant 0 - Autre;Fibreboard (other than MDF) of a density exceeding 0.8g/cm3 - Other;Industrie;15.0;2.0;;19.0;;=;36.0
441193;HS6;D'une masse volumique excédant 0;Fibreboard (other than MDF) of a density exceeding 0.5g/cm3 but not 0.8g/cm3;;;;;;;;
4411931000;HS10;Autres dune masse volumique excedant 05 gcm3 mais nexcedant pas 08 gcm3 non ouvres mécaniquement ni recouverts en surface;Autres dune masse volumique excedant 05 gcm3 mais nexcedant pas 08 gcm3 non ouvres mecaniquement ni recouverts en surface;Industrie;15.0;2.0;;19.0;;=;36.0
4411932000;HS10;D'une masse volumique excédant 0;Fibreboard (other than MDF) of a density exceeding 0.5g/cm3 but not 0.8g/cm3;Industrie;15.0;2.0;;19.0;;=;36.0
4411939000;HS10;D'une masse volumique excédant 0 - Autre;Fibreboard (other than MDF) of a density exceeding 0.5g/cm3 but not 0.8g/cm3 - Other;Industrie;15.0;2.0;;19.0;;=;36.0
441194;HS6;D'une masse volumique n'excédant pas 0;Fibreboard (other than MDF) of a density not exceeding 0.5g/cm3;;;;;;;;
4411941000;HS10;Autres dune masse volumique nexcedant pas 05 gcm3 non ouvres mécaniquement ni recouverts en surface;Autres dune masse volumique nexcedant pas 05 gcm3 non ouvres mecaniquement ni recouverts en surface;Industrie;15.0;2.0;;19.0;;=;36.0
4411942000;HS10;D'une masse volumique n'excédant pas 0;Fibreboard (other than MDF) of a density not exceeding 0.5g/cm3;Industrie;15.0;2.0;;19.0;;=;36.0
4411949000;HS10;D'une masse volumique n'excédant pas 0 - Autre;Fibreboard (other than MDF) of a density not exceeding 0.5g/cm3 - Other;Industrie;15.0;2.0;;19.0;;=;36.0
4412;RANGEE 12;Plywood, veneered panels and similar laminated wood;;;;;;;;;
441210;HS6;En bambou;Plywood;;;;;;;;
4412101000;HS10;En bambou recouverts en surface;En bambou recouverts en surface;Industrie;15.0;2.0;;19.0;;=;36.0
4412102000;HS10;En bambou;Plywood;Industrie;15.0;2.0;;19.0;;=;36.0
4412109000;HS10;En bambou - Autre;Plywood - Other;Industrie;15.0;2.0;;19.0;;=;36.0
441231;HS6;Ayant au moins un pli extérieur en bois tropicaux;Plywood;;;;;;;;
4412311000;HS10;Autres bois contre plaques constitues exclusivement de feuilles de bois autres que bambou dont chacune a une épaisseur nexcedant pas 6 mm ayant au moins un pli exterieur en bois tropicaux recouverts en surface;Autres bois contre plaques constitues exclusivement de feuilles de bois autres que bambou dont chacune a une epaisseur nexcedant pas 6 mm ayant au moins un pli exterieur en bois tropicaux recouverts en surface;Industrie;15.0;2.0;;19.0;;=;36.0
4412312000;HS10;Ayant au moins un pli extérieur en bois tropicaux;Plywood;Industrie;15.0;2.0;;19.0;;=;36.0
4412319000;HS10;Ayant au moins un pli extérieur en bois tropicaux - Autre;Plywood - Other;Industrie;15.0;2.0;;19.0;;=;36.0
441233;HS6;Autres;Plywood;;;;;;;;
4412331000;HS10;Autres bois contre plaques constitues exclusivement de feuilles de bois autres que bambou dont chacune a une épaisseur nexcedant pas 6 mm autres ayant au moins un pli exterieur en bois autre que de coniferes des especes aulne alnus spp frene fraxinus spp hetre fagus spp bouleau betula spp cerise prunus spp chataignier castanea spp orme ulmus spp eucalyptus eucalyptus spp caryer carya spp marronnier aesculus spp tilleul tilia spp erable acer spp chene quercus spp platane recouverts en surface;Autres bois contre plaques constitues exclusivement de feuilles de bois autres que bambou dont chacune a une epaisseur nexcedant pas 6 mm autres ayant au moins un pli exterieur en bois autre que de coniferes des especes aulne alnus spp frene fraxinus spp hetre fagus spp bouleau betula spp cerise prunus spp chataignier castanea spp orme ulmus spp eucalyptus eucalyptus spp caryer carya spp marronnier aesculus spp tilleul tilia spp erable acer spp chene quercus spp platane recouverts en surface;Industrie;15.0;2.0;;19.0;;=;36.0
4412332000;HS10;Autres;Plywood;Industrie;15.0;2.0;;19.0;;=;36.0
4412339000;HS10;Autres - Autre;Plywood - Other;Industrie;15.0;2.0;;19.0;;=;36.0
441234;HS6;Autres;Plywood;;;;;;;;
4412341000;HS10;Autres bois contre plaques constitues exclusivement de feuilles de bois autres que bambou dont chacune a une épaisseur nexcedant pas 6 mm autres ayant au moins un pli exterieur en bois autre que de coniferes non denommes dans le n 441233 recouverts en surface;Autres bois contre plaques constitues exclusivement de feuilles de bois autres que bambou dont chacune a une epaisseur nexcedant pas 6 mm autres ayant au moins un pli exterieur en bois autre que de coniferes non denommes dans le n 441233 recouverts en surface;Industrie;15.0;2.0;;19.0;;=;36.0
4412342000;HS10;Autres;Plywood;Industrie;15.0;2.0;;19.0;;=;36.0
4412349000;HS10;Autres - Autre;Plywood - Other;Industrie;15.0;2.0;;19.0;;=;36.0
441239;HS6;Autres;Plywood;;;;;;;;
4412391000;HS10;Autres bois contre plaques constitues exclusivement de feuilles de bois autres que bambou dont chacune a une épaisseur nexcedant pas 6 mm autres ayant les deux plis exterieurs en bois de coniferes recouverts en surface;Autres bois contre plaques constitues exclusivement de feuilles de bois autres que bambou dont chacune a une epaisseur nexcedant pas 6 mm autres ayant les deux plis exterieurs en bois de coniferes recouverts en surface;Industrie;15.0;2.0;;19.0;;=;36.0
4412392000;HS10;Autres;Plywood;Industrie;15.0;2.0;;19.0;;=;36.0
4412399000;HS10;Autres - Autre;Plywood - Other;Industrie;15.0;2.0;;19.0;;=;36.0
441241;HS6;Ayant au moins un pli extérieur en bois tropicaux;Plywood;;;;;;;;
4412411000;HS10;Ayant au moins un pli extérieur en bois tropicaux;Plywood;Industrie;15.0;2.0;;19.0;;=;36.0
4412412000;HS10;Ayant au moins un pli extérieur en bois tropicaux;Plywood;Industrie;15.0;2.0;;19.0;;=;36.0
4412419000;HS10;Ayant au moins un pli extérieur en bois tropicaux - Autre;Plywood - Other;Industrie;15.0;2.0;;19.0;;=;36.0
441242;HS6;Autres;Laminated veneered lumber (LVL);;;;;;;;
4412421000;HS10;Autres;Laminated veneered lumber (LVL);Industrie;15.0;2.0;;19.0;;=;36.0
4412422000;HS10;Autres;Laminated veneered lumber (LVL);Industrie;15.0;2.0;;19.0;;=;36.0
4412429000;HS10;Autres - Autre;Laminated veneered lumber (LVL) - Other;Industrie;15.0;2.0;;19.0;;=;36.0
441249;HS6;Autres;Laminated veneered lumber (LVL);;;;;;;;
4412491000;HS10;Autres;Laminated veneered lumber (LVL);Industrie;15.0;2.0;;19.0;;=;36.0
4412492000;HS10;Autres;Laminated veneered lumber (LVL);Industrie;15.0;2.0;;19.0;;=;36.0
4412499000;HS10;Autres - Autre;Laminated veneered lumber (LVL) - Other;Industrie;15.0;2.0;;19.0;;=;36.0
441251;HS6;Ayant au moins un pli extérieur en bois tropicaux;Blockboard;;;;;;;;
4412511000;HS10;Ayant au moins un pli extérieur en bois tropicaux;Blockboard;Industrie;15.0;2.0;;19.0;;=;36.0
4412512000;HS10;Ayant au moins un pli extérieur en bois tropicaux;Blockboard;Industrie;15.0;2.0;;19.0;;=;36.0
4412519000;HS10;Ayant au moins un pli extérieur en bois tropicaux - Autre;Blockboard - Other;Industrie;15.0;2.0;;19.0;;=;36.0
441252;HS6;Autres;Blockboard;;;;;;;;
4412521000;HS10;Autres;Blockboard;Industrie;15.0;2.0;;19.0;;=;36.0
4412522000;HS10;Autres;Blockboard;Industrie;15.0;2.0;;19.0;;=;36.0
4412529000;HS10;Autres - Autre;Blockboard - Other;Industrie;15.0;2.0;;19.0;;=;36.0
441259;HS6;Autres;Blockboard;;;;;;;;
4412591000;HS10;Autres;Blockboard;Industrie;15.0;2.0;;19.0;;=;36.0
4412592000;HS10;Autres;Blockboard;Industrie;15.0;2.0;;19.0;;=;36.0
4412599000;HS10;Autres - Autre;Blockboard - Other;Industrie;15.0;2.0;;19.0;;=;36.0
441291;HS6;Ayant au moins un pli extérieur en bois tropicaux;Plywood;;;;;;;;
4412911000;HS10;Ayant au moins un pli extérieur en bois tropicaux;Plywood;Industrie;15.0;2.0;;19.0;;=;36.0
4412912000;HS10;Ayant au moins un pli extérieur en bois tropicaux;Plywood;Industrie;15.0;2.0;;19.0;;=;36.0
4412919000;HS10;Ayant au moins un pli extérieur en bois tropicaux - Autre;Plywood - Other;Industrie;15.0;2.0;;19.0;;=;36.0
441292;HS6;Autres;Plywood;;;;;;;;
4412921000;HS10;Autres;Plywood;Industrie;15.0;2.0;;19.0;;=;36.0
4412922000;HS10;Autres;Plywood;Industrie;15.0;2.0;;19.0;;=;36.0
4412929000;HS10;Autres - Autre;Plywood - Other;Industrie;15.0;2.0;;19.0;;=;36.0
441299;HS6;Autres;Plywood;;;;;;;;
4412991000;HS10;Contre plaquéstratifié plis extérieurs de conifères contenant panneau de particules;Contre plaquéstratifié plis extérieurs de conifères contenant panneau de particules;Industrie;15.0;2.0;;19.0;;=;36.0
4412992000;HS10;Autres;Plywood;Industrie;15.0;2.0;;19.0;;=;36.0
4412999000;HS10;Autres - Autre;Plywood - Other;Industrie;15.0;2.0;;19.0;;=;36.0
4413;RANGEE 13;Densified wood, in blocks, plates, strips or profile shapes;;;;;;;;;
441300;HS6;Bois dits densifiés;Wood;;;;;;;;
4413001000;HS10;Bois dits densifiés;Wood;Industrie;15.0;2.0;;19.0;;=;36.0
4413002000;HS10;Bois dits densifiés;Wood;Industrie;15.0;2.0;;19.0;;=;36.0
4413009000;HS10;Bois dits densifiés - Autre;Wood - Other;Industrie;15.0;2.0;;19.0;;=;36.0
4414;RANGEE 14;"Wooden frames; for paintings, photographs, mirrors or similar objects";;;;;;;;;
441410;HS6;En bois tropicaux;Wooden frames;;;;;;;;
4414101000;HS10;إطارات خشبية استوائية للوحات;إطارات خشبية استوائية للوحات;Industrie;15.0;2.0;;19.0;;=;36.0
4414102000;HS10;إطارات خشبية استوائية للصور الفوتوغرافية;إطارات خشبية استوائية للصور الفوتوغرافية;Industrie;15.0;2.0;;19.0;;=;36.0
4414109000;HS10;En bois tropicaux - Autre;Wooden frames - Other;Industrie;15.0;2.0;;19.0;;=;36.0
441490;HS6;Autres;Wooden frames;;;;;;;;
4414901000;HS10;إطارات خشبية غير استوائية للوحات;إطارات خشبية غير استوائية للوحات;Industrie;15.0;2.0;;19.0;;=;36.0
4414902000;HS10;إطارات خشبية غير استوائية للصور الفوتوغرافية;إطارات خشبية غير استوائية للصور الفوتوغرافية;Industrie;15.0;2.0;;19.0;;=;36.0
4414909000;HS10;Autres - Autre;Wooden frames - Other;Industrie;15.0;2.0;;19.0;;=;36.0
4415;RANGEE 15;"Packing cases, boxes, crates, drums and similar packings, of wood; cable-drums of wood; pallets, box pallets and other load boards, of wood; pallet collars of wood";;;;;;;;;
441510;HS6;Caisses;tambours (tourets) pour câbles;;;;;;;;
4415101000;HS10;صناديق علب صغيرة أقفاص وعبوات خشبية مماثلة;صناديق علب صغيرة أقفاص وعبوات خشبية مماثلة;Industrie;15.0;2.0;;19.0;;=;36.0
4415102000;HS10;بكرات طبلات خشبية للكابلات;بكرات طبلات خشبية للكابلات;Industrie;15.0;2.0;;19.0;;=;36.0
4415109000;HS10;Caisses - Autre;tambours (tourets) pour câbles - Other;Industrie;15.0;2.0;;19.0;;=;36.0
441520;HS6;Palettes simples;rehausses de palettes;;;;;;;;
4415201000;HS10;منصات نقالة باليتات بسيطة باليتات صناديق وألواح شحن أخرى خشبية;منصات نقالة باليتات بسيطة باليتات صناديق وألواح شحن أخرى خشبية;Industrie;15.0;2.0;;19.0;;=;36.0
4415202000;HS10;حواجز تمديد للمنصات النقالة rehausses de palettes خشبية;حواجز تمديد للمنصات النقالة rehausses de palettes خشبية;Industrie;15.0;2.0;;19.0;;=;36.0
4415209000;HS10;Palettes simples - Autre;rehausses de palettes - Other;Industrie;15.0;2.0;;19.0;;=;36.0
4416;RANGEE 16;Casks, barrels, vats, tubs and other coopers' products and parts thereof, of wood, including staves;;;;;;;;;
441600;HS6;Futailles;Wood;;;;;;;;
4416001000;HS10;Futailles;Wood;Industrie;15.0;2.0;;19.0;;=;36.0
4416002000;HS10;Futailles;Wood;Industrie;15.0;2.0;;19.0;;=;36.0
4416009000;HS10;Futailles - Autre;Wood - Other;Industrie;15.0;2.0;;19.0;;=;36.0
4417;RANGEE 17;"Tools, tool bodies, tool handles, broom or brush bodies and handles, of wood; boot or shoe lasts and trees, of wood";;;;;;;;;
441700;HS6;Outils;formes;;;;;;;;
4417001000;HS10;أشكال أولية قوالب للأحذية من الخشب;أشكال أولية قوالب للأحذية من الخشب;Industrie;15.0;2.0;;19.0;;=;36.0
4417002000;HS10;قوالب جاهزة للأحذية من الخشب;قوالب جاهزة للأحذية من الخشب;Industrie;15.0;2.0;;19.0;;=;36.0
4417009000;HS10;Outils - Autre;formes - Other;Industrie;15.0;2.0;;19.0;;=;36.0
4418;RANGEE 18;Builders' joinery and carpentry of wood, including cellular wood panels, assembled flooring panels, shingles and shakes;;;;;;;;;
441811;HS6;En bois tropicaux;Wood;;;;;;;;
4418111000;HS10;En bois tropicaux;Wood;Industrie;15.0;2.0;;19.0;;=;36.0
4418112000;HS10;En bois tropicaux;Wood;Industrie;15.0;2.0;;19.0;;=;36.0
4418119000;HS10;En bois tropicaux - Autre;Wood - Other;Industrie;15.0;2.0;;19.0;;=;36.0
441819;HS6;Autres;Wood;;;;;;;;
4418191000;HS10;Autres;Wood;Industrie;15.0;2.0;;19.0;;=;36.0
4418192000;HS10;Autres;Wood;Industrie;15.0;2.0;;19.0;;=;36.0
4418199000;HS10;Autres - Autre;Wood - Other;Industrie;15.0;2.0;;19.0;;=;36.0
441821;HS6;En bois tropicaux;Wood;;;;;;;;
4418211000;HS10;En bois tropicaux;Wood;Industrie;15.0;2.0;;19.0;;=;36.0
4418212000;HS10;En bois tropicaux;Wood;Industrie;15.0;2.0;;19.0;;=;36.0
4418219000;HS10;En bois tropicaux - Autre;Wood - Other;Industrie;15.0;2.0;;19.0;;=;36.0
441829;HS6;Autres;Wood;;;;;;;;
4418291000;HS10;أبواب وإطاراتها وعتباتها من خشب مصمت غير استوائي;أبواب وإطاراتها وعتباتها من خشب مصمت غير استوائي;Industrie;15.0;2.0;;19.0;;=;36.0
4418292000;HS10;Autres;Wood;Industrie;15.0;2.0;;19.0;;=;36.0
4418299000;HS10;Autres - Autre;Wood - Other;Industrie;15.0;2.0;;19.0;;=;36.0
441830;HS6;Poteaux et poutres autres que les produits des n°s 4418.81 à 4418.89;wood;;;;;;;;
4418301000;HS10;Poteaux et poutres autres que les produits des n°s 4418.81 à 4418.89;wood;Industrie;15.0;2.0;;19.0;;=;36.0
4418302000;HS10;Poteaux et poutres autres que les produits des n°s 4418.81 à 4418.89;wood;Industrie;15.0;2.0;;19.0;;=;36.0
4418309000;HS10;Poteaux et poutres autres que les produits des n°s 4418.81 à 4418.89 - Autre;wood - Other;Industrie;15.0;2.0;;19.0;;=;36.0
441840;HS6;Coffrages pour le bétonnage;Wood;;;;;;;;
4418401000;HS10;Coffrages pour le bétonnage;Wood;Industrie;15.0;2.0;;19.0;;=;36.0
4418402000;HS10;Coffrages pour le bétonnage;Wood;Industrie;15.0;2.0;;19.0;;=;36.0
4418409000;HS10;Coffrages pour le bétonnage - Autre;Wood - Other;Industrie;15.0;2.0;;19.0;;=;36.0
441850;HS6;Bardeaux (shingles et shakes);Wood;;;;;;;;
4418501000;HS10;Bardeaux (shingles et shakes);Wood;Industrie;15.0;2.0;;19.0;;=;36.0
4418502000;HS10;Bardeaux (shingles et shakes);Wood;Industrie;15.0;2.0;;19.0;;=;36.0
4418509000;HS10;Bardeaux (shingles et shakes) - Autre;Wood - Other;Industrie;15.0;2.0;;19.0;;=;36.0
441873;HS6;En bambou ou ayant au moins la couche supérieure en bambou;Wood;;;;;;;;
4418731000;HS10;ألواح مجمعة لتكسية الأرضيات من الخيزران بامبو أو بطبقة سطحية منه لـ أرضيات فسيفسائية;ألواح مجمعة لتكسية الأرضيات من الخيزران بامبو أو بطبقة سطحية منه لـ أرضيات فسيفسائية;Industrie;15.0;2.0;;19.0;;=;36.0
4418732000;HS10;ألواح مجمعة لتكسية الأرضيات من الخيزران أو بطبقة سطحية منه أخرى متعددة الطبقات;ألواح مجمعة لتكسية الأرضيات من الخيزران أو بطبقة سطحية منه أخرى متعددة الطبقات;Industrie;15.0;2.0;;19.0;;=;36.0
4418739000;HS10;En bambou ou ayant au moins la couche supérieure en bambou - Autre;Wood - Other;Industrie;15.0;2.0;;19.0;;=;36.0
441874;HS6;Autres;Wood;;;;;;;;
4418741000;HS10;Autres;Wood;Industrie;15.0;2.0;;19.0;;=;36.0
4418742000;HS10;Autres;Wood;Industrie;15.0;2.0;;19.0;;=;36.0
4418749000;HS10;Autres - Autre;Wood - Other;Industrie;15.0;2.0;;19.0;;=;36.0
441875;HS6;Autres;Wood;;;;;;;;
4418751000;HS10;Autres;Wood;Industrie;15.0;2.0;;19.0;;=;36.0
4418752000;HS10;Autres;Wood;Industrie;15.0;2.0;;19.0;;=;36.0
4418759000;HS10;Autres - Autre;Wood - Other;Industrie;15.0;2.0;;19.0;;=;36.0
441879;HS6;Autres;Wood;;;;;;;;
4418791000;HS10;Autres;Wood;Industrie;15.0;2.0;;19.0;;=;36.0
4418792000;HS10;Autres;Wood;Industrie;15.0;2.0;;19.0;;=;36.0
4418799000;HS10;Autres - Autre;Wood - Other;Industrie;15.0;2.0;;19.0;;=;36.0
441881;HS6;Bois lamellé-collé (BLC);Wood;;;;;;;;
4418811000;HS10;Bois lamellé-collé (BLC);Wood;Industrie;15.0;2.0;;19.0;;=;36.0
4418812000;HS10;Bois lamellé-collé (BLC);Wood;Industrie;15.0;2.0;;19.0;;=;36.0
4418819000;HS10;Bois lamellé-collé (BLC) - Autre;Wood - Other;Industrie;15.0;2.0;;19.0;;=;36.0
441882;HS6;Bois lamellé croisé (CLT ou X-lam);Wood;;;;;;;;
4418821000;HS10;Bois lamellé croisé (CLT ou X-lam);Wood;Industrie;15.0;2.0;;19.0;;=;36.0
4418822000;HS10;Bois lamellé croisé (CLT ou X-lam);Wood;Industrie;15.0;2.0;;19.0;;=;36.0
4418829000;HS10;Bois lamellé croisé (CLT ou X-lam) - Autre;Wood - Other;Industrie;15.0;2.0;;19.0;;=;36.0
441883;HS6;Poutres en I;Wood;;;;;;;;
4418831000;HS10;Poutres en I;Wood;Industrie;15.0;2.0;;19.0;;=;36.0
4418832000;HS10;Poutres en I;Wood;Industrie;15.0;2.0;;19.0;;=;36.0
4418839000;HS10;Poutres en I - Autre;Wood - Other;Industrie;15.0;2.0;;19.0;;=;36.0
441889;HS6;Autres;Wood;;;;;;;;
4418891000;HS10;Autres;Wood;Industrie;15.0;2.0;;19.0;;=;36.0
4418892000;HS10;Autres;Wood;Industrie;15.0;2.0;;19.0;;=;36.0
4418899000;HS10;Autres - Autre;Wood - Other;Industrie;15.0;2.0;;19.0;;=;36.0
441891;HS6;En bambou;Wood;;;;;;;;
4418911000;HS10;ألواح خلوية من الخيزران بامبو;ألواح خلوية من الخيزران بامبو;Industrie;15.0;2.0;;19.0;;=;36.0
4418912000;HS10;En bambou;Wood;Industrie;15.0;2.0;;19.0;;=;36.0
4418919000;HS10;En bambou - Autre;Wood - Other;Industrie;15.0;2.0;;19.0;;=;36.0
441892;HS6;Panneaux cellulaires en bois;Wood;;;;;;;;
4418921000;HS10;Panneaux cellulaires en bois;Wood;Industrie;15.0;2.0;;19.0;;=;36.0
4418922000;HS10;Panneaux cellulaires en bois;Wood;Industrie;15.0;2.0;;19.0;;=;36.0
4418929000;HS10;Panneaux cellulaires en bois - Autre;Wood - Other;Industrie;15.0;2.0;;19.0;;=;36.0
441899;HS6;Autres;Wood;;;;;;;;
4418991000;HS10;Autres;Wood;Industrie;15.0;2.0;;19.0;;=;36.0
4418992000;HS10;Autres;Wood;Industrie;15.0;2.0;;19.0;;=;36.0
4418999000;HS10;Autres - Autre;Wood - Other;Industrie;15.0;2.0;;19.0;;=;36.0
4419;RANGEE 19;Tableware and kitchenware, of wood;;;;;;;;;
441911;HS6;Planches à pain;Tableware and kitchenware;;;;;;;;
4419111000;HS10;Planches à pain;Tableware and kitchenware;Industrie;15.0;2.0;;19.0;;=;36.0
4419112000;HS10;Planches à pain;Tableware and kitchenware;Industrie;15.0;2.0;;19.0;;=;36.0
4419119000;HS10;Planches à pain - Autre;Tableware and kitchenware - Other;Industrie;15.0;2.0;;19.0;;=;36.0
441912;HS6;Baguettes;Tableware and kitchenware;;;;;;;;
4419121000;HS10;Baguettes;Tableware and kitchenware;Industrie;15.0;2.0;;19.0;;=;36.0
4419122000;HS10;Baguettes;Tableware and kitchenware;Industrie;15.0;2.0;;19.0;;=;36.0
4419129000;HS10;Baguettes - Autre;Tableware and kitchenware - Other;Industrie;15.0;2.0;;19.0;;=;36.0
441919;HS6;Autres;Tableware and kitchenware;;;;;;;;
4419191000;HS10;ملاعق شوك أدوات سلطة ومجارف ملح من الخيزران بامبو;ملاعق شوك أدوات سلطة ومجارف ملح من الخيزران بامبو;Industrie;15.0;2.0;;19.0;;=;36.0
4419192000;HS10;أطباق وصحون من الخيزران بامبو;أطباق وصحون من الخيزران بامبو;Industrie;15.0;2.0;;19.0;;=;36.0
4419199000;HS10;Autres - Autre;Tableware and kitchenware - Other;Industrie;15.0;2.0;;19.0;;=;36.0
441920;HS6;En bois tropicaux;Tableware and kitchenware;;;;;;;;
4419201000;HS10;ملاعق شوك أدوات سلطة ومجارف ملح من الخشب الاستوائي;ملاعق شوك أدوات سلطة ومجارف ملح من الخشب الاستوائي;Industrie;15.0;2.0;;19.0;;=;36.0
4419202000;HS10;أطباق وصحون من الخشب الاستوائي;أطباق وصحون من الخشب الاستوائي;Industrie;15.0;2.0;;19.0;;=;36.0
4419209000;HS10;En bois tropicaux - Autre;Tableware and kitchenware - Other;Industrie;15.0;2.0;;19.0;;=;36.0
441990;HS6;Autres;Tableware and kitchenware;;;;;;;;
4419901000;HS10;ملاعق شوك أدوات سلطة ومجارف ملح من خشب عادي غير استوائي;ملاعق شوك أدوات سلطة ومجارف ملح من خشب عادي غير استوائي;Industrie;15.0;2.0;;19.0;;=;36.0
4419902000;HS10;أطباق وصحون من خشب عادي غير استوائي;أطباق وصحون من خشب عادي غير استوائي;Industrie;15.0;2.0;;19.0;;=;36.0
4419909000;HS10;Autres - Autre;Tableware and kitchenware - Other;Industrie;15.0;2.0;;19.0;;=;36.0
4420;RANGEE 20;"Wood marquetry and inlaid wood; caskets and cases for jewellery or cutlery, and similar articles of wood; statuettes and other ornaments of wood; wooden articles of furniture not falling in chapter 94";;;;;;;;;
442011;HS6;En bois tropicaux;Wood;;;;;;;;
4420111000;HS10;تماثيل صغيرة وأشياء زينة أخرى من الخشب الاستوائي مصنوعة يدويا;تماثيل صغيرة وأشياء زينة أخرى من الخشب الاستوائي مصنوعة يدويا;Industrie;15.0;2.0;;19.0;;=;36.0
4420112000;HS10;En bois tropicaux;Wood;Industrie;15.0;2.0;;19.0;;=;36.0
4420119000;HS10;En bois tropicaux - Autre;Wood - Other;Industrie;15.0;2.0;;19.0;;=;36.0
442019;HS6;Autres;Wood;;;;;;;;
4420191000;HS10;تماثيل صغيرة وأشياء زينة أخرى من خشب عادي مصنوعة يدويا;تماثيل صغيرة وأشياء زينة أخرى من خشب عادي مصنوعة يدويا;Industrie;15.0;2.0;;19.0;;=;36.0
4420192000;HS10;Autres;Wood;Industrie;15.0;2.0;;19.0;;=;36.0
4420199000;HS10;Autres - Autre;Wood - Other;Industrie;15.0;2.0;;19.0;;=;36.0
442090;HS6;Autres;Wood;;;;;;;;
4420901000;HS10;Autres;Wood;Industrie;15.0;2.0;;19.0;;=;36.0
4420902000;HS10;حمالات معاطف أو قبعات شماعات خشبية;حمالات معاطف أو قبعات شماعات خشبية;Industrie;15.0;2.0;;19.0;;=;36.0
4420909000;HS10;Autres - Autre;Wood - Other;Industrie;15.0;2.0;;19.0;;=;36.0
4421;RANGEE 21;Wooden articles n.e.c. in heading no. 4414 to 4420;;;;;;;;;
442110;HS6;Cintres pour vêtements;Wood;;;;;;;;
4421101000;HS10;Cintres pour vêtements;Wood;Industrie;15.0;2.0;;19.0;;=;36.0
4421102000;HS10;Cintres pour vêtements;Wood;Industrie;15.0;2.0;;19.0;;=;36.0
4421109000;HS10;Cintres pour vêtements - Autre;Wood - Other;Industrie;15.0;2.0;;19.0;;=;36.0
442120;HS6;Cercueils;Wood;;;;;;;;
4421201000;HS10;Cercueils;Wood;Industrie;15.0;2.0;;19.0;;=;36.0
4421202000;HS10;Cercueils;Wood;Industrie;15.0;2.0;;19.0;;=;36.0
4421209000;HS10;Cercueils - Autre;Wood - Other;Industrie;15.0;2.0;;19.0;;=;36.0
442191;HS6;En bambou;Wood;;;;;;;;
4421911000;HS10;أحجار رصف بافي خشبية من الخيزران بامبو;أحجار رصف بافي خشبية من الخيزران بامبو;Industrie;15.0;2.0;;19.0;;=;36.0
4421912000;HS10;مكبات بكرات خيزران لبكرات الغزل أو النسيج أو الخياطة وأدوات مماثلة;مكبات بكرات خيزران لبكرات الغزل أو النسيج أو الخياطة وأدوات مماثلة;Industrie;15.0;2.0;;19.0;;=;36.0
4421919000;HS10;En bambou - Autre;Wood - Other;Industrie;15.0;2.0;;19.0;;=;36.0
442199;HS6;Autres;Wood;;;;;;;;
4421991000;HS10;Autres autres paves en bois;Autres autres paves en bois;Industrie;15.0;2.0;;19.0;;=;36.0
4421992000;HS10;Autres autres canettes busettes bobines pour filatures ou tissages ou pour fils a coudre et articles similaires;Autres autres canettes busettes bobines pour filatures ou tissages ou pour fils a coudre et articles similaires;Industrie;15.0;2.0;;19.0;;=;36.0
4421999000;HS10;Autres - Autre;Wood - Other;Industrie;15.0;2.0;;19.0;;=;36.0
CHAPITRE 45;CHAPITRE;Liège;;;;;;;;;
4501;RANGEE 01;"Natural cork, raw or simply prepared; waste cork; crushed, granulated or ground cork";;;;;;;;;
450110;HS6;Liège naturel brut ou simplement préparé;Natural cork, raw or simply prepared;;;;;;;;
450110;HS6-DIRECT;Liège naturel brut ou simplement préparé;Natural cork, raw or simply prepared;Industrie;15.0;2.0;;19.0;;910 Déclaration d'Importation du Produit | 210 Autorisation de Libre Circulation;36.0
450190;HS6;"Déchets de liège; liège concassé ou granulé";"Waste cork; crushed, granulated or ground cork";;;;;;;;
450190;HS6-DIRECT;"Déchets de liège; liège concassé ou granulé";"Waste cork; crushed, granulated or ground cork";Industrie;15.0;2.0;;19.0;;=;36.0
4502;RANGEE 02;Natural cork, debacked or roughly squared, or in rectangular (including square) blocks, plates, sheets or strip, (including sharp-edged blanks for corks or stoppers);;;;;;;;;
450200;HS6;Liège naturel écroûté ou équarri;Natural cork, debacked or roughly squared;;;;;;;;
450200;HS6-DIRECT;Liège naturel écroûté ou équarri;Natural cork, debacked or roughly squared;Industrie;15.0;2.0;;19.0;;=;36.0
4503;RANGEE 03;"Cork; articles of natural cork";;;;;;;;;
450310;HS6;Bouchons en liège naturel;Corks and stoppers of natural cork;;;;;;;;
4503101000;HS10;Bouchons en liège naturel - Grade 1 / Premium;Corks and stoppers of natural cork - Grade 1 / Premium;Industrie;15.0;2.0;;19.0;;=;36.0
4503102000;HS10;Bouchons en liège naturel - Grade 2 / Standard;Corks and stoppers of natural cork - Grade 2 / Standard;Industrie;15.0;2.0;;19.0;;=;36.0
4503109000;HS10;Bouchons en liège naturel - Autre;Corks and stoppers of natural cork - Other;Industrie;15.0;2.0;;19.0;;=;36.0
450390;HS6;Autres ouvrages en liège naturel;Other articles of natural cork;;;;;;;;
4503901000;HS10;Autres objets et articlesdart et de decoration faits a la main;Autres objets et articlesdart et de decoration faits a la main;Industrie;15.0;2.0;;19.0;;=;36.0
4503902000;HS10;Autres ouvrages en liège naturel;Other articles of natural cork;Industrie;15.0;2.0;;19.0;;=;36.0
4503909000;HS10;Autres ouvrages en liège naturel - Autre;Other articles of natural cork - Other;Industrie;15.0;2.0;;19.0;;=;36.0
4504;RANGEE 04;Agglomerated cork (with or without a binding substance) and articles of agglomerated cork;;;;;;;;;
450410;HS6;Liège aggloméré en cubes, plaques, feuilles;Agglomerated cork in blocks, plates, sheets;;;;;;;;
450410;HS6-DIRECT;Liège aggloméré en cubes, plaques, feuilles;Agglomerated cork in blocks, plates, sheets;Industrie;15.0;2.0;;19.0;;=;36.0
450490;HS6;Autres ouvrages en liège aggloméré;Other articles of agglomerated cork;;;;;;;;
4504901000;HS10;Autres bouchons;Autres bouchons;Industrie;15.0;2.0;;19.0;;=;36.0
4504902000;HS10;Autres flotteurs pour filets de peche en liege;Autres flotteurs pour filets de peche en liege;Industrie;15.0;2.0;;19.0;;=;36.0
4504909000;HS10;Autres ouvrages en liège aggloméré - Autre;Other articles of agglomerated cork - Other;Industrie;15.0;2.0;;19.0;;=;36.0
CHAPITRE 46;CHAPITRE;Ouvrages de sparterie/vannerie;;;;;;;;;
4601;RANGEE 01;"Plaits and similar products of plaiting materials, assembled into strips or not; plaiting materials, plaits and the like bound together in parallel strands or woven in sheet form, finished articles or not";;;;;;;;;
460110;HS6;Tresses et articles similaires en matières à tresser;Plaits and similar products of plaiting materials;;;;;;;;
4601101000;HS10;Tresses et articles similaires en matières à tresser;Plaits and similar products of plaiting materials;Industrie;15.0;2.0;;19.0;;910 Déclaration d'Importation du Produit | 210 Autorisation de Libre Circulation;36.0
4601102000;HS10;Tresses et articles similaires en matières à tresser;Plaits and similar products of plaiting materials;Industrie;15.0;2.0;;19.0;;=;36.0
4601109000;HS10;Tresses et articles similaires en matières à tresser - Autre;Plaits and similar products of plaiting materials - Other;Industrie;15.0;2.0;;19.0;;=;36.0
460121;HS6;Nattes, paillassons et claies en bambou;Mats, matting and screens of bamboo;;;;;;;;
460121;HS6-DIRECT;Nattes, paillassons et claies en bambou;Mats, matting and screens of bamboo;Industrie;15.0;2.0;;19.0;;=;36.0
460122;HS6;Nattes, paillassons et claies en rotin;Mats, matting and screens of rattan;;;;;;;;
460122;HS6-DIRECT;Nattes, paillassons et claies en rotin;Mats, matting and screens of rattan;Industrie;15.0;2.0;;19.0;;=;36.0
460129;HS6;Autres nattes, paillassons et claies en matières végétales;Other mats, matting and screens of vegetable materials;;;;;;;;
460129;HS6-DIRECT;Autres nattes, paillassons et claies en matières végétales;Other mats, matting and screens of vegetable materials;Industrie;15.0;2.0;;19.0;;=;36.0
460192;HS6;Autres articles en bambou;Other articles of bamboo;;;;;;;;
4601921000;HS10;Autres en bambou tresses et articles similaires en matieres a tresser meme assembles en bandes;Autres en bambou tresses et articles similaires en matieres a tresser meme assembles en bandes;Industrie;15.0;2.0;;19.0;;=;36.0
4601922000;HS10;Autres articles en bambou;Other articles of bamboo;Industrie;15.0;2.0;;19.0;;=;36.0
4601929000;HS10;Autres articles en bambou - Autre;Other articles of bamboo - Other;Industrie;15.0;2.0;;19.0;;=;36.0
460193;HS6;Autres articles en rotin;Other articles of rattan;;;;;;;;
4601931000;HS10;Autres en rotin tresses et articles similaires en matieres a tresser meme assembles en bandes;Autres en rotin tresses et articles similaires en matieres a tresser meme assembles en bandes;Industrie;15.0;2.0;;19.0;;=;36.0
4601932000;HS10;Autres articles en rotin;Other articles of rattan;Industrie;15.0;2.0;;19.0;;=;36.0
4601939000;HS10;Autres articles en rotin - Autre;Other articles of rattan - Other;Industrie;15.0;2.0;;19.0;;=;36.0
460194;HS6;Autres articles en matières végétales;Other articles of vegetable materials;;;;;;;;
4601941000;HS10;Autres en autres matieres vegetales tresses et articles similaires en matieres a tresser meme assembles en bandes;Autres en autres matieres vegetales tresses et articles similaires en matieres a tresser meme assembles en bandes;Industrie;15.0;2.0;;19.0;;=;36.0
4601942000;HS10;Autres articles en matières végétales;Other articles of vegetable materials;Industrie;15.0;2.0;;19.0;;=;36.0
4601949000;HS10;Autres articles en matières végétales - Autre;Other articles of vegetable materials - Other;Industrie;15.0;2.0;;19.0;;=;36.0
460199;HS6;Autres articles en matières à tresser;Other articles of plaiting materials;;;;;;;;
460199;HS6-DIRECT;Autres articles en matières à tresser;Other articles of plaiting materials;Industrie;15.0;2.0;;19.0;;=;36.0
4602;RANGEE 02;"Basketwork, wickerwork and other articles, made directly to shape from plaiting materials or made up from goods of heading no. 4601; articles of loofah";;;;;;;;;
460211;HS6;Ouvrages de vannerie en bambou;Basketwork of bamboo;;;;;;;;
4602111000;HS10;En matieres vegetales en bambou obtenus par methode traditionnelle;En matieres vegetales en bambou obtenus par methode traditionnelle;Industrie;15.0;2.0;;19.0;;=;36.0
4602112000;HS10;Ouvrages de vannerie en bambou;Basketwork of bamboo;Industrie;15.0;2.0;;19.0;;=;36.0
4602119000;HS10;Ouvrages de vannerie en bambou - Autre;Basketwork of bamboo - Other;Industrie;15.0;2.0;;19.0;;=;36.0
460212;HS6;Ouvrages de vannerie en rotin;Basketwork of rattan;;;;;;;;
4602121000;HS10;En matieres vegetales en rotin obtenus par methode traditionnelle;En matieres vegetales en rotin obtenus par methode traditionnelle;Industrie;15.0;2.0;;19.0;;=;36.0
4602122000;HS10;Ouvrages de vannerie en rotin;Basketwork of rattan;Industrie;15.0;2.0;;19.0;;=;36.0
4602129000;HS10;Ouvrages de vannerie en rotin - Autre;Basketwork of rattan - Other;Industrie;15.0;2.0;;19.0;;=;36.0
460219;HS6;Autres ouvrages de vannerie en matières végétales;Other basketwork of vegetable materials;;;;;;;;
4602191000;HS10;En matieres vegetales autres obtenus par methode traditionnelle;En matieres vegetales autres obtenus par methode traditionnelle;Industrie;15.0;2.0;;19.0;;=;36.0
4602192000;HS10;Autres ouvrages de vannerie en matières végétales;Other basketwork of vegetable materials;Industrie;15.0;2.0;;19.0;;=;36.0
4602199000;HS10;Autres ouvrages de vannerie en matières végétales - Autre;Other basketwork of vegetable materials - Other;Industrie;15.0;2.0;;19.0;;=;36.0
460290;HS6;Autres ouvrages de vannerie;Other basketwork;;;;;;;;
460290;HS6-DIRECT;Autres ouvrages de vannerie;Other basketwork;Industrie;15.0;2.0;;19.0;;=;36.0
SECTION X;SECTION;"Pâtes de bois; papier ou carton et ouvrages en ces matières";"Pulp of wood; paper or paperboard and articles thereof";;;;;;;;
CHAPITRE 47;CHAPITRE;Pâtes de bois, papier recyclé;;;;;;;;;
4701;RANGEE 01;Wood pulp, mechanical wood pulp;;;;;;;;;
470100;HS6;Pâtes mécaniques de bois;Mechanical wood pulp;;;;;;;;
4701001000;HS10;Pates thermomécaniques de bois;Pates thermomecaniques de bois;Industrie;15.0;2.0;;19.0;;910 Déclaration d'Importation du Produit | 210 Autorisation de Libre Circulation;36.0
4701002000;HS10;Pâtes mécaniques de bois;Mechanical wood pulp;Industrie;15.0;2.0;;19.0;;=;36.0
4701009000;HS10;Pâtes mécaniques de bois - Autre;Mechanical wood pulp - Other;Industrie;15.0;2.0;;19.0;;=;36.0
4702;RANGEE 02;Chemical wood pulp, dissolving grades;;;;;;;;;
470200;HS6;Pâtes chimiques de bois à dissoudre;Chemical wood pulp, dissolving grades;;;;;;;;
470200;HS6-DIRECT;Pâtes chimiques de bois à dissoudre;Chemical wood pulp, dissolving grades;Industrie;15.0;2.0;;19.0;;=;36.0
4703;RANGEE 03;Chemical wood pulp, soda or sulphate, other than dissolving grades;;;;;;;;;
470311;HS6;Pâtes chimiques de bois au sulfate, écrues, de conifères;Chemical wood pulp, soda or sulphate, unbleached, coniferous;;;;;;;;
470311;HS6-DIRECT;Pâtes chimiques de bois au sulfate, écrues, de conifères;Chemical wood pulp, soda or sulphate, unbleached, coniferous;Industrie;15.0;2.0;;19.0;;=;36.0
470319;HS6;Pâtes chimiques de bois au sulfate, écrues, non conifères;Chemical wood pulp, soda or sulphate, unbleached, non-coniferous;;;;;;;;
470319;HS6-DIRECT;Pâtes chimiques de bois au sulfate, écrues, non conifères;Chemical wood pulp, soda or sulphate, unbleached, non-coniferous;Industrie;15.0;2.0;;19.0;;=;36.0
470321;HS6;Pâtes chimiques de bois au sulfate, blanchies, de conifères;Chemical wood pulp, soda or sulphate, bleached, coniferous;;;;;;;;
470321;HS6-DIRECT;Pâtes chimiques de bois au sulfate, blanchies, de conifères;Chemical wood pulp, soda or sulphate, bleached, coniferous;Industrie;15.0;2.0;;19.0;;=;36.0
470329;HS6;Pâtes chimiques de bois au sulfate, blanchies, non conifères;Chemical wood pulp, soda or sulphate, bleached, non-coniferous;;;;;;;;
470329;HS6-DIRECT;Pâtes chimiques de bois au sulfate, blanchies, non conifères;Chemical wood pulp, soda or sulphate, bleached, non-coniferous;Industrie;15.0;2.0;;19.0;;=;36.0
4704;RANGEE 04;Chemical wood pulp, sulphite, other than dissolving grades;;;;;;;;;
470411;HS6;Pâtes chimiques de bois au bisulfite, écrues, de conifères;Chemical wood pulp, sulphite, unbleached, coniferous;;;;;;;;
470411;HS6-DIRECT;Pâtes chimiques de bois au bisulfite, écrues, de conifères;Chemical wood pulp, sulphite, unbleached, coniferous;Industrie;15.0;2.0;;19.0;;=;36.0
470419;HS6;Pâtes chimiques de bois au bisulfite, écrues, non conifères;Chemical wood pulp, sulphite, unbleached, non-coniferous;;;;;;;;
470419;HS6-DIRECT;Pâtes chimiques de bois au bisulfite, écrues, non conifères;Chemical wood pulp, sulphite, unbleached, non-coniferous;Industrie;15.0;2.0;;19.0;;=;36.0
470421;HS6;Pâtes chimiques de bois au bisulfite, blanchies, de conifères;Chemical wood pulp, sulphite, bleached, coniferous;;;;;;;;
470421;HS6-DIRECT;Pâtes chimiques de bois au bisulfite, blanchies, de conifères;Chemical wood pulp, sulphite, bleached, coniferous;Industrie;15.0;2.0;;19.0;;=;36.0
470429;HS6;Pâtes chimiques de bois au bisulfite, blanchies, non conifères;Chemical wood pulp, sulphite, bleached, non-coniferous;;;;;;;;
470429;HS6-DIRECT;Pâtes chimiques de bois au bisulfite, blanchies, non conifères;Chemical wood pulp, sulphite, bleached, non-coniferous;Industrie;15.0;2.0;;19.0;;=;36.0
4705;RANGEE 05;Wood pulp obtained by a combination of mechanical and chemical pulping processes;;;;;;;;;
470500;HS6;Pâtes de bois mi-chimiques;Semi-chemical wood pulp;;;;;;;;
470500;HS6-DIRECT;Pâtes de bois mi-chimiques;Semi-chemical wood pulp;Industrie;15.0;2.0;;19.0;;=;36.0
4706;RANGEE 06;Pulps of fibres derived from recovered (waste and scrap) paper or paperboard or of other fibrous cellulosic material;;;;;;;;;
470610;HS6;Pâtes de linters de coton;Pulp of cotton linters;;;;;;;;
470610;HS6-DIRECT;Pâtes de linters de coton;Pulp of cotton linters;Industrie;15.0;2.0;;19.0;;=;36.0
470620;HS6;Pâtes de fibres obtenues à partir de papier récupéré;Pulps of fibres derived from recovered paper;;;;;;;;
470620;HS6-DIRECT;Pâtes de fibres obtenues à partir de papier récupéré;Pulps of fibres derived from recovered paper;Industrie;15.0;2.0;;19.0;;=;36.0
470630;HS6;Pâtes de bambou;Bamboo pulp;;;;;;;;
470630;HS6-DIRECT;Pâtes de bambou;Bamboo pulp;Industrie;15.0;2.0;;19.0;;=;36.0
470691;HS6;Pâtes mécaniques d'autres matières fibreuses cellulosiques;Mechanical pulp of other fibrous cellulosic material;;;;;;;;
470691;HS6-DIRECT;Pâtes mécaniques d'autres matières fibreuses cellulosiques;Mechanical pulp of other fibrous cellulosic material;Industrie;15.0;2.0;;19.0;;=;36.0
470692;HS6;Pâtes chimiques d'autres matières fibreuses cellulosiques;Chemical pulp of other fibrous cellulosic material;;;;;;;;
470692;HS6-DIRECT;Pâtes chimiques d'autres matières fibreuses cellulosiques;Chemical pulp of other fibrous cellulosic material;Industrie;15.0;2.0;;19.0;;=;36.0
470693;HS6;Pâtes mi-chimiques d'autres matières fibreuses cellulosiques;Semi-chemical pulp of other fibrous cellulosic material;;;;;;;;
470693;HS6-DIRECT;Pâtes mi-chimiques d'autres matières fibreuses cellulosiques;Semi-chemical pulp of other fibrous cellulosic material;Industrie;15.0;2.0;;19.0;;=;36.0
4707;RANGEE 07;Waste and scrap of paper and paperboard;;;;;;;;;
470710;HS6;Papiers ou cartons kraft écrus;Unbleached kraft paper or paperboard;;;;;;;;
470710;HS6-DIRECT;Papiers ou cartons kraft écrus;Unbleached kraft paper or paperboard;Industrie;15.0;2.0;;19.0;;=;36.0
470720;HS6;Autres papiers ou cartons récupérés non triés;Other unsorted recovered paper or paperboard;;;;;;;;
470720;HS6-DIRECT;Autres papiers ou cartons récupérés non triés;Other unsorted recovered paper or paperboard;Industrie;15.0;2.0;;19.0;;=;36.0
470730;HS6;Papiers ou cartons obtenus principalement à partir de pâte mécanique;Paper or paperboard made mainly of mechanical pulp;;;;;;;;
470730;HS6-DIRECT;Papiers ou cartons obtenus principalement à partir de pâte mécanique;Paper or paperboard made mainly of mechanical pulp;Industrie;15.0;2.0;;19.0;;=;36.0
470790;HS6;Autres papiers ou cartons récupérés;Other recovered paper or paperboard;;;;;;;;
470790;HS6-DIRECT;Autres papiers ou cartons récupérés;Other recovered paper or paperboard;Industrie;15.0;2.0;;19.0;;=;36.0
CHAPITRE 48;CHAPITRE;Papiers et cartons;;;;;;;;;
4801;RANGEE 01;Newsprint, in rolls or sheets;;;;;;;;;
480100;HS6;Papier journal en rouleaux ou en feuilles;Newsprint, in rolls or sheets;;;;;;;;
480100;HS6-DIRECT;Papier journal en rouleaux ou en feuilles;Newsprint, in rolls or sheets;Industrie;15.0;2.0;;19.0;;910 Déclaration d'Importation du Produit | 210 Autorisation de Libre Circulation;36.0
4802;RANGEE 02;"Uncoated paper and paperboard, used for writing, printing or other graphics, non perforated punch-cards and punch tape paper, in rolls or rectangular sheets, of any size, other than paper of heading 4801 or 4803; hand-made paper and paperboard";;;;;;;;;
480210;HS6;Papier fait main;Hand-made paper and paperboard;;;;;;;;
480210;HS6-DIRECT;Papier fait main;Hand-made paper and paperboard;Industrie;15.0;2.0;;19.0;;=;36.0
480220;HS6;Papier et carton support pour papier photosensible;Paper and paperboard for photosensitive paper;;;;;;;;
480220;HS6-DIRECT;Papier et carton support pour papier photosensible;Paper and paperboard for photosensitive paper;Industrie;15.0;2.0;;19.0;;=;36.0
480240;HS6;Papiers supports pour papiers peints;Uncoated paper and paperboard (not 4801 or 4803);;;;;;;;
4802401000;HS10;Papiers supports pour papiers peints;Uncoated paper and paperboard (not 4801 or 4803);Industrie;15.0;2.0;;19.0;;=;36.0
4802402000;HS10;Papiers supports pour papiers peints;Uncoated paper and paperboard (not 4801 or 4803);Industrie;15.0;2.0;;19.0;;=;36.0
4802409000;HS10;Papiers supports pour papiers peints - Autre;Uncoated paper and paperboard (not 4801 or 4803) - Other;Industrie;15.0;2.0;;19.0;;=;36.0
480254;HS6;Papier pour écriture < 40 g/m2;Writing paper < 40 g/m2;;;;;;;;
480254;HS6-DIRECT;Papier pour écriture < 40 g/m2;Writing paper < 40 g/m2;Industrie;15.0;2.0;;19.0;;=;36.0
480255;HS6;Papier pour écriture 40-150 g/m2;Writing paper 40-150 g/m2;;;;;;;;
480255;HS6-DIRECT;Papier pour écriture 40-150 g/m2;Writing paper 40-150 g/m2;Industrie;15.0;2.0;;19.0;;=;36.0
480256;HS6;Papier pour écriture > 150 g/m2;Writing paper > 150 g/m2;;;;;;;;
480256;HS6-DIRECT;Papier pour écriture > 150 g/m2;Writing paper > 150 g/m2;Industrie;15.0;2.0;;19.0;;=;36.0
480257;HS6;Autres;Uncoated paper and paperboard (not 4801 or 4803);;;;;;;;
4802571000;HS10;Autres;Uncoated paper and paperboard (not 4801 or 4803);Industrie;15.0;2.0;;19.0;;=;36.0
4802572000;HS10;Autres;Uncoated paper and paperboard (not 4801 or 4803);Industrie;15.0;2.0;;19.0;;=;36.0
4802579000;HS10;Autres - Autre;Uncoated paper and paperboard (not 4801 or 4803) - Other;Industrie;15.0;2.0;;19.0;;=;36.0
480258;HS6;D'un poids au m2 excédant 150 g;Uncoated paper and paperboard (not 4801 or 4803);;;;;;;;
4802581000;HS10;Autres papiers et cartons sans fibres obtenues par un procede mécanique ou chimico mécanique ou dont 10 au plus en poids de la composition fibreuse totale sont constitues par de telles fibres dun poids au m2excedant 150g en rouleaux;Autres papiers et cartons sans fibres obtenues par un procede mecanique ou chimico mecanique ou dont 10 au plus en poids de la composition fibreuse totale sont constitues par de telles fibres dun poids au m2excedant 150g en rouleaux;Industrie;15.0;2.0;;19.0;;=;36.0
4802582000;HS10;D'un poids au m2 excédant 150 g;Uncoated paper and paperboard (not 4801 or 4803);Industrie;15.0;2.0;;19.0;;=;36.0
4802589000;HS10;D'un poids au m2 excédant 150 g - Autre;Uncoated paper and paperboard (not 4801 or 4803) - Other;Industrie;15.0;2.0;;19.0;;=;36.0
480261;HS6;Autres papiers et cartons en rouleaux;Other paper and paperboard in rolls;;;;;;;;
480261;HS6-DIRECT;Autres papiers et cartons en rouleaux;Other paper and paperboard in rolls;Industrie;15.0;2.0;;19.0;;=;36.0
480262;HS6;Autres papiers et cartons en feuilles;Other paper and paperboard in sheets;;;;;;;;
480262;HS6-DIRECT;Autres papiers et cartons en feuilles;Other paper and paperboard in sheets;Industrie;15.0;2.0;;19.0;;=;36.0
480269;HS6;Autres;Uncoated paper and paperboard (not 4801 or 4803);;;;;;;;
4802691000;HS10;Autres;Uncoated paper and paperboard (not 4801 or 4803);Industrie;15.0;2.0;;19.0;;=;36.0
4802692000;HS10;Autres;Uncoated paper and paperboard (not 4801 or 4803);Industrie;15.0;2.0;;19.0;;=;36.0
4802699000;HS10;Autres - Autre;Uncoated paper and paperboard (not 4801 or 4803) - Other;Industrie;15.0;2.0;;19.0;;=;36.0
4803;RANGEE 03;"Tissue, towel, napkin stock or similar; for household or sanitary uses, cellulose wadding, webs of cellulose fibres, in rolls over 36cm in width or rectangular sheets with one side exceeding 36cm when unfolded";;;;;;;;;
480300;HS6;Papier des types utilisés pour papier de toilette;Toilet or facial tissue stock;;;;;;;;
480300;HS6-DIRECT;Papier des types utilisés pour papier de toilette;Toilet or facial tissue stock;Industrie;15.0;2.0;;19.0;;=;36.0
4804;RANGEE 04;Uncoated kraft paper and paperboard, in rolls or sheets, other than that of heading no. 4802 or 4803;;;;;;;;;
480411;HS6;Papier kraft pour sacs écrus;Unbleached kraft sack paper;;;;;;;;
480411;HS6-DIRECT;Papier kraft pour sacs écrus;Unbleached kraft sack paper;Industrie;15.0;2.0;;19.0;;=;36.0
480419;HS6;Autres papiers kraft pour sacs;Other kraft sack paper;;;;;;;;
480419;HS6-DIRECT;Autres papiers kraft pour sacs;Other kraft sack paper;Industrie;15.0;2.0;;19.0;;=;36.0
480421;HS6;Papier kraft pour sacs écru non couché;Unbleached uncoated kraft sack paper;;;;;;;;
480421;HS6-DIRECT;Papier kraft pour sacs écru non couché;Unbleached uncoated kraft sack paper;Industrie;15.0;2.0;;19.0;;=;36.0
480429;HS6;Autres papiers kraft non couchés;Other uncoated kraft paper;;;;;;;;
480429;HS6-DIRECT;Autres papiers kraft non couchés;Other uncoated kraft paper;Industrie;15.0;2.0;;19.0;;=;36.0
480431;HS6;Papier kraft écru blanchis <= 150 g/m2;Unbleached kraft paper <= 150 g/m2;;;;;;;;
480431;HS6-DIRECT;Papier kraft écru blanchis <= 150 g/m2;Unbleached kraft paper <= 150 g/m2;Industrie;15.0;2.0;;19.0;;=;36.0
480439;HS6;Autres papiers kraft écrus;Other unbleached kraft paper;;;;;;;;
480439;HS6-DIRECT;Autres papiers kraft écrus;Other unbleached kraft paper;Industrie;15.0;2.0;;19.0;;=;36.0
480441;HS6;Papiers kraft blanchis <= 150 g/m2;Bleached kraft paper <= 150 g/m2;;;;;;;;
480441;HS6-DIRECT;Papiers kraft blanchis <= 150 g/m2;Bleached kraft paper <= 150 g/m2;Industrie;15.0;2.0;;19.0;;=;36.0
480442;HS6;Papiers kraft blanchis > 150 g/m2;Bleached kraft paper > 150 g/m2;;;;;;;;
480442;HS6-DIRECT;Papiers kraft blanchis > 150 g/m2;Bleached kraft paper > 150 g/m2;Industrie;15.0;2.0;;19.0;;=;36.0
480449;HS6;Autres papiers kraft blanchis;Other bleached kraft paper;;;;;;;;
480449;HS6-DIRECT;Autres papiers kraft blanchis;Other bleached kraft paper;Industrie;15.0;2.0;;19.0;;=;36.0
480451;HS6;Papier et carton pour couverture écrus;Unbleached testliner;;;;;;;;
480451;HS6-DIRECT;Papier et carton pour couverture écrus;Unbleached testliner;Industrie;15.0;2.0;;19.0;;=;36.0
480452;HS6;Papier et carton pour couverture blanchis;Bleached testliner;;;;;;;;
480452;HS6-DIRECT;Papier et carton pour couverture blanchis;Bleached testliner;Industrie;15.0;2.0;;19.0;;=;36.0
480459;HS6;Autres papiers et cartons pour couverture;Other testliner;;;;;;;;
480459;HS6-DIRECT;Autres papiers et cartons pour couverture;Other testliner;Industrie;15.0;2.0;;19.0;;=;36.0
4805;RANGEE 05;Uncoated paper and paperboard n.e.c., in rolls or sheets;;;;;;;;;
480511;HS6;Papier mi-chimique pour cannelure;Semi-chemical fluting paper;;;;;;;;
480511;HS6-DIRECT;Papier mi-chimique pour cannelure;Semi-chemical fluting paper;Industrie;15.0;2.0;;19.0;;=;36.0
480512;HS6;Papier paille pour cannelure;Straw fluting paper;;;;;;;;
480512;HS6-DIRECT;Papier paille pour cannelure;Straw fluting paper;Industrie;15.0;2.0;;19.0;;=;36.0
480519;HS6;Autres papiers pour cannelure;Other fluting paper;;;;;;;;
480519;HS6-DIRECT;Autres papiers pour cannelure;Other fluting paper;Industrie;15.0;2.0;;19.0;;=;36.0
480524;HS6;Papier et carton pour couverture multicouches <= 150 g/m2;Multi-ply testliner <= 150 g/m2;;;;;;;;
480524;HS6-DIRECT;Papier et carton pour couverture multicouches <= 150 g/m2;Multi-ply testliner <= 150 g/m2;Industrie;15.0;2.0;;19.0;;=;36.0
480525;HS6;Papier et carton pour couverture multicouches > 150 g/m2;Multi-ply testliner > 150 g/m2;;;;;;;;
480525;HS6-DIRECT;Papier et carton pour couverture multicouches > 150 g/m2;Multi-ply testliner > 150 g/m2;Industrie;15.0;2.0;;19.0;;=;36.0
480530;HS6;Papier sulfite d'emballage;Sulphite wrapping paper;;;;;;;;
480530;HS6-DIRECT;Papier sulfite d'emballage;Sulphite wrapping paper;Industrie;15.0;2.0;;19.0;;=;36.0
480540;HS6;Papier et carton filtres;Filter paper and paperboard;;;;;;;;
480540;HS6-DIRECT;Papier et carton filtres;Filter paper and paperboard;Industrie;15.0;2.0;;19.0;;=;36.0
480550;HS6;Papier et carton feutres;Felt paper and paperboard;;;;;;;;
480550;HS6-DIRECT;Papier et carton feutres;Felt paper and paperboard;Industrie;15.0;2.0;;19.0;;=;36.0
480591;HS6;Autres papiers et cartons <= 150 g/m2;Other paper and paperboard <= 150 g/m2;;;;;;;;
480591;HS6-DIRECT;Autres papiers et cartons <= 150 g/m2;Other paper and paperboard <= 150 g/m2;Industrie;15.0;2.0;;19.0;;=;36.0
480592;HS6;Autres papiers et cartons 150-225 g/m2;Other paper and paperboard 150-225 g/m2;;;;;;;;
480592;HS6-DIRECT;Autres papiers et cartons 150-225 g/m2;Other paper and paperboard 150-225 g/m2;Industrie;15.0;2.0;;19.0;;=;36.0
480593;HS6;Autres papiers et cartons > 225 g/m2;Other paper and paperboard > 225 g/m2;;;;;;;;
480593;HS6-DIRECT;Autres papiers et cartons > 225 g/m2;Other paper and paperboard > 225 g/m2;Industrie;15.0;2.0;;19.0;;=;36.0
4806;RANGEE 06;Vegetable parchment, greaseproof papers, tracing papers, glassine and other glazed transparent or translucent papers, in rolls or sheets;;;;;;;;;
480610;HS6;Papier et carton sulfurisé (parchemin végétal);Vegetable parchment;;;;;;;;
480610;HS6-DIRECT;Papier et carton sulfurisé (parchemin végétal);Vegetable parchment;Industrie;15.0;2.0;;19.0;;=;36.0
480620;HS6;Papier résistant aux graisses (greaseproof);Greaseproof papers;;;;;;;;
480620;HS6-DIRECT;Papier résistant aux graisses (greaseproof);Greaseproof papers;Industrie;15.0;2.0;;19.0;;=;36.0
480630;HS6;Papier-calque;Tracing papers;;;;;;;;
480630;HS6-DIRECT;Papier-calque;Tracing papers;Industrie;15.0;2.0;;19.0;;=;36.0
480640;HS6;Papier cristal et autres papiers calandrés transparents;Glassine and other glazed transparent papers;;;;;;;;
480640;HS6-DIRECT;Papier cristal et autres papiers calandrés transparents;Glassine and other glazed transparent papers;Industrie;15.0;2.0;;19.0;;=;36.0
4807;RANGEE 07;Composite paper and paperboard, (made by sticking layers together with an adhesive), not surface-coated or impregnated, whether or not internally reinforced, in rolls or sheets;;;;;;;;;
480700;HS6;Papier et carton composites non couchés;Composite paper and paperboard, not surface-coated;;;;;;;;
480700;HS6-DIRECT;Papier et carton composites non couchés;Composite paper and paperboard, not surface-coated;Industrie;15.0;2.0;;19.0;;=;36.0
4808;RANGEE 08;Paper and paperboard, corrugated (with or without glued flat surface sheets), creped, crinkled, embossed or perforated, in rolls or sheets other than paper of the kind described in heading 4803;;;;;;;;;
480810;HS6;Papier et carton ondulés;Corrugated paper and paperboard;;;;;;;;
480810;HS6-DIRECT;Papier et carton ondulés;Corrugated paper and paperboard;Industrie;15.0;2.0;;19.0;;=;36.0
480840;HS6;Papier kraft crêpé ou plissé;Kraft paper, creped or crinkled;;;;;;;;
480840;HS6-DIRECT;Papier kraft crêpé ou plissé;Kraft paper, creped or crinkled;Industrie;15.0;2.0;;19.0;;=;36.0
480890;HS6;Autres papiers et cartons ondulés, crêpés, plissés;Other corrugated, creped, crinkled paper and paperboard;;;;;;;;
480890;HS6-DIRECT;Autres papiers et cartons ondulés, crêpés, plissés;Other corrugated, creped, crinkled paper and paperboard;Industrie;15.0;2.0;;19.0;;=;36.0
4809;RANGEE 09;Carbon paper, self copy paper, and other copying or transfer papers (including coated or impregnated paper for duplicator stencils or offset plates), whether or not printed, in rolls or sheets;;;;;;;;;
480910;HS6;Papier carbone et papiers similaires;Carbon paper and similar copying papers;;;;;;;;
480910;HS6-DIRECT;Papier carbone et papiers similaires;Carbon paper and similar copying papers;Industrie;15.0;2.0;;19.0;;=;36.0
480920;HS6;Papier autocopiant;Self-copy paper;;;;;;;;
480920;HS6-DIRECT;Papier autocopiant;Self-copy paper;Industrie;15.0;2.0;;19.0;;=;36.0
480990;HS6;Autres papiers pour copie ou report;Other copying or transfer papers;;;;;;;;
480990;HS6-DIRECT;Autres papiers pour copie ou report;Other copying or transfer papers;Industrie;15.0;2.0;;19.0;;=;36.0
4810;RANGEE 10;Paper and paperboard, coated one or both sides with kaolin (china clay) or inorganic substances, with binder or not, no other coating, surface coloured or not, surface decorated or printed, in rolls or rectangular (including square) sheets, of any size;;;;;;;;;
481013;HS6;Papier et carton couchés au kaolin;Paper and paperboard coated with kaolin;;;;;;;;
481013;HS6-DIRECT;Papier et carton couchés au kaolin;Paper and paperboard coated with kaolin;Industrie;15.0;2.0;;19.0;;=;36.0
481014;HS6;Papier et carton couchés au kaolin en rouleaux;Paper and paperboard coated with kaolin in rolls;;;;;;;;
481014;HS6-DIRECT;Papier et carton couchés au kaolin en rouleaux;Paper and paperboard coated with kaolin in rolls;Industrie;15.0;2.0;;19.0;;=;36.0
481019;HS6;Autres papiers et cartons couchés au kaolin;Other paper and paperboard coated with kaolin;;;;;;;;
481019;HS6-DIRECT;Autres papiers et cartons couchés au kaolin;Other paper and paperboard coated with kaolin;Industrie;15.0;2.0;;19.0;;=;36.0
481022;HS6;Papier couché léger (LWC);Light-weight coated paper;;;;;;;;
481022;HS6-DIRECT;Papier couché léger (LWC);Light-weight coated paper;Industrie;15.0;2.0;;19.0;;=;36.0
481029;HS6;Autres papiers couchés;Other coated paper;;;;;;;;
481029;HS6-DIRECT;Autres papiers couchés;Other coated paper;Industrie;15.0;2.0;;19.0;;=;36.0
481031;HS6;Papier et carton kraft blanchis couchés;Bleached kraft paper and paperboard, coated;;;;;;;;
481031;HS6-DIRECT;Papier et carton kraft blanchis couchés;Bleached kraft paper and paperboard, coated;Industrie;15.0;2.0;;19.0;;=;36.0
481032;HS6;Papier et carton kraft blanchis couchés > 150 g/m2;Bleached kraft paper and paperboard, coated > 150 g/m2;;;;;;;;
481032;HS6-DIRECT;Papier et carton kraft blanchis couchés > 150 g/m2;Bleached kraft paper and paperboard, coated > 150 g/m2;Industrie;15.0;2.0;;19.0;;=;36.0
481039;HS6;Autres papiers et cartons kraft couchés;Other coated kraft paper and paperboard;;;;;;;;
481039;HS6-DIRECT;Autres papiers et cartons kraft couchés;Other coated kraft paper and paperboard;Industrie;15.0;2.0;;19.0;;=;36.0
481092;HS6;Carton multicouches couché au kaolin;Multi-ply paperboard coated with kaolin;;;;;;;;
481092;HS6-DIRECT;Carton multicouches couché au kaolin;Multi-ply paperboard coated with kaolin;Industrie;15.0;2.0;;19.0;;=;36.0
481099;HS6;Autres papiers et cartons couchés;Other coated paper and paperboard;;;;;;;;
481099;HS6-DIRECT;Autres papiers et cartons couchés;Other coated paper and paperboard;Industrie;15.0;2.0;;19.0;;=;36.0
4811;RANGEE 11;Paper, paperboard, cellulose wadding and webs of cellulose fibres, coated, impregnated, covered, surface-coloured, decorated or printed, rolls or sheets, other than goods of heading no. 4803, 4809, or 4810;;;;;;;;;
481110;HS6;Papiers et cartons goudronnés, bitumés ou asphaltés;Tarred, bituminised or asphalted paper and paperboard;;;;;;;;
481110;HS6-DIRECT;Papiers et cartons goudronnés, bitumés ou asphaltés;Tarred, bituminised or asphalted paper and paperboard;Industrie;15.0;2.0;;19.0;;=;36.0
481141;HS6;Papiers et cartons auto-adhésifs;Self-adhesive paper and paperboard;;;;;;;;
481141;HS6-DIRECT;Papiers et cartons auto-adhésifs;Self-adhesive paper and paperboard;Industrie;15.0;2.0;;19.0;;=;36.0
481149;HS6;Autres papiers et cartons gommés ou adhésifs;Other gummed or adhesive paper and paperboard;;;;;;;;
481149;HS6-DIRECT;Autres papiers et cartons gommés ou adhésifs;Other gummed or adhesive paper and paperboard;Industrie;15.0;2.0;;19.0;;=;36.0
481151;HS6;Papiers et cartons blanchis >= 150 g/m2;Bleached paper and paperboard >= 150 g/m2;;;;;;;;
481151;HS6-DIRECT;Papiers et cartons blanchis >= 150 g/m2;Bleached paper and paperboard >= 150 g/m2;Industrie;15.0;2.0;;19.0;;=;36.0
481159;HS6;Autres papiers et cartons enduits ou imprégnés;Other coated or impregnated paper and paperboard;;;;;;;;
481159;HS6-DIRECT;Autres papiers et cartons enduits ou imprégnés;Other coated or impregnated paper and paperboard;Industrie;15.0;2.0;;19.0;;=;36.0
481160;HS6;Papiers et cartons enduits de cire ou stéarine;Paper and paperboard coated with wax or stearin;;;;;;;;
481160;HS6-DIRECT;Papiers et cartons enduits de cire ou stéarine;Paper and paperboard coated with wax or stearin;Industrie;15.0;2.0;;19.0;;=;36.0
481190;HS6;Autres papiers, cartons, ouate de cellulose enduits;Other coated paper, paperboard, cellulose wadding;;;;;;;;
481190;HS6-DIRECT;Autres papiers, cartons, ouate de cellulose enduits;Other coated paper, paperboard, cellulose wadding;Industrie;15.0;2.0;;19.0;;=;36.0
4812;RANGEE 12;Filter blocks, slabs and plates of paper pulp;;;;;;;;;
481200;HS6;Blocs et plaques filtrants en pâte à papier;Filter blocks and plates of paper pulp;;;;;;;;
481200;HS6-DIRECT;Blocs et plaques filtrants en pâte à papier;Filter blocks and plates of paper pulp;Industrie;15.0;2.0;;19.0;;=;36.0
4813;RANGEE 13;Cigarette paper, whether or not cut to size or in the form of booklets or tubes;;;;;;;;;
481310;HS6;Papier à cigarettes en cahiers ou en tubes;Cigarette paper in form of booklets or tubes;;;;;;;;
481310;HS6-DIRECT;Papier à cigarettes en cahiers ou en tubes;Cigarette paper in form of booklets or tubes;Industrie;15.0;2.0;;19.0;;=;36.0
481320;HS6;Papier à cigarettes en rouleaux;Cigarette paper in rolls;;;;;;;;
481320;HS6-DIRECT;Papier à cigarettes en rouleaux;Cigarette paper in rolls;Industrie;15.0;2.0;;19.0;;=;36.0
481390;HS6;Autres papiers à cigarettes;Other cigarette paper;;;;;;;;
481390;HS6-DIRECT;Autres papiers à cigarettes;Other cigarette paper;Industrie;15.0;2.0;;19.0;;=;36.0
4814;RANGEE 14;"Wallpaper and similar wall coverings; window transparencies of paper";;;;;;;;;
481420;HS6;Papiers peints et revêtements muraux similaires;Wallpaper and similar wall coverings;;;;;;;;
4814201000;HS10;Papiers peints et revêtements muraux similaires;Wallpaper and similar wall coverings;Industrie;15.0;2.0;;19.0;;=;36.0
4814202000;HS10;Papiers peints et revêtements muraux similaires;Wallpaper and similar wall coverings;Industrie;15.0;2.0;;19.0;;=;36.0
4814209000;HS10;Papiers peints et revêtements muraux similaires - Autre;Wallpaper and similar wall coverings - Other;Industrie;15.0;2.0;;19.0;;=;36.0
481490;HS6;Autres papiers peints;Other wallpaper;;;;;;;;
481490;HS6-DIRECT;Autres papiers peints;Other wallpaper;Industrie;15.0;2.0;;19.0;;=;36.0
4815;RANGEE 15;;;;;;;;;;
481500;HS6;Couvre-parquets à support de papier ou carton;Floor coverings on a base of paper or paperboard;;;;;;;;
481500;HS6-DIRECT;Couvre-parquets à support de papier ou carton;Floor coverings on a base of paper or paperboard;Industrie;15.0;2.0;;19.0;;=;36.0
4816;RANGEE 16;Carbon paper, self-copy paper and other copying or transfer papers, (other than those of heading no. 4809), duplicator stencils and offset plates, of paper whether or not put up in boxes;;;;;;;;;
481610;HS6;Papier carbone et papiers similaires;Carbon paper and similar copying papers;;;;;;;;
481610;HS6-DIRECT;Papier carbone et papiers similaires;Carbon paper and similar copying papers;Industrie;15.0;2.0;;19.0;;=;36.0
481620;HS6;Papier autocopiant;Self-copy paper;;;;;;;;
481620;HS6-DIRECT;Papier autocopiant;Self-copy paper;Industrie;15.0;2.0;;19.0;;=;36.0
481690;HS6;Autres papiers pour duplicata ou reports;Other duplicator stencils or transfer papers;;;;;;;;
481690;HS6-DIRECT;Autres papiers pour duplicata ou reports;Other duplicator stencils or transfer papers;Industrie;15.0;2.0;;19.0;;=;36.0
4817;RANGEE 17;"Envelopes, letter cards, plain postcards and correspondence cards, of paper, paperboard; boxes, pouches, wallets and writing compendiums, of paper or paperboard containing assortment of paper stationery";;;;;;;;;
481710;HS6;Enveloppes en papier ou carton;Envelopes of paper or paperboard;;;;;;;;
4817101000;HS10;Enveloppes en papier ou carton;Envelopes of paper or paperboard;Industrie;15.0;2.0;;19.0;;=;36.0
4817102000;HS10;Enveloppes en papier ou carton;Envelopes of paper or paperboard;Industrie;15.0;2.0;;19.0;;=;36.0
4817109000;HS10;Enveloppes en papier ou carton - Autre;Envelopes of paper or paperboard - Other;Industrie;15.0;2.0;;19.0;;=;36.0
481720;HS6;Cartes-lettres, cartes postales et cartes pour correspondance;Letter cards, postcards and correspondence cards;;;;;;;;
481720;HS6-DIRECT;Cartes-lettres, cartes postales et cartes pour correspondance;Letter cards, postcards and correspondence cards;Industrie;15.0;2.0;;19.0;;=;36.0
481730;HS6;Boîtes, pochettes et articles similaires contenant un assortiment d'articles de correspondance;Boxes, pouches containing correspondence articles;;;;;;;;
481730;HS6-DIRECT;Boîtes, pochettes et articles similaires contenant un assortiment d'articles de correspondance;Boxes, pouches containing correspondence articles;Industrie;15.0;2.0;;19.0;;=;36.0
4818;RANGEE 18;"Toilet paper, width 36cm or less or cut to size/shape; handkerchiefs, tissues, towels, serviettes, bed sheets and similar household or hospital articles, apparel and clothing accessories of paper pulp, paper, cellulose wadding or webs of cellulose fibres";;;;;;;;;
481810;HS6;Papier hygiénique;Toilet paper;;;;;;;;
4818101000;HS10;Papier hygienique en rouleaux dune largeur nexcedant pas 36 cm;Papier hygienique en rouleaux dune largeur nexcedant pas 36 cm;Industrie;15.0;2.0;;19.0;;=;36.0
4818102000;HS10;Papier hygienique en feuilles de forme carree ou rectangulaire dont aucun cote nexcede 36 cm a letat non plie;Papier hygienique en feuilles de forme carree ou rectangulaire dont aucun cote nexcede 36 cm a letat non plie;Industrie;15.0;2.0;;19.0;;=;36.0
4818109000;HS10;Papier hygiénique - Autre;Toilet paper - Other;Industrie;15.0;2.0;;19.0;;=;36.0
481820;HS6;Mouchoirs, serviettes à démaquiller et essuie-mains;Handkerchiefs, cleansing tissues and towels;;;;;;;;
4818201000;HS10;Mouchoirs, serviettes à démaquiller et essuie-mains;Handkerchiefs, cleansing tissues and towels;Industrie;15.0;2.0;;19.0;;=;36.0
4818202000;HS10;Mouchoirs;Mouchoirs;Industrie;15.0;2.0;;19.0;;=;36.0
4818209000;HS10;Mouchoirs, serviettes à démaquiller et essuie-mains - Autre;Handkerchiefs, cleansing tissues and towels - Other;Industrie;15.0;2.0;;19.0;;=;36.0
481830;HS6;Nappes et serviettes de table;Tablecloths and serviettes;;;;;;;;
481830;HS6-DIRECT;Nappes et serviettes de table;Tablecloths and serviettes;Industrie;15.0;2.0;;19.0;;=;36.0
481850;HS6;Vêtements et accessoires du vêtement en papier;Articles of apparel and clothing accessories of paper;;;;;;;;
481850;HS6-DIRECT;Vêtements et accessoires du vêtement en papier;Articles of apparel and clothing accessories of paper;Industrie;15.0;2.0;;19.0;;=;36.0
481890;HS6;Autres articles en papier des types utilisés à des fins sanitaires;Other articles of paper for sanitary purposes;;;;;;;;
481890;HS6-DIRECT;Autres articles en papier des types utilisés à des fins sanitaires;Other articles of paper for sanitary purposes;Industrie;15.0;2.0;;19.0;;=;36.0
4819;RANGEE 19;"Cartons, boxes, cases, bags and the like, of paper, paperboard, cellulose wadding or fibres; box files, letter trays and the like, of paper or paperboard, of a kind used in offices, shops or the like";;;;;;;;;
481910;HS6;Boîtes en papier ou carton ondulé;Cartons, boxes of corrugated paper or paperboard;;;;;;;;
4819101000;HS10;Boîtes et caisses en papier ou carton ondule imprimees;Boites et caisses en papier ou carton ondule imprimees;Industrie;15.0;2.0;;19.0;;=;36.0
4819102000;HS10;Boîtes et caisses en papier ou carton ondule non imprimees;Boites et caisses en papier ou carton ondule non imprimees;Industrie;15.0;2.0;;19.0;;=;36.0
4819109000;HS10;Boîtes en papier ou carton ondulé - Autre;Cartons, boxes of corrugated paper or paperboard - Other;Industrie;15.0;2.0;;19.0;;=;36.0
481920;HS6;Boîtes pliantes en papier ou carton non ondulé;Folding cartons of non-corrugated paper or paperboard;;;;;;;;
4819201000;HS10;Boîtes pliantes en papier ou carton non ondulé;Folding cartons of non-corrugated paper or paperboard;Industrie;15.0;2.0;;19.0;;=;36.0
4819202000;HS10;Boîtes pliantes en papier ou carton non ondulé;Folding cartons of non-corrugated paper or paperboard;Industrie;15.0;2.0;;19.0;;=;36.0
4819209000;HS10;Boîtes pliantes en papier ou carton non ondulé - Autre;Folding cartons of non-corrugated paper or paperboard - Other;Industrie;15.0;2.0;;19.0;;=;36.0
481930;HS6;Sacs en papier largeur >= 40 cm;Sacks and bags of paper width >= 40 cm;;;;;;;;
481930;HS6-DIRECT;Sacs en papier largeur >= 40 cm;Sacks and bags of paper width >= 40 cm;Industrie;15.0;2.0;;19.0;;=;36.0
481940;HS6;Autres sacs, sachets et cornets en papier;Other sacks, bags and cones of paper;;;;;;;;
4819401000;HS10;Sacs autre que ceux du n 481930;Sacs autre que ceux du n 481930;Industrie;15.0;2.0;;19.0;;=;36.0
4819402000;HS10;Autres sacs, sachets et cornets en papier;Other sacks, bags and cones of paper;Industrie;15.0;2.0;;19.0;;=;36.0
4819409000;HS10;Autres sacs, sachets et cornets en papier - Autre;Other sacks, bags and cones of paper - Other;Industrie;15.0;2.0;;19.0;;=;36.0
481950;HS6;Autres emballages en papier ou carton;Other packing containers of paper or paperboard;;;;;;;;
4819501000;HS10;Pochettes pour disques;Pochettes pour disques;Industrie;15.0;2.0;;19.0;;=;36.0
4819502000;HS10;Autres emballages en papier ou carton;Other packing containers of paper or paperboard;Industrie;15.0;2.0;;19.0;;=;36.0
4819509000;HS10;Autres emballages en papier ou carton - Autre;Other packing containers of paper or paperboard - Other;Industrie;15.0;2.0;;19.0;;=;36.0
481960;HS6;Classeurs, chemises et couvertures à dossiers;Box files, letter trays and similar articles;;;;;;;;
481960;HS6-DIRECT;Classeurs, chemises et couvertures à dossiers;Box files, letter trays and similar articles;Industrie;15.0;2.0;;19.0;;=;36.0
4820;RANGEE 20;"Registers, account books, diaries and similar; albums for samples or collections, of paper or paperboard";;;;;;;;;
482010;HS6;Registres, livres comptables, carnets et articles similaires;Registers, account books, notebooks and similar articles;;;;;;;;
4820101000;HS10;Registres livres comptables et carnets de commandes ou de quittances;Registres livres comptables et carnets de commandes ou de quittances;Industrie;15.0;2.0;;19.0;;=;36.0
4820102000;HS10;Carnets de notes blocs de papier a lettres et blocs memorandums;Carnets de notes blocs de papier a lettres et blocs memorandums;Industrie;15.0;2.0;;19.0;;=;36.0
4820109000;HS10;Registres, livres comptables, carnets et articles similaires - Autre;Registers, account books, notebooks and similar articles - Other;Industrie;15.0;2.0;;19.0;;=;36.0
482020;HS6;Cahiers d'écolier;Exercise books;;;;;;;;
482020;HS6-DIRECT;Cahiers d'écolier;Exercise books;Industrie;15.0;2.0;;19.0;;=;36.0
482030;HS6;Classeurs, reliures et couvertures;Binders, folders and file covers;;;;;;;;
482030;HS6-DIRECT;Classeurs, reliures et couvertures;Binders, folders and file covers;Industrie;15.0;2.0;;19.0;;=;36.0
482040;HS6;Liasses et carnets manifold;Manifold business forms and interleaved carbon sets;;;;;;;;
482040;HS6-DIRECT;Liasses et carnets manifold;Manifold business forms and interleaved carbon sets;Industrie;15.0;2.0;;19.0;;=;36.0
482050;HS6;Albums pour échantillons ou collections;Albums for samples or for collections;;;;;;;;
482050;HS6-DIRECT;Albums pour échantillons ou collections;Albums for samples or for collections;Industrie;15.0;2.0;;19.0;;=;36.0
482090;HS6;Autres articles de papeterie;Other articles of stationery;;;;;;;;
482090;HS6-DIRECT;Autres articles de papeterie;Other articles of stationery;Industrie;15.0;2.0;;19.0;;=;36.0
4821;RANGEE 21;Paper or paperboard labels of all kinds, whether or not printed;;;;;;;;;
482110;HS6;Étiquettes en papier ou carton imprimées;Printed labels of paper or paperboard;;;;;;;;
4821101000;HS10;Étiquettes en papier ou carton imprimées;Printed labels of paper or paperboard;Industrie;15.0;2.0;;19.0;;=;36.0
4821102000;HS10;Étiquettes en papier ou carton imprimées;Printed labels of paper or paperboard;Industrie;15.0;2.0;;19.0;;=;36.0
4821109000;HS10;Étiquettes en papier ou carton imprimées - Autre;Printed labels of paper or paperboard - Other;Industrie;15.0;2.0;;19.0;;=;36.0
482190;HS6;Autres étiquettes en papier ou carton;Other labels of paper or paperboard;;;;;;;;
482190;HS6-DIRECT;Autres étiquettes en papier ou carton;Other labels of paper or paperboard;Industrie;15.0;2.0;;19.0;;=;36.0
4822;RANGEE 22;Bobbins, spools, cops and similar supports of paper pulp, paper or paperboard (whether or not perforated or hardened);;;;;;;;;
482210;HS6;Tambours, bobines, busettes en pâte à papier;Bobbins, spools, cops of paper pulp;;;;;;;;
482210;HS6-DIRECT;Tambours, bobines, busettes en pâte à papier;Bobbins, spools, cops of paper pulp;Industrie;15.0;2.0;;19.0;;=;36.0
482290;HS6;Autres tambours, bobines, busettes;Other bobbins, spools, cops;;;;;;;;
482290;HS6-DIRECT;Autres tambours, bobines, busettes;Other bobbins, spools, cops;Industrie;15.0;2.0;;19.0;;=;36.0
4823;RANGEE 23;"Paper, paperboard, cellulose wadding and webs of cellulose fibres; cut to size or shape, articles of paper pulp, paper and paper-board, cellulose wadding or webs of cellulose fibres, n.e.c. in chapter 48";;;;;;;;;
482311;HS6;Papiers autoadhésifs en rouleaux;Self-adhesive paper in rolls;;;;;;;;
482311;HS6-DIRECT;Papiers autoadhésifs en rouleaux;Self-adhesive paper in rolls;Industrie;15.0;2.0;;19.0;;=;36.0
482319;HS6;Autres papiers autoadhésifs;Other self-adhesive paper;;;;;;;;
482319;HS6-DIRECT;Autres papiers autoadhésifs;Other self-adhesive paper;Industrie;15.0;2.0;;19.0;;=;36.0
482320;HS6;Papier et carton filtres;Filter paper and paperboard;;;;;;;;
482320;HS6-DIRECT;Papier et carton filtres;Filter paper and paperboard;Industrie;15.0;2.0;;19.0;;=;36.0
482340;HS6;Papier à diagrammes pour appareils enregistreurs;Rolls, sheets of paper for recording apparatus;;;;;;;;
482340;HS6-DIRECT;Papier à diagrammes pour appareils enregistreurs;Rolls, sheets of paper for recording apparatus;Industrie;15.0;2.0;;19.0;;=;36.0
482361;HS6;Plateaux, plats et assiettes en bambou;Trays, dishes and plates of bamboo;;;;;;;;
482361;HS6-DIRECT;Plateaux, plats et assiettes en bambou;Trays, dishes and plates of bamboo;Industrie;15.0;2.0;;19.0;;=;36.0
482369;HS6;Autres plateaux, plats et assiettes en papier;Other trays, dishes and plates of paper;;;;;;;;
482369;HS6-DIRECT;Autres plateaux, plats et assiettes en papier;Other trays, dishes and plates of paper;Industrie;15.0;2.0;;19.0;;=;36.0
482370;HS6;Articles moulés en pâte à papier;Moulded articles of paper pulp;;;;;;;;
4823701000;HS10;Plaques moulees a alveoles pour lemballage des oeufs;Plaques moulees a alveoles pour lemballage des oeufs;Industrie;15.0;2.0;;19.0;;=;36.0
4823702000;HS10;Articles moulés en pâte à papier;Moulded articles of paper pulp;Industrie;15.0;2.0;;19.0;;=;36.0
4823709000;HS10;Articles moulés en pâte à papier - Autre;Moulded articles of paper pulp - Other;Industrie;15.0;2.0;;19.0;;=;36.0
482390;HS6;Autres ouvrages en papier, carton, ouate de cellulose;Other articles of paper, paperboard, cellulose wadding;;;;;;;;
4823901000;HS10;Papier gomme ou adhesif en bandes ou en rouleaux auto adhésifs;Papier gomme ou adhesif en bandes ou en rouleaux auto adhesifs;Industrie;15.0;2.0;;19.0;;=;36.0
4823902000;HS10;Papier gomme ou adhesif en bandes ou en rouleaux autres quauto adhésifs;Papier gomme ou adhesif en bandes ou en rouleaux autres quauto adhesifs;Industrie;15.0;2.0;;19.0;;=;36.0
4823909000;HS10;Autres ouvrages en papier, carton, ouate de cellulose - Autre;Other articles of paper, paperboard, cellulose wadding - Other;Industrie;15.0;2.0;;19.0;;=;36.0
CHAPITRE 49;CHAPITRE;Produits de l'édition, presse;;;;;;;;;
4901;RANGEE 01;Printed books, brochures, leaflets and similar printed matter, whether or not in single sheets;;;;;;;;;
490110;HS6;Livres, brochures et imprimés similaires en feuillets;Printed books, brochures and similar printed matter;;;;;;;;
4901101000;HS10;Pages pour livres non reliees;Pages pour livres non reliees;Édition;15.0;2.0;;19.0;;910 Déclaration d'Importation du Produit | 210 Autorisation de Libre Circulation;36.0
4901102000;HS10;Livres, brochures et imprimés similaires en feuillets;Printed books, brochures and similar printed matter;Édition;15.0;2.0;;19.0;;=;36.0
4901109000;HS10;Livres, brochures et imprimés similaires en feuillets - Autre;Printed books, brochures and similar printed matter - Other;Édition;15.0;2.0;;19.0;;=;36.0
490191;HS6;Dictionnaires et encyclopédies;Dictionaries and encyclopaedias;;;;;;;;
490191;HS6-DIRECT;Dictionnaires et encyclopédies;Dictionaries and encyclopaedias;Édition;15.0;2.0;;19.0;;=;36.0
490199;HS6;Autres livres, brochures et imprimés similaires;Other printed books, brochures and similar;;;;;;;;
4901991000;HS10;Livres brochures et imprimes similaires a caracteres braille;Livres brochures et imprimes similaires a caracteres braille;Édition;15.0;2.0;;19.0;;=;36.0
4901992000;HS10;Autres livres, brochures et imprimés similaires;Other printed books, brochures and similar;Édition;15.0;2.0;;19.0;;=;36.0
4901999000;HS10;Autres livres, brochures et imprimés similaires - Autre;Other printed books, brochures and similar - Other;Édition;15.0;2.0;;19.0;;=;36.0
4902;RANGEE 02;Newspapers, journals and periodicals, whether or not illustrated or containing advertising material;;;;;;;;;
490210;HS6;Journaux et publications périodiques paraissant au moins 4 fois/semaine;Newspapers and periodicals appearing at least 4 times a week;;;;;;;;
490210;HS6-DIRECT;Journaux et publications périodiques paraissant au moins 4 fois/semaine;Newspapers and periodicals appearing at least 4 times a week;Édition;15.0;2.0;;19.0;;=;36.0
490290;HS6;Autres journaux et publications périodiques;Other newspapers and periodicals;;;;;;;;
490290;HS6-DIRECT;Autres journaux et publications périodiques;Other newspapers and periodicals;Édition;15.0;2.0;;19.0;;=;36.0
4903;RANGEE 03;Children's picture, drawing or colouring books;;;;;;;;;
490300;HS6;Albums ou livres d'images pour enfants;Children's picture, drawing or colouring books;;;;;;;;
490300;HS6-DIRECT;Albums ou livres d'images pour enfants;Children's picture, drawing or colouring books;Édition;15.0;2.0;;19.0;;=;36.0
4904;RANGEE 04;Music, printed or in manuscript, whether or not bound or illustrated;;;;;;;;;
490400;HS6;Musique manuscrite ou imprimée;Music, printed or in manuscript;;;;;;;;
490400;HS6-DIRECT;Musique manuscrite ou imprimée;Music, printed or in manuscript;Édition;15.0;2.0;;19.0;;=;36.0
4905;RANGEE 05;Maps and hydrographic or similar charts of all kinds, including atlases, wall maps, topographical plans and globes, printed;;;;;;;;;
490510;HS6;Globes terrestres ou célestes;Globes, printed;;;;;;;;
490510;HS6-DIRECT;Globes terrestres ou célestes;Globes, printed;Édition;15.0;2.0;;19.0;;=;36.0
490520;HS6;Sous forme de livres ou de brochures;Maps and hydrographic or similar charts;;;;;;;;
4905201000;HS10;Sous forme de livres ou de brochures non entoiles;Sous forme de livres ou de brochures non entoiles;Édition;15.0;2.0;;19.0;;=;36.0
4905202000;HS10;Sous forme de livres ou de brochures;Maps and hydrographic or similar charts;Édition;15.0;2.0;;19.0;;=;36.0
4905209000;HS10;Sous forme de livres ou de brochures - Autre;Maps and hydrographic or similar charts - Other;Édition;15.0;2.0;;19.0;;=;36.0
490590;HS6;Autres;Maps and hydrographic or similar charts;;;;;;;;
4905901000;HS10;Autres globes;Autres globes;Édition;15.0;2.0;;19.0;;=;36.0
4905902000;HS10;Autres cartes geographiques hydrographiques ou astronomiques;Autres cartes geographiques hydrographiques ou astronomiques;Édition;15.0;2.0;;19.0;;=;36.0
4905909000;HS10;Autres - Autre;Maps and hydrographic or similar charts - Other;Édition;15.0;2.0;;19.0;;=;36.0
490591;HS6;Ouvrages cartographiques sous forme de livres;Cartographic works in book form;;;;;;;;
490591;HS6-DIRECT;Ouvrages cartographiques sous forme de livres;Cartographic works in book form;Édition;15.0;2.0;;19.0;;=;36.0
490599;HS6;Autres ouvrages cartographiques;Other cartographic works;;;;;;;;
490599;HS6-DIRECT;Autres ouvrages cartographiques;Other cartographic works;Édition;15.0;2.0;;19.0;;=;36.0
4906;RANGEE 06;"Plans and drawings; for architectural, engineering, industrial, commercial, topographical or similar, being originals drawn by hand; hand-written texts; photo- graphic reproductions; their carbon copies";;;;;;;;;
490600;HS6;Plans et dessins d'architectes, d'ingénieurs;Plans and drawings for architectural, engineering purposes;;;;;;;;
490600;HS6-DIRECT;Plans et dessins d'architectes, d'ingénieurs;Plans and drawings for architectural, engineering purposes;Édition;15.0;2.0;;19.0;;=;36.0
4907;RANGEE 07;"Unused postage, revenue or similar stamps of current or new issue in the country in which they have, or will have, a recognised face value; stamp-impressed paper; cheque forms; banknotes, stock, share or bond certificates and the like of similar title";;;;;;;;;
490700;HS6;Timbres-poste, timbres fiscaux et similaires;Postage, revenue or similar stamps;;;;;;;;
4907001000;HS10;Timbres-poste, timbres fiscaux et similaires;Postage, revenue or similar stamps;Édition;15.0;2.0;;19.0;;=;36.0
4907002000;HS10;Billets de banque;Billets de banque;Édition;15.0;2.0;;19.0;;=;36.0
4907009000;HS10;Timbres-poste, timbres fiscaux et similaires - Autre;Postage, revenue or similar stamps - Other;Édition;15.0;2.0;;19.0;;=;36.0
4908;RANGEE 08;Transfers (decalcomanias);;;;;;;;;
490810;HS6;Décalcomanies vitrifiables;Transfers (decalcomanias), vitrifiable;;;;;;;;
490810;HS6-DIRECT;Décalcomanies vitrifiables;Transfers (decalcomanias), vitrifiable;Édition;15.0;2.0;;19.0;;=;36.0
490890;HS6;Autres décalcomanies;Other transfers (decalcomanias);;;;;;;;
490890;HS6-DIRECT;Autres décalcomanies;Other transfers (decalcomanias);Édition;15.0;2.0;;19.0;;=;36.0
4909;RANGEE 09;"Printed or illustrated postcards; printed cards bearing personal greetings, messages or announcements, whether or not illustrated, with or without envelopes or trimmings";;;;;;;;;
490900;HS6;Cartes postales imprimées ou illustrées;Printed or illustrated postcards;;;;;;;;
4909001000;HS10;A caractere commercial ou publicitaire;A caractere commercial ou publicitaire;Édition;15.0;2.0;;19.0;;=;36.0
4909002000;HS10;Cartes postales imprimées ou illustrées;Printed or illustrated postcards;Édition;15.0;2.0;;19.0;;=;36.0
4909009000;HS10;Cartes postales imprimées ou illustrées - Autre;Printed or illustrated postcards - Other;Édition;15.0;2.0;;19.0;;=;36.0
4910;RANGEE 10;Calendars of any kind, printed, including calendar blocks;;;;;;;;;
491000;HS6;Calendriers de tous genres imprimés;Calendars of any kind, printed;;;;;;;;
4910001000;HS10;Blocs de calendriers;Blocs de calendriers;Édition;15.0;2.0;;19.0;;=;36.0
4910002000;HS10;Calendriers de tous genres imprimés;Calendars of any kind, printed;Édition;15.0;2.0;;19.0;;=;36.0
4910009000;HS10;Calendriers de tous genres imprimés - Autre;Calendars of any kind, printed - Other;Édition;15.0;2.0;;19.0;;=;36.0
4911;RANGEE 11;Printed matter, n.e.c., including printed pictures and photographs;;;;;;;;;
491110;HS6;Imprimés publicitaires, catalogues commerciaux;Trade advertising material, commercial catalogues;;;;;;;;
4911101000;HS10;Imprimes publicitaires catalogues commerciaux et similaires imprimes publicitaires brochures et catalogues similaires a caractere officiel dinteret général culturel et scientifique;Imprimes publicitaires catalogues commerciaux et similaires imprimes publicitaires brochures et catalogues similaires a caractere officiel dinteret general culturel et scientifique;Édition;15.0;2.0;;19.0;;=;36.0
4911102000;HS10;Imprimés publicitaires, catalogues commerciaux;Trade advertising material, commercial catalogues;Édition;15.0;2.0;;19.0;;=;36.0
4911109000;HS10;Imprimés publicitaires, catalogues commerciaux - Autre;Trade advertising material, commercial catalogues - Other;Édition;15.0;2.0;;19.0;;=;36.0
491191;HS6;Images, gravures, photographies;Pictures, designs and photographs;;;;;;;;
4911911000;HS10;Autres images gravures et photographies encadrees;Autres images gravures et photographies encadrees;Édition;15.0;2.0;;19.0;;=;36.0
4911912000;HS10;Images, gravures, photographies;Pictures, designs and photographs;Édition;15.0;2.0;;19.0;;=;36.0
4911919000;HS10;Images, gravures, photographies - Autre;Pictures, designs and photographs - Other;Édition;15.0;2.0;;19.0;;=;36.0
491199;HS6;Autres imprimés;Other printed matter;;;;;;;;
4911991000;HS10;Autres autres dactylographies y compris les copies obtenues au carbone;Autres autres dactylographies y compris les copies obtenues au carbone;Édition;15.0;2.0;;19.0;;=;36.0
4911992000;HS10;Autres autres billets de passage pour tous types de voyage;Autres autres billets de passage pour tous types de voyage;Édition;15.0;2.0;;19.0;;=;36.0
4911999000;HS10;Autres imprimés - Autre;Other printed matter - Other;Édition;15.0;2.0;;19.0;;=;36.0
SECTION XI;SECTION;Matières textiles et ouvrages en ces matières;Textiles and textile articles;;;;;;;;
CHAPITRE 50;CHAPITRE;Soie;;;;;;;;;
5001;RANGEE 01;Silk-worm cocoons suitable for reeling;;;;;;;;;
500100;HS6;Cocons de vers à soie;Silkworm cocoons;;;;;;;;
500100;HS6-DIRECT;Cocons de vers à soie;Silkworm cocoons;Textile;15.0;2.0;;19.0;;910 Déclaration d'Importation du Produit | 210 Autorisation de Libre Circulation;36.0
5002;RANGEE 02;Raw silk (not thrown);;;;;;;;;
500200;HS6;Soie grège;Raw silk;;;;;;;;
5002001000;HS10;Soie grège - Grade 1 / Premium;Raw silk - Grade 1 / Premium;Textile;15.0;2.0;;19.0;;=;36.0
5002002000;HS10;Soie grège - Grade 2 / Standard;Raw silk - Grade 2 / Standard;Textile;15.0;2.0;;19.0;;=;36.0
5002009000;HS10;Soie grège - Autre;Raw silk - Other;Textile;15.0;2.0;;19.0;;=;36.0
5003;RANGEE 03;Silk waste (including cocoons unsuitable for reeling, yarn waste and garnetted stock);;;;;;;;;
500300;HS6;Déchets de soie (y compris les cocons non dévidables;Silk waste (including cocoons unsuitable for reeling;;;;;;;;
5003001000;HS10;Déchets de soie (y compris les cocons non dévidables;Silk waste (including cocoons unsuitable for reeling;Textile;15.0;2.0;;19.0;;=;36.0
5003002000;HS10;Déchets de soie (y compris les cocons non dévidables;Silk waste (including cocoons unsuitable for reeling;Textile;15.0;2.0;;19.0;;=;36.0
5003009000;HS10;Déchets de soie (y compris les cocons non dévidables - Autre;Silk waste (including cocoons unsuitable for reeling - Other;Textile;15.0;2.0;;19.0;;=;36.0
5004;RANGEE 04;"Silk; yarn (other than yarn spun from silk waste), not put up for retail sale";;;;;;;;;
500400;HS6;Fils de soie (autres que les fils de déchets de soie) non conditionnés pour la vente au détail;Silk;;;;;;;;
5004001000;HS10;Ecrus decrus ou blanchis;Ecrus decrus ou blanchis;Textile;15.0;2.0;;19.0;;=;36.0
5004002000;HS10;Fils de soie (autres que les fils de déchets de soie) non conditionnés pour la vente au détail;Silk;Textile;15.0;2.0;;19.0;;=;36.0
5004009000;HS10;Fils de soie (autres que les fils de déchets de soie) non conditionnés pour la vente au détail - Autre;Silk - Other;Textile;15.0;2.0;;19.0;;=;36.0
5005;RANGEE 05;Yarn spun from silk waste, not put up for retail sale;;;;;;;;;
500500;HS6;Fils de déchets de soie;Silk;;;;;;;;
5005001000;HS10;Ecrus decrus ou blanchis;Ecrus decrus ou blanchis;Textile;15.0;2.0;;19.0;;=;36.0
5005002000;HS10;Fils de déchets de soie;Silk;Textile;15.0;2.0;;19.0;;=;36.0
5005009000;HS10;Fils de déchets de soie - Autre;Silk - Other;Textile;15.0;2.0;;19.0;;=;36.0
5006;RANGEE 06;"Silk yarn and yarn spun from silk waste, put up for retail sale; silk-worm gut";;;;;;;;;
500600;HS6;Fils de soie ou de déchets de soie;poil de Messine (crin de Florence);;;;;;;;
5006001000;HS10;Fils de soie conditionnes pour la vente au detail;Fils de soie conditionnes pour la vente au detail;Textile;15.0;2.0;;19.0;;=;36.0
5006002000;HS10;Fils de déchets de soie conditionnes pour la vente au detail;Fils de dechets de soie conditionnes pour la vente au detail;Textile;15.0;2.0;;19.0;;=;36.0
5006009000;HS10;Fils de soie ou de déchets de soie - Autre;poil de Messine (crin de Florence) - Other;Textile;15.0;2.0;;19.0;;=;36.0
5007;RANGEE 07;Woven fabrics of silk or of silk waste;;;;;;;;;
500710;HS6;Tissus de bourette;Silk;;;;;;;;
5007101000;HS10;Tissus de bourette;Silk;Textile;15.0;2.0;;19.0;;=;36.0
5007102000;HS10;Tissus de bourette;Silk;Textile;15.0;2.0;;19.0;;=;36.0
5007109000;HS10;Tissus de bourette - Autre;Silk - Other;Textile;15.0;2.0;;19.0;;=;36.0
500720;HS6;Autres tissus;Silk;;;;;;;;
5007201000;HS10;Autres tissus contenant au moins 85 en poids de soie ou de déchets de soie autres que la bourrette crepes;Autres tissus contenant au moins 85 en poids de soie ou de dechets de soie autres que la bourrette crepes;Textile;15.0;2.0;;19.0;;=;36.0
5007202000;HS10;Autres tissus contenant au moins 85 en poids de soie ou de déchets de soie autres que la bourrette ponges habutai honan shantung corah et tissus similaires dextreme orient de soie pure non mélangee de bourre de soie oudautres matieres textiles;Autres tissus contenant au moins 85 en poids de soie ou de dechets de soie autres que la bourrette ponges habutai honan shantung corah et tissus similaires dextreme orient de soie pure non melangee de bourre de soie oudautres matieres textiles;Textile;15.0;2.0;;19.0;;=;36.0
5007209000;HS10;Autres tissus - Autre;Silk - Other;Textile;15.0;2.0;;19.0;;=;36.0
500790;HS6;Autres tissus;Silk;;;;;;;;
5007901000;HS10;Autres tissus ecrus decrus ou blanchis;Autres tissus ecrus decrus ou blanchis;Textile;15.0;2.0;;19.0;;=;36.0
5007902000;HS10;Autres tissus teints;Autres tissus teints;Textile;15.0;2.0;;19.0;;=;36.0
5007909000;HS10;Autres tissus - Autre;Silk - Other;Textile;15.0;2.0;;19.0;;=;36.0
