Code;Niveau;Description_FR;Description_EN;Groupe_Utilisation;D.D_%;PRCT_%;T.C.S_%;T.V.A_%;D.A.P.S_%;Formalites;Total_%
SECTION IV;SECTION;"Produits des industries alimentaires; boissons, liquides alcooliques et vinaigres; tabacs";"Prepared foodstuffs; beverages, spirits, vinegar; tobacco";;;;;;;;
CHAPITRE 21;CHAPITRE;Préparations alimentaires diverses;;;;;;;;;
2101;RANGEE 01;"Extracts, essences, concentrates of coffee, tea or mate; preparations with a basis of these products or with a basis of coffee, tea or mate; roasted chicory and other roasted coffee substitutes and extracts, essences and concentrates thereof";;;;;;;;;
210111;HS6;Extraits de café;Coffee extracts;;;;;;;;
2101111000;HS10;Extraits de café;Coffee extracts;Alimentation;30.0;2.0;3.0;19.0;;910 Déclaration d'Importation du Produit | 210 Autorisation de Libre Circulation | 902 Autorisation d'admission du produit | 215 Certificat Phytosanitaire du Pays d'Origine;54.0
2101112000;HS10;Extraits de café;Coffee extracts;Alimentation;30.0;2.0;3.0;19.0;;=;54.0
2101119000;HS10;Extraits de café - Autre;Coffee extracts - Other;Alimentation;30.0;2.0;3.0;19.0;;=;54.0
210112;HS6;Préparations à base d'extraits de café;Preparations based on coffee extracts;;;;;;;;
2101121000;HS10;Extraits essences et concentrés de cafe et preparations a base de ces extraits essences ou concentrés ou a base de cafe preparations a base dextraits essences ou concentrés ou a base de cafe liquides;Extraits essences et concentres de cafe et preparations a base de ces extraits essences ou concentres ou a base de cafe preparations a base dextraits essences ou concentres ou a base de cafe liquides;Alimentation;30.0;2.0;3.0;19.0;;=;54.0
2101122000;HS10;Préparations à base d'extraits de café;Preparations based on coffee extracts;Alimentation;30.0;2.0;3.0;19.0;;=;54.0
2101129000;HS10;Préparations à base d'extraits de café - Autre;Preparations based on coffee extracts - Other;Alimentation;30.0;2.0;3.0;19.0;;=;54.0
210120;HS6;Extraits de thé ou maté;Tea or maté extracts;;;;;;;;
2101201000;HS10;Extraits essences et concentrés de the ou de mate et preparations a base de ces extraits essences ou concentrés ou a base de the ou de mate conditionne pour la vente au detail;Extraits essences et concentres de the ou de mate et preparations a base de ces extraits essences ou concentres ou a base de the ou de mate conditionne pour la vente au detail;Alimentation;30.0;2.0;3.0;19.0;;=;54.0
2101202000;HS10;Extraits de thé ou maté;Tea or maté extracts;Alimentation;30.0;2.0;3.0;19.0;;=;54.0
2101209000;HS10;Extraits de thé ou maté - Autre;Tea or maté extracts - Other;Alimentation;30.0;2.0;3.0;19.0;;=;54.0
210130;HS6;Chicorée torréfiée et extraits;Roasted chicory and extracts;;;;;;;;
2101301000;HS10;Chicoree torrefiee et autres succedanes torrefies du cafe et leurs extraits essences et concentrés conditionne pour la vente au detail;Chicoree torrefiee et autres succedanes torrefies du cafe et leurs extraits essences et concentres conditionne pour la vente au detail;Alimentation;30.0;2.0;3.0;19.0;;=;54.0
2101302000;HS10;Chicorée torréfiée et extraits;Roasted chicory and extracts;Alimentation;30.0;2.0;3.0;19.0;;=;54.0
2101309000;HS10;Chicorée torréfiée et extraits - Autre;Roasted chicory and extracts - Other;Alimentation;30.0;2.0;3.0;19.0;;=;54.0
2102;RANGEE 02;"Yeasts (active or inactive); other single-cell micro-organisms, dead (but not including vaccines of heading no. 3002); prepared baking powders";;;;;;;;;
210210;HS6;Levures actives;Active yeasts;;;;;;;;
2102101000;HS10;Levures vivantes levures meres selectionnees levures de culture;Levures vivantes levures meres selectionnees levures de culture;Alimentation;30.0;2.0;3.0;19.0;;=;54.0
2102102000;HS10;Levures actives;Active yeasts;Alimentation;30.0;2.0;3.0;19.0;;=;54.0
2102109000;HS10;Levures actives - Autre;Active yeasts - Other;Alimentation;30.0;2.0;3.0;19.0;;=;54.0
210220;HS6;Levures inactives;Inactive yeasts;;;;;;;;
2102200010;HS10;Levures inactives - Usage spécifique;Inactive yeasts - Specific use;Alimentation;30.0;2.0;3.0;19.0;;=;54.0
2102200090;HS10;Levures inactives - Autre usage;Inactive yeasts - Other use;Alimentation;30.0;2.0;3.0;19.0;;=;54.0
210230;HS6;Poudres à lever préparées;Prepared baking powders;;;;;;;;
210230;HS6-DIRECT;Poudres à lever préparées;Prepared baking powders;Alimentation;30.0;2.0;3.0;19.0;;=;54.0
2103;RANGEE 03;"Sauces and preparations therefor; mixed condiments and mixed seasonings, mustard flour and meal and prepared mustard";;;;;;;;;
210310;HS6;Sauce soja;Soy sauce;;;;;;;;
2103101000;HS10;Sauce soja;Soy sauce;Alimentation;30.0;2.0;3.0;19.0;;=;54.0
2103102000;HS10;Sauce soja;Soy sauce;Alimentation;30.0;2.0;3.0;19.0;;=;54.0
2103109000;HS10;Sauce soja - Autre;Soy sauce - Other;Alimentation;30.0;2.0;3.0;19.0;;=;54.0
210320;HS6;Ketchup et autres sauces tomates;Ketchup and other tomato sauces;;;;;;;;
2103201000;HS10;Tomato ketchup et autres sauces tomates tomato ketchup;Tomato ketchup et autres sauces tomates tomato ketchup;Alimentation;30.0;2.0;3.0;19.0;;=;54.0
2103202000;HS10;Ketchup et autres sauces tomates;Ketchup and other tomato sauces;Alimentation;30.0;2.0;3.0;19.0;;=;54.0
2103209000;HS10;Ketchup et autres sauces tomates - Autre;Ketchup and other tomato sauces - Other;Alimentation;30.0;2.0;3.0;19.0;;=;54.0
210330;HS6;Farine de moutarde et moutarde préparée;Mustard flour and prepared mustard;;;;;;;;
2103301000;HS10;Farine de moutarde et moutarde préparée;Mustard flour and prepared mustard;Alimentation;30.0;2.0;3.0;19.0;;=;54.0
2103302000;HS10;Farine de moutarde et moutarde préparée;Mustard flour and prepared mustard;Alimentation;30.0;2.0;3.0;19.0;;=;54.0
2103309000;HS10;Farine de moutarde et moutarde préparée - Autre;Mustard flour and prepared mustard - Other;Alimentation;30.0;2.0;3.0;19.0;;=;54.0
210390;HS6;Autres sauces et condiments;Other sauces and condiments;;;;;;;;
2103901000;HS10;Autres harissa;Autres harissa;Alimentation;30.0;2.0;3.0;19.0;;=;54.0
2103902000;HS10;Autres sauces et condiments;Other sauces and condiments;Alimentation;30.0;2.0;3.0;19.0;;=;54.0
2103909000;HS10;Autres sauces et condiments - Autre;Other sauces and condiments - Other;Alimentation;30.0;2.0;3.0;19.0;;=;54.0
2104;RANGEE 04;"Soups and broths and preparations therefor; homogenised composite food preparations";;;;;;;;;
210410;HS6;Préparations pour soupes et potages;Soup and broth preparations;;;;;;;;
2104101000;HS10;Préparations pour soupes et potages;Soup and broth preparations;Alimentation;30.0;2.0;3.0;19.0;;=;54.0
2104102000;HS10;Préparations pour soupes et potages;Soup and broth preparations;Alimentation;30.0;2.0;3.0;19.0;;=;54.0
2104109000;HS10;Préparations pour soupes et potages - Autre;Soup and broth preparations - Other;Alimentation;30.0;2.0;3.0;19.0;;=;54.0
210420;HS6;Préparations alimentaires composites;Composite food preparations;;;;;;;;
2104201000;HS10;Préparations alimentaires composites homogénéisées pour lalimentation des enfants;Préparations alimentaires composites homogénéisées pour lalimentation des enfants;Alimentation;30.0;2.0;3.0;19.0;;=;54.0
2104202000;HS10;Préparations alimentaires composites;Composite food preparations;Alimentation;30.0;2.0;3.0;19.0;;=;54.0
2104209000;HS10;Préparations alimentaires composites - Autre;Composite food preparations - Other;Alimentation;30.0;2.0;3.0;19.0;;=;54.0
2105;RANGEE 05;"Ice cream and other edible ice; whether or not containing cocoa";;;;;;;;;
210500;HS6;Glaces de consommation;Ice cream;;;;;;;;
2105001000;HS10;Glaces de consommation contenant du cacao;Glaces de consommation contenant du cacao;Alimentation;30.0;2.0;3.0;19.0;;=;54.0
2105002000;HS10;Glaces de consommation ne contenant pas de cacao;Glaces de consommation ne contenant pas de cacao;Alimentation;30.0;2.0;3.0;19.0;;=;54.0
2105009000;HS10;Glaces de consommation - Autre;Ice cream - Other;Alimentation;30.0;2.0;3.0;19.0;;=;54.0
2106;RANGEE 06;Food preparations not elsewhere specified or included;;;;;;;;;
210610;HS6;Concentrats de protéines et substances protéiques texturées;Protein;;;;;;;;
2106101000;HS10;Concentrat de protéines de farine de fèves de soja déshuilées;Concentrat de protéines de farine de fèves de soja déshuilées;Alimentation;30.0;2.0;3.0;19.0;;=;54.0
2106102000;HS10;Concentrats de protéines et substances protéiques texturées;Protein;Alimentation;30.0;2.0;3.0;19.0;;=;54.0
2106109000;HS10;Concentrats de protéines et substances protéiques texturées - Autre;Protein - Other;Alimentation;30.0;2.0;3.0;19.0;;=;54.0
210690;HS6;Autres préparations alimentaires;Other food preparations;;;;;;;;
2106901000;HS10;Autres préparations alimentaires;Other food preparations;Alimentation;30.0;2.0;3.0;19.0;;=;54.0
2106902000;HS10;Autres préparations alimentaires;Other food preparations;Alimentation;30.0;2.0;3.0;19.0;;=;54.0
2106909000;HS10;Autres préparations alimentaires - Autre;Other food preparations - Other;Alimentation;30.0;2.0;3.0;19.0;;=;54.0
CHAPITRE 22;CHAPITRE;Boissons, liquides alcooliques;;;;;;;;;
2201;RANGEE 01;"Waters, including natural or artificial mineral waters and aerated waters, not containing added sugar or other sweetening matter nor flavoured; ice and snow";;;;;;;;;
220110;HS6;Eaux minérales et eaux gazéifiées;Mineral and aerated waters;;;;;;;;
2201101000;HS10;Eaux minérales et eaux gazéifiées;Mineral and aerated waters;Alimentation;30.0;2.0;3.0;19.0;30.0;910 Déclaration d'Importation du Produit | 210 Autorisation de Libre Circulation | 902 Autorisation d'admission du produit | 215 Certificat Phytosanitaire du Pays d'Origine;84.0
2201102000;HS10;Eaux minérales et eaux gazéifiées;Mineral and aerated waters;Alimentation;30.0;2.0;3.0;19.0;30.0;=;84.0
2201109000;HS10;Eaux minérales et eaux gazéifiées - Autre;Mineral and aerated waters - Other;Alimentation;30.0;2.0;3.0;19.0;30.0;=;84.0
220190;HS6;Autres eaux non sucrées;Other unsweetened waters;;;;;;;;
2201901000;HS10;Autres eaux non sucrées;Other unsweetened waters;Alimentation;30.0;2.0;3.0;19.0;30.0;=;84.0
2201902000;HS10;Autres eaux non sucrées;Other unsweetened waters;Alimentation;30.0;2.0;3.0;19.0;30.0;=;84.0
2201909000;HS10;Autres eaux non sucrées - Autre;Other unsweetened waters - Other;Alimentation;30.0;2.0;3.0;19.0;30.0;=;84.0
2202;RANGEE 02;"Waters, including mineral and aerated waters, containing added sugar or sweetening matter, flavoured; other non-alcoholic beverages, not including fruit, nut or vegetable juices of heading no. 2009";;;;;;;;;
220210;HS6;Eaux avec sucre ou édulcorants;Waters with sugar or sweeteners;;;;;;;;
2202101000;HS10;Eaux avec sucre ou édulcorants;Waters with sugar or sweeteners;Alimentation;30.0;2.0;3.0;19.0;30.0;=;84.0
2202102000;HS10;Eaux avec sucre ou édulcorants;Waters with sugar or sweeteners;Alimentation;30.0;2.0;3.0;19.0;30.0;=;84.0
2202109000;HS10;Eaux avec sucre ou édulcorants - Autre;Waters with sugar or sweeteners - Other;Alimentation;30.0;2.0;3.0;19.0;30.0;=;84.0
220290;HS6;Autres boissons non alcooliques;Other non-alcoholic beverages;;;;;;;;
2202901000;HS10;Autres boissons non alcooliques;Other non-alcoholic beverages;Alimentation;30.0;2.0;3.0;19.0;;=;54.0
2202902000;HS10;Autres boissons non alcooliques;Other non-alcoholic beverages;Alimentation;30.0;2.0;3.0;19.0;;=;54.0
2202909000;HS10;Autres boissons non alcooliques - Autre;Other non-alcoholic beverages - Other;Alimentation;30.0;2.0;3.0;19.0;;=;54.0
220291;HS6;Bières sans alcool;Non-alcoholic beers;;;;;;;;
2202911000;HS10;Bières sans alcool;Non-alcoholic beers;Alimentation;30.0;2.0;3.0;19.0;30.0;=;84.0
2202912000;HS10;Bières sans alcool;Non-alcoholic beers;Alimentation;30.0;2.0;3.0;19.0;30.0;=;84.0
2202919000;HS10;Bières sans alcool - Autre;Non-alcoholic beers - Other;Alimentation;30.0;2.0;3.0;19.0;30.0;=;84.0
220299;HS6;Autres boissons non alcoolisées;Other non-alcoholic beverages;;;;;;;;
2202991000;HS10;Autres boissons non alcoolisées;Other non-alcoholic beverages;Alimentation;30.0;2.0;3.0;19.0;30.0;=;84.0
2202992000;HS10;Autres boissons non alcoolisées;Other non-alcoholic beverages;Alimentation;30.0;2.0;3.0;19.0;30.0;=;84.0
2202999000;HS10;Autres boissons non alcoolisées - Autre;Other non-alcoholic beverages - Other;Alimentation;30.0;2.0;3.0;19.0;30.0;=;84.0
2203;RANGEE 03;Beer made from malt;;;;;;;;;
220300;HS6;Bières de malt;Beer made from malt;;;;;;;;
2203001000;HS10;Bières de malt;Beer made from malt;Alimentation;30.0;2.0;3.0;19.0;200.0;=;254.0
2203002000;HS10;Bières de malt;Beer made from malt;Alimentation;30.0;2.0;3.0;19.0;200.0;=;254.0
2203009000;HS10;Bières de malt - Autre;Beer made from malt - Other;Alimentation;30.0;2.0;3.0;19.0;200.0;=;254.0
2204;RANGEE 04;"Wine of fresh grapes, including fortified wines; grape must other than that of heading no. 2009";;;;;;;;;
220410;HS6;Vins mousseux;Sparkling wines;;;;;;;;
2204101000;HS10;Vins mousseux;Sparkling wines;Alimentation;30.0;2.0;3.0;19.0;200.0;=;254.0
2204102000;HS10;Vins mousseux;Sparkling wines;Alimentation;30.0;2.0;3.0;19.0;200.0;=;254.0
2204109000;HS10;Vins mousseux - Autre;Sparkling wines - Other;Alimentation;30.0;2.0;3.0;19.0;200.0;=;254.0
220421;HS6;Vins de raisins frais en récipients ≤2L;Fresh grape wines in containers ≤2L;;;;;;;;
2204211000;HS10;Vins de raisins frais en récipients ≤2L;Fresh grape wines in containers ≤2L;Alimentation;30.0;2.0;3.0;19.0;200.0;=;254.0
2204212000;HS10;Vins de raisins frais en récipients ≤2L;Fresh grape wines in containers ≤2L;Alimentation;30.0;2.0;3.0;19.0;200.0;=;254.0
2204219000;HS10;Vins de raisins frais en récipients ≤2L - Autre;Fresh grape wines in containers ≤2L - Other;Alimentation;30.0;2.0;3.0;19.0;200.0;=;254.0
220422;HS6;Vins en récipients 2-10L;Wine in containers 2-10L;;;;;;;;
2204221000;HS10;Vins en récipients 2-10L;Wine in containers 2-10L;Alimentation;30.0;2.0;3.0;19.0;;=;54.0
2204222000;HS10;Vins en récipients 2-10L;Wine in containers 2-10L;Alimentation;30.0;2.0;3.0;19.0;;=;54.0
2204229000;HS10;Vins en récipients 2-10L - Autre;Wine in containers 2-10L - Other;Alimentation;30.0;2.0;3.0;19.0;;=;54.0
220429;HS6;Autres vins de raisins frais;Other fresh grape wines;;;;;;;;
2204291000;HS10;Autres vins de raisins frais;Other fresh grape wines;Alimentation;30.0;2.0;3.0;19.0;200.0;=;254.0
2204292000;HS10;Autres vins de raisins frais;Other fresh grape wines;Alimentation;30.0;2.0;3.0;19.0;200.0;=;254.0
2204299000;HS10;Autres vins de raisins frais - Autre;Other fresh grape wines - Other;Alimentation;30.0;2.0;3.0;19.0;200.0;=;254.0
220430;HS6;Moûts de raisins;Grape musts;;;;;;;;
2204301000;HS10;Moûts de raisins;Grape musts;Alimentation;30.0;2.0;3.0;19.0;200.0;=;254.0
2204302000;HS10;Moûts de raisins;Grape musts;Alimentation;30.0;2.0;3.0;19.0;200.0;=;254.0
2204309000;HS10;Moûts de raisins - Autre;Grape musts - Other;Alimentation;30.0;2.0;3.0;19.0;200.0;=;254.0
2205;RANGEE 05;Vermouth and other wine of fresh grapes, flavoured with plants or aromatic substances;;;;;;;;;
220510;HS6;Vermouths et vins aromatisés;Vermouths and aromatized wines;;;;;;;;
2205101000;HS10;Vermouths et vins aromatisés;Vermouths and aromatized wines;Alimentation;30.0;2.0;3.0;19.0;200.0;=;254.0
2205102000;HS10;Vermouths et vins aromatisés;Vermouths and aromatized wines;Alimentation;30.0;2.0;3.0;19.0;200.0;=;254.0
2205109000;HS10;Vermouths et vins aromatisés - Autre;Vermouths and aromatized wines - Other;Alimentation;30.0;2.0;3.0;19.0;200.0;=;254.0
220590;HS6;Autres vermouths;Other vermouths;;;;;;;;
2205901000;HS10;Autres vermouths;Other vermouths;Alimentation;30.0;2.0;3.0;19.0;200.0;=;254.0
2205902000;HS10;Autres vermouths;Other vermouths;Alimentation;30.0;2.0;3.0;19.0;200.0;=;254.0
2205909000;HS10;Autres vermouths - Autre;Other vermouths - Other;Alimentation;30.0;2.0;3.0;19.0;200.0;=;254.0
2206;RANGEE 06;"Fermented beverages, n.e.c. in chapter 22; (e.g. cider, perry, mead, sake)";;;;;;;;;
220600;HS6;Cidre, poiré, hydromel;Cider, perry, mead;;;;;;;;
2206001000;HS10;Cidre, poiré, hydromel;Cider, perry, mead;Alimentation;30.0;2.0;3.0;19.0;200.0;=;254.0
2206002000;HS10;Cidre, poiré, hydromel;Cider, perry, mead;Alimentation;30.0;2.0;3.0;19.0;200.0;=;254.0
2206009000;HS10;Cidre, poiré, hydromel - Autre;Cider, perry, mead - Other;Alimentation;30.0;2.0;3.0;19.0;200.0;=;254.0
220610;HS6;Cidre;Cidre;;;;;;;;
2206101000;HS10;Cidre;Cidre;Alimentation;30.0;2.0;3.0;19.0;;=;54.0
2206102000;HS10;Cidre;Cidre;Alimentation;30.0;2.0;3.0;19.0;;=;54.0
2206109000;HS10;Cidre - Autre;Cidre - Other;Alimentation;30.0;2.0;3.0;19.0;;=;54.0
220690;HS6;Autres boissons fermentées :;Autres boissons fermentées :;;;;;;;;
2206901000;HS10;Autres boissons fermentées :;Autres boissons fermentées :;Alimentation;30.0;2.0;3.0;19.0;;=;54.0
2206902000;HS10;Autres boissons fermentées :;Autres boissons fermentées :;Alimentation;30.0;2.0;3.0;19.0;;=;54.0
2206909000;HS10;Autres boissons fermentées : - Autre;Autres boissons fermentées : - Other;Alimentation;30.0;2.0;3.0;19.0;;=;54.0
220691;HS6;Ayant un titre alcoométrique inférieur à 2°;Ayant un titre alcoométrique inférieur à 2°;;;;;;;;
2206911000;HS10;Ayant un titre alcoométrique inférieur à 2°;Ayant un titre alcoométrique inférieur à 2°;Alimentation;30.0;2.0;3.0;19.0;;=;54.0
2206912000;HS10;Ayant un titre alcoométrique inférieur à 2°;Ayant un titre alcoométrique inférieur à 2°;Alimentation;30.0;2.0;3.0;19.0;;=;54.0
2206919000;HS10;Ayant un titre alcoométrique inférieur à 2° - Autre;Ayant un titre alcoométrique inférieur à 2° - Other;Alimentation;30.0;2.0;3.0;19.0;;=;54.0
220699;HS6;Autres;Autres;;;;;;;;
2206991000;HS10;Autres;Autres;Alimentation;30.0;2.0;3.0;19.0;;=;54.0
2206992000;HS10;Autres;Autres;Alimentation;30.0;2.0;3.0;19.0;;=;54.0
2206999000;HS10;Autres - Autre;Autres - Other;Alimentation;30.0;2.0;3.0;19.0;;=;54.0
2207;RANGEE 07;"Ethyl alcohol, undenatured; of an alcoholic strength by volume of 80% vol. or higher; ethyl alcohol and other spirits, denatured, of any strength";;;;;;;;;
220710;HS6;Alcool éthylique non dénaturé >80%;Undenatured ethyl alcohol >80%;;;;;;;;
2207101000;HS10;Alcool éthylique non dénaturé >80%;Undenatured ethyl alcohol >80%;Alimentation;30.0;2.0;3.0;19.0;200.0;=;254.0
2207102000;HS10;Alcool éthylique non dénaturé >80%;Undenatured ethyl alcohol >80%;Alimentation;30.0;2.0;3.0;19.0;200.0;=;254.0
2207109000;HS10;Alcool éthylique non dénaturé >80% - Autre;Undenatured ethyl alcohol >80% - Other;Alimentation;30.0;2.0;3.0;19.0;200.0;=;254.0
220720;HS6;Alcool éthylique dénaturé;Denatured ethyl alcohol;;;;;;;;
2207201000;HS10;Alcool éthylique dénaturé;Denatured ethyl alcohol;Alimentation;30.0;2.0;3.0;19.0;200.0;=;254.0
2207202000;HS10;Alcool éthylique dénaturé;Denatured ethyl alcohol;Alimentation;30.0;2.0;3.0;19.0;200.0;=;254.0
2207209000;HS10;Alcool éthylique dénaturé - Autre;Denatured ethyl alcohol - Other;Alimentation;30.0;2.0;3.0;19.0;200.0;=;254.0
2208;RANGEE 08;"Ethyl alcohol, undenatured; of an alcoholic strength by volume of less than 80% volume; spirits, liqueurs and other spirituous beverages";;;;;;;;;
220810;HS6;Rhum et tafia;Rum and tafia;;;;;;;;
2208101000;HS10;Rhum et tafia;Rum and tafia;Alimentation;30.0;2.0;3.0;19.0;200.0;=;254.0
2208102000;HS10;Rhum et tafia;Rum and tafia;Alimentation;30.0;2.0;3.0;19.0;200.0;=;254.0
2208109000;HS10;Rhum et tafia - Autre;Rum and tafia - Other;Alimentation;30.0;2.0;3.0;19.0;200.0;=;254.0
220820;HS6;Eaux-de-vie de raisins;Grape brandies;;;;;;;;
2208201000;HS10;Eaux-de-vie de raisins;Grape brandies;Alimentation;30.0;2.0;3.0;19.0;200.0;=;254.0
2208202000;HS10;Eaux-de-vie de raisins;Grape brandies;Alimentation;30.0;2.0;3.0;19.0;200.0;=;254.0
2208209000;HS10;Eaux-de-vie de raisins - Autre;Grape brandies - Other;Alimentation;30.0;2.0;3.0;19.0;200.0;=;254.0
220830;HS6;Whiskies;Whiskies;;;;;;;;
2208301000;HS10;Whiskies;Whiskies;Alimentation;30.0;2.0;3.0;19.0;200.0;=;254.0
2208302000;HS10;Whiskies;Whiskies;Alimentation;30.0;2.0;3.0;19.0;200.0;=;254.0
2208309000;HS10;Whiskies - Autre;Whiskies - Other;Alimentation;30.0;2.0;3.0;19.0;200.0;=;254.0
220840;HS6;Rhum et tafia;Rum and tafia;;;;;;;;
2208401000;HS10;Rhum et tafia;Rum and tafia;Alimentation;30.0;2.0;3.0;19.0;200.0;=;254.0
2208402000;HS10;Rhum et tafia;Rum and tafia;Alimentation;30.0;2.0;3.0;19.0;200.0;=;254.0
2208409000;HS10;Rhum et tafia - Autre;Rum and tafia - Other;Alimentation;30.0;2.0;3.0;19.0;200.0;=;254.0
220850;HS6;Gin et genièvre;Gin and Geneva;;;;;;;;
2208501000;HS10;Gin et genièvre;Gin and Geneva;Alimentation;30.0;2.0;3.0;19.0;200.0;=;254.0
2208502000;HS10;Gin et genièvre;Gin and Geneva;Alimentation;30.0;2.0;3.0;19.0;200.0;=;254.0
2208509000;HS10;Gin et genièvre - Autre;Gin and Geneva - Other;Alimentation;30.0;2.0;3.0;19.0;200.0;=;254.0
220860;HS6;Vodka;Vodka;;;;;;;;
2208601000;HS10;Vodka;Vodka;Alimentation;30.0;2.0;3.0;19.0;200.0;=;254.0
2208602000;HS10;Vodka;Vodka;Alimentation;30.0;2.0;3.0;19.0;200.0;=;254.0
2208609000;HS10;Vodka - Autre;Vodka - Other;Alimentation;30.0;2.0;3.0;19.0;200.0;=;254.0
220870;HS6;Liqueurs et crèmes;Liqueurs and cordials;;;;;;;;
2208701000;HS10;Liqueurs et crèmes;Liqueurs and cordials;Alimentation;30.0;2.0;3.0;19.0;200.0;=;254.0
2208702000;HS10;Liqueurs et crèmes;Liqueurs and cordials;Alimentation;30.0;2.0;3.0;19.0;200.0;=;254.0
2208709000;HS10;Liqueurs et crèmes - Autre;Liqueurs and cordials - Other;Alimentation;30.0;2.0;3.0;19.0;200.0;=;254.0
220890;HS6;Autres spiritueux;Other spirits;;;;;;;;
2208901000;HS10;Autres spiritueux;Other spirits;Alimentation;30.0;2.0;3.0;19.0;200.0;=;254.0
2208902000;HS10;Autres spiritueux;Other spirits;Alimentation;30.0;2.0;3.0;19.0;200.0;=;254.0
2208909000;HS10;Autres spiritueux - Autre;Other spirits - Other;Alimentation;30.0;2.0;3.0;19.0;200.0;=;254.0
2209;RANGEE 09;Vinegar and substitutes for vinegar obtained from acetic acid;;;;;;;;;
220900;HS6;Vinaigres et succédanés;Vinegar and substitutes;;;;;;;;
2209001000;HS10;Vinaigres et succédanés;Vinegar and substitutes;Alimentation;30.0;2.0;3.0;19.0;200.0;=;254.0
2209002000;HS10;Vinaigres et succédanés;Vinegar and substitutes;Alimentation;30.0;2.0;3.0;19.0;200.0;=;254.0
2209009000;HS10;Vinaigres et succédanés - Autre;Vinegar and substitutes - Other;Alimentation;30.0;2.0;3.0;19.0;200.0;=;254.0
CHAPITRE 23;CHAPITRE;Résidus des industries alimentaires;;;;;;;;;
2301;RANGEE 01;"Flours, meal and pellets, of meat or meat offal, of fish or of crustaceans, molluscs or other aquatic invertebrates, unfit for human consumption; greaves";;;;;;;;;
230110;HS6;Farines de viandes ou d'abats;Flours of meat or offal;;;;;;;;
2301101000;HS10;Farines de viandes ou d'abats - Espèce 1;Flours of meat or offal - Species 1;Alimentation animale;15.0;2.0;3.0;19.0;;910 Déclaration d'Importation du Produit | 210 Autorisation de Libre Circulation | 902 Autorisation d'admission du produit | 215 Certificat Phytosanitaire du Pays d'Origine;39.0
2301102000;HS10;Farines de viandes ou d'abats - Espèce 2;Flours of meat or offal - Species 2;Alimentation animale;15.0;2.0;3.0;19.0;;=;39.0
2301109000;HS10;Farines de viandes ou d'abats - Autre espèce;Flours of meat or offal - Other species;Alimentation animale;15.0;2.0;3.0;19.0;;=;39.0
230120;HS6;Farines de poissons;Fish meal;;;;;;;;
2301201000;HS10;Farines de poissons;Fish meal;Alimentation animale;15.0;2.0;3.0;19.0;;=;39.0
2301202000;HS10;Farines de poissons;Fish meal;Alimentation animale;15.0;2.0;3.0;19.0;;=;39.0
2301209000;HS10;Farines de poissons - Autre;Fish meal - Other;Alimentation animale;15.0;2.0;3.0;19.0;;=;39.0
2302;RANGEE 02;"Bran, sharps and other residues; whether or not in the form of pellets derived from the sifting, milling or other working of cereals or of leguminous plants";;;;;;;;;
230210;HS6;Sons et résidus de maïs;Maize bran and residues;;;;;;;;
230210;HS6-DIRECT;Sons et résidus de maïs;Maize bran and residues;Alimentation animale;15.0;2.0;3.0;19.0;;=;39.0
230230;HS6;Sons et résidus de blé;Wheat bran and residues;;;;;;;;
230230;HS6-DIRECT;Sons et résidus de blé;Wheat bran and residues;Alimentation animale;15.0;2.0;3.0;19.0;;=;39.0
230240;HS6;Sons et résidus d'autres céréales;Other cereal bran and residues;;;;;;;;
2302401000;HS10;Sons et résidus d'autres céréales - Espèce 1;Other cereal bran and residues - Species 1;Alimentation animale;15.0;2.0;3.0;19.0;;=;39.0
2302402000;HS10;Sons et résidus d'autres céréales - Espèce 2;Other cereal bran and residues - Species 2;Alimentation animale;15.0;2.0;3.0;19.0;;=;39.0
2302409000;HS10;Sons et résidus d'autres céréales - Autre espèce;Other cereal bran and residues - Other species;Alimentation animale;15.0;2.0;3.0;19.0;;=;39.0
230250;HS6;Sons et résidus de légumineuses;Legume bran and residues;;;;;;;;
2302501000;HS10;Sons et résidus de légumineuses - Espèce 1;Legume bran and residues - Species 1;Alimentation animale;15.0;2.0;3.0;19.0;;=;39.0
2302502000;HS10;Sons et résidus de légumineuses - Espèce 2;Legume bran and residues - Species 2;Alimentation animale;15.0;2.0;3.0;19.0;;=;39.0
2302509000;HS10;Sons et résidus de légumineuses - Autre espèce;Legume bran and residues - Other species;Alimentation animale;15.0;2.0;3.0;19.0;;=;39.0
2303;RANGEE 03;"Residues of starch manufacture, similar residues; beet-pulp, bagasse and other waste of sugar manufacture, brewing or distilling dregs and waste, whether or not in the form of pellets";;;;;;;;;
230310;HS6;Résidus d'amidonnerie;Starch manufacturing residues;;;;;;;;
2303101000;HS10;Résidus d'amidonnerie;Starch manufacturing residues;Alimentation animale;15.0;2.0;3.0;19.0;;=;39.0
2303102000;HS10;Résidus d'amidonnerie;Starch manufacturing residues;Alimentation animale;15.0;2.0;3.0;19.0;;=;39.0
2303109000;HS10;Résidus d'amidonnerie - Autre;Starch manufacturing residues - Other;Alimentation animale;15.0;2.0;3.0;19.0;;=;39.0
230320;HS6;Pulpes de betteraves;Beet-pulp;;;;;;;;
2303201000;HS10;Pulpes de betteraves;Beet-pulp;Alimentation animale;15.0;2.0;3.0;19.0;;=;39.0
2303202000;HS10;Pulpes de betteraves;Beet-pulp;Alimentation animale;15.0;2.0;3.0;19.0;;=;39.0
2303209000;HS10;Pulpes de betteraves - Autre;Beet-pulp - Other;Alimentation animale;15.0;2.0;3.0;19.0;;=;39.0
230330;HS6;Drêches et déchets de brasserie ou de distillerie;Brewing or distilling dregs and waste;;;;;;;;
2303301000;HS10;Dreches et déchets de brasserie ou de distillerie destines a lalimentation des animaux;Dreches et dechets de brasserie ou de distillerie destines a lalimentation des animaux;Alimentation animale;15.0;2.0;3.0;19.0;;=;39.0
2303302000;HS10;Dreches et déchets de brasserie ou de distillerie destines a etre utilises comme engrais;Dreches et dechets de brasserie ou de distillerie destines a etre utilises comme engrais;Alimentation animale;15.0;2.0;3.0;19.0;;=;39.0
2303309000;HS10;Drêches et déchets de brasserie ou de distillerie - Autre;Brewing or distilling dregs and waste - Other;Alimentation animale;15.0;2.0;3.0;19.0;;=;39.0
2304;RANGEE 04;"Oil-cake and other solid residues; whether or not ground or in the form of pellets, resulting from the extraction of soya-bean oil";;;;;;;;;
230400;HS6;Tourteaux de soja;Soybean oilcake;;;;;;;;
2304001000;HS10;Tourteaux de soja;Soybean oilcake;Alimentation animale;15.0;2.0;3.0;19.0;;=;39.0
2304002000;HS10;Tourteaux de soja;Soybean oilcake;Alimentation animale;15.0;2.0;3.0;19.0;;=;39.0
2304009000;HS10;Tourteaux de soja - Autre;Soybean oilcake - Other;Alimentation animale;15.0;2.0;3.0;19.0;;=;39.0
2305;RANGEE 05;"Oil-cake and other solid residues; whether or not ground or in the form of pellets, resulting from the extraction of ground-nut oil";;;;;;;;;
230500;HS6;Tourteaux d'arachide;Groundnut oilcake;;;;;;;;
2305001000;HS10;Tourteaux;Tourteaux;Alimentation animale;15.0;2.0;3.0;19.0;;=;39.0
2305002000;HS10;Tourteaux d'arachide;Groundnut oilcake;Alimentation animale;15.0;2.0;3.0;19.0;;=;39.0
2305009000;HS10;Tourteaux d'arachide - Autre;Groundnut oilcake - Other;Alimentation animale;15.0;2.0;3.0;19.0;;=;39.0
2306;RANGEE 06;"Oil-cake and other solid residues; whether or not ground or in the form of pellets, resulting from the extraction of vegetable or microbial fats or oils, other than those of heading no. 2304 or 2305";;;;;;;;;
230610;HS6;Tourteaux de coton;Cottonseed oilcake;;;;;;;;
2306101000;HS10;Tourteaux de graines de coton;Tourteaux de graines de coton;Alimentation animale;15.0;2.0;3.0;19.0;;=;39.0
2306102000;HS10;Tourteaux de coton;Cottonseed oilcake;Alimentation animale;15.0;2.0;3.0;19.0;;=;39.0
2306109000;HS10;Tourteaux de coton - Autre;Cottonseed oilcake - Other;Alimentation animale;15.0;2.0;3.0;19.0;;=;39.0
230620;HS6;De graines de lin;Oil-cake and other solid residues;;;;;;;;
2306201000;HS10;De graines de lin tourteaux;De graines de lin tourteaux;Alimentation animale;15.0;2.0;3.0;19.0;;=;39.0
2306202000;HS10;De graines de lin;Oil-cake and other solid residues;Alimentation animale;15.0;2.0;3.0;19.0;;=;39.0
2306209000;HS10;De graines de lin - Autre;Oil-cake and other solid residues - Other;Alimentation animale;15.0;2.0;3.0;19.0;;=;39.0
230630;HS6;De graines de tournesol;Oil-cake and other solid residues;;;;;;;;
2306301000;HS10;De graines de tournesol tourteaux;De graines de tournesol tourteaux;Alimentation animale;15.0;2.0;3.0;19.0;;=;39.0
2306302000;HS10;De graines de tournesol;Oil-cake and other solid residues;Alimentation animale;15.0;2.0;3.0;19.0;;=;39.0
2306309000;HS10;De graines de tournesol - Autre;Oil-cake and other solid residues - Other;Alimentation animale;15.0;2.0;3.0;19.0;;=;39.0
230641;HS6;Tourteaux de colza;Rapeseed oilcake;;;;;;;;
2306411000;HS10;Tourteaux de graines de navette à faible teneur en acide érucique;Tourteaux de graines de navette à faible teneur en acide érucique;Alimentation animale;15.0;2.0;3.0;19.0;;=;39.0
2306412000;HS10;Tourteaux de graines de colza à faible teneur en acide érucique;Tourteaux de graines de colza à faible teneur en acide érucique;Alimentation animale;15.0;2.0;3.0;19.0;;=;39.0
2306419000;HS10;Tourteaux de colza - Autre;Rapeseed oilcake - Other;Alimentation animale;15.0;2.0;3.0;19.0;;=;39.0
230649;HS6;Autres;Oil-cake and other solid residues;;;;;;;;
2306491000;HS10;Tourteaux de graines de navette autres variétés;Tourteaux de graines de navette autres variétés;Alimentation animale;15.0;2.0;3.0;19.0;;=;39.0
2306492000;HS10;Tourteaux de graines de colza autres variétés;Tourteaux de graines de colza autres variétés;Alimentation animale;15.0;2.0;3.0;19.0;;=;39.0
2306499000;HS10;Autres - Autre;Oil-cake and other solid residues - Other;Alimentation animale;15.0;2.0;3.0;19.0;;=;39.0
230650;HS6;Tourteaux de noix de coco;Coconut oilcake;;;;;;;;
2306501000;HS10;Tourteaux de noix de coco;Coconut oilcake;Alimentation animale;15.0;2.0;3.0;19.0;;=;39.0
2306502000;HS10;Tourteaux de noix de coco;Coconut oilcake;Alimentation animale;15.0;2.0;3.0;19.0;;=;39.0
2306509000;HS10;Tourteaux de noix de coco - Autre;Coconut oilcake - Other;Alimentation animale;15.0;2.0;3.0;19.0;;=;39.0
230660;HS6;Tourteaux de palmiste;Palm kernel oilcake;;;;;;;;
2306601000;HS10;Tourteaux de palmiste;Palm kernel oilcake;Alimentation animale;15.0;2.0;3.0;19.0;;=;39.0
2306602000;HS10;Tourteaux de palmiste;Palm kernel oilcake;Alimentation animale;15.0;2.0;3.0;19.0;;=;39.0
2306609000;HS10;Tourteaux de palmiste - Autre;Palm kernel oilcake - Other;Alimentation animale;15.0;2.0;3.0;19.0;;=;39.0
230690;HS6;Autres tourteaux;Other oilcakes;;;;;;;;
2306901000;HS10;Autres tourteaux - Espèce 1;Other oilcakes - Species 1;Alimentation animale;15.0;2.0;3.0;19.0;;=;39.0
2306902000;HS10;Autres tourteaux - Espèce 2;Other oilcakes - Species 2;Alimentation animale;15.0;2.0;3.0;19.0;;=;39.0
2306909000;HS10;Autres tourteaux - Autre espèce;Other oilcakes - Other species;Alimentation animale;15.0;2.0;3.0;19.0;;=;39.0
2307;RANGEE 07;"Wine lees; argol";;;;;;;;;
230700;HS6;Lies de vin;tartre brut;;;;;;;;
2307001000;HS10;Lies de vin;tartre brut;Alimentation animale;15.0;2.0;3.0;19.0;;=;39.0
2307002000;HS10;Lies de vin;tartre brut;Alimentation animale;15.0;2.0;3.0;19.0;;=;39.0
2307009000;HS10;Lies de vin - Autre;tartre brut - Other;Alimentation animale;15.0;2.0;3.0;19.0;;=;39.0
2308;RANGEE 08;"Vegetable materials and vegetable waste, vegetable residues and bi-products; whether or not in the form of pellets, of a kind used in animal feeding, not elsewhere specified or included";;;;;;;;;
230800;HS6;Matières végétales pour alimentation animale;Vegetable materials for animal feeding;;;;;;;;
2308001000;HS10;Glands et marrons dinde;Glands et marrons dinde;Alimentation animale;15.0;2.0;3.0;19.0;;=;39.0
2308002000;HS10;Epis de mais egrenes tiges et feuilles de mais;Epis de mais egrenes tiges et feuilles de mais;Alimentation animale;15.0;2.0;3.0;19.0;;=;39.0
2308009000;HS10;Matières végétales pour alimentation animale - Autre;Vegetable materials for animal feeding - Other;Alimentation animale;15.0;2.0;3.0;19.0;;=;39.0
2309;RANGEE 09;Preparations of a kind used in animal feeding;;;;;;;;;
230910;HS6;Aliments pour chiens et chats (conditionnés);Dog and cat food (retail);;;;;;;;
2309101000;HS10;Aliments pour chiens ou chats conditionnes pour la vente au detail contenant de lamidon ou de la fecule du glucose ou du sirop de glucose de la maltodextrine ou du sirop de maltodextrine;Aliments pour chiens ou chats conditionnes pour la vente au detail contenant de lamidon ou de la fecule du glucose ou du sirop de glucose de la maltodextrine ou du sirop de maltodextrine;Alimentation animale;15.0;2.0;3.0;19.0;;=;39.0
2309102000;HS10;Aliments pour chiens ou chats conditionnes pour la vente au detail ne contenant ni amidon ou fecule ni glucose ou sirop de glucose ni maltodextrine ou sirop de maltodextrine et contenant des produits laitiers;Aliments pour chiens ou chats conditionnes pour la vente au detail ne contenant ni amidon ou fecule ni glucose ou sirop de glucose ni maltodextrine ou sirop de maltodextrine et contenant des produits laitiers;Alimentation animale;15.0;2.0;3.0;19.0;;=;39.0
2309109000;HS10;Aliments pour chiens et chats (conditionnés) - Autre;Dog and cat food (retail) - Other;Alimentation animale;15.0;2.0;3.0;19.0;;=;39.0
230990;HS6;Autres préparations pour animaux;Other animal feed preparations;;;;;;;;
2309901000;HS10;Autres preparations pour lallaitement des veaux;Autres preparations pour lallaitement des veaux;Alimentation animale;15.0;2.0;3.0;19.0;;=;39.0
2309902000;HS10;Autres stenerol oligo elements ampromix plus;Autres stenerol oligo elements ampromix plus;Alimentation animale;15.0;2.0;3.0;19.0;;=;39.0
2309909000;HS10;Autres préparations pour animaux - Autre;Other animal feed preparations - Other;Alimentation animale;15.0;2.0;3.0;19.0;;=;39.0
CHAPITRE 24;CHAPITRE;Tabacs;;;;;;;;;
2401;RANGEE 01;"Tobacco, unmanufactured; tobacco refuse";;;;;;;;;
240110;HS6;Tabacs bruts non écôtés;Tobacco;;;;;;;;
2401101000;HS10;Tabacs bruts non écôtés;Tobacco;Tabac;30.0;2.0;3.0;19.0;100.0;910 Déclaration d'Importation du Produit | 210 Autorisation de Libre Circulation | 902 Autorisation d'admission du produit | 215 Certificat Phytosanitaire du Pays d'Origine;154.0
2401102000;HS10;Tabacs bruts non écôtés;Tobacco;Tabac;30.0;2.0;3.0;19.0;100.0;=;154.0
2401109000;HS10;Tabacs bruts non écôtés - Autre;Tobacco - Other;Tabac;30.0;2.0;3.0;19.0;100.0;=;154.0
240120;HS6;Tabac partiellement ou totalement écôté;Partly or wholly stemmed tobacco;;;;;;;;
2401201000;HS10;Tabac partiellement ou totalement écôté - Variété 1;Partly or wholly stemmed tobacco - Variety 1;Tabac;30.0;2.0;3.0;19.0;100.0;=;154.0
2401202000;HS10;Tabac partiellement ou totalement écôté - Variété 2;Partly or wholly stemmed tobacco - Variety 2;Tabac;30.0;2.0;3.0;19.0;100.0;=;154.0
2401209000;HS10;Tabac partiellement ou totalement écôté - Autre;Partly or wholly stemmed tobacco - Other;Tabac;30.0;2.0;3.0;19.0;100.0;=;154.0
240130;HS6;Déchets de tabac;Tobacco refuse;;;;;;;;
240130;HS6-DIRECT;Déchets de tabac;Tobacco refuse;Tabac;30.0;2.0;3.0;19.0;100.0;=;154.0
2402;RANGEE 02;"Cigars, cheroots, cigarillos and cigarettes; of tobacco or of tobacco substitutes";;;;;;;;;
240210;HS6;Cigares et cigarillos;Cigars and cigarillos;;;;;;;;
2402101000;HS10;Cigares et cigarillos;Cigars and cigarillos;Tabac;30.0;2.0;3.0;19.0;100.0;=;154.0
2402102000;HS10;Cigares et cigarillos;Cigars and cigarillos;Tabac;30.0;2.0;3.0;19.0;100.0;=;154.0
2402109000;HS10;Cigares et cigarillos - Autre;Cigars and cigarillos - Other;Tabac;30.0;2.0;3.0;19.0;100.0;=;154.0
240220;HS6;Cigarettes contenant du tabac;Cigarettes containing tobacco;;;;;;;;
2402201000;HS10;Cigarettes contenant du tabac;Cigarettes containing tobacco;Tabac;30.0;2.0;3.0;19.0;100.0;=;154.0
2402202000;HS10;Cigarettes contenant du tabac;Cigarettes containing tobacco;Tabac;30.0;2.0;3.0;19.0;100.0;=;154.0
2402209000;HS10;Cigarettes contenant du tabac - Autre;Cigarettes containing tobacco - Other;Tabac;30.0;2.0;3.0;19.0;100.0;=;154.0
240290;HS6;Autres cigarettes et cigares;Other cigarettes and cigars;;;;;;;;
2402901000;HS10;Autres cigarettes et cigares;Other cigarettes and cigars;Tabac;30.0;2.0;3.0;19.0;100.0;=;154.0
2402902000;HS10;Autres cigarettes et cigares;Other cigarettes and cigars;Tabac;30.0;2.0;3.0;19.0;100.0;=;154.0
2402909000;HS10;Autres cigarettes et cigares - Autre;Other cigarettes and cigars - Other;Tabac;30.0;2.0;3.0;19.0;100.0;=;154.0
2403;RANGEE 03;"Manufactured tobacco and manufactured tobacco substitutes n.e.c; homogenised or reconstituted tobacco; tobacco extracts and essences";;;;;;;;;
240311;HS6;Tabac à pipe à fumer;Pipe tobacco;;;;;;;;
2403111000;HS10;Tabac à pipe à fumer;Pipe tobacco;Tabac;30.0;2.0;3.0;19.0;;=;54.0
2403112000;HS10;Tabac à pipe à fumer;Pipe tobacco;Tabac;30.0;2.0;3.0;19.0;;=;54.0
2403119000;HS10;Tabac à pipe à fumer - Autre;Pipe tobacco - Other;Tabac;30.0;2.0;3.0;19.0;;=;54.0
240319;HS6;Autres tabacs à fumer;Other smoking tobacco;;;;;;;;
2403191000;HS10;Autres tabacs à fumer;Other smoking tobacco;Tabac;30.0;2.0;3.0;19.0;;=;54.0
2403192000;HS10;Autres tabacs à fumer;Other smoking tobacco;Tabac;30.0;2.0;3.0;19.0;;=;54.0
2403199000;HS10;Autres tabacs à fumer - Autre;Other smoking tobacco - Other;Tabac;30.0;2.0;3.0;19.0;;=;54.0
240391;HS6;Tabac homogénéisé ou reconstitué;Homogenized or reconstituted tobacco;;;;;;;;
2403911000;HS10;Tabac homogénéisé ou reconstitué;Homogenized or reconstituted tobacco;Tabac;30.0;2.0;3.0;19.0;;=;54.0
2403912000;HS10;Tabac homogénéisé ou reconstitué;Homogenized or reconstituted tobacco;Tabac;30.0;2.0;3.0;19.0;;=;54.0
2403919000;HS10;Tabac homogénéisé ou reconstitué - Autre;Homogenized or reconstituted tobacco - Other;Tabac;30.0;2.0;3.0;19.0;;=;54.0
240399;HS6;Autres tabacs manufacturés;Other manufactured tobacco;;;;;;;;
2403991000;HS10;Autres tabacs manufacturés;Other manufactured tobacco;Tabac;30.0;2.0;3.0;19.0;;=;54.0
2403992000;HS10;Autres tabacs manufacturés;Other manufactured tobacco;Tabac;30.0;2.0;3.0;19.0;;=;54.0
2403999000;HS10;Autres tabacs manufacturés - Autre;Other manufactured tobacco - Other;Tabac;30.0;2.0;3.0;19.0;;=;54.0
2404;RANGEE 04;"Products containing tobacco, reconstituted tobacco, nicotine, or tobacco or nicotine substitutes, intended for inhalation without combustion; other nicotine containing products intended for the intake of nicotine into the human body";;;;;;;;;
240411;HS6;Contenant du tabac ou du tabac reconstitué;Products containing tobacco or reconstituted tobacco;;;;;;;;
2404111000;HS10;Contenant du tabac ou du tabac reconstitué;Products containing tobacco or reconstituted tobacco;Tabac;30.0;2.0;3.0;19.0;;=;54.0
2404112000;HS10;Contenant du tabac ou du tabac reconstitué;Products containing tobacco or reconstituted tobacco;Tabac;30.0;2.0;3.0;19.0;;=;54.0
2404119000;HS10;Contenant du tabac ou du tabac reconstitué - Autre;Products containing tobacco or reconstituted tobacco - Other;Tabac;30.0;2.0;3.0;19.0;;=;54.0
240412;HS6;Autres;Products containing nicotine;;;;;;;;
2404121000;HS10;Autres;Products containing nicotine;Tabac;30.0;2.0;3.0;19.0;;=;54.0
2404122000;HS10;Autres;Products containing nicotine;Tabac;30.0;2.0;3.0;19.0;;=;54.0
2404129000;HS10;Autres - Autre;Products containing nicotine - Other;Tabac;30.0;2.0;3.0;19.0;;=;54.0
240419;HS6;Autres;Products containing tobacco or nicotine substitutes;;;;;;;;
2404191000;HS10;Autres;Products containing tobacco or nicotine substitutes;Tabac;30.0;2.0;3.0;19.0;;=;54.0
2404192000;HS10;Autres;Products containing tobacco or nicotine substitutes;Tabac;30.0;2.0;3.0;19.0;;=;54.0
2404199000;HS10;Autres - Autre;Products containing tobacco or nicotine substitutes - Other;Tabac;30.0;2.0;3.0;19.0;;=;54.0
240491;HS6;Pour une application orale;Products n.e.c. in heading 2404;;;;;;;;
2404911000;HS10;Pour une application orale;Products n.e.c. in heading 2404;Tabac;30.0;2.0;3.0;19.0;;=;54.0
2404912000;HS10;Pour une application orale;Products n.e.c. in heading 2404;Tabac;30.0;2.0;3.0;19.0;;=;54.0
2404919000;HS10;Pour une application orale - Autre;Products n.e.c. in heading 2404 - Other;Tabac;30.0;2.0;3.0;19.0;;=;54.0
240492;HS6;Pour une application percutanée;Products n.e.c. in heading 2404;;;;;;;;
2404921000;HS10;Pour une application percutanée;Products n.e.c. in heading 2404;Tabac;30.0;2.0;3.0;19.0;;=;54.0
2404922000;HS10;Pour une application percutanée;Products n.e.c. in heading 2404;Tabac;30.0;2.0;3.0;19.0;;=;54.0
2404929000;HS10;Pour une application percutanée - Autre;Products n.e.c. in heading 2404 - Other;Tabac;30.0;2.0;3.0;19.0;;=;54.0
240499;HS6;Autres;Products n.e.c. in heading 2404;;;;;;;;
2404991000;HS10;Autres;Products n.e.c. in heading 2404;Tabac;30.0;2.0;3.0;19.0;;=;54.0
2404992000;HS10;Autres;Products n.e.c. in heading 2404;Tabac;30.0;2.0;3.0;19.0;;=;54.0
2404999000;HS10;Autres - Autre;Products n.e.c. in heading 2404 - Other;Tabac;30.0;2.0;3.0;19.0;;=;54.0
SECTION V;SECTION;Produits minéraux;Mineral products;;;;;;;;
CHAPITRE 25;CHAPITRE;Sel, soufre, terres, pierres;;;;;;;;;
2501;RANGEE 01;"Salt (including table salt and denatured salt); pure sodium chloride whether or not in aqueous solution; sea water";;;;;;;;;
250100;HS6;Sel (y compris le sel préparé pour la table et le sel dénaturé) et chlorure de sodium pur;eau de mer;;;;;;;;
2501001000;HS10;Chlorure de sodium pur;Chlorure de sodium pur;Industrie;5.0;2.0;;9.0;;910 Déclaration d'Importation du Produit | 210 Autorisation de Libre Circulation;16.0
2501002000;HS10;Sel (y compris le sel préparé pour la table et le sel dénaturé) et chlorure de sodium pur;eau de mer;Industrie;5.0;2.0;;9.0;;=;16.0
2501009000;HS10;Sel (y compris le sel préparé pour la table et le sel dénaturé) et chlorure de sodium pur - Autre;eau de mer - Other;Industrie;5.0;2.0;;9.0;;=;16.0
2502;RANGEE 02;"Iron pyrites; unroasted";;;;;;;;;
250200;HS6;Pyrites de fer non grillées;Unroasted iron pyrites;;;;;;;;
250200;HS6-DIRECT;Pyrites de fer non grillées;Unroasted iron pyrites;Industrie;5.0;2.0;;19.0;;=;26.0
2503;RANGEE 03;"Sulphur of all kinds; other than sublimed, precipitated and colloidal sulphur";;;;;;;;;
250300;HS6;Soufre;Sulfur;;;;;;;;
2503001000;HS10;Soufre;Sulfur;Industrie;5.0;2.0;;19.0;;=;26.0
2503002000;HS10;Soufre;Sulfur;Industrie;5.0;2.0;;19.0;;=;26.0
2503009000;HS10;Soufre - Autre;Sulfur - Other;Industrie;5.0;2.0;;19.0;;=;26.0
2504;RANGEE 04;"Graphite; natural";;;;;;;;;
250410;HS6;Graphite naturel en poudre;Natural graphite powder;;;;;;;;
250410;HS6-DIRECT;Graphite naturel en poudre;Natural graphite powder;Industrie;5.0;2.0;;19.0;;=;26.0
250490;HS6;Graphite naturel autre;Other natural graphite;;;;;;;;
2504901000;HS10;Autres cristallise;Autres cristallise;Industrie;5.0;2.0;;19.0;;=;26.0
2504902000;HS10;Autres amorphe;Autres amorphe;Industrie;5.0;2.0;;19.0;;=;26.0
2504909000;HS10;Graphite naturel autre - Autre;Other natural graphite - Other;Industrie;5.0;2.0;;19.0;;=;26.0
2505;RANGEE 05;"Sands of all kinds; natural, whether or not coloured, other than metal-bearing sands of chapter 26";;;;;;;;;
250510;HS6;Sables siliceux;Silica sands;;;;;;;;
2505100010;HS10;Sables siliceux - Usage spécifique;Silica sands - Specific use;Industrie;5.0;2.0;;19.0;;=;26.0
2505100090;HS10;Sables siliceux - Autre usage;Silica sands - Other use;Industrie;5.0;2.0;;19.0;;=;26.0
250590;HS6;Autres sables naturels;Other natural sands;;;;;;;;
2505901000;HS10;Autres sables sables naturels pour usages industriels de fonderie de verrerie de ceramiques et similaires;Autres sables sables naturels pour usages industriels de fonderie de verrerie de ceramiques et similaires;Industrie;5.0;2.0;;19.0;;=;26.0
2505902000;HS10;Autres sables naturels;Other natural sands;Industrie;5.0;2.0;;19.0;;=;26.0
2505909000;HS10;Autres sables naturels - Autre;Other natural sands - Other;Industrie;5.0;2.0;;19.0;;=;26.0
2506;RANGEE 06;"Quartz; (other than natural sands), quartzite, whether or not roughly trimmed or merely cut, by sawing or otherwise, into blocks or slabs of a rectangular (including square) shape";;;;;;;;;
250610;HS6;Quartz;Quartz;;;;;;;;
2506101000;HS10;Quartz - Grade 1 / Premium;Quartz - Grade 1 / Premium;Industrie;5.0;2.0;;19.0;;=;26.0
2506102000;HS10;Quartz - Grade 2 / Standard;Quartz - Grade 2 / Standard;Industrie;5.0;2.0;;19.0;;=;26.0
2506109000;HS10;Quartz - Autre;Quartz - Other;Industrie;5.0;2.0;;19.0;;=;26.0
250620;HS6;Quartzites;Quartzite;;;;;;;;
2506201000;HS10;Quartzites bruts ou degrossies;Quartzites bruts ou degrossies;Industrie;5.0;2.0;;19.0;;=;26.0
2506202000;HS10;Quartzites simplement debitees par sciage ou autrement en blocs ou en plaques de forme carree ou rectangulaire;Quartzites simplement debitees par sciage ou autrement en blocs ou en plaques de forme carree ou rectangulaire;Industrie;5.0;2.0;;19.0;;=;26.0
2506209000;HS10;Quartzites - Autre;Quartzite - Other;Industrie;5.0;2.0;;19.0;;=;26.0
2507;RANGEE 07;"Kaolin and other kaolinic clays; whether or not calcined";;;;;;;;;
250700;HS6;Kaolin et autres argiles kaoliniques;Kaolin and other kaolinic clays;;;;;;;;
2507001000;HS10;Kaolin et autres argiles kaoliniques;Kaolin and other kaolinic clays;Industrie;5.0;2.0;;19.0;;=;26.0
2507002000;HS10;Calcines ou pulverises;Calcines ou pulverises;Industrie;5.0;2.0;;19.0;;=;26.0
2507009000;HS10;Kaolin et autres argiles kaoliniques - Autre;Kaolin and other kaolinic clays - Other;Industrie;5.0;2.0;;19.0;;=;26.0
2508;RANGEE 08;"Clays; (not including expanded clays of heading no. 6806), andalusite kyanite and sillimanite, whether or not calcined; mullite; chamotte or dinas earth";;;;;;;;;
250810;HS6;Bentonite;Bentonite;;;;;;;;
2508100010;HS10;Bentonite - Usage spécifique;Bentonite - Specific use;Industrie;5.0;2.0;;19.0;;=;26.0
2508100090;HS10;Bentonite - Autre usage;Bentonite - Other use;Industrie;5.0;2.0;;19.0;;=;26.0
250830;HS6;Argiles réfractaires;Refractory clays;;;;;;;;
2508301000;HS10;Argiles refractaires bruts;Argiles refractaires bruts;Industrie;5.0;2.0;;19.0;;=;26.0
2508302000;HS10;Argiles réfractaires;Refractory clays;Industrie;5.0;2.0;;19.0;;=;26.0
2508309000;HS10;Argiles réfractaires - Autre;Refractory clays - Other;Industrie;5.0;2.0;;19.0;;=;26.0
250840;HS6;Autres argiles;Other clays;;;;;;;;
2508401000;HS10;Autres argiles tfal ghassoul;Autres argiles tfal ghassoul;Industrie;5.0;2.0;;19.0;;=;26.0
2508402000;HS10;Autres argiles terres decolorantes et terres a foulon;Autres argiles terres decolorantes et terres a foulon;Industrie;5.0;2.0;;19.0;;=;26.0
2508409000;HS10;Autres argiles - Autre;Other clays - Other;Industrie;5.0;2.0;;19.0;;=;26.0
250850;HS6;Andalousite;Clays (excluding expanded clays of heading no. 6806);;;;;;;;
2508501000;HS10;Andalousite;Clays (excluding expanded clays of heading no. 6806);Industrie;5.0;2.0;;19.0;;=;26.0
2508502000;HS10;Andalousite;Clays (excluding expanded clays of heading no. 6806);Industrie;5.0;2.0;;19.0;;=;26.0
2508509000;HS10;Andalousite - Autre;Clays (excluding expanded clays of heading no. 6806) - Other;Industrie;5.0;2.0;;19.0;;=;26.0
250860;HS6;Mullite;Clays (excluding expanded clays of heading no. 6806);;;;;;;;
2508601000;HS10;Mullite brute;Mullite brute;Industrie;5.0;2.0;;19.0;;=;26.0
2508602000;HS10;Mullite;Clays (excluding expanded clays of heading no. 6806);Industrie;5.0;2.0;;19.0;;=;26.0
2508609000;HS10;Mullite - Autre;Clays (excluding expanded clays of heading no. 6806) - Other;Industrie;5.0;2.0;;19.0;;=;26.0
250870;HS6;Terres de chamotte ou de dinas;Clays (excluding expanded clays of heading no. 6806);;;;;;;;
2508701000;HS10;Terres de chamotte ou de dinas;Clays (excluding expanded clays of heading no. 6806);Industrie;5.0;2.0;;19.0;;=;26.0
2508702000;HS10;Terres de chamotte ou de dinas;Clays (excluding expanded clays of heading no. 6806);Industrie;5.0;2.0;;19.0;;=;26.0
2508709000;HS10;Terres de chamotte ou de dinas - Autre;Clays (excluding expanded clays of heading no. 6806) - Other;Industrie;5.0;2.0;;19.0;;=;26.0
2509;RANGEE 09;Chalk;;;;;;;;;
250900;HS6;Craie;Chalk;;;;;;;;
2509000010;HS10;Craie - Usage spécifique;Chalk - Specific use;Industrie;5.0;2.0;;19.0;;=;26.0
2509000090;HS10;Craie - Autre usage;Chalk - Other use;Industrie;5.0;2.0;;19.0;;=;26.0
2510;RANGEE 10;"Natural calcium phosphates; natural aluminium calcium phosphates and phosphatic chalk";;;;;;;;;
251010;HS6;Phosphates de calcium naturels non broyés;Natural calcium phosphates, unground;;;;;;;;
251010;HS6-DIRECT;Phosphates de calcium naturels non broyés;Natural calcium phosphates, unground;Industrie;5.0;2.0;;19.0;;=;26.0
251020;HS6;Phosphates de calcium naturels broyés;Natural calcium phosphates, ground;;;;;;;;
251020;HS6-DIRECT;Phosphates de calcium naturels broyés;Natural calcium phosphates, ground;Industrie;5.0;2.0;;19.0;;=;26.0
2511;RANGEE 11;"Natural barium sulphate (barytes); natural barium carbonate, (witherite) whether or not calcined, other than barium oxide of heading no. 2816";;;;;;;;;
251110;HS6;Sulfate de baryum naturel (barytine);Natural barium sulfate (barytes);;;;;;;;
251110;HS6-DIRECT;Sulfate de baryum naturel (barytine);Natural barium sulfate (barytes);Industrie;5.0;2.0;;19.0;;=;26.0
251120;HS6;Carbonate de baryum naturel (whitérite);Barium carbonate (witherite);;;;;;;;
2511201000;HS10;Carbonate de baryum naturel (whitérite);Barium carbonate (witherite);Industrie;5.0;2.0;;19.0;;=;26.0
2511202000;HS10;Carbonate de baryum naturel (whitérite);Barium carbonate (witherite);Industrie;5.0;2.0;;19.0;;=;26.0
2511209000;HS10;Carbonate de baryum naturel (whitérite) - Autre;Barium carbonate (witherite) - Other;Industrie;5.0;2.0;;19.0;;=;26.0
2512;RANGEE 12;"Siliceous fossil meals (e.g. kieselguhr, tripolite and diatomite) and similar siliceous earths; whether or not calcined, of an apparent specific gravity of 1 or less";;;;;;;;;
251200;HS6;Farines siliceuses fossiles;Siliceous fossil meals;;;;;;;;
2512001000;HS10;Kieselguhr;Kieselguhr;Industrie;5.0;2.0;;19.0;;=;26.0
2512002000;HS10;Farines siliceuses fossiles;Siliceous fossil meals;Industrie;5.0;2.0;;19.0;;=;26.0
2512009000;HS10;Farines siliceuses fossiles - Autre;Siliceous fossil meals - Other;Industrie;5.0;2.0;;19.0;;=;26.0
2513;RANGEE 13;"Pumice stone; emery; natural corundum, natural garnet and other natural abrasives, whether or not heat treated";;;;;;;;;
251310;HS6;Pierre ponce;Pumice stone;;;;;;;;
251310;HS6-DIRECT;Pierre ponce;Pumice stone;Industrie;5.0;2.0;;19.0;;=;26.0
251320;HS6;Émeri, corindon naturel;Emery, natural corundum;;;;;;;;
2513201000;HS10;Émeri, corindon naturel;Emery, natural corundum;Industrie;5.0;2.0;;19.0;;=;26.0
2513202000;HS10;Émeri, corindon naturel;Emery, natural corundum;Industrie;5.0;2.0;;19.0;;=;26.0
2513209000;HS10;Émeri, corindon naturel - Autre;Emery, natural corundum - Other;Industrie;5.0;2.0;;19.0;;=;26.0
2514;RANGEE 14;Slate, whether or not roughly trimmed or merely cut, by sawing or otherwise, into blocks or slabs of a rectangular (including square) shape;;;;;;;;;
251400;HS6;Ardoise;Slate;;;;;;;;
2514001000;HS10;Bruts ou degrossis;Bruts ou degrossis;Industrie;5.0;2.0;;19.0;;=;26.0
2514002000;HS10;Simplement debites par sciage ou autrement en blocs ou en plaques de forme carree ou rectangulaire;Simplement debites par sciage ou autrement en blocs ou en plaques de forme carree ou rectangulaire;Industrie;5.0;2.0;;19.0;;=;26.0
2514009000;HS10;Ardoise - Autre;Slate - Other;Industrie;5.0;2.0;;19.0;;=;26.0
2515;RANGEE 15;"Marble, travertine, ecaussine and other calcareous stone; of an apparent specific gravity of less than 2.5, alabaster, whether cut by sawing etc, into blocks, slabs of a rectangular (square) shape";;;;;;;;;
251511;HS6;Marbres bruts ou dégrossis;Crude or roughly trimmed marble;;;;;;;;
2515111000;HS10;Marbres et travertins bruts ou degrossis marbres;Marbres et travertins bruts ou degrossis marbres;Industrie;5.0;2.0;;19.0;;=;26.0
2515112000;HS10;Marbres et travertins bruts ou degrossis travertins;Marbres et travertins bruts ou degrossis travertins;Industrie;5.0;2.0;;19.0;;=;26.0
2515119000;HS10;Marbres bruts ou dégrossis - Autre;Crude or roughly trimmed marble - Other;Industrie;5.0;2.0;;19.0;;=;26.0
251512;HS6;Marbres simplement débités;Simply cut marble;;;;;;;;
2515121000;HS10;Marbres simplement débités;Simply cut marble;Industrie;5.0;2.0;;19.0;;=;26.0
2515122000;HS10;Marbres simplement débités;Simply cut marble;Industrie;5.0;2.0;;19.0;;=;26.0
2515129000;HS10;Marbres simplement débités - Autre;Simply cut marble - Other;Industrie;5.0;2.0;;19.0;;=;26.0
251520;HS6;Ecaussines et autres pierres calcaires de taille ou de construction;albâtre;;;;;;;;
2515201000;HS10;Ecaussines et autres pierres calcaires de taille ou de construction;albâtre;Industrie;5.0;2.0;;19.0;;=;26.0
2515202000;HS10;Ecaussines et autres pierres calcaires de taille ou de construction;albâtre;Industrie;5.0;2.0;;19.0;;=;26.0
2515209000;HS10;Ecaussines et autres pierres calcaires de taille ou de construction - Autre;albâtre - Other;Industrie;5.0;2.0;;19.0;;=;26.0
2516;RANGEE 16;Granite, porphyry, basalt, sandstone, other monumental and building stone, whether or not roughly trimmed, cut, by sawing etc, into blocks or slabs of a rectangular (including square) shape;;;;;;;;;
251611;HS6;Brut ou dégrossi;Granite;;;;;;;;
2516111000;HS10;Brut ou dégrossi;Granite;Industrie;5.0;2.0;;19.0;;=;26.0
2516112000;HS10;Brut ou dégrossi;Granite;Industrie;5.0;2.0;;19.0;;=;26.0
2516119000;HS10;Brut ou dégrossi - Autre;Granite - Other;Industrie;5.0;2.0;;19.0;;=;26.0
251612;HS6;Granit simplement débité;Simply cut granite;;;;;;;;
2516121000;HS10;Granit simplement debite par sciage ou autrement en blocs ou en plaques de forme carree ou rectangulaire en blocs;Granit simplement debite par sciage ou autrement en blocs ou en plaques de forme carree ou rectangulaire en blocs;Industrie;5.0;2.0;;19.0;;=;26.0
2516122000;HS10;Granit simplement debite par sciage ou autrement en blocs ou en plaques de forme carree ou rectangulaire en plaques de forme carree ou rectangulaire;Granit simplement debite par sciage ou autrement en blocs ou en plaques de forme carree ou rectangulaire en plaques de forme carree ou rectangulaire;Industrie;5.0;2.0;;19.0;;=;26.0
2516129000;HS10;Granit simplement débité - Autre;Simply cut granite - Other;Industrie;5.0;2.0;;19.0;;=;26.0
251620;HS6;Grès;Sandstone;;;;;;;;
2516201000;HS10;Gres bruts ou degrossis;Gres bruts ou degrossis;Industrie;5.0;2.0;;19.0;;=;26.0
2516202000;HS10;Grès;Sandstone;Industrie;5.0;2.0;;19.0;;=;26.0
2516209000;HS10;Grès - Autre;Sandstone - Other;Industrie;5.0;2.0;;19.0;;=;26.0
251690;HS6;Autres pierres de taille ou de construction;Monumental or building stone;;;;;;;;
2516901000;HS10;Autres pierres de taille ou de construction;Monumental or building stone;Industrie;5.0;2.0;;19.0;;=;26.0
2516902000;HS10;Autres pierres de taille ou de construction;Monumental or building stone;Industrie;5.0;2.0;;19.0;;=;26.0
2516909000;HS10;Autres pierres de taille ou de construction - Autre;Monumental or building stone - Other;Industrie;5.0;2.0;;19.0;;=;26.0
2517;RANGEE 17;"Pebbles, gravel, crushed stone for concrete aggregates for road or railway ballast, shingle or flint; macadam of slag, dross etc tarred granules, chippings, powder of stones of heading no. 2515 and 2516";;;;;;;;;
251710;HS6;Cailloux, graviers, pierres concassées;Pebbles, gravel, crushed stone;;;;;;;;
2517101000;HS10;Cailloux, graviers, pierres concassées;Pebbles, gravel, crushed stone;Industrie;5.0;2.0;;19.0;;=;26.0
2517102000;HS10;Cailloux graviers pierres concassees des types généralement utilises pour le betonnage ou pour lempierrement des routes des voies ferrees ou autres ballasts galets et silex meme traités thermiquement dolomie concassee a 3 mm;Cailloux graviers pierres concassees des types generalement utilises pour le betonnage ou pour lempierrement des routes des voies ferrees ou autres ballasts galets et silex meme traites thermiquement dolomie concassee a 3 mm;Industrie;5.0;2.0;;19.0;;=;26.0
2517109000;HS10;Cailloux, graviers, pierres concassées - Autre;Pebbles, gravel, crushed stone - Other;Industrie;5.0;2.0;;19.0;;=;26.0
251720;HS6;Macadam de laitier;Macadam of slag;;;;;;;;
2517201000;HS10;Macadam de laitier de scories ou de déchets industriels similaires meme comprenant des matieres citees dans le n 251710 comprenant des matieres citees dans le n 251710;Macadam de laitier de scories ou de dechets industriels similaires meme comprenant des matieres citees dans le n 251710 comprenant des matieres citees dans le n 251710;Industrie;5.0;2.0;;19.0;;=;26.0
2517202000;HS10;Macadam de laitier de scories ou de déchets industriels similaires meme comprenant des matieres citees dans le n 251710 sable de carrieredorigine calcaire;Macadam de laitier de scories ou de dechets industriels similaires meme comprenant des matieres citees dans le n 251710 sable de carrieredorigine calcaire;Industrie;5.0;2.0;;19.0;;=;26.0
2517209000;HS10;Macadam de laitier - Autre;Macadam of slag - Other;Industrie;5.0;2.0;;19.0;;=;26.0
251730;HS6;Tarmacadam;Tarred macadam;;;;;;;;
2517301000;HS10;Tarmacadam;Tarred macadam;Industrie;5.0;2.0;;19.0;;=;26.0
2517302000;HS10;Tarmacadam;Tarred macadam;Industrie;5.0;2.0;;19.0;;=;26.0
2517309000;HS10;Tarmacadam - Autre;Tarred macadam - Other;Industrie;5.0;2.0;;19.0;;=;26.0
251741;HS6;De marbre;Stones;;;;;;;;
2517411000;HS10;Granules eclats et poudres de pierres des n s 2515 ou 2516 meme traités thermiquement de marbre granules eclats de marbre meme traités thermiquement;Granules eclats et poudres de pierres des n s 2515 ou 2516 meme traites thermiquement de marbre granules eclats de marbre meme traites thermiquement;Industrie;5.0;2.0;;19.0;;=;26.0
2517412000;HS10;Granules eclats et poudres de pierres des n s 2515 ou 2516 meme traités thermiquement de marbre poudres de marbre meme traités thermiquement;Granules eclats et poudres de pierres des n s 2515 ou 2516 meme traites thermiquement de marbre poudres de marbre meme traites thermiquement;Industrie;5.0;2.0;;19.0;;=;26.0
2517419000;HS10;De marbre - Autre;Stones - Other;Industrie;5.0;2.0;;19.0;;=;26.0
251749;HS6;Autres;Stones;;;;;;;;
2517491000;HS10;Autres;Stones;Industrie;5.0;2.0;;19.0;;=;26.0
2517492000;HS10;Autres;Stones;Industrie;5.0;2.0;;19.0;;=;26.0
2517499000;HS10;Autres - Autre;Stones - Other;Industrie;5.0;2.0;;19.0;;=;26.0
2518;RANGEE 18;Dolomite, whether or not calcined or sintered, including dolomite roughly trimmed or merely cut, by sawing or otherwise, into blocks or slabs of a rectangular (including square) shape;;;;;;;;;
251810;HS6;Dolomie non calcinée;Dolomite not calcined;;;;;;;;
2518101000;HS10;Dolomie non calcinee ni frittee ditecrue degrossis en blocs;Dolomie non calcinee ni frittee ditecrue degrossis en blocs;Industrie;5.0;2.0;;19.0;;=;26.0
2518102000;HS10;Dolomie non calcinee ni frittee ditecrue simplement debitee par sciage ou autrement en blocs ou en plaques de forme carree ou rectangulaire;Dolomie non calcinee ni frittee ditecrue simplement debitee par sciage ou autrement en blocs ou en plaques de forme carree ou rectangulaire;Industrie;5.0;2.0;;19.0;;=;26.0
2518109000;HS10;Dolomie non calcinée - Autre;Dolomite not calcined - Other;Industrie;5.0;2.0;;19.0;;=;26.0
251820;HS6;Dolomie calcinée ou frittée;Dolomite;;;;;;;;
2518201000;HS10;Dolomie calcinee ou frittee dolomie calcinee;Dolomie calcinee ou frittee dolomie calcinee;Industrie;5.0;2.0;;19.0;;=;26.0
2518202000;HS10;Dolomie calcinee ou frittee dolomie frittee;Dolomie calcinee ou frittee dolomie frittee;Industrie;5.0;2.0;;19.0;;=;26.0
2518209000;HS10;Dolomie calcinée ou frittée - Autre;Dolomite - Other;Industrie;5.0;2.0;;19.0;;=;26.0
2519;RANGEE 19;"Natural magnesium carbonate (magnesite); fused magnesia; dead-burned (sintered) magnesia, whether or not containing small quantities of other oxides added before sintering; magnesium oxide, pure or not";;;;;;;;;
251910;HS6;Carbonate de magnésium naturel (magnésite);Magnesium carbonate (magnesite);;;;;;;;
2519101000;HS10;Carbonate de magnésium naturel (magnésite);Magnesium carbonate (magnesite);Industrie;5.0;2.0;;19.0;;=;26.0
2519102000;HS10;Carbonate de magnésium naturel (magnésite);Magnesium carbonate (magnesite);Industrie;5.0;2.0;;19.0;;=;26.0
2519109000;HS10;Carbonate de magnésium naturel (magnésite) - Autre;Magnesium carbonate (magnesite) - Other;Industrie;5.0;2.0;;19.0;;=;26.0
251990;HS6;Autres;Magnesia;;;;;;;;
2519901000;HS10;Magnésie électro fondue;Magnésie électro fondue;Industrie;5.0;2.0;;19.0;;=;26.0
2519902000;HS10;Magnésie calcinée à mort frittée;Magnésie calcinée à mort frittée;Industrie;5.0;2.0;;19.0;;=;26.0
2519909000;HS10;Autres - Autre;Magnesia - Other;Industrie;5.0;2.0;;19.0;;=;26.0
2520;RANGEE 20;"Gypsum; anhydrite; plasters (consisting of calcined gypsum or calcium sulphate), coloured or not, with or without small quantities of accelerators or retarders";;;;;;;;;
252010;HS6;Gypse et anhydrite;Gypsum and anhydrite;;;;;;;;
2520101000;HS10;Gypse anhydrite gypse;Gypse anhydrite gypse;Industrie;5.0;2.0;;19.0;;=;26.0
2520102000;HS10;Gypse anhydrite anhydrite;Gypse anhydrite anhydrite;Industrie;5.0;2.0;;19.0;;=;26.0
2520109000;HS10;Gypse et anhydrite - Autre;Gypsum and anhydrite - Other;Industrie;5.0;2.0;;19.0;;=;26.0
252020;HS6;Plâtres;Plasters;;;;;;;;
2520201000;HS10;Plâtres;Plasters;Industrie;5.0;2.0;;19.0;;=;26.0
2520202000;HS10;Plâtres;Plasters;Industrie;5.0;2.0;;19.0;;=;26.0
2520209000;HS10;Plâtres - Autre;Plasters - Other;Industrie;5.0;2.0;;19.0;;=;26.0
2521;RANGEE 21;"Limestone flux; limestone and other calcareous stone, of a kind used for the manufacture of lime or cement";;;;;;;;;
252100;HS6;Castines et pierres à chaux;Limestone flux and limestone;;;;;;;;
2521000010;HS10;Castines et pierres à chaux - Usage spécifique;Limestone flux and limestone - Specific use;Industrie;5.0;2.0;;19.0;;=;26.0
2521000090;HS10;Castines et pierres à chaux - Autre usage;Limestone flux and limestone - Other use;Industrie;5.0;2.0;;19.0;;=;26.0
2522;RANGEE 22;"Quicklime, slaked lime and hydraulic lime; other than calcium oxide and hydroxide of heading no. 2825";;;;;;;;;
252210;HS6;Chaux vive;Quicklime;;;;;;;;
252210;HS6-DIRECT;Chaux vive;Quicklime;Industrie;5.0;2.0;;19.0;;=;26.0
252220;HS6;Chaux éteinte;Slaked lime;;;;;;;;
252220;HS6-DIRECT;Chaux éteinte;Slaked lime;Industrie;5.0;2.0;;19.0;;=;26.0
252230;HS6;Chaux hydraulique;Hydraulic lime;;;;;;;;
2522301000;HS10;Chaux hydraulique;Hydraulic lime;Industrie;5.0;2.0;;19.0;;=;26.0
2522302000;HS10;Chaux hydraulique;Hydraulic lime;Industrie;5.0;2.0;;19.0;;=;26.0
2522309000;HS10;Chaux hydraulique - Autre;Hydraulic lime - Other;Industrie;5.0;2.0;;19.0;;=;26.0
2523;RANGEE 23;Portland cement, aluminous cement (ciment fondu), slag cement, supersulphate cement and similar hydraulic cements, whether or not coloured or in the form of clinkers;;;;;;;;;
252310;HS6;Ciments non pulvérisés (clinkers);Cement clinkers;;;;;;;;
252310;HS6-DIRECT;Ciments non pulvérisés (clinkers);Cement clinkers;Industrie;5.0;2.0;;19.0;;=;26.0
252321;HS6;Ciment Portland blanc;White Portland cement;;;;;;;;
2523211000;HS10;Ciment Portland blanc - Production locale;White Portland cement - Local production;Industrie;5.0;2.0;;19.0;;=;26.0
2523219000;HS10;Ciment Portland blanc - Importé;White Portland cement - Imported;Industrie;5.0;2.0;;19.0;;=;26.0
252329;HS6;Autres;Cement;;;;;;;;
2523291000;HS10;Ciment GICA local;Local GICA cement;Industrie;15.0;2.0;;19.0;;=;36.0
2523299000;HS10;Ciment importé;Imported cement;Industrie;30.0;2.0;;19.0;;=;51.0
252330;HS6;Ciments alumineux;Cement;;;;;;;;
2523301000;HS10;Ciments alumineux;Cement;Industrie;5.0;2.0;;19.0;;=;26.0
2523302000;HS10;Ciments alumineux;Cement;Industrie;5.0;2.0;;19.0;;=;26.0
2523309000;HS10;Ciments alumineux - Autre;Cement - Other;Industrie;5.0;2.0;;19.0;;=;26.0
252390;HS6;Autres ciments hydrauliques;Other hydraulic cements;;;;;;;;
2523901000;HS10;Ciment hydraulique à prise rapide dit prompt;Ciment hydraulique à prise rapide dit prompt;Industrie;5.0;2.0;;19.0;;=;26.0
2523902000;HS10;Autres ciments hydrauliques;Other hydraulic cements;Industrie;5.0;2.0;;19.0;;=;26.0
2523909000;HS10;Autres ciments hydrauliques - Autre;Other hydraulic cements - Other;Industrie;5.0;2.0;;19.0;;=;26.0
2524;RANGEE 24;Asbestos;;;;;;;;;
252410;HS6;Amiante crocidolite;Crocidolite asbestos;;;;;;;;
252410;HS6-DIRECT;Amiante crocidolite;Crocidolite asbestos;Industrie;5.0;2.0;;19.0;;=;26.0
252490;HS6;Autres amiantes;Other asbestos;;;;;;;;
2524901000;HS10;Autres amiante asbeste en fibres;Autres amiante asbeste en fibres;Industrie;5.0;2.0;;19.0;;=;26.0
2524902000;HS10;Autres amiante asbeste en flocons;Autres amiante asbeste en flocons;Industrie;5.0;2.0;;19.0;;=;26.0
2524909000;HS10;Autres amiantes - Autre;Other asbestos - Other;Industrie;5.0;2.0;;19.0;;=;26.0
2525;RANGEE 25;"Mica, including splittings; mica waste";;;;;;;;;
252510;HS6;Mica brut ou clivé;Crude or rifted mica;;;;;;;;
2525101000;HS10;Mica brut ou clive en feuilles ou lamelles irregulieres mica brut;Mica brut ou clive en feuilles ou lamelles irregulieres mica brut;Industrie;5.0;2.0;;19.0;;=;26.0
2525102000;HS10;Mica brut ou clive en feuilles ou lamelles irregulieres mica en feuilles;Mica brut ou clive en feuilles ou lamelles irregulieres mica en feuilles;Industrie;5.0;2.0;;19.0;;=;26.0
2525109000;HS10;Mica brut ou clivé - Autre;Crude or rifted mica - Other;Industrie;5.0;2.0;;19.0;;=;26.0
252520;HS6;Mica en poudre;Mica;;;;;;;;
2525201000;HS10;Mica en poudre;Mica;Industrie;5.0;2.0;;19.0;;=;26.0
2525202000;HS10;Mica en poudre;Mica;Industrie;5.0;2.0;;19.0;;=;26.0
2525209000;HS10;Mica en poudre - Autre;Mica - Other;Industrie;5.0;2.0;;19.0;;=;26.0
252530;HS6;Déchets de mica;Mica;;;;;;;;
2525301000;HS10;Déchets de mica;Mica;Industrie;5.0;2.0;;19.0;;=;26.0
2525302000;HS10;Déchets de mica;Mica;Industrie;5.0;2.0;;19.0;;=;26.0
2525309000;HS10;Déchets de mica - Autre;Mica - Other;Industrie;5.0;2.0;;19.0;;=;26.0
2526;RANGEE 26;"Natural steatite; whether or not roughly trimmed or merely cut, by sawing or otherwise, into blocks or slabs of a rectangular (including square) shape; talc";;;;;;;;;
252610;HS6;Stéatite naturelle non broyée;Natural steatite, not crushed;;;;;;;;
252610;HS6-DIRECT;Stéatite naturelle non broyée;Natural steatite, not crushed;Industrie;5.0;2.0;;19.0;;=;26.0
252620;HS6;Stéatite broyée ou pulvérisée;Crushed or powdered steatite;;;;;;;;
252620;HS6-DIRECT;Stéatite broyée ou pulvérisée;Crushed or powdered steatite;Industrie;5.0;2.0;;19.0;;=;26.0
2528;RANGEE 28;"Natural borates and concentrates thereof (whether or not calcined), but not including borates separated from natural brine; natural boric acid containing not more than 85 % of H3BO3 calculated on the dry weight";;;;;;;;;
252800;HS6;Borates naturels et leurs concentrés (même calcinés);acide borique naturel titrant au maximum 85% de H3BO3 sur produit sec;;;;;;;;
2528001000;HS10;Borates naturels et leurs concentrés meme calcines;Borates naturels et leurs concentres meme calcines;Industrie;5.0;2.0;;19.0;;=;26.0
2528002000;HS10;Acide borique naturel titrant au maximum 85 de h3bo3 sur produit sec;Acide borique naturel titrant au maximum 85 de h3bo3 sur produit sec;Industrie;5.0;2.0;;19.0;;=;26.0
2528009000;HS10;Borates naturels et leurs concentrés (même calcinés) - Autre;acide borique naturel titrant au maximum 85% de H3BO3 sur produit sec - Other;Industrie;5.0;2.0;;19.0;;=;26.0
2529;RANGEE 29;"Feldspar; leucite; nepheline and nepheline syenite; fluorspar";;;;;;;;;
252910;HS6;Feldspath;Feldspar;;;;;;;;
2529101000;HS10;Feldspath;Feldspar;Industrie;5.0;2.0;;19.0;;=;26.0
2529102000;HS10;Feldspath;Feldspar;Industrie;5.0;2.0;;19.0;;=;26.0
2529109000;HS10;Feldspath - Autre;Feldspar - Other;Industrie;5.0;2.0;;19.0;;=;26.0
252921;HS6;Spath fluor;Fluorspar;;;;;;;;
252921;HS6-DIRECT;Spath fluor;Fluorspar;Industrie;5.0;2.0;;19.0;;=;26.0
252922;HS6;Contenant en poids plus de 97% de fluorure de calcium;Fluorspar;;;;;;;;
2529221000;HS10;Contenant en poids plus de 97% de fluorure de calcium;Fluorspar;Industrie;5.0;2.0;;19.0;;=;26.0
2529222000;HS10;Contenant en poids plus de 97% de fluorure de calcium;Fluorspar;Industrie;5.0;2.0;;19.0;;=;26.0
2529229000;HS10;Contenant en poids plus de 97% de fluorure de calcium - Autre;Fluorspar - Other;Industrie;5.0;2.0;;19.0;;=;26.0
252930;HS6;Leucite;néphéline et néphéline syénite;;;;;;;;
2529301000;HS10;Leucite nepheline et nepheline syenite leucite;Leucite nepheline et nepheline syenite leucite;Industrie;5.0;2.0;;19.0;;=;26.0
2529302000;HS10;Leucite nepheline et nepheline syenite nepheline;Leucite nepheline et nepheline syenite nepheline;Industrie;5.0;2.0;;19.0;;=;26.0
2529309000;HS10;Leucite - Autre;néphéline et néphéline syénite - Other;Industrie;5.0;2.0;;19.0;;=;26.0
2530;RANGEE 30;Mineral substances not elsewhere specified or included;;;;;;;;;
253010;HS6;Vermiculite, perlite et chlorites;Vermiculite, perlite and chlorites;;;;;;;;
2530101000;HS10;Vermiculite, perlite et chlorites;Vermiculite, perlite and chlorites;Industrie;5.0;2.0;;19.0;;=;26.0
2530102000;HS10;Vermiculite, perlite et chlorites;Vermiculite, perlite and chlorites;Industrie;5.0;2.0;;19.0;;=;26.0
2530109000;HS10;Vermiculite, perlite et chlorites - Autre;Vermiculite, perlite and chlorites - Other;Industrie;5.0;2.0;;19.0;;=;26.0
253020;HS6;Kiésérite;Kieserite;;;;;;;;
2530201000;HS10;Kiésérite;Kieserite;Industrie;5.0;2.0;;19.0;;=;26.0
2530202000;HS10;Kiésérite;Kieserite;Industrie;5.0;2.0;;19.0;;=;26.0
2530209000;HS10;Kiésérite - Autre;Kieserite - Other;Industrie;5.0;2.0;;19.0;;=;26.0
253090;HS6;Autres;Mineral substances;;;;;;;;
2530901000;HS10;Autres;Mineral substances;Industrie;5.0;2.0;;19.0;;=;26.0
2530902000;HS10;Autres ecume de mer naturelle et reconstituee;Autres ecume de mer naturelle et reconstituee;Industrie;5.0;2.0;;19.0;;=;26.0
2530909000;HS10;Autres - Autre;Mineral substances - Other;Industrie;5.0;2.0;;19.0;;=;26.0
2531;RANGEE 31;;;;;;;;;;
253110;HS6;Phosphates de calcium naturels;Natural calcium phosphates;;;;;;;;
2531101000;HS10;Phosphate Djebel Onk;Djebel Onk phosphate;Industrie;0.0;2.0;;19.0;;=;21.0
2531109000;HS10;Autre phosphate;Other phosphate;Industrie;0.0;2.0;;19.0;;=;21.0
CHAPITRE 26;CHAPITRE;Minerais, scories, cendres;;;;;;;;;
2601;RANGEE 01;"Iron ores and concentrates; including roasted iron pyrites";;;;;;;;;
260111;HS6;Non agglomérés;Iron ores and concentrates;;;;;;;;
2601111000;HS10;Non agglomérés;Iron ores and concentrates;Industrie;5.0;2.0;;19.0;;910 Déclaration d'Importation du Produit | 210 Autorisation de Libre Circulation;26.0
2601112000;HS10;Non agglomérés;Iron ores and concentrates;Industrie;5.0;2.0;;19.0;;=;26.0
2601119000;HS10;Non agglomérés - Autre;Iron ores and concentrates - Other;Industrie;5.0;2.0;;19.0;;=;26.0
260112;HS6;Minerais de fer agglomérés;Agglomerated iron ores;;;;;;;;
260112;HS6-DIRECT;Minerais de fer agglomérés;Agglomerated iron ores;Industrie;5.0;2.0;;19.0;;=;26.0
260120;HS6;Pyrites de fer grillées (cendres de pyrites);Iron pyrites;;;;;;;;
2601201000;HS10;Pyrites de fer grillees cendres de pyrites non agglomeres;Pyrites de fer grillees cendres de pyrites non agglomeres;Industrie;5.0;2.0;;19.0;;=;26.0
2601202000;HS10;Pyrites de fer grillees cendres de pyrites agglomeres;Pyrites de fer grillees cendres de pyrites agglomeres;Industrie;5.0;2.0;;19.0;;=;26.0
2601209000;HS10;Pyrites de fer grillées (cendres de pyrites) - Autre;Iron pyrites - Other;Industrie;5.0;2.0;;19.0;;=;26.0
2602;RANGEE 02;Manganese ores and concentrates, including ferruginous manganese ores and concentrates with a manganese content of 20% or more, calculated on the dry weight;;;;;;;;;
260200;HS6;Minerais de manganèse et leurs concentrés;Manganese ores and concentrates;;;;;;;;
2602001000;HS10;Braunite;Braunite;Industrie;5.0;2.0;;19.0;;=;26.0
2602002000;HS10;Dialogite rhodochrosite;Dialogite rhodochrosite;Industrie;5.0;2.0;;19.0;;=;26.0
2602009000;HS10;Minerais de manganèse et leurs concentrés - Autre;Manganese ores and concentrates - Other;Industrie;5.0;2.0;;19.0;;=;26.0
2603;RANGEE 03;Copper ores and concentrates;;;;;;;;;
260300;HS6;Minerais de cuivre et leurs concentrés;Copper ores and concentrates;;;;;;;;
2603001000;HS10;Atacamite;Atacamite;Industrie;5.0;2.0;;19.0;;=;26.0
2603002000;HS10;Azurite;Azurite;Industrie;5.0;2.0;;19.0;;=;26.0
2603009000;HS10;Minerais de cuivre et leurs concentrés - Autre;Copper ores and concentrates - Other;Industrie;5.0;2.0;;19.0;;=;26.0
2604;RANGEE 04;Nickel ores and concentrates;;;;;;;;;
260400;HS6;Minerais de nickel;Nickel ores;;;;;;;;
260400;HS6-DIRECT;Minerais de nickel;Nickel ores;Industrie;5.0;2.0;;19.0;;=;26.0
2605;RANGEE 05;Cobalt ores and concentrates;;;;;;;;;
260500;HS6;Minerais de cobalt;Cobalt ores;;;;;;;;
2605001000;HS10;Minerais de cobalt - Certifié;Cobalt ores - Certified;Industrie;5.0;2.0;;19.0;;=;26.0
2605009000;HS10;Minerais de cobalt - Non certifié;Cobalt ores - Not certified;Industrie;5.0;2.0;;19.0;;=;26.0
2606;RANGEE 06;Aluminium ores and concentrates;;;;;;;;;
260600;HS6;Minerais d'aluminium et leurs concentrés;Aluminium ores and concentrates;;;;;;;;
2606001000;HS10;Bauxite;Bauxite;Industrie;5.0;2.0;;19.0;;=;26.0
2606002000;HS10;Minerais d'aluminium et leurs concentrés;Aluminium ores and concentrates;Industrie;5.0;2.0;;19.0;;=;26.0
2606009000;HS10;Minerais d'aluminium et leurs concentrés - Autre;Aluminium ores and concentrates - Other;Industrie;5.0;2.0;;19.0;;=;26.0
2607;RANGEE 07;Lead ores and concentrates;;;;;;;;;
260700;HS6;Minerais de plomb;Lead ores;;;;;;;;
260700;HS6-DIRECT;Minerais de plomb;Lead ores;Industrie;5.0;2.0;;19.0;;=;26.0
2608;RANGEE 08;Zinc ores and concentrates;;;;;;;;;
260800;HS6;Minerais de zinc et leurs concentrés;Zinc ores and concentrates;;;;;;;;
2608001000;HS10;Blende sphalerite;Blende sphalerite;Industrie;5.0;2.0;;19.0;;=;26.0
2608002000;HS10;Calamine hemimorphite;Calamine hemimorphite;Industrie;5.0;2.0;;19.0;;=;26.0
2608009000;HS10;Minerais de zinc et leurs concentrés - Autre;Zinc ores and concentrates - Other;Industrie;5.0;2.0;;19.0;;=;26.0
2609;RANGEE 09;Tin ores and concentrates;;;;;;;;;
260900;HS6;Minerais d'étain;Tin ores;;;;;;;;
2609001000;HS10;Minerais d'étain - Certifié;Tin ores - Certified;Industrie;5.0;2.0;;19.0;;=;26.0
2609009000;HS10;Minerais d'étain - Non certifié;Tin ores - Not certified;Industrie;5.0;2.0;;19.0;;=;26.0
2610;RANGEE 10;Chromium ores and concentrates;;;;;;;;;
261000;HS6;Minerais de chrome et leurs concentrés;Chromium ores and concentrates;;;;;;;;
2610001000;HS10;Chromite;Chromite;Industrie;5.0;2.0;;19.0;;=;26.0
2610002000;HS10;Minerais de chrome et leurs concentrés;Chromium ores and concentrates;Industrie;5.0;2.0;;19.0;;=;26.0
2610009000;HS10;Minerais de chrome et leurs concentrés - Autre;Chromium ores and concentrates - Other;Industrie;5.0;2.0;;19.0;;=;26.0
2611;RANGEE 11;Tungsten ores and concentrates;;;;;;;;;
261100;HS6;Minerais de tungstène et leurs concentrés;Tungsten ores and concentrates;;;;;;;;
2611001000;HS10;Ferberite;Ferberite;Industrie;5.0;2.0;;19.0;;=;26.0
2611002000;HS10;Hubnerite;Hubnerite;Industrie;5.0;2.0;;19.0;;=;26.0
2611009000;HS10;Minerais de tungstène et leurs concentrés - Autre;Tungsten ores and concentrates - Other;Industrie;5.0;2.0;;19.0;;=;26.0
2612;RANGEE 12;Uranium or thorium ores and concentrates;;;;;;;;;
261210;HS6;Minerais d'uranium et leurs concentrés;Uranium ores and concentrates;;;;;;;;
2612101000;HS10;Minerais duranium et leurs concentrés autunite;Minerais duranium et leurs concentres autunite;Industrie;5.0;2.0;;19.0;;=;26.0
2612102000;HS10;Minerais duranium et leurs concentrés brannerite;Minerais duranium et leurs concentres brannerite;Industrie;5.0;2.0;;19.0;;=;26.0
2612109000;HS10;Minerais d'uranium et leurs concentrés - Autre;Uranium ores and concentrates - Other;Industrie;5.0;2.0;;19.0;;=;26.0
261220;HS6;Minerais de thorium et leurs concentrés;Thorium ores and concentrates;;;;;;;;
2612201000;HS10;Minerais de thorium et leurs concentrés monazite;Minerais de thorium et leurs concentres monazite;Industrie;5.0;2.0;;19.0;;=;26.0
2612202000;HS10;Minerais de thorium et leurs concentrés thorite;Minerais de thorium et leurs concentres thorite;Industrie;5.0;2.0;;19.0;;=;26.0
2612209000;HS10;Minerais de thorium et leurs concentrés - Autre;Thorium ores and concentrates - Other;Industrie;5.0;2.0;;19.0;;=;26.0
2613;RANGEE 13;Molybdenum ores and concentrates;;;;;;;;;
261310;HS6;Minerais de molybdène grillés;Roasted molybdenum ores;;;;;;;;
261310;HS6-DIRECT;Minerais de molybdène grillés;Roasted molybdenum ores;Industrie;5.0;2.0;;19.0;;=;26.0
261390;HS6;Minerais de molybdène autres;Other molybdenum ores;;;;;;;;
261390;HS6-DIRECT;Minerais de molybdène autres;Other molybdenum ores;Industrie;5.0;2.0;;19.0;;=;26.0
2614;RANGEE 14;Titanium ores and concentrates;;;;;;;;;
261400;HS6;Minerais de titane;Titanium ores;;;;;;;;
2614001000;HS10;Ilmenite;Ilmenite;Industrie;5.0;2.0;;19.0;;=;26.0
2614002000;HS10;Rutile anatase et brookite;Rutile anatase et brookite;Industrie;5.0;2.0;;19.0;;=;26.0
2614009000;HS10;Minerais de titane - Autre;Titanium ores - Other;Industrie;5.0;2.0;;19.0;;=;26.0
2615;RANGEE 15;Niobium, tantalum, vanadium or zirconium ores and concentrates;;;;;;;;;
261510;HS6;Minerais de zirconium;Zirconium ores;;;;;;;;
261510;HS6-DIRECT;Minerais de zirconium;Zirconium ores;Industrie;5.0;2.0;;19.0;;=;26.0
261590;HS6;Autres;Niobium;;;;;;;;
2615901000;HS10;Autres;Niobium;Industrie;5.0;2.0;;19.0;;=;26.0
2615902000;HS10;Autres;Niobium;Industrie;5.0;2.0;;19.0;;=;26.0
2615909000;HS10;Autres - Autre;Niobium - Other;Industrie;5.0;2.0;;19.0;;=;26.0
2616;RANGEE 16;Precious metal ores and concentrates;;;;;;;;;
261610;HS6;Minerais d'argent;Silver ores;;;;;;;;
261610;HS6-DIRECT;Minerais d'argent;Silver ores;Industrie;5.0;2.0;;19.0;;=;26.0
261690;HS6;Minerais de métaux précieux autres;Other precious metal ores;;;;;;;;
2616901000;HS10;Autres minerais dor et leurs concentrés;Autres minerais dor et leurs concentres;Industrie;5.0;2.0;;19.0;;=;26.0
2616902000;HS10;Minerais de métaux précieux autres;Other precious metal ores;Industrie;5.0;2.0;;19.0;;=;26.0
2616909000;HS10;Minerais de métaux précieux autres - Autre;Other precious metal ores - Other;Industrie;5.0;2.0;;19.0;;=;26.0
2617;RANGEE 17;"Ores and concentrates; n.e.c. in heading no. 2601";;;;;;;;;
261710;HS6;Minerais d'antimoine;Antimony ores;;;;;;;;
261710;HS6-DIRECT;Minerais d'antimoine;Antimony ores;Industrie;5.0;2.0;;19.0;;=;26.0
261790;HS6;Autres;Ores and concentrates n.e.c. in chapter 26;;;;;;;;
2617901000;HS10;Autres;Ores and concentrates n.e.c. in chapter 26;Industrie;5.0;2.0;;19.0;;=;26.0
2617902000;HS10;Autres;Ores and concentrates n.e.c. in chapter 26;Industrie;5.0;2.0;;19.0;;=;26.0
2617909000;HS10;Autres - Autre;Ores and concentrates n.e.c. in chapter 26 - Other;Industrie;5.0;2.0;;19.0;;=;26.0
2618;RANGEE 18;Granulated slag (slag sand) from the manufacture of iron or steel;;;;;;;;;
261800;HS6;Scories granulées;Granulated slag;;;;;;;;
2618001000;HS10;Scories granulées;Granulated slag;Industrie;5.0;2.0;;19.0;;=;26.0
2618002000;HS10;Scories granulées;Granulated slag;Industrie;5.0;2.0;;19.0;;=;26.0
2618009000;HS10;Scories granulées - Autre;Granulated slag - Other;Industrie;5.0;2.0;;19.0;;=;26.0
2619;RANGEE 19;"Slag, dross; (other than granulated slag), scalings and other waste from the manufacture of iron or steel";;;;;;;;;
261900;HS6;Scories, laitiers et déchets de fer/acier;Slag, dross and iron/steel waste;;;;;;;;
2619001000;HS10;Déchets propres à la récupération du fer ou du manganèse;Déchets propres à la récupération du fer ou du manganèse;Industrie;5.0;2.0;;19.0;;=;26.0
2619002000;HS10;Scories, laitiers et déchets de fer/acier;Slag, dross and iron/steel waste;Industrie;5.0;2.0;;19.0;;=;26.0
2619009000;HS10;Scories, laitiers et déchets de fer/acier - Autre;Slag, dross and iron/steel waste - Other;Industrie;5.0;2.0;;19.0;;=;26.0
2620;RANGEE 20;"Slag, ash and residues; (not from the manufacture of iron or steel) containing metals, arsenic or their compounds";;;;;;;;;
262011;HS6;Cendres de zinc (hard zinc spelter);Hard zinc spelter;;;;;;;;
262011;HS6-DIRECT;Cendres de zinc (hard zinc spelter);Hard zinc spelter;Industrie;5.0;2.0;;19.0;;=;26.0
262019;HS6;Autres cendres de zinc;Other zinc ash;;;;;;;;
2620191000;HS10;Contenant moins de 80 de zinc;Contenant moins de 80 de zinc;Industrie;5.0;2.0;;19.0;;=;26.0
2620192000;HS10;Contenant 80 ou plus de zinc;Contenant 80 ou plus de zinc;Industrie;5.0;2.0;;19.0;;=;26.0
2620199000;HS10;Autres cendres de zinc - Autre;Other zinc ash - Other;Industrie;5.0;2.0;;19.0;;=;26.0
262021;HS6;Boues d'essence au plomb;Leaded gasoline sludges;;;;;;;;
262021;HS6-DIRECT;Boues d'essence au plomb;Leaded gasoline sludges;Industrie;5.0;2.0;;19.0;;=;26.0
262029;HS6;Autres cendres de plomb;Other lead ash;;;;;;;;
2620291000;HS10;Boues daccumulateurs;Boues daccumulateurs;Industrie;5.0;2.0;;19.0;;=;26.0
2620292000;HS10;Autres cendres de plomb;Other lead ash;Industrie;5.0;2.0;;19.0;;=;26.0
2620299000;HS10;Autres cendres de plomb - Autre;Other lead ash - Other;Industrie;5.0;2.0;;19.0;;=;26.0
262030;HS6;Cendres de cuivre;Copper ash and residues;;;;;;;;
2620301000;HS10;Scories crasses et écumes de cuivre boues délectrolyse battitudes et autres résidus de cuivre;Scories crasses et écumes de cuivre boues délectrolyse battitudes et autres résidus de cuivre;Industrie;5.0;2.0;;19.0;;=;26.0
2620302000;HS10;Cendres de cuivre;Copper ash and residues;Industrie;5.0;2.0;;19.0;;=;26.0
2620309000;HS10;Cendres de cuivre - Autre;Copper ash and residues - Other;Industrie;5.0;2.0;;19.0;;=;26.0
262040;HS6;Cendres d'aluminium;Aluminum ash and residues;;;;;;;;
2620401000;HS10;Cendres d'aluminium;Aluminum ash and residues;Industrie;5.0;2.0;;19.0;;=;26.0
2620402000;HS10;Cendres d'aluminium;Aluminum ash and residues;Industrie;5.0;2.0;;19.0;;=;26.0
2620409000;HS10;Cendres d'aluminium - Autre;Aluminum ash and residues - Other;Industrie;5.0;2.0;;19.0;;=;26.0
262060;HS6;Contenant de l'arsenic;Slag;;;;;;;;
2620601000;HS10;Contenant de l'arsenic;Slag;Industrie;5.0;2.0;;19.0;;=;26.0
2620602000;HS10;Contenant de l'arsenic;Slag;Industrie;5.0;2.0;;19.0;;=;26.0
2620609000;HS10;Contenant de l'arsenic - Autre;Slag - Other;Industrie;5.0;2.0;;19.0;;=;26.0
262091;HS6;Cendres d'antimoine;Antimony ash;;;;;;;;
262091;HS6-DIRECT;Cendres d'antimoine;Antimony ash;Industrie;5.0;2.0;;19.0;;=;26.0
262099;HS6;Cendres de métaux autres;Other metal ash and residues;;;;;;;;
2620991000;HS10;Contenant principalement de nickel;Contenant principalement de nickel;Industrie;5.0;2.0;;19.0;;=;26.0
2620992000;HS10;Contenant principalement du niobium ou du tantale;Contenant principalement du niobium ou du tantale;Industrie;5.0;2.0;;19.0;;=;26.0
2620999000;HS10;Cendres de métaux autres - Autre;Other metal ash and residues - Other;Industrie;5.0;2.0;;19.0;;=;26.0
2621;RANGEE 21;"Slag and ash n.e.c. in chapter 26; including seaweed ash (kelp) and ash and residues from the incineration of municipal waste";;;;;;;;;
262110;HS6;Cendres de déchets municipaux;Municipal waste ash;;;;;;;;
262110;HS6-DIRECT;Cendres de déchets municipaux;Municipal waste ash;Industrie;5.0;2.0;;19.0;;=;26.0
262190;HS6;Autres;Slag and ash n.e.c. in chapter 26;;;;;;;;
2621901000;HS10;Cendres et scories proviennent principalement de la combustion du charbon de la lignite de la tourbe ou du pétrole dans les chaudières de centrales électriques;Cendres et scories proviennent principalement de la combustion du charbon de la lignite de la tourbe ou du pétrole dans les chaudières de centrales électriques;Industrie;5.0;2.0;;19.0;;=;26.0
2621902000;HS10;Cendres de varech et autres cendres végétales;Cendres de varech et autres cendres végétales;Industrie;5.0;2.0;;19.0;;=;26.0
2621909000;HS10;Autres - Autre;Slag and ash n.e.c. in chapter 26 - Other;Industrie;5.0;2.0;;19.0;;=;26.0
CHAPITRE 27;CHAPITRE;Combustibles minéraux, huiles;;;;;;;;;
2701;RANGEE 01;"Coal; briquettes, ovoids and similar solid fuels manufactured from coal";;;;;;;;;
270111;HS6;Anthracite;Anthracite;;;;;;;;
270111;HS6-DIRECT;Anthracite;Anthracite;Énergie;5.0;2.0;;19.0;;910 Déclaration d'Importation du Produit | 210 Autorisation de Libre Circulation;26.0
270112;HS6;Houille bitumineuse;Bituminous coal;;;;;;;;
2701121000;HS10;Houille à coke;Houille à coke;Énergie;5.0;2.0;;19.0;;=;26.0
2701122000;HS10;Houille bitumineuse;Bituminous coal;Énergie;5.0;2.0;;19.0;;=;26.0
2701129000;HS10;Houille bitumineuse - Autre;Bituminous coal - Other;Énergie;5.0;2.0;;19.0;;=;26.0
270119;HS6;Autres houilles;Other coal;;;;;;;;
270119;HS6-DIRECT;Autres houilles;Other coal;Énergie;5.0;2.0;;19.0;;=;26.0
270120;HS6;Briquettes de houille;Coal briquettes;;;;;;;;
270120;HS6-DIRECT;Briquettes de houille;Coal briquettes;Énergie;5.0;2.0;;19.0;;=;26.0
2702;RANGEE 02;"Lignite; whether or not agglomerated, excluding jet";;;;;;;;;
270210;HS6;Lignite non aggloméré;Lignite, not agglomerated;;;;;;;;
270210;HS6-DIRECT;Lignite non aggloméré;Lignite, not agglomerated;Énergie;5.0;2.0;;19.0;;=;26.0
270220;HS6;Lignites agglomérés;Agglomerated lignite;;;;;;;;
2702201000;HS10;Lignites agglomérés;Agglomerated lignite;Énergie;5.0;2.0;;19.0;;=;26.0
2702202000;HS10;Lignites agglomérés;Agglomerated lignite;Énergie;5.0;2.0;;19.0;;=;26.0
2702209000;HS10;Lignites agglomérés - Autre;Agglomerated lignite - Other;Énergie;5.0;2.0;;19.0;;=;26.0
2703;RANGEE 03;"Peat; (including peat litter), whether or not agglomerated";;;;;;;;;
270300;HS6;Tourbe;Peat;;;;;;;;
2703001000;HS10;Agglomérés de tourbe;Agglomérés de tourbe;Énergie;5.0;2.0;;19.0;;=;26.0
2703002000;HS10;Tourbe;Peat;Énergie;5.0;2.0;;19.0;;=;26.0
2703009000;HS10;Tourbe - Autre;Peat - Other;Énergie;5.0;2.0;;19.0;;=;26.0
2704;RANGEE 04;"Coke and semi-coke; of coal, lignite or peat, whether or not agglomerated; retort carbon";;;;;;;;;
270400;HS6;Cokes et semi-cokes;Coke and semi-coke;;;;;;;;
2704001000;HS10;Cokes et semi-cokes;Coke and semi-coke;Énergie;5.0;2.0;;19.0;;=;26.0
2704002000;HS10;Charbon de cornue;Charbon de cornue;Énergie;5.0;2.0;;19.0;;=;26.0
2704009000;HS10;Cokes et semi-cokes - Autre;Coke and semi-coke - Other;Énergie;5.0;2.0;;19.0;;=;26.0
2705;RANGEE 05;Coal gas, water gas, producer gas and similar gases, other than petroleum gases and other gaseous hydrocarbons;;;;;;;;;
270500;HS6;Gaz de houille et gaz similaires;Coal gas and similar gases;;;;;;;;
2705001000;HS10;Gaz de houille et gaz similaires;Coal gas and similar gases;Énergie;5.0;2.0;;19.0;;=;26.0
2705002000;HS10;Gaz de houille et gaz similaires;Coal gas and similar gases;Énergie;5.0;2.0;;19.0;;=;26.0
2705009000;HS10;Gaz de houille et gaz similaires - Autre;Coal gas and similar gases - Other;Énergie;5.0;2.0;;19.0;;=;26.0
2706;RANGEE 06;"Tar distilled from coal, from lignite, peat and other mineral tars, whether or not dehydrated or partially distilled; including reconstituted tars";;;;;;;;;
270600;HS6;Goudrons de houille;Coal tar;;;;;;;;
2706001000;HS10;Goudrons de houille;Coal tar;Énergie;5.0;2.0;;19.0;;=;26.0
2706002000;HS10;Goudrons de lignite ou de tourbe;Goudrons de lignite ou de tourbe;Énergie;5.0;2.0;;19.0;;=;26.0
2706009000;HS10;Goudrons de houille - Autre;Coal tar - Other;Énergie;5.0;2.0;;19.0;;=;26.0
2707;RANGEE 07;"Oils and other products of the distillation of high temperature coal tar; similar products in which the weight of the aromatic constituents exceeds that of the non-aromatic constituents";;;;;;;;;
270710;HS6;Benzols;Benzol;;;;;;;;
2707101000;HS10;Carburants ou comburants;Carburants ou comburants;Énergie;5.0;2.0;;19.0;;=;26.0
2707102000;HS10;Benzols;Benzol;Énergie;5.0;2.0;;19.0;;=;26.0
2707109000;HS10;Benzols - Autre;Benzol - Other;Énergie;5.0;2.0;;19.0;;=;26.0
270720;HS6;Toluols;Toluol;;;;;;;;
2707201000;HS10;Carburants ou comburants;Carburants ou comburants;Énergie;5.0;2.0;;19.0;;=;26.0
2707202000;HS10;Toluols;Toluol;Énergie;5.0;2.0;;19.0;;=;26.0
2707209000;HS10;Toluols - Autre;Toluol - Other;Énergie;5.0;2.0;;19.0;;=;26.0
270730;HS6;Xylols;Xylol;;;;;;;;
2707301000;HS10;Carburants ou comburants;Carburants ou comburants;Énergie;5.0;2.0;;19.0;;=;26.0
2707302000;HS10;Xylols;Xylol;Énergie;5.0;2.0;;19.0;;=;26.0
2707309000;HS10;Xylols - Autre;Xylol - Other;Énergie;5.0;2.0;;19.0;;=;26.0
270740;HS6;Naphtalène;Naphthalene;;;;;;;;
2707401000;HS10;Naphtalène;Naphtalène;Énergie;5.0;2.0;;19.0;;=;26.0
2707402000;HS10;Naphtalène;Naphthalene;Énergie;5.0;2.0;;19.0;;=;26.0
2707409000;HS10;Naphtalène - Autre;Naphthalene - Other;Énergie;5.0;2.0;;19.0;;=;26.0
270750;HS6;Autres mélanges d'hydrocarbures aromatiques;Other aromatic hydrocarbon mixtures;;;;;;;;
2707501000;HS10;Autres mélanges d'hydrocarbures aromatiques;Other aromatic hydrocarbon mixtures;Énergie;5.0;2.0;;19.0;;=;26.0
2707502000;HS10;Autres mélanges d'hydrocarbures aromatiques;Other aromatic hydrocarbon mixtures;Énergie;5.0;2.0;;19.0;;=;26.0
2707509000;HS10;Autres mélanges d'hydrocarbures aromatiques - Autre;Other aromatic hydrocarbon mixtures - Other;Énergie;5.0;2.0;;19.0;;=;26.0
270791;HS6;Huile de créosote;Oils and other products of the distillation of high temperature coal tar;;;;;;;;
2707911000;HS10;Huile de créosote;Oils and other products of the distillation of high temperature coal tar;Énergie;5.0;2.0;;19.0;;=;26.0
2707912000;HS10;Huile de créosote;Oils and other products of the distillation of high temperature coal tar;Énergie;5.0;2.0;;19.0;;=;26.0
2707919000;HS10;Huile de créosote - Autre;Oils and other products of the distillation of high temperature coal tar - Other;Énergie;5.0;2.0;;19.0;;=;26.0
270799;HS6;Autres huiles de goudron;Other tar oils;;;;;;;;
2707991000;HS10;Solvants naphta carburants ou comburants;Solvants naphta carburants ou comburants;Énergie;5.0;2.0;;19.0;;=;26.0
2707992000;HS10;Solvants naphta autres usages;Solvants naphta autres usages;Énergie;5.0;2.0;;19.0;;=;26.0
2707999000;HS10;Autres huiles de goudron - Autre;Other tar oils - Other;Énergie;5.0;2.0;;19.0;;=;26.0
2708;RANGEE 08;"Pitch and pitch coke; obtained from coal tar or from other mineral tars";;;;;;;;;
270810;HS6;Brai de goudron de houille;Coal tar pitch;;;;;;;;
2708101000;HS10;Brai de goudron de houille;Coal tar pitch;Énergie;5.0;2.0;;19.0;;=;26.0
2708102000;HS10;Brai de goudron de houille;Coal tar pitch;Énergie;5.0;2.0;;19.0;;=;26.0
2708109000;HS10;Brai de goudron de houille - Autre;Coal tar pitch - Other;Énergie;5.0;2.0;;19.0;;=;26.0
270820;HS6;Coke de brai;Pitch coke;;;;;;;;
270820;HS6-DIRECT;Coke de brai;Pitch coke;Énergie;5.0;2.0;;19.0;;=;26.0
2709;RANGEE 09;"Petroleum oils and oils obtained from bituminous minerals; crude";;;;;;;;;
270900;HS6;Huiles brutes de pétrole;Crude petroleum oils;;;;;;;;
2709001000;HS10;Saharan Blend;Saharan Blend;Énergie;0.0;2.0;;19.0;;=;21.0
2709002000;HS10;Condensat;Condensate;Énergie;0.0;2.0;;19.0;;=;21.0
2709009000;HS10;Autre pétrole brut;Other crude oil;Énergie;0.0;2.0;;19.0;;=;21.0
2710;RANGEE 10;"Petroleum oils and oils from bituminous minerals, not crude; preparations n.e.c, containing by weight 70% or more of petroleum oils or oils from bituminous minerals; these being the basic constituents of the preparations; waste oils";;;;;;;;;
271011;HS6;Essences pour moteurs légères;Light motor spirit;;;;;;;;
2710111000;HS10;Essences pour moteurs légères;Light motor spirit;Énergie;5.0;2.0;;19.0;;=;26.0
2710112000;HS10;Essences pour moteurs légères;Light motor spirit;Énergie;5.0;2.0;;19.0;;=;26.0
2710119000;HS10;Essences pour moteurs légères - Autre;Light motor spirit - Other;Énergie;5.0;2.0;;19.0;;=;26.0
271012;HS6;Huiles légères de pétrole;Light petroleum oils;;;;;;;;
2710121000;HS10;Huiles légères de pétrole;Light petroleum oils;Énergie;5.0;2.0;;19.0;;=;26.0
2710122000;HS10;Huiles légères de pétrole;Light petroleum oils;Énergie;5.0;2.0;;19.0;;=;26.0
2710129000;HS10;Huiles légères de pétrole - Autre;Light petroleum oils - Other;Énergie;5.0;2.0;;19.0;;=;26.0
271019;HS6;Autres huiles légères de pétrole;Other light petroleum oils;;;;;;;;
2710191000;HS10;Autres huiles légères de pétrole;Other light petroleum oils;Énergie;5.0;2.0;;19.0;;=;26.0
2710192000;HS10;Autres huiles légères de pétrole;Other light petroleum oils;Énergie;5.0;2.0;;19.0;;=;26.0
2710199000;HS10;Autres huiles légères de pétrole - Autre;Other light petroleum oils - Other;Énergie;5.0;2.0;;19.0;;=;26.0
271020;HS6;Huiles moyennes de pétrole;Medium petroleum oils;;;;;;;;
2710201000;HS10;Huiles de petrole ou de mineraux bitumineux autres que les huiles brutes et preparations non denommees ni comprises ailleurs contenant en poids 70 ou plusdhuiles de petrole ou de mineraux bitumineux et dont ces huiles constituent lelement de base contenant du biodiesel autres que les déchets dhuiles a limportation;Huiles de petrole ou de mineraux bitumineux autres que les huiles brutes et preparations non denommees ni comprises ailleurs contenant en poids 70 ou plusdhuiles de petrole ou de mineraux bitumineux et dont ces huiles constituent lelement de base contenant du biodiesel autres que les dechets dhuiles a limportation;Énergie;5.0;2.0;;19.0;;=;26.0
2710202000;HS10;Huiles de petrole ou de mineraux bitumineux autres que les huiles brutes et preparations non denommees ni comprises ailleurs contenant en poids 70 ou plusdhuiles de petrole ou de mineraux bitumineux et dont ces huiles constituent lelement de base contenant du biodiesel autres que les déchets dhuiles a la sortie des usines exercees;Huiles de petrole ou de mineraux bitumineux autres que les huiles brutes et preparations non denommees ni comprises ailleurs contenant en poids 70 ou plusdhuiles de petrole ou de mineraux bitumineux et dont ces huiles constituent lelement de base contenant du biodiesel autres que les dechets dhuiles a la sortie des usines exercees;Énergie;5.0;2.0;;19.0;;=;26.0
2710209000;HS10;Huiles moyennes de pétrole - Autre;Medium petroleum oils - Other;Énergie;5.0;2.0;;19.0;;=;26.0
271091;HS6;Huiles usagées;Waste oils;;;;;;;;
2710911000;HS10;Huiles usagées;Waste oils;Énergie;5.0;2.0;;19.0;;=;26.0
2710912000;HS10;Huiles usagées;Waste oils;Énergie;5.0;2.0;;19.0;;=;26.0
2710919000;HS10;Huiles usagées - Autre;Waste oils - Other;Énergie;5.0;2.0;;19.0;;=;26.0
271099;HS6;Autres huiles lourdes de pétrole;Other heavy petroleum oils;;;;;;;;
2710991000;HS10;Autres huiles lourdes de pétrole;Other heavy petroleum oils;Énergie;5.0;2.0;;19.0;;=;26.0
2710992000;HS10;Déchets dhuiles autres boues provenant de reservoirs de produits petroliers;Dechets dhuiles autres boues provenant de reservoirs de produits petroliers;Énergie;5.0;2.0;;19.0;;=;26.0
2710999000;HS10;Autres huiles lourdes de pétrole - Autre;Other heavy petroleum oils - Other;Énergie;5.0;2.0;;19.0;;=;26.0
2711;RANGEE 11;Petroleum gases and other gaseous hydrocarbons;;;;;;;;;
271111;HS6;Gaz naturel liquéfié;Liquefied natural gas;;;;;;;;
2711110010;HS10;GNL Sonatrach;Sonatrach LNG;Énergie;0.0;2.0;;19.0;;=;21.0
2711110090;HS10;Autre GNL;Other LNG;Énergie;0.0;2.0;;19.0;;=;21.0
271112;HS6;Propane liquéfié;Liquefied propane;;;;;;;;
2711121000;HS10;Propane liquéfié;Liquefied propane;Énergie;5.0;2.0;;19.0;;=;26.0
2711122000;HS10;Propane liquéfié;Liquefied propane;Énergie;5.0;2.0;;19.0;;=;26.0
2711129000;HS10;Propane liquéfié - Autre;Liquefied propane - Other;Énergie;5.0;2.0;;19.0;;=;26.0
271113;HS6;Butanes liquéfiés;Liquefied butanes;;;;;;;;
2711131000;HS10;Butanes liquéfiés;Liquefied butanes;Énergie;5.0;2.0;;19.0;;=;26.0
2711132000;HS10;Butanes liquéfiés;Liquefied butanes;Énergie;5.0;2.0;;19.0;;=;26.0
2711139000;HS10;Butanes liquéfiés - Autre;Liquefied butanes - Other;Énergie;5.0;2.0;;19.0;;=;26.0
271114;HS6;Éthylène;Ethylene;;;;;;;;
2711141000;HS10;Éthylène;Ethylene;Énergie;5.0;2.0;;19.0;;=;26.0
2711142000;HS10;Éthylène;Ethylene;Énergie;5.0;2.0;;19.0;;=;26.0
2711149000;HS10;Éthylène - Autre;Ethylene - Other;Énergie;5.0;2.0;;19.0;;=;26.0
271119;HS6;Autres gaz de pétrole liquéfiés;Other LPG;;;;;;;;
2711191000;HS10;Autres gaz de pétrole liquéfiés;Other LPG;Énergie;5.0;2.0;;19.0;;=;26.0
2711192000;HS10;Autres gaz de pétrole liquéfiés;Other LPG;Énergie;5.0;2.0;;19.0;;=;26.0
2711199000;HS10;Autres gaz de pétrole liquéfiés - Autre;Other LPG - Other;Énergie;5.0;2.0;;19.0;;=;26.0
271121;HS6;Gaz naturel à l'état gazeux;Natural gas in gaseous state;;;;;;;;
2711211000;HS10;A letat gazeux gaz naturel gaz de charge;A letat gazeux gaz naturel gaz de charge;Énergie;5.0;2.0;;19.0;;=;26.0
2711212000;HS10;A letat gazeux gaz naturel gaz de rejet;A letat gazeux gaz naturel gaz de rejet;Énergie;5.0;2.0;;19.0;;=;26.0
2711219000;HS10;Gaz naturel à l'état gazeux - Autre;Natural gas in gaseous state - Other;Énergie;5.0;2.0;;19.0;;=;26.0
271129;HS6;Autres gaz de pétrole;Other petroleum gases;;;;;;;;
2711291000;HS10;Autres gaz de pétrole;Other petroleum gases;Énergie;5.0;2.0;;19.0;;=;26.0
2711292000;HS10;Autres gaz de pétrole;Other petroleum gases;Énergie;5.0;2.0;;19.0;;=;26.0
2711299000;HS10;Autres gaz de pétrole - Autre;Other petroleum gases - Other;Énergie;5.0;2.0;;19.0;;=;26.0
2712;RANGEE 12;"Petroleum jelly; paraffin wax, micro-crystalline petroleum wax, slack wax, ozokerite, lignite wax, peat wax, other mineral waxes, similar products obtained by synthesis, other processes; coloured or not";;;;;;;;;
271210;HS6;Vaseline;Petroleum jelly;;;;;;;;
2712101000;HS10;Vaseline;Petroleum jelly;Énergie;5.0;2.0;;19.0;;=;26.0
2712102000;HS10;Vaseline;Petroleum jelly;Énergie;5.0;2.0;;19.0;;=;26.0
2712109000;HS10;Vaseline - Autre;Petroleum jelly - Other;Énergie;5.0;2.0;;19.0;;=;26.0
271220;HS6;Paraffine;Paraffin wax;;;;;;;;
2712201000;HS10;Paraffine;Paraffin wax;Énergie;5.0;2.0;;19.0;;=;26.0
2712202000;HS10;Paraffine;Paraffin wax;Énergie;5.0;2.0;;19.0;;=;26.0
2712209000;HS10;Paraffine - Autre;Paraffin wax - Other;Énergie;5.0;2.0;;19.0;;=;26.0
271290;HS6;Autres cires de pétrole;Other petroleum waxes;;;;;;;;
2712901000;HS10;Autres ozokerite a limportation;Autres ozokerite a limportation;Énergie;5.0;2.0;;19.0;;=;26.0
2712902000;HS10;Autres ozokerite a la sortie des usines exercees;Autres ozokerite a la sortie des usines exercees;Énergie;5.0;2.0;;19.0;;=;26.0
2712909000;HS10;Autres cires de pétrole - Autre;Other petroleum waxes - Other;Énergie;5.0;2.0;;19.0;;=;26.0
2713;RANGEE 13;"Petroleum coke, petroleum bitumen; other residues of petroleum oils or oils obtained from bituminous minerals";;;;;;;;;
271311;HS6;Coke de pétrole non calciné;Petroleum coke, not calcined;;;;;;;;
2713111000;HS10;Coke de petrole non calcine a limportation;Coke de petrole non calcine a limportation;Énergie;5.0;2.0;;19.0;;=;26.0
2713112000;HS10;Coke de petrole non calcine a la sortie des usines exercees;Coke de petrole non calcine a la sortie des usines exercees;Énergie;5.0;2.0;;19.0;;=;26.0
2713119000;HS10;Coke de pétrole non calciné - Autre;Petroleum coke, not calcined - Other;Énergie;5.0;2.0;;19.0;;=;26.0
271312;HS6;Coke de pétrole calciné;Petroleum coke, calcined;;;;;;;;
2713121000;HS10;Coke de petrole calcine a limportation;Coke de petrole calcine a limportation;Énergie;5.0;2.0;;19.0;;=;26.0
2713122000;HS10;Coke de petrole calcine a la sortie des usines exercees;Coke de petrole calcine a la sortie des usines exercees;Énergie;5.0;2.0;;19.0;;=;26.0
2713129000;HS10;Coke de pétrole calciné - Autre;Petroleum coke, calcined - Other;Énergie;5.0;2.0;;19.0;;=;26.0
271320;HS6;Bitume de pétrole;Petroleum bitumen;;;;;;;;
2713201000;HS10;Bitume de petrole a limportation;Bitume de petrole a limportation;Énergie;5.0;2.0;;19.0;;=;26.0
2713202000;HS10;Bitume de petrole a la sortie des usines exercees;Bitume de petrole a la sortie des usines exercees;Énergie;5.0;2.0;;19.0;;=;26.0
2713209000;HS10;Bitume de pétrole - Autre;Petroleum bitumen - Other;Énergie;5.0;2.0;;19.0;;=;26.0
271390;HS6;Autres résidus de pétrole;Other petroleum residues;;;;;;;;
2713901000;HS10;Autres résidus de pétrole;Other petroleum residues;Énergie;5.0;2.0;;19.0;;=;26.0
2713902000;HS10;Autres résidus de pétrole;Other petroleum residues;Énergie;5.0;2.0;;19.0;;=;26.0
2713909000;HS10;Autres résidus de pétrole - Autre;Other petroleum residues - Other;Énergie;5.0;2.0;;19.0;;=;26.0
2714;RANGEE 14;"Bitumen and asphalt, natural; bituminous or oil shale and tar sands; asphaltites and asphaltic rocks";;;;;;;;;
271410;HS6;Schistes bitumineux;Bituminous shale;;;;;;;;
2714101000;HS10;Schistes et sables bitumineux contenant 60 ou moins de matieres inertes a limportation;Schistes et sables bitumineux contenant 60 ou moins de matieres inertes a limportation;Énergie;5.0;2.0;;19.0;;=;26.0
2714102000;HS10;Schistes et sables bitumineux contenant 60 ou moins de matieres inertes a la sortie des usines exercees;Schistes et sables bitumineux contenant 60 ou moins de matieres inertes a la sortie des usines exercees;Énergie;5.0;2.0;;19.0;;=;26.0
2714109000;HS10;Schistes bitumineux - Autre;Bituminous shale - Other;Énergie;5.0;2.0;;19.0;;=;26.0
271490;HS6;Autres bitumes;Other bitumen;;;;;;;;
2714901000;HS10;Autres bitumes;Other bitumen;Énergie;5.0;2.0;;19.0;;=;26.0
2714902000;HS10;Autres bitumes;Other bitumen;Énergie;5.0;2.0;;19.0;;=;26.0
2714909000;HS10;Autres bitumes - Autre;Other bitumen - Other;Énergie;5.0;2.0;;19.0;;=;26.0
2715;RANGEE 15;"Bituminous mixtures based on natural asphalt; on natural bitumen, on petroleum bitumen, on mineral tar or on mineral tar pitch (e.g. bituminous mastics, cut-backs)";;;;;;;;;
271500;HS6;Mélanges bitumineux;Bituminous mixtures;;;;;;;;
2715001000;HS10;Mélanges bitumineux cut backs à limportation;Mélanges bitumineux cut backs à limportation;Énergie;5.0;2.0;;19.0;;=;26.0
2715002000;HS10;Mélanges bitumineux cut backs à la sortie des usines;Mélanges bitumineux cut backs à la sortie des usines;Énergie;5.0;2.0;;19.0;;=;26.0
2715009000;HS10;Mélanges bitumineux - Autre;Bituminous mixtures - Other;Énergie;5.0;2.0;;19.0;;=;26.0
2716;RANGEE 16;Electrical energy;;;;;;;;;
271600;HS6;Énergie électrique;Electrical energy;;;;;;;;
2716000010;HS10;Énergie électrique - Origine spécifique;Electrical energy - Specific origin;Énergie;5.0;2.0;;19.0;;=;26.0
2716000090;HS10;Énergie électrique - Autre origine;Electrical energy - Other origin;Énergie;5.0;2.0;;19.0;;=;26.0
SECTION VI;SECTION;Produits des industries chimiques ou des industries connexes;Products of the chemical or allied industries;;;;;;;;
CHAPITRE 28;CHAPITRE;Produits chimiques inorganiques;;;;;;;;;
2801;RANGEE 01;Fluorine, chlorine, bromine and iodine;;;;;;;;;
280110;HS6;Chlore;Chlorine;;;;;;;;
280110;HS6-DIRECT;Chlore;Chlorine;Industrie chimique;5.0;2.0;;19.0;;910 Déclaration d'Importation du Produit | 210 Autorisation de Libre Circulation | 940 Fiche de Données de Sécurité (FDS);26.0
280120;HS6;Iode;Iodine;;;;;;;;
2801201000;HS10;Iode;Iodine;Industrie chimique;5.0;2.0;;19.0;;=;26.0
2801202000;HS10;Iode;Iodine;Industrie chimique;5.0;2.0;;19.0;;=;26.0
2801209000;HS10;Iode - Autre;Iodine - Other;Industrie chimique;5.0;2.0;;19.0;;=;26.0
280130;HS6;Fluor;brome;;;;;;;;
2801301000;HS10;Fluor;Fluor;Industrie chimique;5.0;2.0;;19.0;;=;26.0
2801302000;HS10;Brome;Brome;Industrie chimique;5.0;2.0;;19.0;;=;26.0
2801309000;HS10;Fluor - Autre;brome - Other;Industrie chimique;5.0;2.0;;19.0;;=;26.0
2802;RANGEE 02;"Sulphur; sublimed or precipitated, colloidal sulphur";;;;;;;;;
280200;HS6;Soufre sublimé ou précipité;soufre colloïdal;;;;;;;;
2802001000;HS10;Soufre sublimé fleur de soufre lavé ou non;Soufre sublimé fleur de soufre lavé ou non;Industrie chimique;5.0;2.0;;19.0;;=;26.0
2802002000;HS10;Soufre précipité;Soufre précipité;Industrie chimique;5.0;2.0;;19.0;;=;26.0
2802009000;HS10;Soufre sublimé ou précipité - Autre;soufre colloïdal - Other;Industrie chimique;5.0;2.0;;19.0;;=;26.0
2803;RANGEE 03;"Carbon; carbon blacks and other forms of carbon n.e.c.";;;;;;;;;
280300;HS6;Carbone (noirs de carbone et autres formes de carbone non dénommées ni comprises ailleurs);Carbon;;;;;;;;
2803001000;HS10;Noirs de gaz de pétrole noirs de carbone;Noirs de gaz de pétrole noirs de carbone;Industrie chimique;5.0;2.0;;19.0;;=;26.0
2803002000;HS10;Noirs dacétylène;Noirs dacétylène;Industrie chimique;5.0;2.0;;19.0;;=;26.0
2803009000;HS10;Carbone (noirs de carbone et autres formes de carbone non dénommées ni comprises ailleurs) - Autre;Carbon - Other;Industrie chimique;5.0;2.0;;19.0;;=;26.0
2804;RANGEE 04;Hydrogen, rare gases and other non-metals;;;;;;;;;
280410;HS6;Hydrogène;Hydrogen;;;;;;;;
2804101000;HS10;Hydrogène;Hydrogen;Industrie chimique;5.0;2.0;;19.0;;=;26.0
2804102000;HS10;Hydrogène;Hydrogen;Industrie chimique;5.0;2.0;;19.0;;=;26.0
2804109000;HS10;Hydrogène - Autre;Hydrogen - Other;Industrie chimique;5.0;2.0;;19.0;;=;26.0
280421;HS6;Argon;Gases;;;;;;;;
2804211000;HS10;Argon;Gases;Industrie chimique;5.0;2.0;;19.0;;=;26.0
2804212000;HS10;Argon;Gases;Industrie chimique;5.0;2.0;;19.0;;=;26.0
2804219000;HS10;Argon - Autre;Gases - Other;Industrie chimique;5.0;2.0;;19.0;;=;26.0
280429;HS6;Autres;Gases;;;;;;;;
2804291000;HS10;Hélium;Hélium;Industrie chimique;5.0;2.0;;19.0;;=;26.0
2804292000;HS10;Néon;Néon;Industrie chimique;5.0;2.0;;19.0;;=;26.0
2804299000;HS10;Autres - Autre;Gases - Other;Industrie chimique;5.0;2.0;;19.0;;=;26.0
280430;HS6;Azote;Nitrogen;;;;;;;;
2804301000;HS10;Azote;Nitrogen;Industrie chimique;5.0;2.0;;19.0;;=;26.0
2804302000;HS10;Azote;Nitrogen;Industrie chimique;5.0;2.0;;19.0;;=;26.0
2804309000;HS10;Azote - Autre;Nitrogen - Other;Industrie chimique;5.0;2.0;;19.0;;=;26.0
280440;HS6;Oxygène;Oxygen;;;;;;;;
2804401000;HS10;Oxygène;Oxygen;Industrie chimique;5.0;2.0;;19.0;;=;26.0
2804402000;HS10;Oxygène;Oxygen;Industrie chimique;5.0;2.0;;19.0;;=;26.0
2804409000;HS10;Oxygène - Autre;Oxygen - Other;Industrie chimique;5.0;2.0;;19.0;;=;26.0
280450;HS6;Bore;tellure;;;;;;;;
2804501000;HS10;Bore;Bore;Industrie chimique;5.0;2.0;;19.0;;=;26.0
2804502000;HS10;Tellure;Tellure;Industrie chimique;5.0;2.0;;19.0;;=;26.0
2804509000;HS10;Bore - Autre;tellure - Other;Industrie chimique;5.0;2.0;;19.0;;=;26.0
280461;HS6;Silicium de pureté ≥99,99%;Silicon ≥99.99% pure;;;;;;;;
280461;HS6-DIRECT;Silicium de pureté ≥99,99%;Silicon ≥99.99% pure;Industrie chimique;5.0;2.0;;19.0;;=;26.0
280469;HS6;Autres;Silicon;;;;;;;;
2804691000;HS10;Autres;Silicon;Industrie chimique;5.0;2.0;;19.0;;=;26.0
2804692000;HS10;Autres;Silicon;Industrie chimique;5.0;2.0;;19.0;;=;26.0
2804699000;HS10;Autres - Autre;Silicon - Other;Industrie chimique;5.0;2.0;;19.0;;=;26.0
280470;HS6;Phosphore;Phosphorus;;;;;;;;
2804701000;HS10;Phosphore;Phosphorus;Industrie chimique;5.0;2.0;;19.0;;=;26.0
2804702000;HS10;Phosphore;Phosphorus;Industrie chimique;5.0;2.0;;19.0;;=;26.0
2804709000;HS10;Phosphore - Autre;Phosphorus - Other;Industrie chimique;5.0;2.0;;19.0;;=;26.0
280480;HS6;Arsenic;Arsenic;;;;;;;;
2804801000;HS10;Arsenic;Arsenic;Industrie chimique;5.0;2.0;;19.0;;=;26.0
2804802000;HS10;Arsenic;Arsenic;Industrie chimique;5.0;2.0;;19.0;;=;26.0
2804809000;HS10;Arsenic - Autre;Arsenic - Other;Industrie chimique;5.0;2.0;;19.0;;=;26.0
280490;HS6;Sélénium;Selenium;;;;;;;;
2804901000;HS10;Sélénium;Selenium;Industrie chimique;5.0;2.0;;19.0;;=;26.0
2804902000;HS10;Sélénium;Selenium;Industrie chimique;5.0;2.0;;19.0;;=;26.0
2804909000;HS10;Sélénium - Autre;Selenium - Other;Industrie chimique;5.0;2.0;;19.0;;=;26.0
2805;RANGEE 05;"Alkali or alkaline-earth metals; rare-earth metals, scandium and yttrium, whether or not intermixed or interalloyed; mercury";;;;;;;;;
280511;HS6;Sodium;Alkali or alkali-earth metals;;;;;;;;
2805111000;HS10;Sodium;Alkali or alkali-earth metals;Industrie chimique;5.0;2.0;;19.0;;=;26.0
2805112000;HS10;Sodium;Alkali or alkali-earth metals;Industrie chimique;5.0;2.0;;19.0;;=;26.0
2805119000;HS10;Sodium - Autre;Alkali or alkali-earth metals - Other;Industrie chimique;5.0;2.0;;19.0;;=;26.0
280512;HS6;Calcium;Alkali or alkali-earth metals;;;;;;;;
2805121000;HS10;Calcium;Alkali or alkali-earth metals;Industrie chimique;5.0;2.0;;19.0;;=;26.0
2805122000;HS10;Calcium;Alkali or alkali-earth metals;Industrie chimique;5.0;2.0;;19.0;;=;26.0
2805129000;HS10;Calcium - Autre;Alkali or alkali-earth metals - Other;Industrie chimique;5.0;2.0;;19.0;;=;26.0
280519;HS6;Autres;Alkali or alkali-earth metals;;;;;;;;
2805191000;HS10;Potassium;Potassium;Industrie chimique;5.0;2.0;;19.0;;=;26.0
2805192000;HS10;Lithium;Lithium;Industrie chimique;5.0;2.0;;19.0;;=;26.0
2805199000;HS10;Autres - Autre;Alkali or alkali-earth metals - Other;Industrie chimique;5.0;2.0;;19.0;;=;26.0
280530;HS6;Métaux de terres rares;Earth-metals;;;;;;;;
2805301000;HS10;Métaux de terres rares;Earth-metals;Industrie chimique;5.0;2.0;;19.0;;=;26.0
2805302000;HS10;Métaux de terres rares;Earth-metals;Industrie chimique;5.0;2.0;;19.0;;=;26.0
2805309000;HS10;Métaux de terres rares - Autre;Earth-metals - Other;Industrie chimique;5.0;2.0;;19.0;;=;26.0
280540;HS6;Mercure;Mercury;;;;;;;;
2805401000;HS10;Mercure en bonbonnes de 345 kg valeur fob limitée;Mercure en bonbonnes de 345 kg valeur fob limitée;Industrie chimique;5.0;2.0;;19.0;;=;26.0
2805402000;HS10;Mercure;Mercury;Industrie chimique;5.0;2.0;;19.0;;=;26.0
2805409000;HS10;Mercure - Autre;Mercury - Other;Industrie chimique;5.0;2.0;;19.0;;=;26.0
2806;RANGEE 06;"Hydrogen chloride (hydrochloric acid); chlorosulphuric acid";;;;;;;;;
280610;HS6;Chlorure d'hydrogène (acide chlorhydrique);Hydrogen chloride (hydrochloric acid);;;;;;;;
2806101000;HS10;Chlorure dhydrogène acide chlorhydrique gazeux;Chlorure dhydrogène acide chlorhydrique gazeux;Industrie chimique;5.0;2.0;;19.0;;=;26.0
2806102000;HS10;Chlorure d'hydrogène (acide chlorhydrique);Hydrogen chloride (hydrochloric acid);Industrie chimique;5.0;2.0;;19.0;;=;26.0
2806109000;HS10;Chlorure d'hydrogène (acide chlorhydrique) - Autre;Hydrogen chloride (hydrochloric acid) - Other;Industrie chimique;5.0;2.0;;19.0;;=;26.0
280620;HS6;Acide chlorosulfurique;Chlorosulphuric acid;;;;;;;;
2806201000;HS10;Acide chlorosulfurique;Chlorosulphuric acid;Industrie chimique;5.0;2.0;;19.0;;=;26.0
2806202000;HS10;Acide chlorosulfurique;Chlorosulphuric acid;Industrie chimique;5.0;2.0;;19.0;;=;26.0
2806209000;HS10;Acide chlorosulfurique - Autre;Chlorosulphuric acid - Other;Industrie chimique;5.0;2.0;;19.0;;=;26.0
2807;RANGEE 07;"Sulphuric acid; oleum";;;;;;;;;
280700;HS6;Acide sulfurique;oléum;;;;;;;;
2807001000;HS10;Acide sulfurique;oléum;Industrie chimique;5.0;2.0;;19.0;;=;26.0
2807002000;HS10;Oléum acide sulfurique fumant;Oléum acide sulfurique fumant;Industrie chimique;5.0;2.0;;19.0;;=;26.0
2807009000;HS10;Acide sulfurique - Autre;oléum - Other;Industrie chimique;5.0;2.0;;19.0;;=;26.0
2808;RANGEE 08;"Nitric acid; sulphonitric acids";;;;;;;;;
280800;HS6;Acide nitrique;acides sulfonitriques;;;;;;;;
2808001000;HS10;Acide nitrique;acides sulfonitriques;Industrie chimique;5.0;2.0;;19.0;;=;26.0
2808002000;HS10;Acides sulfonitriques;Acides sulfonitriques;Industrie chimique;5.0;2.0;;19.0;;=;26.0
2808009000;HS10;Acide nitrique - Autre;acides sulfonitriques - Other;Industrie chimique;5.0;2.0;;19.0;;=;26.0
2809;RANGEE 09;"Diphosphorus pentaoxide; phosphoric acid; polyphosphoric acids, whether or not chemically defined";;;;;;;;;
280910;HS6;Pentaoxyde de diphosphore;Diphosphorus pentoxide;;;;;;;;
2809101000;HS10;Pentaoxyde de diphosphore;Diphosphorus pentoxide;Industrie chimique;5.0;2.0;;19.0;;=;26.0
2809102000;HS10;Pentaoxyde de diphosphore;Diphosphorus pentoxide;Industrie chimique;5.0;2.0;;19.0;;=;26.0
2809109000;HS10;Pentaoxyde de diphosphore - Autre;Diphosphorus pentoxide - Other;Industrie chimique;5.0;2.0;;19.0;;=;26.0
280920;HS6;Acide phosphorique et acides polyphosphoriques;Phosphoric acid and polyphosphoric acids;;;;;;;;
2809201000;HS10;Acide phosphorique;Acide phosphorique;Industrie chimique;5.0;2.0;;19.0;;=;26.0
2809202000;HS10;Acides polyphosphoriques;Acides polyphosphoriques;Industrie chimique;5.0;2.0;;19.0;;=;26.0
2809209000;HS10;Acide phosphorique et acides polyphosphoriques - Autre;Phosphoric acid and polyphosphoric acids - Other;Industrie chimique;5.0;2.0;;19.0;;=;26.0
2810;RANGEE 10;"Oxides of boron; boric acids";;;;;;;;;
281000;HS6;Oxydes de bore;acides boriques;;;;;;;;
2810001000;HS10;Oxydes de bore;Oxydes de bore;Industrie chimique;5.0;2.0;;19.0;;=;26.0
2810002000;HS10;Acides boriques;Acides boriques;Industrie chimique;5.0;2.0;;19.0;;=;26.0
2810009000;HS10;Oxydes de bore - Autre;acides boriques - Other;Industrie chimique;5.0;2.0;;19.0;;=;26.0
2811;RANGEE 11;"Inorganic acids and other inorganic oxygen compounds of non-metals; n.e.c. in heading no. 2806 to 2810";;;;;;;;;
281111;HS6;Fluorure d'hydrogène (acide fluorhydrique);Hydrogen fluoride (hydrofluoric acid);;;;;;;;
2811111000;HS10;Fluorure d'hydrogène (acide fluorhydrique);Hydrogen fluoride (hydrofluoric acid);Industrie chimique;5.0;2.0;;19.0;;=;26.0
2811112000;HS10;Fluorure d'hydrogène (acide fluorhydrique);Hydrogen fluoride (hydrofluoric acid);Industrie chimique;5.0;2.0;;19.0;;=;26.0
2811119000;HS10;Fluorure d'hydrogène (acide fluorhydrique) - Autre;Hydrogen fluoride (hydrofluoric acid) - Other;Industrie chimique;5.0;2.0;;19.0;;=;26.0
281112;HS6;Cyanure d'hydrogène (acide cyanhydrique);Hydrogen cyanide (hydrocyanic acid);;;;;;;;
2811121000;HS10;Cyanure d'hydrogène (acide cyanhydrique);Hydrogen cyanide (hydrocyanic acid);Industrie chimique;5.0;2.0;;19.0;;=;26.0
2811122000;HS10;Cyanure d'hydrogène (acide cyanhydrique);Hydrogen cyanide (hydrocyanic acid);Industrie chimique;5.0;2.0;;19.0;;=;26.0
2811129000;HS10;Cyanure d'hydrogène (acide cyanhydrique) - Autre;Hydrogen cyanide (hydrocyanic acid) - Other;Industrie chimique;5.0;2.0;;19.0;;=;26.0
281119;HS6;Autres;Inorganic acids;;;;;;;;
2811191000;HS10;Autres;Inorganic acids;Industrie chimique;5.0;2.0;;19.0;;=;26.0
2811192000;HS10;Autres;Inorganic acids;Industrie chimique;5.0;2.0;;19.0;;=;26.0
2811199000;HS10;Autres - Autre;Inorganic acids - Other;Industrie chimique;5.0;2.0;;19.0;;=;26.0
281121;HS6;Dioxyde de carbone;Carbon dioxide;;;;;;;;
2811211000;HS10;Dioxyde de carbone;Carbon dioxide;Industrie chimique;5.0;2.0;;19.0;;=;26.0
2811212000;HS10;Dioxyde de carbone;Carbon dioxide;Industrie chimique;5.0;2.0;;19.0;;=;26.0
2811219000;HS10;Dioxyde de carbone - Autre;Carbon dioxide - Other;Industrie chimique;5.0;2.0;;19.0;;=;26.0
281122;HS6;Dioxyde de silicium;Silicon dioxide;;;;;;;;
2811221000;HS10;Dioxyde de silicium;Silicon dioxide;Industrie chimique;5.0;2.0;;19.0;;=;26.0
2811222000;HS10;Dioxyde de silicium;Silicon dioxide;Industrie chimique;5.0;2.0;;19.0;;=;26.0
2811229000;HS10;Dioxyde de silicium - Autre;Silicon dioxide - Other;Industrie chimique;5.0;2.0;;19.0;;=;26.0
281129;HS6;Autres;Inorganic oxygen compounds;;;;;;;;
2811291000;HS10;Acides arsenieux;Acides arsenieux;Industrie chimique;5.0;2.0;;19.0;;=;26.0
2811292000;HS10;Pentaoxyde de diarsenic anhydride arsenique;Pentaoxyde de diarsenic anhydride arsenique;Industrie chimique;5.0;2.0;;19.0;;=;26.0
2811299000;HS10;Autres - Autre;Inorganic oxygen compounds - Other;Industrie chimique;5.0;2.0;;19.0;;=;26.0
2812;RANGEE 12;Halides and halide oxides of non-metals;;;;;;;;;
281211;HS6;Dichlorure de carbonyle (phosgène);Carbonyl dichloride (phosgene);;;;;;;;
2812111000;HS10;Dichlorure de carbonyle (phosgène);Carbonyl dichloride (phosgene);Industrie chimique;5.0;2.0;;19.0;;=;26.0
2812112000;HS10;Dichlorure de carbonyle (phosgène);Carbonyl dichloride (phosgene);Industrie chimique;5.0;2.0;;19.0;;=;26.0
2812119000;HS10;Dichlorure de carbonyle (phosgène) - Autre;Carbonyl dichloride (phosgene) - Other;Industrie chimique;5.0;2.0;;19.0;;=;26.0
281212;HS6;Oxychlorure de phosphore;Phosphorus oxychloride;;;;;;;;
2812121000;HS10;Oxychlorure de phosphore;Phosphorus oxychloride;Industrie chimique;5.0;2.0;;19.0;;=;26.0
2812122000;HS10;Oxychlorure de phosphore;Phosphorus oxychloride;Industrie chimique;5.0;2.0;;19.0;;=;26.0
2812129000;HS10;Oxychlorure de phosphore - Autre;Phosphorus oxychloride - Other;Industrie chimique;5.0;2.0;;19.0;;=;26.0
281213;HS6;Trichlorure de phosphore;Phosphorus trichloride;;;;;;;;
2812131000;HS10;Trichlorure de phosphore;Phosphorus trichloride;Industrie chimique;5.0;2.0;;19.0;;=;26.0
2812132000;HS10;Trichlorure de phosphore;Phosphorus trichloride;Industrie chimique;5.0;2.0;;19.0;;=;26.0
2812139000;HS10;Trichlorure de phosphore - Autre;Phosphorus trichloride - Other;Industrie chimique;5.0;2.0;;19.0;;=;26.0
281214;HS6;Pentachlorure de phosphore;Phosphorus pentachloride;;;;;;;;
2812141000;HS10;Pentachlorure de phosphore;Phosphorus pentachloride;Industrie chimique;5.0;2.0;;19.0;;=;26.0
2812142000;HS10;Pentachlorure de phosphore;Phosphorus pentachloride;Industrie chimique;5.0;2.0;;19.0;;=;26.0
2812149000;HS10;Pentachlorure de phosphore - Autre;Phosphorus pentachloride - Other;Industrie chimique;5.0;2.0;;19.0;;=;26.0
281215;HS6;Monochlorure de soufre;Sulphur monochloride;;;;;;;;
2812151000;HS10;Monochlorure de soufre;Sulphur monochloride;Industrie chimique;5.0;2.0;;19.0;;=;26.0
2812152000;HS10;Monochlorure de soufre;Sulphur monochloride;Industrie chimique;5.0;2.0;;19.0;;=;26.0
2812159000;HS10;Monochlorure de soufre - Autre;Sulphur monochloride - Other;Industrie chimique;5.0;2.0;;19.0;;=;26.0
281216;HS6;Dichlorure de soufre;Sulphur dichloride;;;;;;;;
2812161000;HS10;Dichlorure de soufre;Sulphur dichloride;Industrie chimique;5.0;2.0;;19.0;;=;26.0
2812162000;HS10;Dichlorure de soufre;Sulphur dichloride;Industrie chimique;5.0;2.0;;19.0;;=;26.0
2812169000;HS10;Dichlorure de soufre - Autre;Sulphur dichloride - Other;Industrie chimique;5.0;2.0;;19.0;;=;26.0
281217;HS6;Chlorure de thionyle;Thionyl chloride;;;;;;;;
2812171000;HS10;Chlorure de thionyle;Thionyl chloride;Industrie chimique;5.0;2.0;;19.0;;=;26.0
2812172000;HS10;Chlorure de thionyle;Thionyl chloride;Industrie chimique;5.0;2.0;;19.0;;=;26.0
2812179000;HS10;Chlorure de thionyle - Autre;Thionyl chloride - Other;Industrie chimique;5.0;2.0;;19.0;;=;26.0
281219;HS6;Autres;Arsenic trichloride and other chlorides and chloride oxides;;;;;;;;
2812191000;HS10;Trichlorure darsenic;Trichlorure darsenic;Industrie chimique;5.0;2.0;;19.0;;=;26.0
2812192000;HS10;Chlorure arsenieux;Chlorure arsenieux;Industrie chimique;5.0;2.0;;19.0;;=;26.0
2812199000;HS10;Autres - Autre;Arsenic trichloride and other chlorides and chloride oxides - Other;Industrie chimique;5.0;2.0;;19.0;;=;26.0
281290;HS6;Autres;Halides and halide oxides of non-metals;;;;;;;;
2812901000;HS10;Autres;Halides and halide oxides of non-metals;Industrie chimique;5.0;2.0;;19.0;;=;26.0
2812902000;HS10;Autres;Halides and halide oxides of non-metals;Industrie chimique;5.0;2.0;;19.0;;=;26.0
2812909000;HS10;Autres - Autre;Halides and halide oxides of non-metals - Other;Industrie chimique;5.0;2.0;;19.0;;=;26.0
2813;RANGEE 13;"Sulphides of non-metals; commercial phosphorus trisulphide";;;;;;;;;
281310;HS6;Disulfure de carbone;Carbon disulphide;;;;;;;;
2813101000;HS10;Sulfure de carbone;Sulfure de carbone;Industrie chimique;5.0;2.0;;19.0;;=;26.0
2813102000;HS10;Disulfure de carbone;Carbon disulphide;Industrie chimique;5.0;2.0;;19.0;;=;26.0
2813109000;HS10;Disulfure de carbone - Autre;Carbon disulphide - Other;Industrie chimique;5.0;2.0;;19.0;;=;26.0
281390;HS6;Autres;Sulphides of non-metals;;;;;;;;
2813901000;HS10;Disulfure de silicium;Disulfure de silicium;Industrie chimique;5.0;2.0;;19.0;;=;26.0
2813902000;HS10;Sulfures darsenic;Sulfures darsenic;Industrie chimique;5.0;2.0;;19.0;;=;26.0
2813909000;HS10;Autres - Autre;Sulphides of non-metals - Other;Industrie chimique;5.0;2.0;;19.0;;=;26.0
2814;RANGEE 14;"Ammonia; anhydrous or in aqueous solution";;;;;;;;;
281410;HS6;Ammoniac anhydre;Anhydrous ammonia;;;;;;;;
281410;HS6-DIRECT;Ammoniac anhydre;Anhydrous ammonia;Industrie chimique;5.0;2.0;;19.0;;=;26.0
281420;HS6;Ammoniac en solution aqueuse (ammoniaque);Ammonia;;;;;;;;
2814201000;HS10;Ammoniac en solution aqueuse (ammoniaque);Ammonia;Industrie chimique;5.0;2.0;;19.0;;=;26.0
2814202000;HS10;Ammoniac en solution aqueuse (ammoniaque);Ammonia;Industrie chimique;5.0;2.0;;19.0;;=;26.0
2814209000;HS10;Ammoniac en solution aqueuse (ammoniaque) - Autre;Ammonia - Other;Industrie chimique;5.0;2.0;;19.0;;=;26.0
2815;RANGEE 15;"Sodium hydroxide (caustic soda); potassium hydroxide (caustic potash) peroxides of sodium or potassium";;;;;;;;;
281511;HS6;Solide;Sodium hydroxide (caustic soda);;;;;;;;
2815111000;HS10;Solide;Sodium hydroxide (caustic soda);Industrie chimique;5.0;2.0;;19.0;;=;26.0
2815112000;HS10;Solide;Sodium hydroxide (caustic soda);Industrie chimique;5.0;2.0;;19.0;;=;26.0
2815119000;HS10;Solide - Autre;Sodium hydroxide (caustic soda) - Other;Industrie chimique;5.0;2.0;;19.0;;=;26.0
281512;HS6;En solution aqueuse (lessive de soude caustique);Sodium hydroxide (caustic soda);;;;;;;;
2815121000;HS10;En solution aqueuse (lessive de soude caustique);Sodium hydroxide (caustic soda);Industrie chimique;5.0;2.0;;19.0;;=;26.0
2815122000;HS10;En solution aqueuse (lessive de soude caustique);Sodium hydroxide (caustic soda);Industrie chimique;5.0;2.0;;19.0;;=;26.0
2815129000;HS10;En solution aqueuse (lessive de soude caustique) - Autre;Sodium hydroxide (caustic soda) - Other;Industrie chimique;5.0;2.0;;19.0;;=;26.0
281520;HS6;Hydroxyde de potassium (potasse caustique);Potassium hydroxide (caustic potash);;;;;;;;
2815201000;HS10;Hydroxyde de potassium potasse caustique solide;Hydroxyde de potassium potasse caustique solide;Industrie chimique;5.0;2.0;;19.0;;=;26.0
2815202000;HS10;Hydroxyde de potassium potasse caustique en solution aqueuse lessive de potasse caustique;Hydroxyde de potassium potasse caustique en solution aqueuse lessive de potasse caustique;Industrie chimique;5.0;2.0;;19.0;;=;26.0
2815209000;HS10;Hydroxyde de potassium (potasse caustique) - Autre;Potassium hydroxide (caustic potash) - Other;Industrie chimique;5.0;2.0;;19.0;;=;26.0
281530;HS6;Peroxydes de sodium ou de potassium;Peroxides of sodium or potassium;;;;;;;;
2815301000;HS10;Peroxydes de sodium;Peroxydes de sodium;Industrie chimique;5.0;2.0;;19.0;;=;26.0
2815302000;HS10;Peroxydes de potassium;Peroxydes de potassium;Industrie chimique;5.0;2.0;;19.0;;=;26.0
2815309000;HS10;Peroxydes de sodium ou de potassium - Autre;Peroxides of sodium or potassium - Other;Industrie chimique;5.0;2.0;;19.0;;=;26.0
2816;RANGEE 16;"Hydroxide and peroxide of magnesium; oxides, hydroxides and peroxides of strontium or barium";;;;;;;;;
281610;HS6;Hydroxyde et péroxyde de magnésium;Hydroxide and peroxide of magnesium;;;;;;;;
2816101000;HS10;Hydroxyde de magnesium;Hydroxyde de magnesium;Industrie chimique;5.0;2.0;;19.0;;=;26.0
2816102000;HS10;Peroxyde de magnesium;Peroxyde de magnesium;Industrie chimique;5.0;2.0;;19.0;;=;26.0
2816109000;HS10;Hydroxyde et péroxyde de magnésium - Autre;Hydroxide and peroxide of magnesium - Other;Industrie chimique;5.0;2.0;;19.0;;=;26.0
281640;HS6;Oxydes;Oxides;;;;;;;;
2816401000;HS10;Oxydes hydroxydes et peroxydes de strontium;Oxydes hydroxydes et peroxydes de strontium;Industrie chimique;5.0;2.0;;19.0;;=;26.0
2816402000;HS10;Oxydes hydroxydes et peroxydes de baryum;Oxydes hydroxydes et peroxydes de baryum;Industrie chimique;5.0;2.0;;19.0;;=;26.0
2816409000;HS10;Oxydes - Autre;Oxides - Other;Industrie chimique;5.0;2.0;;19.0;;=;26.0
2817;RANGEE 17;"Zinc; oxide and peroxide";;;;;;;;;
281700;HS6;Oxyde de zinc;peroxyde de zinc;;;;;;;;
2817001000;HS10;Oxyde de zinc;Oxyde de zinc;Industrie chimique;5.0;2.0;;19.0;;=;26.0
2817002000;HS10;Peroxyde de zinc;Peroxyde de zinc;Industrie chimique;5.0;2.0;;19.0;;=;26.0
2817009000;HS10;Oxyde de zinc - Autre;peroxyde de zinc - Other;Industrie chimique;5.0;2.0;;19.0;;=;26.0
2818;RANGEE 18;"Aluminium oxide (including artificial corundum); aluminium hydroxide";;;;;;;;;
281810;HS6;Corindon artificiel;Aluminium oxide;;;;;;;;
2818101000;HS10;Corindon artificiel;Aluminium oxide;Industrie chimique;5.0;2.0;;19.0;;=;26.0
2818102000;HS10;Corindon artificiel;Aluminium oxide;Industrie chimique;5.0;2.0;;19.0;;=;26.0
2818109000;HS10;Corindon artificiel - Autre;Aluminium oxide - Other;Industrie chimique;5.0;2.0;;19.0;;=;26.0
281820;HS6;Oxyde d'aluminium autre que le corindon artificiel;Aluminium oxide;;;;;;;;
2818201000;HS10;Oxyde d'aluminium autre que le corindon artificiel;Aluminium oxide;Industrie chimique;5.0;2.0;;19.0;;=;26.0
2818202000;HS10;Oxyde d'aluminium autre que le corindon artificiel;Aluminium oxide;Industrie chimique;5.0;2.0;;19.0;;=;26.0
2818209000;HS10;Oxyde d'aluminium autre que le corindon artificiel - Autre;Aluminium oxide - Other;Industrie chimique;5.0;2.0;;19.0;;=;26.0
281830;HS6;Hydroxyde d'aluminium;Aluminium hydroxide;;;;;;;;
2818301000;HS10;Alumine activée;Alumine activée;Industrie chimique;5.0;2.0;;19.0;;=;26.0
2818302000;HS10;Hydroxyde d'aluminium;Aluminium hydroxide;Industrie chimique;5.0;2.0;;19.0;;=;26.0
2818309000;HS10;Hydroxyde d'aluminium - Autre;Aluminium hydroxide - Other;Industrie chimique;5.0;2.0;;19.0;;=;26.0
2819;RANGEE 19;Chromium oxides and hydroxides;;;;;;;;;
281910;HS6;Trioxyde de chrome;Chromium trioxide;;;;;;;;
2819101000;HS10;Trioxyde de chrome;Chromium trioxide;Industrie chimique;5.0;2.0;;19.0;;=;26.0
2819102000;HS10;Trioxyde de chrome;Chromium trioxide;Industrie chimique;5.0;2.0;;19.0;;=;26.0
2819109000;HS10;Trioxyde de chrome - Autre;Chromium trioxide - Other;Industrie chimique;5.0;2.0;;19.0;;=;26.0
281990;HS6;Autres;Chromium oxides and hydroxides;;;;;;;;
2819901000;HS10;Trioxyde de dichrome sesquioxyde de chrome;Trioxyde de dichrome sesquioxyde de chrome;Industrie chimique;5.0;2.0;;19.0;;=;26.0
2819902000;HS10;Hydroxydes de chrome;Hydroxydes de chrome;Industrie chimique;5.0;2.0;;19.0;;=;26.0
2819909000;HS10;Autres - Autre;Chromium oxides and hydroxides - Other;Industrie chimique;5.0;2.0;;19.0;;=;26.0
2820;RANGEE 20;Manganese oxides;;;;;;;;;
282010;HS6;Dioxyde de manganèse;Manganese dioxide;;;;;;;;
2820101000;HS10;Dioxyde de manganèse;Manganese dioxide;Industrie chimique;5.0;2.0;;19.0;;=;26.0
2820102000;HS10;Dioxyde de manganèse;Manganese dioxide;Industrie chimique;5.0;2.0;;19.0;;=;26.0
2820109000;HS10;Dioxyde de manganèse - Autre;Manganese dioxide - Other;Industrie chimique;5.0;2.0;;19.0;;=;26.0
282090;HS6;Autres;Manganese oxides;;;;;;;;
2820901000;HS10;Oxyde de manganese protoxyde;Oxyde de manganese protoxyde;Industrie chimique;5.0;2.0;;19.0;;=;26.0
2820902000;HS10;Trioxyde de dimanganese;Trioxyde de dimanganese;Industrie chimique;5.0;2.0;;19.0;;=;26.0
2820909000;HS10;Autres - Autre;Manganese oxides - Other;Industrie chimique;5.0;2.0;;19.0;;=;26.0
2821;RANGEE 21;"Iron oxides and hydroxides; earth colours containing 70% or more by weight of combined iron evaluated as Fe2o3";;;;;;;;;
282110;HS6;Oxydes et hydroxydes de fer;Iron oxides and hydroxides;;;;;;;;
2821101000;HS10;Oxydes de fer;Oxydes de fer;Industrie chimique;5.0;2.0;;19.0;;=;26.0
2821102000;HS10;Hydroxydes de fer;Hydroxydes de fer;Industrie chimique;5.0;2.0;;19.0;;=;26.0
2821109000;HS10;Oxydes et hydroxydes de fer - Autre;Iron oxides and hydroxides - Other;Industrie chimique;5.0;2.0;;19.0;;=;26.0
282120;HS6;Terres colorantes;Earth colours;;;;;;;;
2821201000;HS10;Terre colorante agricole;Terre colorante agricole;Industrie chimique;5.0;2.0;;19.0;;=;26.0
2821202000;HS10;Terres colorantes;Earth colours;Industrie chimique;5.0;2.0;;19.0;;=;26.0
2821209000;HS10;Terres colorantes - Autre;Earth colours - Other;Industrie chimique;5.0;2.0;;19.0;;=;26.0
2822;RANGEE 22;"Cobalt oxides and hydroxides; commercial cobalt oxides";;;;;;;;;
282200;HS6;Oxydes et hydroxydes de cobalt;oxydes de cobalt du commerce;;;;;;;;
2822001000;HS10;Oxydes et hydroxydes de cobalt;Oxydes et hydroxydes de cobalt;Industrie chimique;5.0;2.0;;19.0;;=;26.0
2822002000;HS10;Oxydes de cobalt du commerce;Oxydes de cobalt du commerce;Industrie chimique;5.0;2.0;;19.0;;=;26.0
2822009000;HS10;Oxydes et hydroxydes de cobalt - Autre;oxydes de cobalt du commerce - Other;Industrie chimique;5.0;2.0;;19.0;;=;26.0
2823;RANGEE 23;Titanium oxides;;;;;;;;;
282300;HS6;Oxydes de titane;Titanium oxides;;;;;;;;
2823001000;HS10;Oxydes de titane;Titanium oxides;Industrie chimique;5.0;2.0;;19.0;;=;26.0
2823002000;HS10;Oxydes de titane;Titanium oxides;Industrie chimique;5.0;2.0;;19.0;;=;26.0
2823009000;HS10;Oxydes de titane - Autre;Titanium oxides - Other;Industrie chimique;5.0;2.0;;19.0;;=;26.0
2824;RANGEE 24;"Lead oxides; red lead and orange lead";;;;;;;;;
282410;HS6;Monoxyde de plomb (litharge;Lead;;;;;;;;
2824101000;HS10;Monoxyde de plomb (litharge;Lead;Industrie chimique;5.0;2.0;;19.0;;=;26.0
2824102000;HS10;Monoxyde de plomb (litharge;Lead;Industrie chimique;5.0;2.0;;19.0;;=;26.0
2824109000;HS10;Monoxyde de plomb (litharge - Autre;Lead - Other;Industrie chimique;5.0;2.0;;19.0;;=;26.0
282490;HS6;Autres;Lead oxides;;;;;;;;
2824901000;HS10;Minium et mine orange;Minium et mine orange;Industrie chimique;5.0;2.0;;19.0;;=;26.0
2824902000;HS10;Dioxyde de plomb;Dioxyde de plomb;Industrie chimique;5.0;2.0;;19.0;;=;26.0
2824909000;HS10;Autres - Autre;Lead oxides - Other;Industrie chimique;5.0;2.0;;19.0;;=;26.0
2825;RANGEE 25;"Hydrazine and hydroxylamine and their inorganic salts; other inorganic bases; other metal oxides, hydroxides and peroxides";;;;;;;;;
282510;HS6;Hydrazine et hydroxylamine et leurs sels inorganiques;Hydrazine and hydroxylamine and their inorganic salts;;;;;;;;
2825101000;HS10;Hydrazine et hydroxylamine et leurs sels inorganiques;Hydrazine and hydroxylamine and their inorganic salts;Industrie chimique;5.0;2.0;;19.0;;=;26.0
2825102000;HS10;Hydrazine et hydroxylamine et leurs sels inorganiques;Hydrazine and hydroxylamine and their inorganic salts;Industrie chimique;5.0;2.0;;19.0;;=;26.0
2825109000;HS10;Hydrazine et hydroxylamine et leurs sels inorganiques - Autre;Hydrazine and hydroxylamine and their inorganic salts - Other;Industrie chimique;5.0;2.0;;19.0;;=;26.0
282520;HS6;Oxyde et hydroxyde de lithium;Lithium oxide and hydroxide;;;;;;;;
2825201000;HS10;Oxyde de lithium;Oxyde de lithium;Industrie chimique;5.0;2.0;;19.0;;=;26.0
2825202000;HS10;Hydroxyde de lithium;Hydroxyde de lithium;Industrie chimique;5.0;2.0;;19.0;;=;26.0
2825209000;HS10;Oxyde et hydroxyde de lithium - Autre;Lithium oxide and hydroxide - Other;Industrie chimique;5.0;2.0;;19.0;;=;26.0
282530;HS6;Oxydes et hydroxydes de vanadium;Vanadium oxides and hydroxides;;;;;;;;
2825301000;HS10;Pentoxyde anhydride vanadique;Pentoxyde anhydride vanadique;Industrie chimique;5.0;2.0;;19.0;;=;26.0
2825302000;HS10;Oxydes et hydroxydes de vanadium;Vanadium oxides and hydroxides;Industrie chimique;5.0;2.0;;19.0;;=;26.0
2825309000;HS10;Oxydes et hydroxydes de vanadium - Autre;Vanadium oxides and hydroxides - Other;Industrie chimique;5.0;2.0;;19.0;;=;26.0
282540;HS6;Oxydes et hydroxydes de nickel;Nickel oxides and hydroxides;;;;;;;;
2825401000;HS10;Oxydes de nickel;Oxydes de nickel;Industrie chimique;5.0;2.0;;19.0;;=;26.0
2825402000;HS10;Hydroxydes de nickel;Hydroxydes de nickel;Industrie chimique;5.0;2.0;;19.0;;=;26.0
2825409000;HS10;Oxydes et hydroxydes de nickel - Autre;Nickel oxides and hydroxides - Other;Industrie chimique;5.0;2.0;;19.0;;=;26.0
282550;HS6;Oxydes et hydroxydes de cuivre;Copper oxides and hydroxides;;;;;;;;
2825501000;HS10;Oxydes de cuivre;Oxydes de cuivre;Industrie chimique;5.0;2.0;;19.0;;=;26.0
2825502000;HS10;Hydroxydes de cuivre;Hydroxydes de cuivre;Industrie chimique;5.0;2.0;;19.0;;=;26.0
2825509000;HS10;Oxydes et hydroxydes de cuivre - Autre;Copper oxides and hydroxides - Other;Industrie chimique;5.0;2.0;;19.0;;=;26.0
282560;HS6;Oxydes de germanium et dioxyde de zirconium;Germanium oxides and zirconium dioxide;;;;;;;;
2825601000;HS10;Oxydes de germanium;Oxydes de germanium;Industrie chimique;5.0;2.0;;19.0;;=;26.0
2825602000;HS10;Dioxyde de zirconium;Dioxyde de zirconium;Industrie chimique;5.0;2.0;;19.0;;=;26.0
2825609000;HS10;Oxydes de germanium et dioxyde de zirconium - Autre;Germanium oxides and zirconium dioxide - Other;Industrie chimique;5.0;2.0;;19.0;;=;26.0
282570;HS6;Oxydes et hydroxydes de molybdène;Molybdenum oxides and hydroxides;;;;;;;;
2825701000;HS10;Oxydes de molybdene;Oxydes de molybdene;Industrie chimique;5.0;2.0;;19.0;;=;26.0
2825702000;HS10;Hydroxydes de molybdene;Hydroxydes de molybdene;Industrie chimique;5.0;2.0;;19.0;;=;26.0
2825709000;HS10;Oxydes et hydroxydes de molybdène - Autre;Molybdenum oxides and hydroxides - Other;Industrie chimique;5.0;2.0;;19.0;;=;26.0
282580;HS6;Oxydes d'antimoine;Antimony oxides;;;;;;;;
2825801000;HS10;Oxydes d'antimoine;Antimony oxides;Industrie chimique;5.0;2.0;;19.0;;=;26.0
2825802000;HS10;Oxydes d'antimoine;Antimony oxides;Industrie chimique;5.0;2.0;;19.0;;=;26.0
2825809000;HS10;Oxydes d'antimoine - Autre;Antimony oxides - Other;Industrie chimique;5.0;2.0;;19.0;;=;26.0
282590;HS6;Autres;Inorganic bases;;;;;;;;
2825901000;HS10;Oxyde et hydroxyde de beryllium;Oxyde et hydroxyde de beryllium;Industrie chimique;5.0;2.0;;19.0;;=;26.0
2825902000;HS10;Oxyde hydroxyde et peroxyde de calcium;Oxyde hydroxyde et peroxyde de calcium;Industrie chimique;5.0;2.0;;19.0;;=;26.0
2825909000;HS10;Autres - Autre;Inorganic bases - Other;Industrie chimique;5.0;2.0;;19.0;;=;26.0
2826;RANGEE 26;"Fluorides; fluorosilicates, fluoroaluminates and other complex fluorine salts";;;;;;;;;
282612;HS6;D'aluminium;Fluorides;;;;;;;;
2826121000;HS10;D'aluminium;Fluorides;Industrie chimique;5.0;2.0;;19.0;;=;26.0
2826122000;HS10;D'aluminium;Fluorides;Industrie chimique;5.0;2.0;;19.0;;=;26.0
2826129000;HS10;D'aluminium - Autre;Fluorides - Other;Industrie chimique;5.0;2.0;;19.0;;=;26.0
282619;HS6;Autres;Fluorides;;;;;;;;
2826191000;HS10;Fluorures dammonium;Fluorures dammonium;Industrie chimique;5.0;2.0;;19.0;;=;26.0
2826192000;HS10;Fluorures de sodium;Fluorures de sodium;Industrie chimique;5.0;2.0;;19.0;;=;26.0
2826199000;HS10;Autres - Autre;Fluorides - Other;Industrie chimique;5.0;2.0;;19.0;;=;26.0
282630;HS6;Hexafluoroaluminate de sodium (cryolithe synthétique);Sodium hexafluoroaluminate (synthetic cryolite);;;;;;;;
2826301000;HS10;Hexafluoroaluminate de sodium (cryolithe synthétique);Sodium hexafluoroaluminate (synthetic cryolite);Industrie chimique;5.0;2.0;;19.0;;=;26.0
2826302000;HS10;Hexafluoroaluminate de sodium (cryolithe synthétique);Sodium hexafluoroaluminate (synthetic cryolite);Industrie chimique;5.0;2.0;;19.0;;=;26.0
2826309000;HS10;Hexafluoroaluminate de sodium (cryolithe synthétique) - Autre;Sodium hexafluoroaluminate (synthetic cryolite) - Other;Industrie chimique;5.0;2.0;;19.0;;=;26.0
282690;HS6;Autres;Fluorides;;;;;;;;
2826901000;HS10;Autres;Fluorides;Industrie chimique;5.0;2.0;;19.0;;=;26.0
2826902000;HS10;Autres;Fluorides;Industrie chimique;5.0;2.0;;19.0;;=;26.0
2826909000;HS10;Autres - Autre;Fluorides - Other;Industrie chimique;5.0;2.0;;19.0;;=;26.0
2827;RANGEE 27;"Chlorides; chloride oxides and chloride hydroxides; bromides and bromide oxides; iodides and iodide oxides";;;;;;;;;
282710;HS6;Chlorure d'ammonium;Chlorides;;;;;;;;
2827101000;HS10;Chlorure d'ammonium;Chlorides;Industrie chimique;5.0;2.0;;19.0;;=;26.0
2827102000;HS10;Chlorure d'ammonium;Chlorides;Industrie chimique;5.0;2.0;;19.0;;=;26.0
2827109000;HS10;Chlorure d'ammonium - Autre;Chlorides - Other;Industrie chimique;5.0;2.0;;19.0;;=;26.0
282720;HS6;Chlorure de calcium;Chlorides;;;;;;;;
2827201000;HS10;Chlorure de calcium;Chlorides;Industrie chimique;5.0;2.0;;19.0;;=;26.0
2827202000;HS10;Chlorure de calcium;Chlorides;Industrie chimique;5.0;2.0;;19.0;;=;26.0
2827209000;HS10;Chlorure de calcium - Autre;Chlorides - Other;Industrie chimique;5.0;2.0;;19.0;;=;26.0
282731;HS6;De magnésium;Chlorides;;;;;;;;
2827311000;HS10;De magnésium;Chlorides;Industrie chimique;5.0;2.0;;19.0;;=;26.0
2827312000;HS10;De magnésium;Chlorides;Industrie chimique;5.0;2.0;;19.0;;=;26.0
2827319000;HS10;De magnésium - Autre;Chlorides - Other;Industrie chimique;5.0;2.0;;19.0;;=;26.0
282732;HS6;D'aluminium;Chlorides;;;;;;;;
2827321000;HS10;D'aluminium;Chlorides;Industrie chimique;5.0;2.0;;19.0;;=;26.0
2827322000;HS10;D'aluminium;Chlorides;Industrie chimique;5.0;2.0;;19.0;;=;26.0
2827329000;HS10;D'aluminium - Autre;Chlorides - Other;Industrie chimique;5.0;2.0;;19.0;;=;26.0
282735;HS6;De nickel;Chlorides;;;;;;;;
2827351000;HS10;De nickel;Chlorides;Industrie chimique;5.0;2.0;;19.0;;=;26.0
2827352000;HS10;De nickel;Chlorides;Industrie chimique;5.0;2.0;;19.0;;=;26.0
2827359000;HS10;De nickel - Autre;Chlorides - Other;Industrie chimique;5.0;2.0;;19.0;;=;26.0
282739;HS6;Autres;Chlorides;;;;;;;;
2827391000;HS10;Chlorure de chaux;Chlorure de chaux;Industrie chimique;5.0;2.0;;19.0;;=;26.0
2827392000;HS10;Autres;Chlorides;Industrie chimique;5.0;2.0;;19.0;;=;26.0
2827399000;HS10;Autres - Autre;Chlorides - Other;Industrie chimique;5.0;2.0;;19.0;;=;26.0
282741;HS6;De cuivre;Chloride oxides and chloride hydroxides;;;;;;;;
2827411000;HS10;De cuivre;Chloride oxides and chloride hydroxides;Industrie chimique;5.0;2.0;;19.0;;=;26.0
2827412000;HS10;De cuivre;Chloride oxides and chloride hydroxides;Industrie chimique;5.0;2.0;;19.0;;=;26.0
2827419000;HS10;De cuivre - Autre;Chloride oxides and chloride hydroxides - Other;Industrie chimique;5.0;2.0;;19.0;;=;26.0
282749;HS6;Autres;Chloride oxides and chloride hydroxides;;;;;;;;
2827491000;HS10;Oxychlorures et hydroxychlorures daluminium;Oxychlorures et hydroxychlorures daluminium;Industrie chimique;5.0;2.0;;19.0;;=;26.0
2827492000;HS10;Oxychlorures et hydroxychlorures de chrome;Oxychlorures et hydroxychlorures de chrome;Industrie chimique;5.0;2.0;;19.0;;=;26.0
2827499000;HS10;Autres - Autre;Chloride oxides and chloride hydroxides - Other;Industrie chimique;5.0;2.0;;19.0;;=;26.0
282751;HS6;Bromures de sodium ou de potassium;Bromides;;;;;;;;
2827511000;HS10;Bromures de sodium;Bromures de sodium;Industrie chimique;5.0;2.0;;19.0;;=;26.0
2827512000;HS10;Bromures de potassium;Bromures de potassium;Industrie chimique;5.0;2.0;;19.0;;=;26.0
2827519000;HS10;Bromures de sodium ou de potassium - Autre;Bromides - Other;Industrie chimique;5.0;2.0;;19.0;;=;26.0
282759;HS6;Autres;Bromides and bromide oxides;;;;;;;;
2827591000;HS10;Bromures dammonium;Bromures dammonium;Industrie chimique;5.0;2.0;;19.0;;=;26.0
2827592000;HS10;Bromure de calcium;Bromure de calcium;Industrie chimique;5.0;2.0;;19.0;;=;26.0
2827599000;HS10;Autres - Autre;Bromides and bromide oxides - Other;Industrie chimique;5.0;2.0;;19.0;;=;26.0
282760;HS6;Iodures et oxyiodures;Iodides and iodide oxides;;;;;;;;
2827601000;HS10;Iodures et oxyiodures;Iodides and iodide oxides;Industrie chimique;5.0;2.0;;19.0;;=;26.0
2827602000;HS10;Iodures et oxyiodures;Iodides and iodide oxides;Industrie chimique;5.0;2.0;;19.0;;=;26.0
2827609000;HS10;Iodures et oxyiodures - Autre;Iodides and iodide oxides - Other;Industrie chimique;5.0;2.0;;19.0;;=;26.0
2828;RANGEE 28;"Hypochlorites; commercial calcium hypochlorite; chlorites; hypobromites";;;;;;;;;
282810;HS6;Hypochlorite de calcium du commerce et autres hypochlorites de calcium;Hypochlorites;;;;;;;;
2828101000;HS10;Hypochlorite de calcium du commerce et autres hypochlorites de calcium;Hypochlorites;Industrie chimique;5.0;2.0;;19.0;;=;26.0
2828102000;HS10;Hypochlorite de calcium du commerce et autres hypochlorites de calcium;Hypochlorites;Industrie chimique;5.0;2.0;;19.0;;=;26.0
2828109000;HS10;Hypochlorite de calcium du commerce et autres hypochlorites de calcium - Autre;Hypochlorites - Other;Industrie chimique;5.0;2.0;;19.0;;=;26.0
282890;HS6;Autres;Hypochlorites;;;;;;;;
2828901000;HS10;Chlorites;Chlorites;Industrie chimique;5.0;2.0;;19.0;;=;26.0
2828902000;HS10;Hypobromites;Hypobromites;Industrie chimique;5.0;2.0;;19.0;;=;26.0
2828909000;HS10;Autres - Autre;Hypochlorites - Other;Industrie chimique;5.0;2.0;;19.0;;=;26.0
2829;RANGEE 29;"Chlorates and perchlorates; bromates and perbromates; iodates and periodates";;;;;;;;;
282911;HS6;De sodium;Chlorates;;;;;;;;
2829111000;HS10;De sodium;Chlorates;Industrie chimique;5.0;2.0;;19.0;;=;26.0
2829112000;HS10;De sodium;Chlorates;Industrie chimique;5.0;2.0;;19.0;;=;26.0
2829119000;HS10;De sodium - Autre;Chlorates - Other;Industrie chimique;5.0;2.0;;19.0;;=;26.0
282919;HS6;Autres;Chlorates;;;;;;;;
2829191000;HS10;Chlorate de potassium;Chlorate de potassium;Industrie chimique;5.0;2.0;;19.0;;=;26.0
2829192000;HS10;Chlorate de baryum;Chlorate de baryum;Industrie chimique;5.0;2.0;;19.0;;=;26.0
2829199000;HS10;Autres - Autre;Chlorates - Other;Industrie chimique;5.0;2.0;;19.0;;=;26.0
282990;HS6;Autres;Perchlorates;;;;;;;;
2829901000;HS10;Autres;Perchlorates;Industrie chimique;5.0;2.0;;19.0;;=;26.0
2829902000;HS10;Autres bromates et perbromates;Autres bromates et perbromates;Industrie chimique;5.0;2.0;;19.0;;=;26.0
2829909000;HS10;Autres - Autre;Perchlorates - Other;Industrie chimique;5.0;2.0;;19.0;;=;26.0
2830;RANGEE 30;"Sulphides; polysulphides whether or not chemically defined";;;;;;;;;
283010;HS6;Sulfures de sodium;Sulphides;;;;;;;;
2830101000;HS10;Sulfures de sodium neutres;Sulfures de sodium neutres;Industrie chimique;5.0;2.0;;19.0;;=;26.0
2830102000;HS10;Sulfures de sodium;Sulphides;Industrie chimique;5.0;2.0;;19.0;;=;26.0
2830109000;HS10;Sulfures de sodium - Autre;Sulphides - Other;Industrie chimique;5.0;2.0;;19.0;;=;26.0
283090;HS6;Autres;Sulphides and polysulphides;;;;;;;;
2830901000;HS10;Autres;Sulphides and polysulphides;Industrie chimique;5.0;2.0;;19.0;;=;26.0
2830902000;HS10;Autres;Sulphides and polysulphides;Industrie chimique;5.0;2.0;;19.0;;=;26.0
2830909000;HS10;Autres - Autre;Sulphides and polysulphides - Other;Industrie chimique;5.0;2.0;;19.0;;=;26.0
2831;RANGEE 31;Dithionites and sulphoxylates;;;;;;;;;
283110;HS6;De sodium;Dithionites and sulphoxylates;;;;;;;;
2831101000;HS10;De sodium;Dithionites and sulphoxylates;Industrie chimique;5.0;2.0;;19.0;;=;26.0
2831102000;HS10;De sodium;Dithionites and sulphoxylates;Industrie chimique;5.0;2.0;;19.0;;=;26.0
2831109000;HS10;De sodium - Autre;Dithionites and sulphoxylates - Other;Industrie chimique;5.0;2.0;;19.0;;=;26.0
283190;HS6;Autres;Dithionites and sulphoxylates;;;;;;;;
2831901000;HS10;Autres de potassium;Autres de potassium;Industrie chimique;5.0;2.0;;19.0;;=;26.0
2831902000;HS10;Autres de calcium;Autres de calcium;Industrie chimique;5.0;2.0;;19.0;;=;26.0
2831909000;HS10;Autres - Autre;Dithionites and sulphoxylates - Other;Industrie chimique;5.0;2.0;;19.0;;=;26.0
2832;RANGEE 32;"Sulphites; thiosulphates";;;;;;;;;
283210;HS6;Sulfites de sodium;Sulphites;;;;;;;;
2832101000;HS10;Sulfites de sodium bisulfite de sodium;Sulfites de sodium bisulfite de sodium;Industrie chimique;5.0;2.0;;19.0;;=;26.0
2832102000;HS10;Sulfites de sodium sulfite de sodium neutre;Sulfites de sodium sulfite de sodium neutre;Industrie chimique;5.0;2.0;;19.0;;=;26.0
2832109000;HS10;Sulfites de sodium - Autre;Sulphites - Other;Industrie chimique;5.0;2.0;;19.0;;=;26.0
283220;HS6;Autres sulfites;Sulphites;;;;;;;;
2832201000;HS10;Autres sulfites sulfite dammonium;Autres sulfites sulfite dammonium;Industrie chimique;5.0;2.0;;19.0;;=;26.0
2832202000;HS10;Autres sulfites sulfites de potassium;Autres sulfites sulfites de potassium;Industrie chimique;5.0;2.0;;19.0;;=;26.0
2832209000;HS10;Autres sulfites - Autre;Sulphites - Other;Industrie chimique;5.0;2.0;;19.0;;=;26.0
283230;HS6;Thiosulfates;Thiosulphates;;;;;;;;
2832301000;HS10;Thiosulfates dammonium;Thiosulfates dammonium;Industrie chimique;5.0;2.0;;19.0;;=;26.0
2832302000;HS10;Thiosulfates de sodium;Thiosulfates de sodium;Industrie chimique;5.0;2.0;;19.0;;=;26.0
2832309000;HS10;Thiosulfates - Autre;Thiosulphates - Other;Industrie chimique;5.0;2.0;;19.0;;=;26.0
2833;RANGEE 33;"Sulphates; alums; peroxosulphates (persulphates)";;;;;;;;;
283311;HS6;Sulfate de disodium;Sodium sulphates;;;;;;;;
2833111000;HS10;Sulfate de disodium;Sodium sulphates;Industrie chimique;5.0;2.0;;19.0;;=;26.0
2833112000;HS10;Sulfate de disodium;Sodium sulphates;Industrie chimique;5.0;2.0;;19.0;;=;26.0
2833119000;HS10;Sulfate de disodium - Autre;Sodium sulphates - Other;Industrie chimique;5.0;2.0;;19.0;;=;26.0
283319;HS6;Autres;Sodium sulphates;;;;;;;;
2833191000;HS10;Autres;Sodium sulphates;Industrie chimique;5.0;2.0;;19.0;;=;26.0
2833192000;HS10;Autres;Sodium sulphates;Industrie chimique;5.0;2.0;;19.0;;=;26.0
2833199000;HS10;Autres - Autre;Sodium sulphates - Other;Industrie chimique;5.0;2.0;;19.0;;=;26.0
283321;HS6;De magnésium;Sulphates;;;;;;;;
2833211000;HS10;De magnésium;Sulphates;Industrie chimique;5.0;2.0;;19.0;;=;26.0
2833212000;HS10;De magnésium;Sulphates;Industrie chimique;5.0;2.0;;19.0;;=;26.0
2833219000;HS10;De magnésium - Autre;Sulphates - Other;Industrie chimique;5.0;2.0;;19.0;;=;26.0
283322;HS6;D'aluminium;Sulphates;;;;;;;;
2833221000;HS10;D'aluminium;Sulphates;Industrie chimique;5.0;2.0;;19.0;;=;26.0
2833222000;HS10;D'aluminium;Sulphates;Industrie chimique;5.0;2.0;;19.0;;=;26.0
2833229000;HS10;D'aluminium - Autre;Sulphates - Other;Industrie chimique;5.0;2.0;;19.0;;=;26.0
283324;HS6;De nickel;Sulphates;;;;;;;;
2833241000;HS10;De nickel;Sulphates;Industrie chimique;5.0;2.0;;19.0;;=;26.0
2833242000;HS10;De nickel;Sulphates;Industrie chimique;5.0;2.0;;19.0;;=;26.0
2833249000;HS10;De nickel - Autre;Sulphates - Other;Industrie chimique;5.0;2.0;;19.0;;=;26.0
283325;HS6;De cuivre;Sulphates;;;;;;;;
2833251000;HS10;De cuivre;Sulphates;Industrie chimique;5.0;2.0;;19.0;;=;26.0
2833252000;HS10;De cuivre;Sulphates;Industrie chimique;5.0;2.0;;19.0;;=;26.0
2833259000;HS10;De cuivre - Autre;Sulphates - Other;Industrie chimique;5.0;2.0;;19.0;;=;26.0
283327;HS6;De baryum;Sulphates;;;;;;;;
2833271000;HS10;De baryum;Sulphates;Industrie chimique;5.0;2.0;;19.0;;=;26.0
2833272000;HS10;De baryum;Sulphates;Industrie chimique;5.0;2.0;;19.0;;=;26.0
2833279000;HS10;De baryum - Autre;Sulphates - Other;Industrie chimique;5.0;2.0;;19.0;;=;26.0
283329;HS6;Autres;Sulphates;;;;;;;;
2833291000;HS10;Autres sulfates autres sulfates de chrome;Autres sulfates autres sulfates de chrome;Industrie chimique;5.0;2.0;;19.0;;=;26.0
2833292000;HS10;Autres sulfates autres sulfate de zinc;Autres sulfates autres sulfate de zinc;Industrie chimique;5.0;2.0;;19.0;;=;26.0
2833299000;HS10;Autres - Autre;Sulphates - Other;Industrie chimique;5.0;2.0;;19.0;;=;26.0
283330;HS6;Aluns;Alums;;;;;;;;
2833301000;HS10;Aluns aluns daluminium;Aluns aluns daluminium;Industrie chimique;5.0;2.0;;19.0;;=;26.0
2833302000;HS10;Aluns aluns de chrome;Aluns aluns de chrome;Industrie chimique;5.0;2.0;;19.0;;=;26.0
2833309000;HS10;Aluns - Autre;Alums - Other;Industrie chimique;5.0;2.0;;19.0;;=;26.0
283340;HS6;Peroxosulfates (persulfates);Peroxosulphates (persulphates);;;;;;;;
2833401000;HS10;Peroxosulfates persulfates peroxodisulfate dammonium;Peroxosulfates persulfates peroxodisulfate dammonium;Industrie chimique;5.0;2.0;;19.0;;=;26.0
2833402000;HS10;Peroxosulfates persulfates peroxodisulfate de sodium;Peroxosulfates persulfates peroxodisulfate de sodium;Industrie chimique;5.0;2.0;;19.0;;=;26.0
2833409000;HS10;Peroxosulfates (persulfates) - Autre;Peroxosulphates (persulphates) - Other;Industrie chimique;5.0;2.0;;19.0;;=;26.0
2834;RANGEE 34;"Nitrites; nitrates";;;;;;;;;
283410;HS6;Nitrites;Nitrites;;;;;;;;
2834101000;HS10;Nitrites de sodium;Nitrites de sodium;Industrie chimique;5.0;2.0;;19.0;;=;26.0
2834102000;HS10;Nitrites de potassium;Nitrites de potassium;Industrie chimique;5.0;2.0;;19.0;;=;26.0
2834109000;HS10;Nitrites - Autre;Nitrites - Other;Industrie chimique;5.0;2.0;;19.0;;=;26.0
283421;HS6;De potassium;Nitrates;;;;;;;;
2834211000;HS10;Nitrates de potassium a usage dengrais;Nitrates de potassium a usage dengrais;Industrie chimique;5.0;2.0;;19.0;;=;26.0
2834212000;HS10;De potassium;Nitrates;Industrie chimique;5.0;2.0;;19.0;;=;26.0
2834219000;HS10;De potassium - Autre;Nitrates - Other;Industrie chimique;5.0;2.0;;19.0;;=;26.0
283429;HS6;Autres;Nitrates;;;;;;;;
2834291000;HS10;Nitrates autres nitrate de cobalt;Nitrates autres nitrate de cobalt;Industrie chimique;5.0;2.0;;19.0;;=;26.0
2834292000;HS10;Autres;Nitrates;Industrie chimique;5.0;2.0;;19.0;;=;26.0
2834299000;HS10;Autres - Autre;Nitrates - Other;Industrie chimique;5.0;2.0;;19.0;;=;26.0
2835;RANGEE 35;"Phosphinates (hypophosphites), phosphonates (phosphites), and phosphates; and polyphosphates, whether or not chemically defined";;;;;;;;;
283510;HS6;Phosphinates (hypophosphites) et phosphonates (phosphites);Phosphinates (hypophosphites) and phosphonates (phosphites);;;;;;;;
2835101000;HS10;Phosphinates hypophosphites et phosphonates phosphites de sodium;Phosphinates hypophosphites et phosphonates phosphites de sodium;Industrie chimique;5.0;2.0;;19.0;;=;26.0
2835102000;HS10;Phosphinates hypophosphites et phosphonates phosphites de calcium;Phosphinates hypophosphites et phosphonates phosphites de calcium;Industrie chimique;5.0;2.0;;19.0;;=;26.0
2835109000;HS10;Phosphinates (hypophosphites) et phosphonates (phosphites) - Autre;Phosphinates (hypophosphites) and phosphonates (phosphites) - Other;Industrie chimique;5.0;2.0;;19.0;;=;26.0
283521;HS6;De triammonium;De triammonium;;;;;;;;
2835211000;HS10;De triammonium;De triammonium;Industrie chimique;5.0;2.0;;19.0;;=;26.0
2835212000;HS10;De triammonium;De triammonium;Industrie chimique;5.0;2.0;;19.0;;=;26.0
2835219000;HS10;De triammonium - Autre;De triammonium - Other;Industrie chimique;5.0;2.0;;19.0;;=;26.0
283522;HS6;De mono- ou de disodium;Phosphates;;;;;;;;
2835221000;HS10;De mono- ou de disodium;Phosphates;Industrie chimique;5.0;2.0;;19.0;;=;26.0
2835222000;HS10;De mono- ou de disodium;Phosphates;Industrie chimique;5.0;2.0;;19.0;;=;26.0
2835229000;HS10;De mono- ou de disodium - Autre;Phosphates - Other;Industrie chimique;5.0;2.0;;19.0;;=;26.0
283524;HS6;De potassium;Phosphates;;;;;;;;
2835241000;HS10;Phosphates de potassium a usagedengrais;Phosphates de potassium a usagedengrais;Industrie chimique;5.0;2.0;;19.0;;=;26.0
2835242000;HS10;De potassium;Phosphates;Industrie chimique;5.0;2.0;;19.0;;=;26.0
2835249000;HS10;De potassium - Autre;Phosphates - Other;Industrie chimique;5.0;2.0;;19.0;;=;26.0
283525;HS6;Hydrogénoorthophosphates de calcium (phosphate dicalcique);Phosphates;;;;;;;;
2835251000;HS10;Hydrogénoorthophosphate de calcium phosphate dicalcique pour lalimentation animale;Hydrogénoorthophosphate de calcium phosphate dicalcique pour lalimentation animale;Industrie chimique;5.0;2.0;;19.0;;=;26.0
2835252000;HS10;Hydrogénoorthophosphates de calcium (phosphate dicalcique);Phosphates;Industrie chimique;5.0;2.0;;19.0;;=;26.0
2835259000;HS10;Hydrogénoorthophosphates de calcium (phosphate dicalcique) - Autre;Phosphates - Other;Industrie chimique;5.0;2.0;;19.0;;=;26.0
283526;HS6;Autres phosphates de calcium;Phosphates;;;;;;;;
2835261000;HS10;Autres phosphates de calcium destinés à la fabrication daliments pour animaux;Autres phosphates de calcium destinés à la fabrication daliments pour animaux;Industrie chimique;5.0;2.0;;19.0;;=;26.0
2835262000;HS10;Autres phosphates de calcium;Phosphates;Industrie chimique;5.0;2.0;;19.0;;=;26.0
2835269000;HS10;Autres phosphates de calcium - Autre;Phosphates - Other;Industrie chimique;5.0;2.0;;19.0;;=;26.0
283529;HS6;Autres;Phosphates;;;;;;;;
2835291000;HS10;Phosphates de triammonium;Phosphates de triammonium;Industrie chimique;5.0;2.0;;19.0;;=;26.0
2835292000;HS10;Autres phosphates dammonium;Autres phosphates dammonium;Industrie chimique;5.0;2.0;;19.0;;=;26.0
2835299000;HS10;Autres - Autre;Phosphates - Other;Industrie chimique;5.0;2.0;;19.0;;=;26.0
283531;HS6;Triphosphate de sodium (tripolyphosphate de sodium);Polyphosphates;;;;;;;;
2835311000;HS10;Triphosphate de sodium (tripolyphosphate de sodium);Polyphosphates;Industrie chimique;5.0;2.0;;19.0;;=;26.0
2835312000;HS10;Triphosphate de sodium (tripolyphosphate de sodium);Polyphosphates;Industrie chimique;5.0;2.0;;19.0;;=;26.0
2835319000;HS10;Triphosphate de sodium (tripolyphosphate de sodium) - Autre;Polyphosphates - Other;Industrie chimique;5.0;2.0;;19.0;;=;26.0
283539;HS6;Autres;Polyphosphates;;;;;;;;
2835391000;HS10;Polyphosphates de potassium;Polyphosphates de potassium;Industrie chimique;5.0;2.0;;19.0;;=;26.0
2835392000;HS10;Polyphosphates dammonium;Polyphosphates dammonium;Industrie chimique;5.0;2.0;;19.0;;=;26.0
2835399000;HS10;Autres - Autre;Polyphosphates - Other;Industrie chimique;5.0;2.0;;19.0;;=;26.0
2836;RANGEE 36;"Carbonates; peroxocarbonates (percarbonates); commercial ammonium carbonate containing ammonium carbamate";;;;;;;;;
283620;HS6;Carbonate de sodium (soude);Sodium carbonate (soda ash);;;;;;;;
2836201000;HS10;Carbonate de disodium soude calcinée dense sous forme granulée;Carbonate de disodium soude calcinée dense sous forme granulée;Industrie chimique;5.0;2.0;;19.0;;=;26.0
2836202000;HS10;Carbonate de disodium soude calcinée en poudre;Carbonate de disodium soude calcinée en poudre;Industrie chimique;5.0;2.0;;19.0;;=;26.0
2836209000;HS10;Carbonate de sodium (soude) - Autre;Sodium carbonate (soda ash) - Other;Industrie chimique;5.0;2.0;;19.0;;=;26.0
283630;HS6;Hydrogénocarbonate (bicarbonate) de sodium;Carbonates;;;;;;;;
2836301000;HS10;Hydrogénocarbonate (bicarbonate) de sodium;Carbonates;Industrie chimique;5.0;2.0;;19.0;;=;26.0
2836302000;HS10;Hydrogénocarbonate (bicarbonate) de sodium;Carbonates;Industrie chimique;5.0;2.0;;19.0;;=;26.0
2836309000;HS10;Hydrogénocarbonate (bicarbonate) de sodium - Autre;Carbonates - Other;Industrie chimique;5.0;2.0;;19.0;;=;26.0
283640;HS6;Carbonate de potassium;Carbonates;;;;;;;;
2836401000;HS10;Carbonate de potassium;Carbonates;Industrie chimique;5.0;2.0;;19.0;;=;26.0
2836402000;HS10;Carbonate de potassium;Carbonates;Industrie chimique;5.0;2.0;;19.0;;=;26.0
2836409000;HS10;Carbonate de potassium - Autre;Carbonates - Other;Industrie chimique;5.0;2.0;;19.0;;=;26.0
283650;HS6;Carbonate de calcium;Carbonates;;;;;;;;
2836501000;HS10;Carbonate de calcium destiné à être utilisé pour la peinture les enduits les mastics le papier le plastique le caoutchouc ou le dessalement deau de mer;Carbonate de calcium destiné à être utilisé pour la peinture les enduits les mastics le papier le plastique le caoutchouc ou le dessalement deau de mer;Industrie chimique;5.0;2.0;;19.0;;=;26.0
2836502000;HS10;Carbonate de calcium;Carbonates;Industrie chimique;5.0;2.0;;19.0;;=;26.0
2836509000;HS10;Carbonate de calcium - Autre;Carbonates - Other;Industrie chimique;5.0;2.0;;19.0;;=;26.0
283660;HS6;Carbonate de baryum;Carbonates;;;;;;;;
2836601000;HS10;Carbonate de baryum;Carbonates;Industrie chimique;5.0;2.0;;19.0;;=;26.0
2836602000;HS10;Carbonate de baryum;Carbonates;Industrie chimique;5.0;2.0;;19.0;;=;26.0
2836609000;HS10;Carbonate de baryum - Autre;Carbonates - Other;Industrie chimique;5.0;2.0;;19.0;;=;26.0
283691;HS6;Carbonates de lithium;Carbonates;;;;;;;;
2836911000;HS10;Carbonates de lithium;Carbonates;Industrie chimique;5.0;2.0;;19.0;;=;26.0
2836912000;HS10;Carbonates de lithium;Carbonates;Industrie chimique;5.0;2.0;;19.0;;=;26.0
2836919000;HS10;Carbonates de lithium - Autre;Carbonates - Other;Industrie chimique;5.0;2.0;;19.0;;=;26.0
283692;HS6;Carbonate de strontium;Carbonates;;;;;;;;
2836921000;HS10;Carbonate de strontium;Carbonates;Industrie chimique;5.0;2.0;;19.0;;=;26.0
2836922000;HS10;Carbonate de strontium;Carbonates;Industrie chimique;5.0;2.0;;19.0;;=;26.0
2836929000;HS10;Carbonate de strontium - Autre;Carbonates - Other;Industrie chimique;5.0;2.0;;19.0;;=;26.0
283699;HS6;Autres;Carbonates;;;;;;;;
2836991000;HS10;Carbonates dammonium y compris le carbonate dammonium du commerce;Carbonates dammonium y compris le carbonate dammonium du commerce;Industrie chimique;5.0;2.0;;19.0;;=;26.0
2836992000;HS10;Carbonates de plomb;Carbonates de plomb;Industrie chimique;5.0;2.0;;19.0;;=;26.0
2836999000;HS10;Autres - Autre;Carbonates - Other;Industrie chimique;5.0;2.0;;19.0;;=;26.0
2837;RANGEE 37;Cyanides, cyanide oxides and complex cyanides;;;;;;;;;
283711;HS6;De sodium;Cyanides and cyanide oxides;;;;;;;;
2837111000;HS10;De sodium;Cyanides and cyanide oxides;Industrie chimique;5.0;2.0;;19.0;;=;26.0
2837112000;HS10;De sodium;Cyanides and cyanide oxides;Industrie chimique;5.0;2.0;;19.0;;=;26.0
2837119000;HS10;De sodium - Autre;Cyanides and cyanide oxides - Other;Industrie chimique;5.0;2.0;;19.0;;=;26.0
283719;HS6;Autres;Cyanides and cyanide oxides;;;;;;;;
2837191000;HS10;Cyanure de potassium;Cyanure de potassium;Industrie chimique;5.0;2.0;;19.0;;=;26.0
2837192000;HS10;Cyanure de calcium;Cyanure de calcium;Industrie chimique;5.0;2.0;;19.0;;=;26.0
2837199000;HS10;Autres - Autre;Cyanides and cyanide oxides - Other;Industrie chimique;5.0;2.0;;19.0;;=;26.0
283720;HS6;Cyanures complexes;Complex cyanides;;;;;;;;
2837201000;HS10;Ferricyanures dammonium;Ferricyanures dammonium;Industrie chimique;5.0;2.0;;19.0;;=;26.0
2837202000;HS10;Ferricyanures de sodium;Ferricyanures de sodium;Industrie chimique;5.0;2.0;;19.0;;=;26.0
2837209000;HS10;Cyanures complexes - Autre;Complex cyanides - Other;Industrie chimique;5.0;2.0;;19.0;;=;26.0
2839;RANGEE 39;"Silicates; commercial alkali metal silicates";;;;;;;;;
283911;HS6;Métasilicates;Silicates;;;;;;;;
2839111000;HS10;Métasilicates;Silicates;Industrie chimique;5.0;2.0;;19.0;;=;26.0
2839112000;HS10;Métasilicates;Silicates;Industrie chimique;5.0;2.0;;19.0;;=;26.0
2839119000;HS10;Métasilicates - Autre;Silicates - Other;Industrie chimique;5.0;2.0;;19.0;;=;26.0
283919;HS6;Autres;Silicates;;;;;;;;
2839191000;HS10;Monosilicates de sodium;Monosilicates de sodium;Industrie chimique;5.0;2.0;;19.0;;=;26.0
2839192000;HS10;Polysilicates de sodium;Polysilicates de sodium;Industrie chimique;5.0;2.0;;19.0;;=;26.0
2839199000;HS10;Autres - Autre;Silicates - Other;Industrie chimique;5.0;2.0;;19.0;;=;26.0
283990;HS6;Autres;Silicates;;;;;;;;
2839901000;HS10;Silicates de potassium;Silicates de potassium;Industrie chimique;5.0;2.0;;19.0;;=;26.0
2839902000;HS10;Silicate de manganèse;Silicate de manganèse;Industrie chimique;5.0;2.0;;19.0;;=;26.0
2839909000;HS10;Autres - Autre;Silicates - Other;Industrie chimique;5.0;2.0;;19.0;;=;26.0
2840;RANGEE 40;"Borates; peroxoborates (perborates)";;;;;;;;;
284011;HS6;Anhydre;Borates;;;;;;;;
2840111000;HS10;Tétraborate de disodium borax raffiné anhydre destiné à la fabrication du perborate de sodium;Tétraborate de disodium borax raffiné anhydre destiné à la fabrication du perborate de sodium;Industrie chimique;5.0;2.0;;19.0;;=;26.0
2840112000;HS10;Anhydre;Borates;Industrie chimique;5.0;2.0;;19.0;;=;26.0
2840119000;HS10;Anhydre - Autre;Borates - Other;Industrie chimique;5.0;2.0;;19.0;;=;26.0
284019;HS6;Autre;Borates;;;;;;;;
2840191000;HS10;Tétraborate de disodium pentahydraté borax raffiné;Tétraborate de disodium pentahydraté borax raffiné;Industrie chimique;5.0;2.0;;19.0;;=;26.0
2840192000;HS10;Autre;Borates;Industrie chimique;5.0;2.0;;19.0;;=;26.0
2840199000;HS10;Autre - Autre;Borates - Other;Industrie chimique;5.0;2.0;;19.0;;=;26.0
284020;HS6;Autres borates;Borates;;;;;;;;
2840201000;HS10;Métaborate et hydrogénodiborate de sodium;Métaborate et hydrogénodiborate de sodium;Industrie chimique;5.0;2.0;;19.0;;=;26.0
2840202000;HS10;Borates dammonium;Borates dammonium;Industrie chimique;5.0;2.0;;19.0;;=;26.0
2840209000;HS10;Autres borates - Autre;Borates - Other;Industrie chimique;5.0;2.0;;19.0;;=;26.0
284030;HS6;Peroxoborates (perborates);Peroxoborates (perborates);;;;;;;;
2840301000;HS10;Peroxoborate de sodium perborate de sodium;Peroxoborate de sodium perborate de sodium;Industrie chimique;5.0;2.0;;19.0;;=;26.0
2840302000;HS10;Peroxoborate de magnésium;Peroxoborate de magnésium;Industrie chimique;5.0;2.0;;19.0;;=;26.0
2840309000;HS10;Peroxoborates (perborates) - Autre;Peroxoborates (perborates) - Other;Industrie chimique;5.0;2.0;;19.0;;=;26.0
2841;RANGEE 41;Salts of oxometallic or peroxometallic acids;;;;;;;;;
284130;HS6;Dichromate de sodium;Salts;;;;;;;;
2841301000;HS10;Dichromate de sodium;Salts;Industrie chimique;5.0;2.0;;19.0;;=;26.0
2841302000;HS10;Dichromate de sodium;Salts;Industrie chimique;5.0;2.0;;19.0;;=;26.0
2841309000;HS10;Dichromate de sodium - Autre;Salts - Other;Industrie chimique;5.0;2.0;;19.0;;=;26.0
284150;HS6;Autres chromates et dichromates;peroxochromates;;;;;;;;
2841501000;HS10;Autres chromates et dichromates peroxochromates de sodium;Autres chromates et dichromates peroxochromates de sodium;Industrie chimique;5.0;2.0;;19.0;;=;26.0
2841502000;HS10;Autres chromates et dichromates;peroxochromates;Industrie chimique;5.0;2.0;;19.0;;=;26.0
2841509000;HS10;Autres chromates et dichromates - Autre;peroxochromates - Other;Industrie chimique;5.0;2.0;;19.0;;=;26.0
284161;HS6;Permanganate de potassium;Salts;;;;;;;;
2841611000;HS10;Permanganate de potassium;Salts;Industrie chimique;5.0;2.0;;19.0;;=;26.0
2841612000;HS10;Permanganate de potassium;Salts;Industrie chimique;5.0;2.0;;19.0;;=;26.0
2841619000;HS10;Permanganate de potassium - Autre;Salts - Other;Industrie chimique;5.0;2.0;;19.0;;=;26.0
284169;HS6;Autres;Salts;;;;;;;;
2841691000;HS10;Manganite de cuivre;Manganite de cuivre;Industrie chimique;5.0;2.0;;19.0;;=;26.0
2841692000;HS10;Manganate et permanganate de sodium;Manganate et permanganate de sodium;Industrie chimique;5.0;2.0;;19.0;;=;26.0
2841699000;HS10;Autres - Autre;Salts - Other;Industrie chimique;5.0;2.0;;19.0;;=;26.0
284170;HS6;Molybdates;Salts;;;;;;;;
2841701000;HS10;Molybdate dammonium;Molybdate dammonium;Industrie chimique;5.0;2.0;;19.0;;=;26.0
2841702000;HS10;Molybdate de sodium;Molybdate de sodium;Industrie chimique;5.0;2.0;;19.0;;=;26.0
2841709000;HS10;Molybdates - Autre;Salts - Other;Industrie chimique;5.0;2.0;;19.0;;=;26.0
284180;HS6;Tungstates (wolframates);Salts;;;;;;;;
2841801000;HS10;Tungstate dammonium;Tungstate dammonium;Industrie chimique;5.0;2.0;;19.0;;=;26.0
2841802000;HS10;Tungstate de sodium;Tungstate de sodium;Industrie chimique;5.0;2.0;;19.0;;=;26.0
2841809000;HS10;Tungstates (wolframates) - Autre;Salts - Other;Industrie chimique;5.0;2.0;;19.0;;=;26.0
284190;HS6;Autres;Salts of oxometallic or peroxometallic acids;;;;;;;;
2841901000;HS10;Titanates;Titanates;Industrie chimique;5.0;2.0;;19.0;;=;26.0
2841902000;HS10;Autres;Salts of oxometallic or peroxometallic acids;Industrie chimique;5.0;2.0;;19.0;;=;26.0
2841909000;HS10;Autres - Autre;Salts of oxometallic or peroxometallic acids - Other;Industrie chimique;5.0;2.0;;19.0;;=;26.0
2842;RANGEE 42;Salts of inorganic acids or peroxoacids, n.e.c. including aluminosilicates whether or not chemically defined, but excluding azides;;;;;;;;;
284210;HS6;Silicates doubles ou complexes;Salts of inorganic acids or peroxoacids;;;;;;;;
2842101000;HS10;Aluminosilicates de constitution chimique non definie;Aluminosilicates de constitution chimique non definie;Industrie chimique;5.0;2.0;;19.0;;=;26.0
2842102000;HS10;Silicates doubles ou complexes;Salts of inorganic acids or peroxoacids;Industrie chimique;5.0;2.0;;19.0;;=;26.0
2842109000;HS10;Silicates doubles ou complexes - Autre;Salts of inorganic acids or peroxoacids - Other;Industrie chimique;5.0;2.0;;19.0;;=;26.0
284290;HS6;Autres;Salts;;;;;;;;
2842901000;HS10;Autres;Salts;Industrie chimique;5.0;2.0;;19.0;;=;26.0
2842902000;HS10;Autres;Salts;Industrie chimique;5.0;2.0;;19.0;;=;26.0
2842909000;HS10;Autres - Autre;Salts - Other;Industrie chimique;5.0;2.0;;19.0;;=;26.0
2843;RANGEE 43;"Colloidal precious metals; inorganic or organic compounds of precious metals, whether or not chemically defined; amalgams of precious metals";;;;;;;;;
284310;HS6;Métaux précieux à l'état colloïdal;Colloidal precious metals;;;;;;;;
2843101000;HS10;Argent colloïdal;Argent colloïdal;Industrie chimique;5.0;2.0;;19.0;;=;26.0
2843102000;HS10;Or colloïdal;Or colloïdal;Industrie chimique;5.0;2.0;;19.0;;=;26.0
2843109000;HS10;Métaux précieux à l'état colloïdal - Autre;Colloidal precious metals - Other;Industrie chimique;5.0;2.0;;19.0;;=;26.0
284321;HS6;Nitrate d'argent;Silver compounds;;;;;;;;
2843211000;HS10;Nitrate d'argent;Silver compounds;Industrie chimique;5.0;2.0;;19.0;;=;26.0
2843212000;HS10;Nitrate d'argent;Silver compounds;Industrie chimique;5.0;2.0;;19.0;;=;26.0
2843219000;HS10;Nitrate d'argent - Autre;Silver compounds - Other;Industrie chimique;5.0;2.0;;19.0;;=;26.0
284329;HS6;Autres;Silver compounds;;;;;;;;
2843291000;HS10;Oxydes dargent;Oxydes dargent;Industrie chimique;5.0;2.0;;19.0;;=;26.0
2843292000;HS10;Halogenures dargent;Halogenures dargent;Industrie chimique;5.0;2.0;;19.0;;=;26.0
2843299000;HS10;Autres - Autre;Silver compounds - Other;Industrie chimique;5.0;2.0;;19.0;;=;26.0
284330;HS6;Composés d'or;Gold compounds;;;;;;;;
2843301000;HS10;Auro cyanure de potassium;Auro cyanure de potassium;Industrie chimique;5.0;2.0;;19.0;;=;26.0
2843302000;HS10;Composés d'or;Gold compounds;Industrie chimique;5.0;2.0;;19.0;;=;26.0
2843309000;HS10;Composés d'or - Autre;Gold compounds - Other;Industrie chimique;5.0;2.0;;19.0;;=;26.0
284390;HS6;Autres composés;amalgames;;;;;;;;
2843901000;HS10;Amalgames de métaux précieux;Amalgames de métaux précieux;Industrie chimique;5.0;2.0;;19.0;;=;26.0
2843902000;HS10;Autres composés;amalgames;Industrie chimique;5.0;2.0;;19.0;;=;26.0
2843909000;HS10;Autres composés - Autre;amalgames - Other;Industrie chimique;5.0;2.0;;19.0;;=;26.0
2844;RANGEE 44;"Radioactive chemical elements and radioactive isotopes (including the fissile or fertile chemical elements and isotopes); and their compounds; mixtures and residues containing these products";;;;;;;;;
284410;HS6;Uranium naturel et ses composés;alliages;;;;;;;;
2844101000;HS10;Uranium naturel et ses composés;alliages;Industrie chimique;5.0;2.0;;19.0;;=;26.0
2844102000;HS10;Ferro uranium naturel;Ferro uranium naturel;Industrie chimique;5.0;2.0;;19.0;;=;26.0
2844109000;HS10;Uranium naturel et ses composés - Autre;alliages - Other;Industrie chimique;5.0;2.0;;19.0;;=;26.0
284420;HS6;Uranium enrichi en U 235 et ses composés;plutonium et ses composés;;;;;;;;
2844201000;HS10;Uranium enrichi en U 235 et ses composés;plutonium et ses composés;Industrie chimique;5.0;2.0;;19.0;;=;26.0
2844202000;HS10;Uranium enrichi en U 235 et ses composés;plutonium et ses composés;Industrie chimique;5.0;2.0;;19.0;;=;26.0
2844209000;HS10;Uranium enrichi en U 235 et ses composés - Autre;plutonium et ses composés - Other;Industrie chimique;5.0;2.0;;19.0;;=;26.0
284430;HS6;Uranium appauvri en U 235 et ses composés;thorium et ses composés;;;;;;;;
2844301000;HS10;Uranium appauvri en U 235 et ses composés;thorium et ses composés;Industrie chimique;5.0;2.0;;19.0;;=;26.0
2844302000;HS10;Uranium appauvri en U 235 et ses composés;thorium et ses composés;Industrie chimique;5.0;2.0;;19.0;;=;26.0
2844309000;HS10;Uranium appauvri en U 235 et ses composés - Autre;thorium et ses composés - Other;Industrie chimique;5.0;2.0;;19.0;;=;26.0
284440;HS6;Eléments et isotopes et composés radioactifs autres que ceux des n°s 2844.10;alliages;;;;;;;;
2844401000;HS10;Eléments et isotopes et composés radioactifs autres que ceux des n°s 2844.10;alliages;Industrie chimique;5.0;2.0;;19.0;;=;26.0
2844402000;HS10;Eléments et isotopes et composés radioactifs autres que ceux des n°s 2844.10;alliages;Industrie chimique;5.0;2.0;;19.0;;=;26.0
2844409000;HS10;Eléments et isotopes et composés radioactifs autres que ceux des n°s 2844.10 - Autre;alliages - Other;Industrie chimique;5.0;2.0;;19.0;;=;26.0
284441;HS6;Tritium et ses composés;alliages;;;;;;;;
2844411000;HS10;Tritium et ses composés;alliages;Industrie chimique;5.0;2.0;;19.0;;=;26.0
2844412000;HS10;Tritium et ses composés;alliages;Industrie chimique;5.0;2.0;;19.0;;=;26.0
2844419000;HS10;Tritium et ses composés - Autre;alliages - Other;Industrie chimique;5.0;2.0;;19.0;;=;26.0
284442;HS6;Actinium-225;alliages;;;;;;;;
2844421000;HS10;Actinium-225;alliages;Industrie chimique;5.0;2.0;;19.0;;=;26.0
2844422000;HS10;Actinium-225;alliages;Industrie chimique;5.0;2.0;;19.0;;=;26.0
2844429000;HS10;Actinium-225 - Autre;alliages - Other;Industrie chimique;5.0;2.0;;19.0;;=;26.0
284443;HS6;Autres éléments et isotopes et composés radioactifs;alliages;;;;;;;;
2844431000;HS10;Uranium contenant u233 et ses composés;Uranium contenant u233 et ses composés;Industrie chimique;5.0;2.0;;19.0;;=;26.0
2844432000;HS10;Isotopes radioactifs artificiels;Isotopes radioactifs artificiels;Industrie chimique;5.0;2.0;;19.0;;=;26.0
2844439000;HS10;Autres éléments et isotopes et composés radioactifs - Autre;alliages - Other;Industrie chimique;5.0;2.0;;19.0;;=;26.0
284444;HS6;Résidus radioactifs;Radioactive elements;;;;;;;;
2844441000;HS10;Résidus radioactifs;Radioactive elements;Industrie chimique;5.0;2.0;;19.0;;=;26.0
2844442000;HS10;Résidus radioactifs;Radioactive elements;Industrie chimique;5.0;2.0;;19.0;;=;26.0
2844449000;HS10;Résidus radioactifs - Autre;Radioactive elements - Other;Industrie chimique;5.0;2.0;;19.0;;=;26.0
284450;HS6;Eléments combustibles (cartouches) usés (irradiés) de réacteurs nucléaires;Spent (irradiated) fuel elements (cartridges) of nuclear reactors;;;;;;;;
2844501000;HS10;Eléments combustibles (cartouches) usés (irradiés) de réacteurs nucléaires;Spent (irradiated) fuel elements (cartridges) of nuclear reactors;Industrie chimique;5.0;2.0;;19.0;;=;26.0
2844502000;HS10;Eléments combustibles (cartouches) usés (irradiés) de réacteurs nucléaires;Spent (irradiated) fuel elements (cartridges) of nuclear reactors;Industrie chimique;5.0;2.0;;19.0;;=;26.0
2844509000;HS10;Eléments combustibles (cartouches) usés (irradiés) de réacteurs nucléaires - Autre;Spent (irradiated) fuel elements (cartridges) of nuclear reactors - Other;Industrie chimique;5.0;2.0;;19.0;;=;26.0
2845;RANGEE 45;"Isotopes other than those of heading no. 2844; compounds, inorganic or organic, of such isotopes, whether or not chemically defined";;;;;;;;;
284510;HS6;Eau lourde (oxyde de deutérium);Heavy water (deuterium oxide);;;;;;;;
2845101000;HS10;Eau lourde (oxyde de deutérium);Heavy water (deuterium oxide);Industrie chimique;5.0;2.0;;19.0;;=;26.0
2845102000;HS10;Eau lourde (oxyde de deutérium);Heavy water (deuterium oxide);Industrie chimique;5.0;2.0;;19.0;;=;26.0
2845109000;HS10;Eau lourde (oxyde de deutérium) - Autre;Heavy water (deuterium oxide) - Other;Industrie chimique;5.0;2.0;;19.0;;=;26.0
284520;HS6;Bore enrichi en bore-10 et ses composés;Boron enriched in boron-10 and its compounds;;;;;;;;
2845201000;HS10;Bore enrichi en bore-10 et ses composés;Boron enriched in boron-10 and its compounds;Industrie chimique;5.0;2.0;;19.0;;=;26.0
2845202000;HS10;Bore enrichi en bore-10 et ses composés;Boron enriched in boron-10 and its compounds;Industrie chimique;5.0;2.0;;19.0;;=;26.0
2845209000;HS10;Bore enrichi en bore-10 et ses composés - Autre;Boron enriched in boron-10 and its compounds - Other;Industrie chimique;5.0;2.0;;19.0;;=;26.0
284530;HS6;Lithium enrichi en lithium-6 et ses composés;Lithium enriched in lithium-6 and its compounds;;;;;;;;
2845301000;HS10;Lithium enrichi en lithium-6 et ses composés;Lithium enriched in lithium-6 and its compounds;Industrie chimique;5.0;2.0;;19.0;;=;26.0
2845302000;HS10;Lithium enrichi en lithium-6 et ses composés;Lithium enriched in lithium-6 and its compounds;Industrie chimique;5.0;2.0;;19.0;;=;26.0
2845309000;HS10;Lithium enrichi en lithium-6 et ses composés - Autre;Lithium enriched in lithium-6 and its compounds - Other;Industrie chimique;5.0;2.0;;19.0;;=;26.0
284540;HS6;Hélium-3;Helium-3;;;;;;;;
2845401000;HS10;Hélium-3;Helium-3;Industrie chimique;5.0;2.0;;19.0;;=;26.0
2845402000;HS10;Hélium-3;Helium-3;Industrie chimique;5.0;2.0;;19.0;;=;26.0
2845409000;HS10;Hélium-3 - Autre;Helium-3 - Other;Industrie chimique;5.0;2.0;;19.0;;=;26.0
284590;HS6;Autres;Isotopes other than those of heading no. 2844;;;;;;;;
2845901000;HS10;Hydrogène lourd deutérium;Hydrogène lourd deutérium;Industrie chimique;5.0;2.0;;19.0;;=;26.0
2845902000;HS10;Autres;Isotopes other than those of heading no. 2844;Industrie chimique;5.0;2.0;;19.0;;=;26.0
2845909000;HS10;Autres - Autre;Isotopes other than those of heading no. 2844 - Other;Industrie chimique;5.0;2.0;;19.0;;=;26.0
2846;RANGEE 46;"Compounds, inorganic or organic, of rare-earth metals; of yttrium or of scandium or of mixtures of these metals";;;;;;;;;
284610;HS6;Composés de cérium;Cerium compounds;;;;;;;;
2846101000;HS10;Composés de cérium;Cerium compounds;Industrie chimique;5.0;2.0;;19.0;;=;26.0
2846102000;HS10;Composés de cérium;Cerium compounds;Industrie chimique;5.0;2.0;;19.0;;=;26.0
2846109000;HS10;Composés de cérium - Autre;Cerium compounds - Other;Industrie chimique;5.0;2.0;;19.0;;=;26.0
284690;HS6;Autres;Compounds;;;;;;;;
2846901000;HS10;Composés de lyttrium;Composés de lyttrium;Industrie chimique;5.0;2.0;;19.0;;=;26.0
2846902000;HS10;Composés du scandium;Composés du scandium;Industrie chimique;5.0;2.0;;19.0;;=;26.0
2846909000;HS10;Autres - Autre;Compounds - Other;Industrie chimique;5.0;2.0;;19.0;;=;26.0
2847;RANGEE 47;"Hydrogen peroxide; whether or not solidified with urea";;;;;;;;;
284700;HS6;Peroxyde d'hydrogène (eau oxygénée) même solidifié avec de l'urée;Hydrogen peroxide;;;;;;;;
2847001000;HS10;Peroxyde dhydrogène solide;Peroxyde dhydrogène solide;Industrie chimique;5.0;2.0;;19.0;;=;26.0
2847002000;HS10;Peroxyde dhydrogène sous forme liquide;Peroxyde dhydrogène sous forme liquide;Industrie chimique;5.0;2.0;;19.0;;=;26.0
2847009000;HS10;Peroxyde d'hydrogène (eau oxygénée) même solidifié avec de l'urée - Autre;Hydrogen peroxide - Other;Industrie chimique;5.0;2.0;;19.0;;=;26.0
2849;RANGEE 49;Carbides, whether or not chemically defined;;;;;;;;;
284910;HS6;De calcium;Carbides;;;;;;;;
2849101000;HS10;Carbure de calcium de constitution chimique définie;Carbure de calcium de constitution chimique définie;Industrie chimique;5.0;2.0;;19.0;;=;26.0
2849102000;HS10;De calcium;Carbides;Industrie chimique;5.0;2.0;;19.0;;=;26.0
2849109000;HS10;De calcium - Autre;Carbides - Other;Industrie chimique;5.0;2.0;;19.0;;=;26.0
284920;HS6;de silicium;Carbides;;;;;;;;
2849201000;HS10;Carbure de silicium de constitution chimique définie;Carbure de silicium de constitution chimique définie;Industrie chimique;5.0;2.0;;19.0;;=;26.0
2849202000;HS10;de silicium;Carbides;Industrie chimique;5.0;2.0;;19.0;;=;26.0
2849209000;HS10;de silicium - Autre;Carbides - Other;Industrie chimique;5.0;2.0;;19.0;;=;26.0
284990;HS6;Autres;Carbides;;;;;;;;
2849901000;HS10;Carbure de bore borocarbone;Carbure de bore borocarbone;Industrie chimique;5.0;2.0;;19.0;;=;26.0
2849902000;HS10;Carbure daluminium;Carbure daluminium;Industrie chimique;5.0;2.0;;19.0;;=;26.0
2849909000;HS10;Autres - Autre;Carbides - Other;Industrie chimique;5.0;2.0;;19.0;;=;26.0
2850;RANGEE 50;Hydrides, nitrides, azides, silicides and borides, whether or not chemically defined, other than compounds which are also carbides of heading no. 2849;;;;;;;;;
285000;HS6;Hydrures;Hydrides;;;;;;;;
2850001000;HS10;Hydrures;Hydrides;Industrie chimique;5.0;2.0;;19.0;;=;26.0
2850002000;HS10;Hydrures;Hydrides;Industrie chimique;5.0;2.0;;19.0;;=;26.0
2850009000;HS10;Hydrures - Autre;Hydrides - Other;Industrie chimique;5.0;2.0;;19.0;;=;26.0
2852;RANGEE 52;Inorganic or organic compounds of mercury, excluding amalgams, whether or not chemically defined;;;;;;;;;
285210;HS6;De constitution chimique définie;Inorganic or organic compounds of mercury;;;;;;;;
2852101000;HS10;De constitution chimique définie;Inorganic or organic compounds of mercury;Industrie chimique;5.0;2.0;;19.0;;=;26.0
2852102000;HS10;De constitution chimique définie;Inorganic or organic compounds of mercury;Industrie chimique;5.0;2.0;;19.0;;=;26.0
2852109000;HS10;De constitution chimique définie - Autre;Inorganic or organic compounds of mercury - Other;Industrie chimique;5.0;2.0;;19.0;;=;26.0
285290;HS6;Autres;Inorganic or organic compounds of mercury;;;;;;;;
2852901000;HS10;Autres tannates de mercure;Autres tannates de mercure;Industrie chimique;5.0;2.0;;19.0;;=;26.0
2852902000;HS10;Autres albuminates de mercure;Autres albuminates de mercure;Industrie chimique;5.0;2.0;;19.0;;=;26.0
2852909000;HS10;Autres - Autre;Inorganic or organic compounds of mercury - Other;Industrie chimique;5.0;2.0;;19.0;;=;26.0
2853;RANGEE 53;"Phosphides, chemically defined or not, not ferrophosphorus; other inorganic compounds n.e.c. (including distilled, conductivity water and water of like purity); liquid air, rare gases removed or not; compressed air; amalgams, not precious metal amalgams";;;;;;;;;
285310;HS6;Chlorure de cyanogène (chlorcyan);Inorganic compounds;;;;;;;;
2853101000;HS10;Chlorure de cyanogène (chlorcyan);Inorganic compounds;Industrie chimique;5.0;2.0;;19.0;;=;26.0
2853102000;HS10;Chlorure de cyanogène (chlorcyan);Inorganic compounds;Industrie chimique;5.0;2.0;;19.0;;=;26.0
2853109000;HS10;Chlorure de cyanogène (chlorcyan) - Autre;Inorganic compounds - Other;Industrie chimique;5.0;2.0;;19.0;;=;26.0
285390;HS6;Autres;Phosphides;;;;;;;;
2853901000;HS10;Autres;Phosphides;Industrie chimique;5.0;2.0;;19.0;;=;26.0
2853902000;HS10;Autres;Phosphides;Industrie chimique;5.0;2.0;;19.0;;=;26.0
2853909000;HS10;Autres - Autre;Phosphides - Other;Industrie chimique;5.0;2.0;;19.0;;=;26.0
CHAPITRE 29;CHAPITRE;Produits chimiques organiques;;;;;;;;;
2901;RANGEE 01;Acyclic hydrocarbons;;;;;;;;;
290110;HS6;Hydrocarbures acycliques saturés;Saturated acyclic hydrocarbons;;;;;;;;
2901101000;HS10;Satures ethane;Satures ethane;Industrie chimique;5.0;2.0;;19.0;;910 Déclaration d'Importation du Produit | 210 Autorisation de Libre Circulation | 940 Fiche de Données de Sécurité (FDS);26.0
2901102000;HS10;Satures butanes;Satures butanes;Industrie chimique;5.0;2.0;;19.0;;=;26.0
2901109000;HS10;Hydrocarbures acycliques saturés - Autre;Saturated acyclic hydrocarbons - Other;Industrie chimique;5.0;2.0;;19.0;;=;26.0
290121;HS6;Éthylène;Ethylene;;;;;;;;
290121;HS6-DIRECT;Éthylène;Ethylene;Industrie chimique;5.0;2.0;;19.0;;=;26.0
290122;HS6;Propène (propylène);Propene (propylene);;;;;;;;
290122;HS6-DIRECT;Propène (propylène);Propene (propylene);Industrie chimique;5.0;2.0;;19.0;;=;26.0
290123;HS6;Butène (butylène) et ses isomères;Acyclic hydrocarbons;;;;;;;;
2901231000;HS10;Butène (butylène) et ses isomères;Acyclic hydrocarbons;Industrie chimique;5.0;2.0;;19.0;;=;26.0
2901232000;HS10;Butène (butylène) et ses isomères;Acyclic hydrocarbons;Industrie chimique;5.0;2.0;;19.0;;=;26.0
2901239000;HS10;Butène (butylène) et ses isomères - Autre;Acyclic hydrocarbons - Other;Industrie chimique;5.0;2.0;;19.0;;=;26.0
290124;HS6;Buta -1;Acyclic hydrocarbons;;;;;;;;
2901241000;HS10;Buta -1;Acyclic hydrocarbons;Industrie chimique;5.0;2.0;;19.0;;=;26.0
2901242000;HS10;Buta -1;Acyclic hydrocarbons;Industrie chimique;5.0;2.0;;19.0;;=;26.0
2901249000;HS10;Buta -1 - Autre;Acyclic hydrocarbons - Other;Industrie chimique;5.0;2.0;;19.0;;=;26.0
290129;HS6;Autres;Acyclic hydrocarbons;;;;;;;;
2901291000;HS10;Autres;Acyclic hydrocarbons;Industrie chimique;5.0;2.0;;19.0;;=;26.0
2901292000;HS10;Non satures autres propadiene allene;Non satures autres propadiene allene;Industrie chimique;5.0;2.0;;19.0;;=;26.0
2901299000;HS10;Autres - Autre;Acyclic hydrocarbons - Other;Industrie chimique;5.0;2.0;;19.0;;=;26.0
2902;RANGEE 02;Cyclic hydrocarbons;;;;;;;;;
290211;HS6;Cyclohexane;Cyclic hydrocarbons;;;;;;;;
2902111000;HS10;Cyclohexane;Cyclic hydrocarbons;Industrie chimique;5.0;2.0;;19.0;;=;26.0
2902112000;HS10;Cyclohexane;Cyclic hydrocarbons;Industrie chimique;5.0;2.0;;19.0;;=;26.0
2902119000;HS10;Cyclohexane - Autre;Cyclic hydrocarbons - Other;Industrie chimique;5.0;2.0;;19.0;;=;26.0
290219;HS6;Autres;Cyclic hydrocarbons;;;;;;;;
2902191000;HS10;Autres;Cyclic hydrocarbons;Industrie chimique;5.0;2.0;;19.0;;=;26.0
2902192000;HS10;Cyclaniques cycleniques ou cycloterpeniques autres decahydronaphtalene;Cyclaniques cycleniques ou cycloterpeniques autres decahydronaphtalene;Industrie chimique;5.0;2.0;;19.0;;=;26.0
2902199000;HS10;Autres - Autre;Cyclic hydrocarbons - Other;Industrie chimique;5.0;2.0;;19.0;;=;26.0
290220;HS6;Benzène;Cyclic hydrocarbons;;;;;;;;
2902201000;HS10;Benzène;Cyclic hydrocarbons;Industrie chimique;5.0;2.0;;19.0;;=;26.0
2902202000;HS10;Benzène;Cyclic hydrocarbons;Industrie chimique;5.0;2.0;;19.0;;=;26.0
2902209000;HS10;Benzène - Autre;Cyclic hydrocarbons - Other;Industrie chimique;5.0;2.0;;19.0;;=;26.0
290230;HS6;Toluène;Cyclic hydrocarbons;;;;;;;;
2902301000;HS10;Toluène;Cyclic hydrocarbons;Industrie chimique;5.0;2.0;;19.0;;=;26.0
2902302000;HS10;Toluène;Cyclic hydrocarbons;Industrie chimique;5.0;2.0;;19.0;;=;26.0
2902309000;HS10;Toluène - Autre;Cyclic hydrocarbons - Other;Industrie chimique;5.0;2.0;;19.0;;=;26.0
290241;HS6;o-Xylène;Cyclic hydrocarbons;;;;;;;;
2902411000;HS10;o-Xylène;Cyclic hydrocarbons;Industrie chimique;5.0;2.0;;19.0;;=;26.0
2902412000;HS10;o-Xylène;Cyclic hydrocarbons;Industrie chimique;5.0;2.0;;19.0;;=;26.0
2902419000;HS10;o-Xylène - Autre;Cyclic hydrocarbons - Other;Industrie chimique;5.0;2.0;;19.0;;=;26.0
290242;HS6;m-Xylène;Cyclic hydrocarbons;;;;;;;;
2902421000;HS10;m-Xylène;Cyclic hydrocarbons;Industrie chimique;5.0;2.0;;19.0;;=;26.0
2902422000;HS10;m-Xylène;Cyclic hydrocarbons;Industrie chimique;5.0;2.0;;19.0;;=;26.0
2902429000;HS10;m-Xylène - Autre;Cyclic hydrocarbons - Other;Industrie chimique;5.0;2.0;;19.0;;=;26.0
290243;HS6;p-Xylène;Cyclic hydrocarbons;;;;;;;;
2902431000;HS10;p-Xylène;Cyclic hydrocarbons;Industrie chimique;5.0;2.0;;19.0;;=;26.0
2902432000;HS10;p-Xylène;Cyclic hydrocarbons;Industrie chimique;5.0;2.0;;19.0;;=;26.0
2902439000;HS10;p-Xylène - Autre;Cyclic hydrocarbons - Other;Industrie chimique;5.0;2.0;;19.0;;=;26.0
290244;HS6;Isomères du xylène en mélange;Cyclic hydrocarbons;;;;;;;;
2902441000;HS10;Isomères du xylène en mélange;Cyclic hydrocarbons;Industrie chimique;5.0;2.0;;19.0;;=;26.0
2902442000;HS10;Isomères du xylène en mélange;Cyclic hydrocarbons;Industrie chimique;5.0;2.0;;19.0;;=;26.0
2902449000;HS10;Isomères du xylène en mélange - Autre;Cyclic hydrocarbons - Other;Industrie chimique;5.0;2.0;;19.0;;=;26.0
290250;HS6;Styrène;Cyclic hydrocarbons;;;;;;;;
2902501000;HS10;Styrène;Cyclic hydrocarbons;Industrie chimique;5.0;2.0;;19.0;;=;26.0
2902502000;HS10;Styrène;Cyclic hydrocarbons;Industrie chimique;5.0;2.0;;19.0;;=;26.0
2902509000;HS10;Styrène - Autre;Cyclic hydrocarbons - Other;Industrie chimique;5.0;2.0;;19.0;;=;26.0
290260;HS6;Ethylbenzène;Cyclic hydrocarbons;;;;;;;;
2902601000;HS10;Ethylbenzène;Cyclic hydrocarbons;Industrie chimique;5.0;2.0;;19.0;;=;26.0
2902602000;HS10;Ethylbenzène;Cyclic hydrocarbons;Industrie chimique;5.0;2.0;;19.0;;=;26.0
2902609000;HS10;Ethylbenzène - Autre;Cyclic hydrocarbons - Other;Industrie chimique;5.0;2.0;;19.0;;=;26.0
290270;HS6;Cumène;Cyclic hydrocarbons;;;;;;;;
2902701000;HS10;Cumène;Cyclic hydrocarbons;Industrie chimique;5.0;2.0;;19.0;;=;26.0
2902702000;HS10;Cumène;Cyclic hydrocarbons;Industrie chimique;5.0;2.0;;19.0;;=;26.0
2902709000;HS10;Cumène - Autre;Cyclic hydrocarbons - Other;Industrie chimique;5.0;2.0;;19.0;;=;26.0
290290;HS6;Autres;Cyclic hydrocarbons;;;;;;;;
2902901000;HS10;P cymène;P cymène;Industrie chimique;5.0;2.0;;19.0;;=;26.0
2902902000;HS10;Tétralène ou tétrahydronaphtalène;Tétralène ou tétrahydronaphtalène;Industrie chimique;5.0;2.0;;19.0;;=;26.0
2902909000;HS10;Autres - Autre;Cyclic hydrocarbons - Other;Industrie chimique;5.0;2.0;;19.0;;=;26.0
2903;RANGEE 03;Halogenated derivatives of hydrocarbons;;;;;;;;;
290311;HS6;Chlorométhane (chlorure de méthyle) et chloroéthane (chlorure d'éthyle);Saturated chlorinated derivatives of acyclic hydrocarbons;;;;;;;;
2903111000;HS10;Chlorométhane chlorure de méthyle;Chlorométhane chlorure de méthyle;Industrie chimique;5.0;2.0;;19.0;;=;26.0
2903112000;HS10;Chloroéthane chlorure déthyle;Chloroéthane chlorure déthyle;Industrie chimique;5.0;2.0;;19.0;;=;26.0
2903119000;HS10;Chlorométhane (chlorure de méthyle) et chloroéthane (chlorure d'éthyle) - Autre;Saturated chlorinated derivatives of acyclic hydrocarbons - Other;Industrie chimique;5.0;2.0;;19.0;;=;26.0
290312;HS6;Dichlorométhane (chlorure de méthylène);Saturated chlorinated derivatives of acyclic hydrocarbons;;;;;;;;
2903121000;HS10;Dichlorométhane (chlorure de méthylène);Saturated chlorinated derivatives of acyclic hydrocarbons;Industrie chimique;5.0;2.0;;19.0;;=;26.0
2903122000;HS10;Dichlorométhane (chlorure de méthylène);Saturated chlorinated derivatives of acyclic hydrocarbons;Industrie chimique;5.0;2.0;;19.0;;=;26.0
2903129000;HS10;Dichlorométhane (chlorure de méthylène) - Autre;Saturated chlorinated derivatives of acyclic hydrocarbons - Other;Industrie chimique;5.0;2.0;;19.0;;=;26.0
290313;HS6;Chloroforme (trichlorométhane);Saturated chlorinated derivatives of acyclic hydrocarbons;;;;;;;;
2903131000;HS10;Chloroforme (trichlorométhane);Saturated chlorinated derivatives of acyclic hydrocarbons;Industrie chimique;5.0;2.0;;19.0;;=;26.0
2903132000;HS10;Chloroforme (trichlorométhane);Saturated chlorinated derivatives of acyclic hydrocarbons;Industrie chimique;5.0;2.0;;19.0;;=;26.0
2903139000;HS10;Chloroforme (trichlorométhane) - Autre;Saturated chlorinated derivatives of acyclic hydrocarbons - Other;Industrie chimique;5.0;2.0;;19.0;;=;26.0
290314;HS6;Tétrachlorure de carbone;Saturated chlorinated derivatives of acyclic hydrocarbons;;;;;;;;
2903141000;HS10;Tétrachlorure de carbone;Saturated chlorinated derivatives of acyclic hydrocarbons;Industrie chimique;5.0;2.0;;19.0;;=;26.0
2903142000;HS10;Tétrachlorure de carbone;Saturated chlorinated derivatives of acyclic hydrocarbons;Industrie chimique;5.0;2.0;;19.0;;=;26.0
2903149000;HS10;Tétrachlorure de carbone - Autre;Saturated chlorinated derivatives of acyclic hydrocarbons - Other;Industrie chimique;5.0;2.0;;19.0;;=;26.0
290315;HS6;Dichlorure d'éthylène (ISO) (1;Saturated chlorinated derivatives of acyclic hydrocarbons;;;;;;;;
2903151000;HS10;Dichlorure d'éthylène (ISO) (1;Saturated chlorinated derivatives of acyclic hydrocarbons;Industrie chimique;5.0;2.0;;19.0;;=;26.0
2903152000;HS10;Dichlorure d'éthylène (ISO) (1;Saturated chlorinated derivatives of acyclic hydrocarbons;Industrie chimique;5.0;2.0;;19.0;;=;26.0
2903159000;HS10;Dichlorure d'éthylène (ISO) (1 - Autre;Saturated chlorinated derivatives of acyclic hydrocarbons - Other;Industrie chimique;5.0;2.0;;19.0;;=;26.0
290319;HS6;Autres;Saturated chlorinated derivatives of acyclic hydrocarbons;;;;;;;;
2903191000;HS10;1 1 1 trichloroéthane méthyle chloroforme;1 1 1 trichloroéthane méthyle chloroforme;Industrie chimique;5.0;2.0;;19.0;;=;26.0
2903192000;HS10;Autres;Saturated chlorinated derivatives of acyclic hydrocarbons;Industrie chimique;5.0;2.0;;19.0;;=;26.0
2903199000;HS10;Autres - Autre;Saturated chlorinated derivatives of acyclic hydrocarbons - Other;Industrie chimique;5.0;2.0;;19.0;;=;26.0
290321;HS6;Chlorure de vinyle (chloroéthylène);Unsaturated chlorinated derivatives of acyclic hydrocarbons;;;;;;;;
2903211000;HS10;Chlorure de vinyle (chloroéthylène);Unsaturated chlorinated derivatives of acyclic hydrocarbons;Industrie chimique;5.0;2.0;;19.0;;=;26.0
2903212000;HS10;Chlorure de vinyle (chloroéthylène);Unsaturated chlorinated derivatives of acyclic hydrocarbons;Industrie chimique;5.0;2.0;;19.0;;=;26.0
2903219000;HS10;Chlorure de vinyle (chloroéthylène) - Autre;Unsaturated chlorinated derivatives of acyclic hydrocarbons - Other;Industrie chimique;5.0;2.0;;19.0;;=;26.0
290322;HS6;Trichloroéthylène;Unsaturated chlorinated derivatives of acyclic hydrocarbons;;;;;;;;
2903221000;HS10;Trichloroéthylène;Unsaturated chlorinated derivatives of acyclic hydrocarbons;Industrie chimique;5.0;2.0;;19.0;;=;26.0
2903222000;HS10;Trichloroéthylène;Unsaturated chlorinated derivatives of acyclic hydrocarbons;Industrie chimique;5.0;2.0;;19.0;;=;26.0
2903229000;HS10;Trichloroéthylène - Autre;Unsaturated chlorinated derivatives of acyclic hydrocarbons - Other;Industrie chimique;5.0;2.0;;19.0;;=;26.0
290323;HS6;Tétrachloroéthylène (perchloroéthylène);Unsaturated chlorinated derivatives of acyclic hydrocarbons;;;;;;;;
2903231000;HS10;Tétrachloroéthylène (perchloroéthylène);Unsaturated chlorinated derivatives of acyclic hydrocarbons;Industrie chimique;5.0;2.0;;19.0;;=;26.0
2903232000;HS10;Tétrachloroéthylène (perchloroéthylène);Unsaturated chlorinated derivatives of acyclic hydrocarbons;Industrie chimique;5.0;2.0;;19.0;;=;26.0
2903239000;HS10;Tétrachloroéthylène (perchloroéthylène) - Autre;Unsaturated chlorinated derivatives of acyclic hydrocarbons - Other;Industrie chimique;5.0;2.0;;19.0;;=;26.0
290329;HS6;Autres;Unsaturated chlorinated derivatives of acyclic hydrocarbons;;;;;;;;
2903291000;HS10;Dérivés chlores non satures des hydrocarbures acycliques autres chlorure de vinylidene;Derives chlores non satures des hydrocarbures acycliques autres chlorure de vinylidene;Industrie chimique;5.0;2.0;;19.0;;=;26.0
2903292000;HS10;Autres;Unsaturated chlorinated derivatives of acyclic hydrocarbons;Industrie chimique;5.0;2.0;;19.0;;=;26.0
2903299000;HS10;Autres - Autre;Unsaturated chlorinated derivatives of acyclic hydrocarbons - Other;Industrie chimique;5.0;2.0;;19.0;;=;26.0
290341;HS6;Trifluorométhane (HFC-23);Saturated fluorinated derivatives of acyclic hydrocarbons;;;;;;;;
2903411000;HS10;Trifluorométhane (HFC-23);Saturated fluorinated derivatives of acyclic hydrocarbons;Industrie chimique;5.0;2.0;;19.0;;=;26.0
2903412000;HS10;Trifluorométhane (HFC-23);Saturated fluorinated derivatives of acyclic hydrocarbons;Industrie chimique;5.0;2.0;;19.0;;=;26.0
2903419000;HS10;Trifluorométhane (HFC-23) - Autre;Saturated fluorinated derivatives of acyclic hydrocarbons - Other;Industrie chimique;5.0;2.0;;19.0;;=;26.0
290342;HS6;Difluorométhane (HFC-32);Saturated fluorinated derivatives of acyclic hydrocarbons;;;;;;;;
2903421000;HS10;Difluorométhane (HFC-32);Saturated fluorinated derivatives of acyclic hydrocarbons;Industrie chimique;5.0;2.0;;19.0;;=;26.0
2903422000;HS10;Difluorométhane (HFC-32);Saturated fluorinated derivatives of acyclic hydrocarbons;Industrie chimique;5.0;2.0;;19.0;;=;26.0
2903429000;HS10;Difluorométhane (HFC-32) - Autre;Saturated fluorinated derivatives of acyclic hydrocarbons - Other;Industrie chimique;5.0;2.0;;19.0;;=;26.0
290343;HS6;Fluorométhane (HFC-41);Saturated fluorinated derivatives of acyclic hydrocarbons;;;;;;;;
2903431000;HS10;Fluorométhane (HFC-41);Saturated fluorinated derivatives of acyclic hydrocarbons;Industrie chimique;5.0;2.0;;19.0;;=;26.0
2903432000;HS10;Fluorométhane (HFC-41);Saturated fluorinated derivatives of acyclic hydrocarbons;Industrie chimique;5.0;2.0;;19.0;;=;26.0
2903439000;HS10;Fluorométhane (HFC-41) - Autre;Saturated fluorinated derivatives of acyclic hydrocarbons - Other;Industrie chimique;5.0;2.0;;19.0;;=;26.0
290344;HS6;Pentafluoroéthane (HFC-125);Saturated fluorinated derivatives of acyclic hydrocarbons;;;;;;;;
2903441000;HS10;Pentafluoroéthane (HFC-125);Saturated fluorinated derivatives of acyclic hydrocarbons;Industrie chimique;5.0;2.0;;19.0;;=;26.0
2903442000;HS10;Pentafluoroéthane (HFC-125);Saturated fluorinated derivatives of acyclic hydrocarbons;Industrie chimique;5.0;2.0;;19.0;;=;26.0
2903449000;HS10;Pentafluoroéthane (HFC-125) - Autre;Saturated fluorinated derivatives of acyclic hydrocarbons - Other;Industrie chimique;5.0;2.0;;19.0;;=;26.0
290345;HS6;1;Saturated fluorinated derivatives of acyclic hydrocarbons;;;;;;;;
2903451000;HS10;1;Saturated fluorinated derivatives of acyclic hydrocarbons;Industrie chimique;5.0;2.0;;19.0;;=;26.0
2903452000;HS10;1;Saturated fluorinated derivatives of acyclic hydrocarbons;Industrie chimique;5.0;2.0;;19.0;;=;26.0
2903459000;HS10;1 - Autre;Saturated fluorinated derivatives of acyclic hydrocarbons - Other;Industrie chimique;5.0;2.0;;19.0;;=;26.0
290346;HS6;1;Saturated fluorinated derivatives of acyclic hydrocarbons;;;;;;;;
2903461000;HS10;1;Saturated fluorinated derivatives of acyclic hydrocarbons;Industrie chimique;5.0;2.0;;19.0;;=;26.0
2903462000;HS10;1;Saturated fluorinated derivatives of acyclic hydrocarbons;Industrie chimique;5.0;2.0;;19.0;;=;26.0
2903469000;HS10;1 - Autre;Saturated fluorinated derivatives of acyclic hydrocarbons - Other;Industrie chimique;5.0;2.0;;19.0;;=;26.0
290347;HS6;1;Saturated fluorinated derivatives of acyclic hydrocarbons;;;;;;;;
2903471000;HS10;1;Saturated fluorinated derivatives of acyclic hydrocarbons;Industrie chimique;5.0;2.0;;19.0;;=;26.0
2903472000;HS10;1;Saturated fluorinated derivatives of acyclic hydrocarbons;Industrie chimique;5.0;2.0;;19.0;;=;26.0
2903479000;HS10;1 - Autre;Saturated fluorinated derivatives of acyclic hydrocarbons - Other;Industrie chimique;5.0;2.0;;19.0;;=;26.0
290348;HS6;1;Saturated fluorinated derivatives of acyclic hydrocarbons;;;;;;;;
2903481000;HS10;1;Saturated fluorinated derivatives of acyclic hydrocarbons;Industrie chimique;5.0;2.0;;19.0;;=;26.0
2903482000;HS10;1;Saturated fluorinated derivatives of acyclic hydrocarbons;Industrie chimique;5.0;2.0;;19.0;;=;26.0
2903489000;HS10;1 - Autre;Saturated fluorinated derivatives of acyclic hydrocarbons - Other;Industrie chimique;5.0;2.0;;19.0;;=;26.0
290349;HS6;Autres;Saturated fluorinated derivatives of acyclic hydrocarbons;;;;;;;;
2903491000;HS10;Autres;Saturated fluorinated derivatives of acyclic hydrocarbons;Industrie chimique;5.0;2.0;;19.0;;=;26.0
2903492000;HS10;Autres;Saturated fluorinated derivatives of acyclic hydrocarbons;Industrie chimique;5.0;2.0;;19.0;;=;26.0
2903499000;HS10;Autres - Autre;Saturated fluorinated derivatives of acyclic hydrocarbons - Other;Industrie chimique;5.0;2.0;;19.0;;=;26.0
290351;HS6;2;Unsaturated fluorinated derivatives of acyclic hydrocarbons;;;;;;;;
2903511000;HS10;2;Unsaturated fluorinated derivatives of acyclic hydrocarbons;Industrie chimique;5.0;2.0;;19.0;;=;26.0
2903512000;HS10;2;Unsaturated fluorinated derivatives of acyclic hydrocarbons;Industrie chimique;5.0;2.0;;19.0;;=;26.0
2903519000;HS10;2 - Autre;Unsaturated fluorinated derivatives of acyclic hydrocarbons - Other;Industrie chimique;5.0;2.0;;19.0;;=;26.0
290359;HS6;Autres;Unsaturated fluorinated derivatives of acyclic hydrocarbons;;;;;;;;
2903591000;HS10;11333 pentafluoro 2 trifluorométhylprop 1 ène;11333 pentafluoro 2 trifluorométhylprop 1 ène;Industrie chimique;5.0;2.0;;19.0;;=;26.0
2903592000;HS10;Autres;Unsaturated fluorinated derivatives of acyclic hydrocarbons;Industrie chimique;5.0;2.0;;19.0;;=;26.0
2903599000;HS10;Autres - Autre;Unsaturated fluorinated derivatives of acyclic hydrocarbons - Other;Industrie chimique;5.0;2.0;;19.0;;=;26.0
290361;HS6;Bromure de méthyle (bromométhane);Brominated or iodinated derivatives of acyclic hydrocarbons;;;;;;;;
2903611000;HS10;Bromure de méthyle (bromométhane);Brominated or iodinated derivatives of acyclic hydrocarbons;Industrie chimique;5.0;2.0;;19.0;;=;26.0
2903612000;HS10;Bromure de méthyle (bromométhane);Brominated or iodinated derivatives of acyclic hydrocarbons;Industrie chimique;5.0;2.0;;19.0;;=;26.0
2903619000;HS10;Bromure de méthyle (bromométhane) - Autre;Brominated or iodinated derivatives of acyclic hydrocarbons - Other;Industrie chimique;5.0;2.0;;19.0;;=;26.0
290362;HS6;Dibromure d'éthylène (ISO) (1;Brominated or iodinated derivatives of acyclic hydrocarbons;;;;;;;;
2903621000;HS10;Dibromure d'éthylène (ISO) (1;Brominated or iodinated derivatives of acyclic hydrocarbons;Industrie chimique;5.0;2.0;;19.0;;=;26.0
2903622000;HS10;Dibromure d'éthylène (ISO) (1;Brominated or iodinated derivatives of acyclic hydrocarbons;Industrie chimique;5.0;2.0;;19.0;;=;26.0
2903629000;HS10;Dibromure d'éthylène (ISO) (1 - Autre;Brominated or iodinated derivatives of acyclic hydrocarbons - Other;Industrie chimique;5.0;2.0;;19.0;;=;26.0
290369;HS6;Autres;Brominated or iodinated derivatives of acyclic hydrocarbons;;;;;;;;
2903691000;HS10;Bromoéthane bromure déthyle;Bromoéthane bromure déthyle;Industrie chimique;5.0;2.0;;19.0;;=;26.0
2903692000;HS10;Dérivés bromes ou dérivés iodes dhydrocarbures acycliques autres bromoforme;Derives bromes ou derives iodes dhydrocarbures acycliques autres bromoforme;Industrie chimique;5.0;2.0;;19.0;;=;26.0
2903699000;HS10;Autres - Autre;Brominated or iodinated derivatives of acyclic hydrocarbons - Other;Industrie chimique;5.0;2.0;;19.0;;=;26.0
290371;HS6;Chlorodifluorométhane (HCFC-22);Halogenated derivatives of acyclic hydrocarbons containing two or more different halogens;;;;;;;;
2903711000;HS10;Chlorodifluorométhane (HCFC-22);Halogenated derivatives of acyclic hydrocarbons containing two or more different halogens;Industrie chimique;5.0;2.0;;19.0;;=;26.0
2903712000;HS10;Chlorodifluorométhane (HCFC-22);Halogenated derivatives of acyclic hydrocarbons containing two or more different halogens;Industrie chimique;5.0;2.0;;19.0;;=;26.0
2903719000;HS10;Chlorodifluorométhane (HCFC-22) - Autre;Halogenated derivatives of acyclic hydrocarbons containing two or more different halogens - Other;Industrie chimique;5.0;2.0;;19.0;;=;26.0
290372;HS6;Dichlorotrifluoroéthanes (HCFC-123);Halogenated derivatives of acyclic hydrocarbons containing two or more different halogens;;;;;;;;
2903721000;HS10;Dichlorotrifluoroéthanes (HCFC-123);Halogenated derivatives of acyclic hydrocarbons containing two or more different halogens;Industrie chimique;5.0;2.0;;19.0;;=;26.0
2903722000;HS10;Dichlorotrifluoroéthanes (HCFC-123);Halogenated derivatives of acyclic hydrocarbons containing two or more different halogens;Industrie chimique;5.0;2.0;;19.0;;=;26.0
2903729000;HS10;Dichlorotrifluoroéthanes (HCFC-123) - Autre;Halogenated derivatives of acyclic hydrocarbons containing two or more different halogens - Other;Industrie chimique;5.0;2.0;;19.0;;=;26.0
290373;HS6;Dichlorofluoroéthanes (HCFC-141;Halogenated derivatives of acyclic hydrocarbons containing two or more different halogens;;;;;;;;
2903731000;HS10;Dichlorofluoroéthanes (HCFC-141;Halogenated derivatives of acyclic hydrocarbons containing two or more different halogens;Industrie chimique;5.0;2.0;;19.0;;=;26.0
2903732000;HS10;Dichlorofluoroéthanes (HCFC-141;Halogenated derivatives of acyclic hydrocarbons containing two or more different halogens;Industrie chimique;5.0;2.0;;19.0;;=;26.0
2903739000;HS10;Dichlorofluoroéthanes (HCFC-141 - Autre;Halogenated derivatives of acyclic hydrocarbons containing two or more different halogens - Other;Industrie chimique;5.0;2.0;;19.0;;=;26.0
290374;HS6;Chlorodifluoroéthanes (HCFC-142;Halogenated derivatives of acyclic hydrocarbons containing two or more different halogens;;;;;;;;
2903741000;HS10;Chlorodifluoroéthanes (HCFC-142;Halogenated derivatives of acyclic hydrocarbons containing two or more different halogens;Industrie chimique;5.0;2.0;;19.0;;=;26.0
2903742000;HS10;Chlorodifluoroéthanes (HCFC-142;Halogenated derivatives of acyclic hydrocarbons containing two or more different halogens;Industrie chimique;5.0;2.0;;19.0;;=;26.0
2903749000;HS10;Chlorodifluoroéthanes (HCFC-142 - Autre;Halogenated derivatives of acyclic hydrocarbons containing two or more different halogens - Other;Industrie chimique;5.0;2.0;;19.0;;=;26.0
290375;HS6;Dichloropentafluoropropanes (HCFC-225;Halogenated derivatives of acyclic hydrocarbons containing two or more different halogens;;;;;;;;
2903751000;HS10;Dichloropentafluoropropanes (HCFC-225;Halogenated derivatives of acyclic hydrocarbons containing two or more different halogens;Industrie chimique;5.0;2.0;;19.0;;=;26.0
2903752000;HS10;Dichloropentafluoropropanes (HCFC-225;Halogenated derivatives of acyclic hydrocarbons containing two or more different halogens;Industrie chimique;5.0;2.0;;19.0;;=;26.0
2903759000;HS10;Dichloropentafluoropropanes (HCFC-225 - Autre;Halogenated derivatives of acyclic hydrocarbons containing two or more different halogens - Other;Industrie chimique;5.0;2.0;;19.0;;=;26.0
290376;HS6;Bromotrifluorométhane (halon-1211);Halogenated derivatives of acyclic hydrocarbons containing two or more different halogens;;;;;;;;
2903761000;HS10;Bromochlorodifluorométhane halon 1211;Bromochlorodifluorométhane halon 1211;Industrie chimique;5.0;2.0;;19.0;;=;26.0
2903762000;HS10;Bromotrifluorométhane halon 1301;Bromotrifluorométhane halon 1301;Industrie chimique;5.0;2.0;;19.0;;=;26.0
2903769000;HS10;Bromotrifluorométhane (halon-1211) - Autre;Halogenated derivatives of acyclic hydrocarbons containing two or more different halogens - Other;Industrie chimique;5.0;2.0;;19.0;;=;26.0
290377;HS6;Autres;Halogenated derivatives of acyclic hydrocarbons containing two or more different halogens;;;;;;;;
2903771000;HS10;Autres;Halogenated derivatives of acyclic hydrocarbons containing two or more different halogens;Industrie chimique;5.0;2.0;;19.0;;=;26.0
2903772000;HS10;Autres;Halogenated derivatives of acyclic hydrocarbons containing two or more different halogens;Industrie chimique;5.0;2.0;;19.0;;=;26.0
2903779000;HS10;Autres - Autre;Halogenated derivatives of acyclic hydrocarbons containing two or more different halogens - Other;Industrie chimique;5.0;2.0;;19.0;;=;26.0
290378;HS6;Autres dérivés perhalogénés;Halogenated derivatives of acyclic hydrocarbons containing two or more different halogens;;;;;;;;
2903781000;HS10;Autres dérivés perhalogénés;Halogenated derivatives of acyclic hydrocarbons containing two or more different halogens;Industrie chimique;5.0;2.0;;19.0;;=;26.0
2903782000;HS10;Autres dérivés perhalogénés;Halogenated derivatives of acyclic hydrocarbons containing two or more different halogens;Industrie chimique;5.0;2.0;;19.0;;=;26.0
2903789000;HS10;Autres dérivés perhalogénés - Autre;Halogenated derivatives of acyclic hydrocarbons containing two or more different halogens - Other;Industrie chimique;5.0;2.0;;19.0;;=;26.0
290379;HS6;Autres;Halogenated derivatives of acyclic hydrocarbons containing two or more different halogens;;;;;;;;
2903791000;HS10;Chlorotétrafluoroéthanes;Chlorotétrafluoroéthanes;Industrie chimique;5.0;2.0;;19.0;;=;26.0
2903792000;HS10;Autres;Halogenated derivatives of acyclic hydrocarbons containing two or more different halogens;Industrie chimique;5.0;2.0;;19.0;;=;26.0
2903799000;HS10;Autres - Autre;Halogenated derivatives of acyclic hydrocarbons containing two or more different halogens - Other;Industrie chimique;5.0;2.0;;19.0;;=;26.0
290381;HS6;1;Halogenated derivatives of cyclanic;;;;;;;;
2903811000;HS10;123456 hexachlorocyclohexane hch iso;123456 hexachlorocyclohexane hch iso;Industrie chimique;5.0;2.0;;19.0;;=;26.0
2903812000;HS10;Lindane iso dci;Lindane iso dci;Industrie chimique;5.0;2.0;;19.0;;=;26.0
2903819000;HS10;1 - Autre;Halogenated derivatives of cyclanic - Other;Industrie chimique;5.0;2.0;;19.0;;=;26.0
290382;HS6;Aldrine (ISO);Halogenated derivatives of cyclanic;;;;;;;;
2903821000;HS10;Aldrine iso;Aldrine iso;Industrie chimique;5.0;2.0;;19.0;;=;26.0
2903822000;HS10;Chlordane iso;Chlordane iso;Industrie chimique;5.0;2.0;;19.0;;=;26.0
2903829000;HS10;Aldrine (ISO) - Autre;Halogenated derivatives of cyclanic - Other;Industrie chimique;5.0;2.0;;19.0;;=;26.0
290383;HS6;Mirex (ISO);Halogenated derivatives of cyclanic;;;;;;;;
2903831000;HS10;Mirex (ISO);Halogenated derivatives of cyclanic;Industrie chimique;5.0;2.0;;19.0;;=;26.0
2903832000;HS10;Mirex (ISO);Halogenated derivatives of cyclanic;Industrie chimique;5.0;2.0;;19.0;;=;26.0
2903839000;HS10;Mirex (ISO) - Autre;Halogenated derivatives of cyclanic - Other;Industrie chimique;5.0;2.0;;19.0;;=;26.0
290389;HS6;Autres;Halogenated derivatives of cyclanic;;;;;;;;
2903891000;HS10;12 dibromo 4 12 dibromoéthylcyclohexane et tétrabromocyclooctanes;12 dibromo 4 12 dibromoéthylcyclohexane et tétrabromocyclooctanes;Industrie chimique;5.0;2.0;;19.0;;=;26.0
2903892000;HS10;Autres;Halogenated derivatives of cyclanic;Industrie chimique;5.0;2.0;;19.0;;=;26.0
2903899000;HS10;Autres - Autre;Halogenated derivatives of cyclanic - Other;Industrie chimique;5.0;2.0;;19.0;;=;26.0
290391;HS6;Chlorobenzène;Halogenated derivatives of aromatic hydrocarbons;;;;;;;;
2903911000;HS10;Chlorobenzène;Chlorobenzène;Industrie chimique;5.0;2.0;;19.0;;=;26.0
2903912000;HS10;O dichlorobenzène;O dichlorobenzène;Industrie chimique;5.0;2.0;;19.0;;=;26.0
2903919000;HS10;Chlorobenzène - Autre;Halogenated derivatives of aromatic hydrocarbons - Other;Industrie chimique;5.0;2.0;;19.0;;=;26.0
290392;HS6;Hexachlorobenzène (ISO) et DDT (ISO) (clofénotane (DCI);Halogenated derivatives of aromatic hydrocarbons;;;;;;;;
2903921000;HS10;Hexachlorobenzène iso;Hexachlorobenzène iso;Industrie chimique;5.0;2.0;;19.0;;=;26.0
2903922000;HS10;Ddt iso clofenotane dci 111 trichloro 22 bis p chlorophenyléthane;Ddt iso clofenotane dci 111 trichloro 22 bis p chlorophenyléthane;Industrie chimique;5.0;2.0;;19.0;;=;26.0
2903929000;HS10;Hexachlorobenzène (ISO) et DDT (ISO) (clofénotane (DCI) - Autre;Halogenated derivatives of aromatic hydrocarbons - Other;Industrie chimique;5.0;2.0;;19.0;;=;26.0
290393;HS6;Pentachlorobenzène (ISO);Halogenated derivatives of aromatic hydrocarbons;;;;;;;;
2903931000;HS10;Pentachlorobenzène (ISO);Halogenated derivatives of aromatic hydrocarbons;Industrie chimique;5.0;2.0;;19.0;;=;26.0
2903932000;HS10;Pentachlorobenzène (ISO);Halogenated derivatives of aromatic hydrocarbons;Industrie chimique;5.0;2.0;;19.0;;=;26.0
2903939000;HS10;Pentachlorobenzène (ISO) - Autre;Halogenated derivatives of aromatic hydrocarbons - Other;Industrie chimique;5.0;2.0;;19.0;;=;26.0
290394;HS6;Hexabromobiphényles;Halogenated derivatives of aromatic hydrocarbons;;;;;;;;
2903941000;HS10;Hexabromobiphényles;Halogenated derivatives of aromatic hydrocarbons;Industrie chimique;5.0;2.0;;19.0;;=;26.0
2903942000;HS10;Hexabromobiphényles;Halogenated derivatives of aromatic hydrocarbons;Industrie chimique;5.0;2.0;;19.0;;=;26.0
2903949000;HS10;Hexabromobiphényles - Autre;Halogenated derivatives of aromatic hydrocarbons - Other;Industrie chimique;5.0;2.0;;19.0;;=;26.0
290399;HS6;Autres;Halogenated derivatives of aromatic hydrocarbons;;;;;;;;
2903991000;HS10;M dichlorobenzène;M dichlorobenzène;Industrie chimique;5.0;2.0;;19.0;;=;26.0
2903992000;HS10;Chlorure de benzyle;Chlorure de benzyle;Industrie chimique;5.0;2.0;;19.0;;=;26.0
2903999000;HS10;Autres - Autre;Halogenated derivatives of aromatic hydrocarbons - Other;Industrie chimique;5.0;2.0;;19.0;;=;26.0
2904;RANGEE 04;"Sulphonated, nitrated or nitrosated derivatives of hydrocarbons; whether or not halogenated";;;;;;;;;
290410;HS6;Dérivés seulement sulfonés;Derivatives of hydrocarbons;;;;;;;;
2904101000;HS10;Acide éthylènesulfonique acide vinylsulfonique;Acide éthylènesulfonique acide vinylsulfonique;Industrie chimique;5.0;2.0;;19.0;;=;26.0
2904102000;HS10;Acide éthanesulfonique acide éthylsulfonique;Acide éthanesulfonique acide éthylsulfonique;Industrie chimique;5.0;2.0;;19.0;;=;26.0
2904109000;HS10;Dérivés seulement sulfonés - Autre;Derivatives of hydrocarbons - Other;Industrie chimique;5.0;2.0;;19.0;;=;26.0
290420;HS6;Dérivés seulement nitrés ou seulement nitrosés;Derivatives of hydrocarbons;;;;;;;;
2904201000;HS10;Dérivés seulement nitrés ou seulement nitrosés;Derivatives of hydrocarbons;Industrie chimique;5.0;2.0;;19.0;;=;26.0
2904202000;HS10;Dérivés seulement nitrés ou seulement nitrosés;Derivatives of hydrocarbons;Industrie chimique;5.0;2.0;;19.0;;=;26.0
2904209000;HS10;Dérivés seulement nitrés ou seulement nitrosés - Autre;Derivatives of hydrocarbons - Other;Industrie chimique;5.0;2.0;;19.0;;=;26.0
290431;HS6;Acide perfluorooctane sulfonique;Derivatives of hydrocarbons;;;;;;;;
2904311000;HS10;Acide perfluorooctane sulfonique;Derivatives of hydrocarbons;Industrie chimique;5.0;2.0;;19.0;;=;26.0
2904312000;HS10;Acide perfluorooctane sulfonique;Derivatives of hydrocarbons;Industrie chimique;5.0;2.0;;19.0;;=;26.0
2904319000;HS10;Acide perfluorooctane sulfonique - Autre;Derivatives of hydrocarbons - Other;Industrie chimique;5.0;2.0;;19.0;;=;26.0
290432;HS6;Sulfonate de perfluorooctane d'ammonium;Derivatives of hydrocarbons;;;;;;;;
2904321000;HS10;Sulfonate de perfluorooctane d'ammonium;Derivatives of hydrocarbons;Industrie chimique;5.0;2.0;;19.0;;=;26.0
2904322000;HS10;Sulfonate de perfluorooctane d'ammonium;Derivatives of hydrocarbons;Industrie chimique;5.0;2.0;;19.0;;=;26.0
2904329000;HS10;Sulfonate de perfluorooctane d'ammonium - Autre;Derivatives of hydrocarbons - Other;Industrie chimique;5.0;2.0;;19.0;;=;26.0
290433;HS6;Sulfonate de perfluorooctane de lithium;Derivatives of hydrocarbons;;;;;;;;
2904331000;HS10;Sulfonate de perfluorooctane de lithium;Derivatives of hydrocarbons;Industrie chimique;5.0;2.0;;19.0;;=;26.0
2904332000;HS10;Sulfonate de perfluorooctane de lithium;Derivatives of hydrocarbons;Industrie chimique;5.0;2.0;;19.0;;=;26.0
2904339000;HS10;Sulfonate de perfluorooctane de lithium - Autre;Derivatives of hydrocarbons - Other;Industrie chimique;5.0;2.0;;19.0;;=;26.0
290434;HS6;Sulfonate de perfluorooctane de potassium;Derivatives of hydrocarbons;;;;;;;;
2904341000;HS10;Sulfonate de perfluorooctane de potassium;Derivatives of hydrocarbons;Industrie chimique;5.0;2.0;;19.0;;=;26.0
2904342000;HS10;Sulfonate de perfluorooctane de potassium;Derivatives of hydrocarbons;Industrie chimique;5.0;2.0;;19.0;;=;26.0
2904349000;HS10;Sulfonate de perfluorooctane de potassium - Autre;Derivatives of hydrocarbons - Other;Industrie chimique;5.0;2.0;;19.0;;=;26.0
290435;HS6;Autres sels d'acide perfluorooctane sulfonique;Derivatives of hydrocarbons;;;;;;;;
2904351000;HS10;Autres sels d'acide perfluorooctane sulfonique;Derivatives of hydrocarbons;Industrie chimique;5.0;2.0;;19.0;;=;26.0
2904352000;HS10;Autres sels d'acide perfluorooctane sulfonique;Derivatives of hydrocarbons;Industrie chimique;5.0;2.0;;19.0;;=;26.0
2904359000;HS10;Autres sels d'acide perfluorooctane sulfonique - Autre;Derivatives of hydrocarbons - Other;Industrie chimique;5.0;2.0;;19.0;;=;26.0
290436;HS6;Fluorure de perfluorooctane sulfonyle;Derivatives of hydrocarbons;;;;;;;;
2904361000;HS10;Fluorure de perfluorooctane sulfonyle;Derivatives of hydrocarbons;Industrie chimique;5.0;2.0;;19.0;;=;26.0
2904362000;HS10;Fluorure de perfluorooctane sulfonyle;Derivatives of hydrocarbons;Industrie chimique;5.0;2.0;;19.0;;=;26.0
2904369000;HS10;Fluorure de perfluorooctane sulfonyle - Autre;Derivatives of hydrocarbons - Other;Industrie chimique;5.0;2.0;;19.0;;=;26.0
290491;HS6;Trichloronitrométhane (chloropicrine);Derivatives of hydrocarbons;;;;;;;;
2904911000;HS10;Trichloronitrométhane (chloropicrine);Derivatives of hydrocarbons;Industrie chimique;5.0;2.0;;19.0;;=;26.0
2904912000;HS10;Trichloronitrométhane (chloropicrine);Derivatives of hydrocarbons;Industrie chimique;5.0;2.0;;19.0;;=;26.0
2904919000;HS10;Trichloronitrométhane (chloropicrine) - Autre;Derivatives of hydrocarbons - Other;Industrie chimique;5.0;2.0;;19.0;;=;26.0
290499;HS6;Autres;Derivatives of hydrocarbons n.e.c. in heading no. 2904;;;;;;;;
2904991000;HS10;Autres;Derivatives of hydrocarbons n.e.c. in heading no. 2904;Industrie chimique;5.0;2.0;;19.0;;=;26.0
2904992000;HS10;Autres;Derivatives of hydrocarbons n.e.c. in heading no. 2904;Industrie chimique;5.0;2.0;;19.0;;=;26.0
2904999000;HS10;Autres - Autre;Derivatives of hydrocarbons n.e.c. in heading no. 2904 - Other;Industrie chimique;5.0;2.0;;19.0;;=;26.0
2905;RANGEE 05;Acyclic alcohols and their halogenated, sulphonated, nitrated or nitrosated derivatives;;;;;;;;;
290511;HS6;Méthanol (alcool méthylique);Alcohols;;;;;;;;
2905111000;HS10;Méthanol (alcool méthylique);Alcohols;Industrie chimique;5.0;2.0;;19.0;;=;26.0
2905112000;HS10;Méthanol (alcool méthylique);Alcohols;Industrie chimique;5.0;2.0;;19.0;;=;26.0
2905119000;HS10;Méthanol (alcool méthylique) - Autre;Alcohols - Other;Industrie chimique;5.0;2.0;;19.0;;=;26.0
290512;HS6;Propane-1 -ol (alcool propylique) et propane-2-ol (alcool isopropylique);Alcohols;;;;;;;;
2905121000;HS10;Propane 1 ol alcool propylique;Propane 1 ol alcool propylique;Industrie chimique;5.0;2.0;;19.0;;=;26.0
2905122000;HS10;Propane 2 ol alcool isopropylique;Propane 2 ol alcool isopropylique;Industrie chimique;5.0;2.0;;19.0;;=;26.0
2905129000;HS10;Propane-1 -ol (alcool propylique) et propane-2-ol (alcool isopropylique) - Autre;Alcohols - Other;Industrie chimique;5.0;2.0;;19.0;;=;26.0
290513;HS6;Butane-1-ol (alcool n-butylique);Alcohols;;;;;;;;
2905131000;HS10;Butane-1-ol (alcool n-butylique);Alcohols;Industrie chimique;5.0;2.0;;19.0;;=;26.0
2905132000;HS10;Butane-1-ol (alcool n-butylique);Alcohols;Industrie chimique;5.0;2.0;;19.0;;=;26.0
2905139000;HS10;Butane-1-ol (alcool n-butylique) - Autre;Alcohols - Other;Industrie chimique;5.0;2.0;;19.0;;=;26.0
290514;HS6;Autres butanols;Alcohols;;;;;;;;
2905141000;HS10;2 méthyl 1 propanol alcool isobutylique;2 méthyl 1 propanol alcool isobutylique;Industrie chimique;5.0;2.0;;19.0;;=;26.0
2905142000;HS10;2 méthyl 2 propanol alcool ter butylique;2 méthyl 2 propanol alcool ter butylique;Industrie chimique;5.0;2.0;;19.0;;=;26.0
2905149000;HS10;Autres butanols - Autre;Alcohols - Other;Industrie chimique;5.0;2.0;;19.0;;=;26.0
290516;HS6;Octanol (alcool octylique) et ses isomères;Alcohols;;;;;;;;
2905161000;HS10;Octane 2 ol;Octane 2 ol;Industrie chimique;5.0;2.0;;19.0;;=;26.0
2905162000;HS10;Octanol (alcool octylique) et ses isomères;Alcohols;Industrie chimique;5.0;2.0;;19.0;;=;26.0
2905169000;HS10;Octanol (alcool octylique) et ses isomères - Autre;Alcohols - Other;Industrie chimique;5.0;2.0;;19.0;;=;26.0
290517;HS6;Dodécane-1-ol (alcool laurique);Alcohols;;;;;;;;
2905171000;HS10;Dodécane 1 ol alcool laurique;Dodécane 1 ol alcool laurique;Industrie chimique;5.0;2.0;;19.0;;=;26.0
2905172000;HS10;Hexa décane 1 ol alcool cétylique;Hexa décane 1 ol alcool cétylique;Industrie chimique;5.0;2.0;;19.0;;=;26.0
2905179000;HS10;Dodécane-1-ol (alcool laurique) - Autre;Alcohols - Other;Industrie chimique;5.0;2.0;;19.0;;=;26.0
290519;HS6;Autres;Alcohols;;;;;;;;
2905191000;HS10;33 diméthylbutane 2 ol alcool pinacolique;33 diméthylbutane 2 ol alcool pinacolique;Industrie chimique;5.0;2.0;;19.0;;=;26.0
2905192000;HS10;Autres;Alcohols;Industrie chimique;5.0;2.0;;19.0;;=;26.0
2905199000;HS10;Autres - Autre;Alcohols - Other;Industrie chimique;5.0;2.0;;19.0;;=;26.0
290522;HS6;Alcools terpéniques acycliques;Alcohols;;;;;;;;
2905221000;HS10;Géraniol;Géraniol;Industrie chimique;5.0;2.0;;19.0;;=;26.0
2905222000;HS10;Citronellol;Citronellol;Industrie chimique;5.0;2.0;;19.0;;=;26.0
2905229000;HS10;Alcools terpéniques acycliques - Autre;Alcohols - Other;Industrie chimique;5.0;2.0;;19.0;;=;26.0
290529;HS6;Autres;Alcohols;;;;;;;;
2905291000;HS10;Alcool allylique;Alcool allylique;Industrie chimique;5.0;2.0;;19.0;;=;26.0
2905292000;HS10;Monoalcools non satures autres alcool oleique;Monoalcools non satures autres alcool oleique;Industrie chimique;5.0;2.0;;19.0;;=;26.0
2905299000;HS10;Autres - Autre;Alcohols - Other;Industrie chimique;5.0;2.0;;19.0;;=;26.0
290531;HS6;Ethylène glycol (éthanediol);Alcohols;;;;;;;;
2905311000;HS10;Ethylène glycol (éthanediol);Alcohols;Industrie chimique;5.0;2.0;;19.0;;=;26.0
2905312000;HS10;Ethylène glycol (éthanediol);Alcohols;Industrie chimique;5.0;2.0;;19.0;;=;26.0
2905319000;HS10;Ethylène glycol (éthanediol) - Autre;Alcohols - Other;Industrie chimique;5.0;2.0;;19.0;;=;26.0
290532;HS6;Propylène glycol (propane-1;Alcohols;;;;;;;;
2905321000;HS10;Propylène glycol (propane-1;Alcohols;Industrie chimique;5.0;2.0;;19.0;;=;26.0
2905322000;HS10;Propylène glycol (propane-1;Alcohols;Industrie chimique;5.0;2.0;;19.0;;=;26.0
2905329000;HS10;Propylène glycol (propane-1 - Autre;Alcohols - Other;Industrie chimique;5.0;2.0;;19.0;;=;26.0
290539;HS6;Autres;Alcohols;;;;;;;;
2905391000;HS10;Diols autres butane 13 diol;Diols autres butane 13 diol;Industrie chimique;5.0;2.0;;19.0;;=;26.0
2905392000;HS10;Diols autres butane 14 diol;Diols autres butane 14 diol;Industrie chimique;5.0;2.0;;19.0;;=;26.0
2905399000;HS10;Autres - Autre;Alcohols - Other;Industrie chimique;5.0;2.0;;19.0;;=;26.0
290541;HS6;2-Ethyl-2-(hydroxyméthyl) propane-1;Alcohols;;;;;;;;
2905411000;HS10;2-Ethyl-2-(hydroxyméthyl) propane-1;Alcohols;Industrie chimique;5.0;2.0;;19.0;;=;26.0
2905412000;HS10;2-Ethyl-2-(hydroxyméthyl) propane-1;Alcohols;Industrie chimique;5.0;2.0;;19.0;;=;26.0
2905419000;HS10;2-Ethyl-2-(hydroxyméthyl) propane-1 - Autre;Alcohols - Other;Industrie chimique;5.0;2.0;;19.0;;=;26.0
290542;HS6;Pentaérythritol (pentaérythrite);Alcohols;;;;;;;;
2905421000;HS10;Pentaérythritol (pentaérythrite);Alcohols;Industrie chimique;5.0;2.0;;19.0;;=;26.0
2905422000;HS10;Pentaérythritol (pentaérythrite);Alcohols;Industrie chimique;5.0;2.0;;19.0;;=;26.0
2905429000;HS10;Pentaérythritol (pentaérythrite) - Autre;Alcohols - Other;Industrie chimique;5.0;2.0;;19.0;;=;26.0
290543;HS6;Mannitol;Alcohols;;;;;;;;
2905431000;HS10;Mannitol;Alcohols;Industrie chimique;5.0;2.0;;19.0;;=;26.0
2905432000;HS10;Mannitol;Alcohols;Industrie chimique;5.0;2.0;;19.0;;=;26.0
2905439000;HS10;Mannitol - Autre;Alcohols - Other;Industrie chimique;5.0;2.0;;19.0;;=;26.0
290544;HS6;D-glucitol (sorbitol);Alcohols;;;;;;;;
2905441000;HS10;D-glucitol (sorbitol);Alcohols;Industrie chimique;5.0;2.0;;19.0;;=;26.0
2905442000;HS10;D-glucitol (sorbitol);Alcohols;Industrie chimique;5.0;2.0;;19.0;;=;26.0
2905449000;HS10;D-glucitol (sorbitol) - Autre;Alcohols - Other;Industrie chimique;5.0;2.0;;19.0;;=;26.0
290545;HS6;Glycérol;Alcohols;;;;;;;;
2905451000;HS10;Glycérol;Alcohols;Industrie chimique;5.0;2.0;;19.0;;=;26.0
2905452000;HS10;Glycérol;Alcohols;Industrie chimique;5.0;2.0;;19.0;;=;26.0
2905459000;HS10;Glycérol - Autre;Alcohols - Other;Industrie chimique;5.0;2.0;;19.0;;=;26.0
290549;HS6;Autres;Alcohols;;;;;;;;
2905491000;HS10;Autres polyalcools autres pentanetriol;Autres polyalcools autres pentanetriol;Industrie chimique;5.0;2.0;;19.0;;=;26.0
2905492000;HS10;Autres polyalcools autres hexanetriol;Autres polyalcools autres hexanetriol;Industrie chimique;5.0;2.0;;19.0;;=;26.0
2905499000;HS10;Autres - Autre;Alcohols - Other;Industrie chimique;5.0;2.0;;19.0;;=;26.0
290551;HS6;Ethchlorvynol (DCI);Alcohols;;;;;;;;
2905511000;HS10;Ethchlorvynol (DCI);Alcohols;Industrie chimique;5.0;2.0;;19.0;;=;26.0
2905512000;HS10;Ethchlorvynol (DCI);Alcohols;Industrie chimique;5.0;2.0;;19.0;;=;26.0
2905519000;HS10;Ethchlorvynol (DCI) - Autre;Alcohols - Other;Industrie chimique;5.0;2.0;;19.0;;=;26.0
290559;HS6;Autres;Alcohols;;;;;;;;
2905591000;HS10;Dérivés halogenes sulfones nitres ou nitroses des alcools acycliques autres hydrate de chloral;Derives halogenes sulfones nitres ou nitroses des alcools acycliques autres hydrate de chloral;Industrie chimique;5.0;2.0;;19.0;;=;26.0
2905592000;HS10;Dérivés halogenes sulfones nitres ou nitroses des alcools acycliques autres alcool trichlorobutylique tertiaire;Derives halogenes sulfones nitres ou nitroses des alcools acycliques autres alcool trichlorobutylique tertiaire;Industrie chimique;5.0;2.0;;19.0;;=;26.0
2905599000;HS10;Autres - Autre;Alcohols - Other;Industrie chimique;5.0;2.0;;19.0;;=;26.0
2906;RANGEE 06;"Alcohols; cyclic, and their halogenated, sulphonated, nitrated or nitrosated derivatives";;;;;;;;;
290611;HS6;Menthol;Alcohols;;;;;;;;
2906111000;HS10;Menthol;Alcohols;Industrie chimique;5.0;2.0;;19.0;;=;26.0
2906112000;HS10;Menthol;Alcohols;Industrie chimique;5.0;2.0;;19.0;;=;26.0
2906119000;HS10;Menthol - Autre;Alcohols - Other;Industrie chimique;5.0;2.0;;19.0;;=;26.0
290612;HS6;Cyclohexanol;Alcohols;;;;;;;;
2906121000;HS10;Cyclaniques cycleniques ou cyclo terpeniques cyclohexanol methylcyclohexanols et dimethylcyclohexanols cyclohexanol;Cyclaniques cycleniques ou cyclo terpeniques cyclohexanol methylcyclohexanols et dimethylcyclohexanols cyclohexanol;Industrie chimique;5.0;2.0;;19.0;;=;26.0
2906122000;HS10;Cyclaniques cycleniques ou cyclo terpeniques cyclohexanol methylcyclohexanols et dimethylcyclohexanols methylcyclohexanols;Cyclaniques cycleniques ou cyclo terpeniques cyclohexanol methylcyclohexanols et dimethylcyclohexanols methylcyclohexanols;Industrie chimique;5.0;2.0;;19.0;;=;26.0
2906129000;HS10;Cyclohexanol - Autre;Alcohols - Other;Industrie chimique;5.0;2.0;;19.0;;=;26.0
290613;HS6;Stérols et inositols;Alcohols;;;;;;;;
2906131000;HS10;Cyclaniques cycleniques ou cyclo terpeniques sterols et inositols sterols;Cyclaniques cycleniques ou cyclo terpeniques sterols et inositols sterols;Industrie chimique;5.0;2.0;;19.0;;=;26.0
2906132000;HS10;Cyclaniques cycleniques ou cyclo terpeniques sterols et inositols inositols;Cyclaniques cycleniques ou cyclo terpeniques sterols et inositols inositols;Industrie chimique;5.0;2.0;;19.0;;=;26.0
2906139000;HS10;Stérols et inositols - Autre;Alcohols - Other;Industrie chimique;5.0;2.0;;19.0;;=;26.0
290619;HS6;Autres;Alcohols;;;;;;;;
2906191000;HS10;Cyclaniques cycleniques ou cyclo terpeniques autres terpineols;Cyclaniques cycleniques ou cyclo terpeniques autres terpineols;Industrie chimique;5.0;2.0;;19.0;;=;26.0
2906192000;HS10;Cyclaniques cycleniques ou cyclo terpeniques autres terpine;Cyclaniques cycleniques ou cyclo terpeniques autres terpine;Industrie chimique;5.0;2.0;;19.0;;=;26.0
2906199000;HS10;Autres - Autre;Alcohols - Other;Industrie chimique;5.0;2.0;;19.0;;=;26.0
290621;HS6;Alcool benzylique;Alcohols;;;;;;;;
2906211000;HS10;Alcool benzylique;Alcohols;Industrie chimique;5.0;2.0;;19.0;;=;26.0
2906212000;HS10;Alcool benzylique;Alcohols;Industrie chimique;5.0;2.0;;19.0;;=;26.0
2906219000;HS10;Alcool benzylique - Autre;Alcohols - Other;Industrie chimique;5.0;2.0;;19.0;;=;26.0
290629;HS6;Autres;Alcohols;;;;;;;;
2906291000;HS10;Aromatiques autres 2 phenylethanol alcool phenethylique;Aromatiques autres 2 phenylethanol alcool phenethylique;Industrie chimique;5.0;2.0;;19.0;;=;26.0
2906292000;HS10;Aromatiques autres 3 phenylpropanol alcool phenylpropylique;Aromatiques autres 3 phenylpropanol alcool phenylpropylique;Industrie chimique;5.0;2.0;;19.0;;=;26.0
2906299000;HS10;Autres - Autre;Alcohols - Other;Industrie chimique;5.0;2.0;;19.0;;=;26.0
2907;RANGEE 07;"Phenols; monophenols, polyphenols, and phenol-alcohols";;;;;;;;;
290711;HS6;Phénol (hydroxybenzène) et ses sels;Monophenols;;;;;;;;
2907111000;HS10;Monophenols phenol hydroxybenzene et ses sels phenol hydroxybenzene;Monophenols phenol hydroxybenzene et ses sels phenol hydroxybenzene;Industrie chimique;5.0;2.0;;19.0;;=;26.0
2907112000;HS10;Monophenols phenol hydroxybenzene et ses sels sels de phenol;Monophenols phenol hydroxybenzene et ses sels sels de phenol;Industrie chimique;5.0;2.0;;19.0;;=;26.0
2907119000;HS10;Phénol (hydroxybenzène) et ses sels - Autre;Monophenols - Other;Industrie chimique;5.0;2.0;;19.0;;=;26.0
290712;HS6;Crésols et leurs sels;Monophenols;;;;;;;;
2907121000;HS10;Monophenols cresols et leurs sels cresols;Monophenols cresols et leurs sels cresols;Industrie chimique;5.0;2.0;;19.0;;=;26.0
2907122000;HS10;Monophenols cresols et leurs sels sels de cresols;Monophenols cresols et leurs sels sels de cresols;Industrie chimique;5.0;2.0;;19.0;;=;26.0
2907129000;HS10;Crésols et leurs sels - Autre;Monophenols - Other;Industrie chimique;5.0;2.0;;19.0;;=;26.0
290713;HS6;Octyphénol;sels de ces produits;;;;;;;;
2907131000;HS10;Monophenols octylphenol nonylphenol et leurs isomeres sels de ces produits octylphenol et ses isomeres;Monophenols octylphenol nonylphenol et leurs isomeres sels de ces produits octylphenol et ses isomeres;Industrie chimique;5.0;2.0;;19.0;;=;26.0
2907132000;HS10;Monophenols octylphenol nonylphenol et leurs isomeres sels de ces produits nonylphenol et ses isomeres;Monophenols octylphenol nonylphenol et leurs isomeres sels de ces produits nonylphenol et ses isomeres;Industrie chimique;5.0;2.0;;19.0;;=;26.0
2907139000;HS10;Octyphénol - Autre;sels de ces produits - Other;Industrie chimique;5.0;2.0;;19.0;;=;26.0
290715;HS6;Naphtols et leurs sels;Monophenols;;;;;;;;
2907151000;HS10;Naphtols et leurs sels;Monophenols;Industrie chimique;5.0;2.0;;19.0;;=;26.0
2907152000;HS10;Monophenols naphtols et leurs sels sels de naphtols;Monophenols naphtols et leurs sels sels de naphtols;Industrie chimique;5.0;2.0;;19.0;;=;26.0
2907159000;HS10;Naphtols et leurs sels - Autre;Monophenols - Other;Industrie chimique;5.0;2.0;;19.0;;=;26.0
290719;HS6;Autres;Monophenols;;;;;;;;
2907191000;HS10;Monophenols autres xylenols et leurs sels;Monophenols autres xylenols et leurs sels;Industrie chimique;5.0;2.0;;19.0;;=;26.0
2907192000;HS10;Monophenols autres thymol methylisopropylphenol et carvacrol;Monophenols autres thymol methylisopropylphenol et carvacrol;Industrie chimique;5.0;2.0;;19.0;;=;26.0
2907199000;HS10;Autres - Autre;Monophenols - Other;Industrie chimique;5.0;2.0;;19.0;;=;26.0
290721;HS6;Résorcinol et ses sels;Polyphenols;;;;;;;;
2907211000;HS10;Résorcinol et ses sels;Polyphenols;Industrie chimique;5.0;2.0;;19.0;;=;26.0
2907212000;HS10;Résorcinol et ses sels;Polyphenols;Industrie chimique;5.0;2.0;;19.0;;=;26.0
2907219000;HS10;Résorcinol et ses sels - Autre;Polyphenols - Other;Industrie chimique;5.0;2.0;;19.0;;=;26.0
290722;HS6;Hydroquinone et ses sels;Polyphenols;;;;;;;;
2907221000;HS10;Hydroquinone et ses sels;Polyphenols;Industrie chimique;5.0;2.0;;19.0;;=;26.0
2907222000;HS10;Hydroquinone et ses sels;Polyphenols;Industrie chimique;5.0;2.0;;19.0;;=;26.0
2907229000;HS10;Hydroquinone et ses sels - Autre;Polyphenols - Other;Industrie chimique;5.0;2.0;;19.0;;=;26.0
290723;HS6;4;Polyphenols;;;;;;;;
2907231000;HS10;4;Polyphenols;Industrie chimique;5.0;2.0;;19.0;;=;26.0
2907232000;HS10;4;Polyphenols;Industrie chimique;5.0;2.0;;19.0;;=;26.0
2907239000;HS10;4 - Autre;Polyphenols - Other;Industrie chimique;5.0;2.0;;19.0;;=;26.0
290729;HS6;Autres;Phenol-alcohols and polyphenols n.e.c. in item number 2907.2;;;;;;;;
2907291000;HS10;Autres;Phenol-alcohols and polyphenols n.e.c. in item number 2907.2;Industrie chimique;5.0;2.0;;19.0;;=;26.0
2907292000;HS10;Polyphenols phenols alcools autres pyrocatechol o dihydroxybenzene;Polyphenols phenols alcools autres pyrocatechol o dihydroxybenzene;Industrie chimique;5.0;2.0;;19.0;;=;26.0
2907299000;HS10;Autres - Autre;Phenol-alcohols and polyphenols n.e.c. in item number 2907.2 - Other;Industrie chimique;5.0;2.0;;19.0;;=;26.0
2908;RANGEE 08;"Phenols or phenol-alcohols; halogenated, sulphonated, nitrated or nitrosated derivatives";;;;;;;;;
290811;HS6;Pentachlorophénol (ISO);Phenol or phenol-alcohol derivatives containing only halogen substituents and their salts;;;;;;;;
2908111000;HS10;Pentachlorophénol (ISO);Phenol or phenol-alcohol derivatives containing only halogen substituents and their salts;Industrie chimique;5.0;2.0;;19.0;;=;26.0
2908112000;HS10;Pentachlorophénol (ISO);Phenol or phenol-alcohol derivatives containing only halogen substituents and their salts;Industrie chimique;5.0;2.0;;19.0;;=;26.0
2908119000;HS10;Pentachlorophénol (ISO) - Autre;Phenol or phenol-alcohol derivatives containing only halogen substituents and their salts - Other;Industrie chimique;5.0;2.0;;19.0;;=;26.0
290819;HS6;Autres;Phenol or phenol-alcohol derivatives containing only halogen substituents and their salts;;;;;;;;
2908191000;HS10;Dérivés seulement halogenes et leurs sels autres o chlorophenol;Derives seulement halogenes et leurs sels autres o chlorophenol;Industrie chimique;5.0;2.0;;19.0;;=;26.0
2908192000;HS10;Dérivés seulement halogenes et leurs sels autres m chlorophenol;Derives seulement halogenes et leurs sels autres m chlorophenol;Industrie chimique;5.0;2.0;;19.0;;=;26.0
2908199000;HS10;Autres - Autre;Phenol or phenol-alcohol derivatives containing only halogen substituents and their salts - Other;Industrie chimique;5.0;2.0;;19.0;;=;26.0
290891;HS6;Dinosèbe (ISO) et ses sels;Phenol or phenol-alcohol derivatives;;;;;;;;
2908911000;HS10;Dinosèbe (ISO) et ses sels;Phenol or phenol-alcohol derivatives;Industrie chimique;5.0;2.0;;19.0;;=;26.0
2908912000;HS10;Dinosèbe (ISO) et ses sels;Phenol or phenol-alcohol derivatives;Industrie chimique;5.0;2.0;;19.0;;=;26.0
2908919000;HS10;Dinosèbe (ISO) et ses sels - Autre;Phenol or phenol-alcohol derivatives - Other;Industrie chimique;5.0;2.0;;19.0;;=;26.0
290892;HS6;4;Phenol or phenol-alcohol derivatives;;;;;;;;
2908921000;HS10;4;Phenol or phenol-alcohol derivatives;Industrie chimique;5.0;2.0;;19.0;;=;26.0
2908922000;HS10;4;Phenol or phenol-alcohol derivatives;Industrie chimique;5.0;2.0;;19.0;;=;26.0
2908929000;HS10;4 - Autre;Phenol or phenol-alcohol derivatives - Other;Industrie chimique;5.0;2.0;;19.0;;=;26.0
290899;HS6;Autres;Phenol or phenol-alcohol derivatives;;;;;;;;
2908991000;HS10;Autres autres trinitrophenol acide picrique;Autres autres trinitrophenol acide picrique;Industrie chimique;5.0;2.0;;19.0;;=;26.0
2908992000;HS10;Autres;Phenol or phenol-alcohol derivatives;Industrie chimique;5.0;2.0;;19.0;;=;26.0
2908999000;HS10;Autres - Autre;Phenol or phenol-alcohol derivatives - Other;Industrie chimique;5.0;2.0;;19.0;;=;26.0
2909;RANGEE 09;Ethers, ether-alcohols, ether-phenols, ether-alcohol-phenols, alcohol peroxides, ether peroxides, acetal and hemiacetal peroxides, ketone peroxides (chemically defined or not), and their halogenated, sulphonated, nitrated or nitrosated derivatives;;;;;;;;;
290911;HS6;Ether diéthylique (oxyde de diéthyle);Ethers;;;;;;;;
2909111000;HS10;Ether diéthylique (oxyde de diéthyle);Ethers;Industrie chimique;5.0;2.0;;19.0;;=;26.0
2909112000;HS10;Ether diéthylique (oxyde de diéthyle);Ethers;Industrie chimique;5.0;2.0;;19.0;;=;26.0
2909119000;HS10;Ether diéthylique (oxyde de diéthyle) - Autre;Ethers - Other;Industrie chimique;5.0;2.0;;19.0;;=;26.0
290919;HS6;Autres;Ethers;;;;;;;;
2909191000;HS10;Ethers acycliques et leurs dérivés halogenes sulfones nitres ou nitroses autres ether dichlorodiethylique oxyde dethyle dichlore;Ethers acycliques et leurs derives halogenes sulfones nitres ou nitroses autres ether dichlorodiethylique oxyde dethyle dichlore;Industrie chimique;5.0;2.0;;19.0;;=;26.0
2909192000;HS10;Ethers acycliques et leurs dérivés halogenes sulfones nitres ou nitroses autres ether diisopropylique oxyde disopropyle;Ethers acycliques et leurs derives halogenes sulfones nitres ou nitroses autres ether diisopropylique oxyde disopropyle;Industrie chimique;5.0;2.0;;19.0;;=;26.0
2909199000;HS10;Autres - Autre;Ethers - Other;Industrie chimique;5.0;2.0;;19.0;;=;26.0
290920;HS6;Ethers cyclaniques;Ethers;;;;;;;;
2909201000;HS10;Ethers cyclaniques cycleniques cycloterpeniques;Ethers cyclaniques cycleniques cycloterpeniques;Industrie chimique;5.0;2.0;;19.0;;=;26.0
2909202000;HS10;Dérivés des ethers cyclaniques cycleniques cycloterpeniques halogenes sulfones nitres ou nitroses;Derives des ethers cyclaniques cycleniques cycloterpeniques halogenes sulfones nitres ou nitroses;Industrie chimique;5.0;2.0;;19.0;;=;26.0
2909209000;HS10;Ethers cyclaniques - Autre;Ethers - Other;Industrie chimique;5.0;2.0;;19.0;;=;26.0
290930;HS6;Ethers aromatiques et leurs dérivés halogénés;Ethers;;;;;;;;
2909301000;HS10;Anisole ether methyl phenylique;Anisole ether methyl phenylique;Industrie chimique;5.0;2.0;;19.0;;=;26.0
2909302000;HS10;Phenetole oxyde de phenyle et dethyle;Phenetole oxyde de phenyle et dethyle;Industrie chimique;5.0;2.0;;19.0;;=;26.0
2909309000;HS10;Ethers aromatiques et leurs dérivés halogénés - Autre;Ethers - Other;Industrie chimique;5.0;2.0;;19.0;;=;26.0
290941;HS6;2.2'-Oxydiéthanol (diéthylène-glycol);Ether-alcohols and their halogenated;;;;;;;;
2909411000;HS10;2.2'-Oxydiéthanol (diéthylène-glycol);Ether-alcohols and their halogenated;Industrie chimique;5.0;2.0;;19.0;;=;26.0
2909412000;HS10;2.2'-Oxydiéthanol (diéthylène-glycol);Ether-alcohols and their halogenated;Industrie chimique;5.0;2.0;;19.0;;=;26.0
2909419000;HS10;2.2'-Oxydiéthanol (diéthylène-glycol) - Autre;Ether-alcohols and their halogenated - Other;Industrie chimique;5.0;2.0;;19.0;;=;26.0
290943;HS6;Ethers monobutyliques de l'éthylène glycol ou du diéthylène glycol;Ether-alcohols and their halogenated;;;;;;;;
2909431000;HS10;Ethers monobutyliques de l'éthylène glycol ou du diéthylène glycol;Ether-alcohols and their halogenated;Industrie chimique;5.0;2.0;;19.0;;=;26.0
2909432000;HS10;Ethers monobutyliques de l'éthylène glycol ou du diéthylène glycol;Ether-alcohols and their halogenated;Industrie chimique;5.0;2.0;;19.0;;=;26.0
2909439000;HS10;Ethers monobutyliques de l'éthylène glycol ou du diéthylène glycol - Autre;Ether-alcohols and their halogenated - Other;Industrie chimique;5.0;2.0;;19.0;;=;26.0
290944;HS6;Autres éthers monoalkyliques de l'éthylène glycol ou du diéthylène glycol;Ether-alcohols and their halogenated;;;;;;;;
2909441000;HS10;Autres éthers monoalkyliques de l'éthylène glycol ou du diéthylène glycol;Ether-alcohols and their halogenated;Industrie chimique;5.0;2.0;;19.0;;=;26.0
2909442000;HS10;Autres éthers monoalkyliques de l'éthylène glycol ou du diéthylène glycol;Ether-alcohols and their halogenated;Industrie chimique;5.0;2.0;;19.0;;=;26.0
2909449000;HS10;Autres éthers monoalkyliques de l'éthylène glycol ou du diéthylène glycol - Autre;Ether-alcohols and their halogenated - Other;Industrie chimique;5.0;2.0;;19.0;;=;26.0
290949;HS6;Autres;Ether-alcohols and their halogenated;;;;;;;;
2909491000;HS10;Ethers monomethyliques de lethylene glycol ou du diethylene glycol;Ethers monomethyliques de lethylene glycol ou du diethylene glycol;Industrie chimique;5.0;2.0;;19.0;;=;26.0
2909492000;HS10;Ethers monoethylique de lethylene glycol ou du diethylene glycol;Ethers monoethylique de lethylene glycol ou du diethylene glycol;Industrie chimique;5.0;2.0;;19.0;;=;26.0
2909499000;HS10;Autres - Autre;Ether-alcohols and their halogenated - Other;Industrie chimique;5.0;2.0;;19.0;;=;26.0
290950;HS6;Ethers-phénols;Ether-phenols;;;;;;;;
2909501000;HS10;Gaiacol;Gaiacol;Industrie chimique;5.0;2.0;;19.0;;=;26.0
2909502000;HS10;Sulfogaiacol dci sulfogaiacolate de potassium;Sulfogaiacol dci sulfogaiacolate de potassium;Industrie chimique;5.0;2.0;;19.0;;=;26.0
2909509000;HS10;Ethers-phénols - Autre;Ether-phenols - Other;Industrie chimique;5.0;2.0;;19.0;;=;26.0
290960;HS6;Péroxydes d'alcools;Alcohol peroxides;;;;;;;;
2909601000;HS10;Peroxydes dalcools et leurs dérivés halogenes sulfones nitres ou nitroses;Peroxydes dalcools et leurs derives halogenes sulfones nitres ou nitroses;Industrie chimique;5.0;2.0;;19.0;;=;26.0
2909602000;HS10;Peroxy des dethers et leurs dérivés halogenes sulfones nitres ou nitroses;Peroxy des dethers et leurs derives halogenes sulfones nitres ou nitroses;Industrie chimique;5.0;2.0;;19.0;;=;26.0
2909609000;HS10;Péroxydes d'alcools - Autre;Alcohol peroxides - Other;Industrie chimique;5.0;2.0;;19.0;;=;26.0
2910;RANGEE 10;"Epoxides, epoxyalcohols, epoxyphenols and epoxyethers; with a three-membered ring and their halogenated, sulphonated, nitrated or nitrosated derivatives";;;;;;;;;
291010;HS6;Oxirane (oxyde d'éthylène);Epoxides;;;;;;;;
2910101000;HS10;Oxirane (oxyde d'éthylène);Epoxides;Industrie chimique;5.0;2.0;;19.0;;=;26.0
2910102000;HS10;Oxirane (oxyde d'éthylène);Epoxides;Industrie chimique;5.0;2.0;;19.0;;=;26.0
2910109000;HS10;Oxirane (oxyde d'éthylène) - Autre;Epoxides - Other;Industrie chimique;5.0;2.0;;19.0;;=;26.0
291020;HS6;Méthyloxirane (oxyde de propylène);Epoxides;;;;;;;;
2910201000;HS10;Méthyloxirane (oxyde de propylène);Epoxides;Industrie chimique;5.0;2.0;;19.0;;=;26.0
2910202000;HS10;Méthyloxirane (oxyde de propylène);Epoxides;Industrie chimique;5.0;2.0;;19.0;;=;26.0
2910209000;HS10;Méthyloxirane (oxyde de propylène) - Autre;Epoxides - Other;Industrie chimique;5.0;2.0;;19.0;;=;26.0
291030;HS6;1-Chloro-2;Epoxides;;;;;;;;
2910301000;HS10;1-Chloro-2;Epoxides;Industrie chimique;5.0;2.0;;19.0;;=;26.0
2910302000;HS10;1-Chloro-2;Epoxides;Industrie chimique;5.0;2.0;;19.0;;=;26.0
2910309000;HS10;1-Chloro-2 - Autre;Epoxides - Other;Industrie chimique;5.0;2.0;;19.0;;=;26.0
291040;HS6;Dieldrine (ISO;Epoxides;;;;;;;;
2910401000;HS10;Dieldrine (ISO;Epoxides;Industrie chimique;5.0;2.0;;19.0;;=;26.0
2910402000;HS10;Dieldrine (ISO;Epoxides;Industrie chimique;5.0;2.0;;19.0;;=;26.0
2910409000;HS10;Dieldrine (ISO - Autre;Epoxides - Other;Industrie chimique;5.0;2.0;;19.0;;=;26.0
291050;HS6;Endrine (ISO);Epoxides;;;;;;;;
2910501000;HS10;Endrine (ISO);Epoxides;Industrie chimique;5.0;2.0;;19.0;;=;26.0
2910502000;HS10;Endrine (ISO);Epoxides;Industrie chimique;5.0;2.0;;19.0;;=;26.0
2910509000;HS10;Endrine (ISO) - Autre;Epoxides - Other;Industrie chimique;5.0;2.0;;19.0;;=;26.0
291090;HS6;Autres;Epoxides;;;;;;;;
2910901000;HS10;Oxyde de styrene alpha beta epoxyethylbenzene;Oxyde de styrene alpha beta epoxyethylbenzene;Industrie chimique;5.0;2.0;;19.0;;=;26.0
2910902000;HS10;Autres;Epoxides;Industrie chimique;5.0;2.0;;19.0;;=;26.0
2910909000;HS10;Autres - Autre;Epoxides - Other;Industrie chimique;5.0;2.0;;19.0;;=;26.0
2911;RANGEE 11;"Acetals and hemiacetals; whether or not with other oxygen function, and their halogenated, sulphonated, nitrated or nitrostated derivatives";;;;;;;;;
291100;HS6;Acétals et hémi-acétals;Acetals and hemiacetals;;;;;;;;
2911001000;HS10;Acétals et hémi-acétals;Acetals and hemiacetals;Industrie chimique;5.0;2.0;;19.0;;=;26.0
2911002000;HS10;Dérivés halogenes sulfones nitres ou nitroses des acetals et hemi acetals;Derives halogenes sulfones nitres ou nitroses des acetals et hemi acetals;Industrie chimique;5.0;2.0;;19.0;;=;26.0
2911009000;HS10;Acétals et hémi-acétals - Autre;Acetals and hemiacetals - Other;Industrie chimique;5.0;2.0;;19.0;;=;26.0
2912;RANGEE 12;"Aldehydes, whether or not with other oxygen function; cyclic polymers of aldehydes; paraformaldehyde";;;;;;;;;
291211;HS6;Méthanal (formaldéhyde);Aldehydes;;;;;;;;
2912111000;HS10;Méthanal (formaldéhyde);Aldehydes;Industrie chimique;5.0;2.0;;19.0;;=;26.0
2912112000;HS10;Méthanal (formaldéhyde);Aldehydes;Industrie chimique;5.0;2.0;;19.0;;=;26.0
2912119000;HS10;Méthanal (formaldéhyde) - Autre;Aldehydes - Other;Industrie chimique;5.0;2.0;;19.0;;=;26.0
291212;HS6;Ethanal (acétaldéhyde);Aldehydes;;;;;;;;
2912121000;HS10;Ethanal (acétaldéhyde);Aldehydes;Industrie chimique;5.0;2.0;;19.0;;=;26.0
2912122000;HS10;Ethanal (acétaldéhyde);Aldehydes;Industrie chimique;5.0;2.0;;19.0;;=;26.0
2912129000;HS10;Ethanal (acétaldéhyde) - Autre;Aldehydes - Other;Industrie chimique;5.0;2.0;;19.0;;=;26.0
291219;HS6;Autres;Aldehydes;;;;;;;;
2912191000;HS10;Butanal butyraldehyde;Butanal butyraldehyde;Industrie chimique;5.0;2.0;;19.0;;=;26.0
2912192000;HS10;Heptanal heptaldehyde aldehyde heptylique oenanthol;Heptanal heptaldehyde aldehyde heptylique oenanthol;Industrie chimique;5.0;2.0;;19.0;;=;26.0
2912199000;HS10;Autres - Autre;Aldehydes - Other;Industrie chimique;5.0;2.0;;19.0;;=;26.0
291221;HS6;Benzaldéhyde (aldéhyde benzoïque);Aldehydes;;;;;;;;
2912211000;HS10;Benzaldéhyde (aldéhyde benzoïque);Aldehydes;Industrie chimique;5.0;2.0;;19.0;;=;26.0
2912212000;HS10;Benzaldéhyde (aldéhyde benzoïque);Aldehydes;Industrie chimique;5.0;2.0;;19.0;;=;26.0
2912219000;HS10;Benzaldéhyde (aldéhyde benzoïque) - Autre;Aldehydes - Other;Industrie chimique;5.0;2.0;;19.0;;=;26.0
291229;HS6;Autres;Aldehydes;;;;;;;;
2912291000;HS10;Phellandral aldehyde tetrahydrocuminique;Phellandral aldehyde tetrahydrocuminique;Industrie chimique;5.0;2.0;;19.0;;=;26.0
2912292000;HS10;Cyclocitrals a et b;Cyclocitrals a et b;Industrie chimique;5.0;2.0;;19.0;;=;26.0
2912299000;HS10;Autres - Autre;Aldehydes - Other;Industrie chimique;5.0;2.0;;19.0;;=;26.0
291241;HS6;Vanilline (aldéhyde méthylprotocatéchique);Aldehydes;;;;;;;;
2912411000;HS10;Vanilline (aldéhyde méthylprotocatéchique);Aldehydes;Industrie chimique;5.0;2.0;;19.0;;=;26.0
2912412000;HS10;Vanilline (aldéhyde méthylprotocatéchique);Aldehydes;Industrie chimique;5.0;2.0;;19.0;;=;26.0
2912419000;HS10;Vanilline (aldéhyde méthylprotocatéchique) - Autre;Aldehydes - Other;Industrie chimique;5.0;2.0;;19.0;;=;26.0
291242;HS6;Ethylvanilline (aldéhyde éthyprotocatéchique);Aldehydes;;;;;;;;
2912421000;HS10;Ethylvanilline (aldéhyde éthyprotocatéchique);Aldehydes;Industrie chimique;5.0;2.0;;19.0;;=;26.0
2912422000;HS10;Ethylvanilline (aldéhyde éthyprotocatéchique);Aldehydes;Industrie chimique;5.0;2.0;;19.0;;=;26.0
2912429000;HS10;Ethylvanilline (aldéhyde éthyprotocatéchique) - Autre;Aldehydes - Other;Industrie chimique;5.0;2.0;;19.0;;=;26.0
291249;HS6;Autres;Aldehyde-alcohols;;;;;;;;
2912491000;HS10;Autres;Aldehyde-alcohols;Industrie chimique;5.0;2.0;;19.0;;=;26.0
2912492000;HS10;Autres;Aldehyde-alcohols;Industrie chimique;5.0;2.0;;19.0;;=;26.0
2912499000;HS10;Autres - Autre;Aldehyde-alcohols - Other;Industrie chimique;5.0;2.0;;19.0;;=;26.0
291250;HS6;Polymères cycliques des aldéhydes;Aldehydes;;;;;;;;
2912501000;HS10;Trioxane trioxymethylene;Trioxane trioxymethylene;Industrie chimique;5.0;2.0;;19.0;;=;26.0
2912502000;HS10;Paraldehyde;Paraldehyde;Industrie chimique;5.0;2.0;;19.0;;=;26.0
2912509000;HS10;Polymères cycliques des aldéhydes - Autre;Aldehydes - Other;Industrie chimique;5.0;2.0;;19.0;;=;26.0
291260;HS6;Paraformaldéhyde;Paraformaldehyde;;;;;;;;
2912601000;HS10;Paraformaldéhyde;Paraformaldehyde;Industrie chimique;5.0;2.0;;19.0;;=;26.0
2912602000;HS10;Paraformaldéhyde;Paraformaldehyde;Industrie chimique;5.0;2.0;;19.0;;=;26.0
2912609000;HS10;Paraformaldéhyde - Autre;Paraformaldehyde - Other;Industrie chimique;5.0;2.0;;19.0;;=;26.0
2913;RANGEE 13;"Aldehydes; halogenated, sulphonated, nitrated or nitrosated derivatives of products of heading no. 2912";;;;;;;;;
291300;HS6;Dérivés halogénés;Aldehydes;;;;;;;;
2913001000;HS10;Chloral trichloro acetaldehyde;Chloral trichloro acetaldehyde;Industrie chimique;5.0;2.0;;19.0;;=;26.0
2913002000;HS10;Dérivés halogénés;Aldehydes;Industrie chimique;5.0;2.0;;19.0;;=;26.0
2913009000;HS10;Dérivés halogénés - Autre;Aldehydes - Other;Industrie chimique;5.0;2.0;;19.0;;=;26.0
2914;RANGEE 14;"Ketones and quinones; whether or not with other oxygen function, and their halogenated, sulphonated, nitrated or nitrostated derivatives";;;;;;;;;
291411;HS6;Acétone;Ketones;;;;;;;;
2914111000;HS10;Acétone;Ketones;Industrie chimique;5.0;2.0;;19.0;;=;26.0
2914112000;HS10;Acétone;Ketones;Industrie chimique;5.0;2.0;;19.0;;=;26.0
2914119000;HS10;Acétone - Autre;Ketones - Other;Industrie chimique;5.0;2.0;;19.0;;=;26.0
291412;HS6;Butanone (méthyléthylcétone);Ketones;;;;;;;;
2914121000;HS10;Butanone (méthyléthylcétone);Ketones;Industrie chimique;5.0;2.0;;19.0;;=;26.0
2914122000;HS10;Butanone (méthyléthylcétone);Ketones;Industrie chimique;5.0;2.0;;19.0;;=;26.0
2914129000;HS10;Butanone (méthyléthylcétone) - Autre;Ketones - Other;Industrie chimique;5.0;2.0;;19.0;;=;26.0
291413;HS6;4-Méthylpentane-2-one (méthylisobutylcétone);Ketones;;;;;;;;
2914131000;HS10;4-Méthylpentane-2-one (méthylisobutylcétone);Ketones;Industrie chimique;5.0;2.0;;19.0;;=;26.0
2914132000;HS10;4-Méthylpentane-2-one (méthylisobutylcétone);Ketones;Industrie chimique;5.0;2.0;;19.0;;=;26.0
2914139000;HS10;4-Méthylpentane-2-one (méthylisobutylcétone) - Autre;Ketones - Other;Industrie chimique;5.0;2.0;;19.0;;=;26.0
291419;HS6;Autres;Ketones;;;;;;;;
2914191000;HS10;Oxyde de mesityle;Oxyde de mesityle;Industrie chimique;5.0;2.0;;19.0;;=;26.0
2914192000;HS10;Pseudo ionones;Pseudo ionones;Industrie chimique;5.0;2.0;;19.0;;=;26.0
2914199000;HS10;Autres - Autre;Ketones - Other;Industrie chimique;5.0;2.0;;19.0;;=;26.0
291422;HS6;Cyclohexanone et méthycyclohexanones;Ketones;;;;;;;;
2914221000;HS10;Cyclohexanone;Cyclohexanone;Industrie chimique;5.0;2.0;;19.0;;=;26.0
2914222000;HS10;Methylcyclohexanones;Methylcyclohexanones;Industrie chimique;5.0;2.0;;19.0;;=;26.0
2914229000;HS10;Cyclohexanone et méthycyclohexanones - Autre;Ketones - Other;Industrie chimique;5.0;2.0;;19.0;;=;26.0
291423;HS6;Ionones et méthylionones;Ketones;;;;;;;;
2914231000;HS10;Ionones;Ionones;Industrie chimique;5.0;2.0;;19.0;;=;26.0
2914232000;HS10;Methylionones;Methylionones;Industrie chimique;5.0;2.0;;19.0;;=;26.0
2914239000;HS10;Ionones et méthylionones - Autre;Ketones - Other;Industrie chimique;5.0;2.0;;19.0;;=;26.0
291429;HS6;Autres;Ketones;;;;;;;;
2914291000;HS10;Camphre;Camphre;Industrie chimique;5.0;2.0;;19.0;;=;26.0
2914292000;HS10;Fenchone;Fenchone;Industrie chimique;5.0;2.0;;19.0;;=;26.0
2914299000;HS10;Autres - Autre;Ketones - Other;Industrie chimique;5.0;2.0;;19.0;;=;26.0
291431;HS6;Phénylacétone (phénylpropane-2-one);Ketones;;;;;;;;
2914311000;HS10;Phénylacétone (phénylpropane-2-one);Ketones;Industrie chimique;5.0;2.0;;19.0;;=;26.0
2914312000;HS10;Phénylacétone (phénylpropane-2-one);Ketones;Industrie chimique;5.0;2.0;;19.0;;=;26.0
2914319000;HS10;Phénylacétone (phénylpropane-2-one) - Autre;Ketones - Other;Industrie chimique;5.0;2.0;;19.0;;=;26.0
291439;HS6;Autres;Ketones;;;;;;;;
2914391000;HS10;Methylnaphtylcetone;Methylnaphtylcetone;Industrie chimique;5.0;2.0;;19.0;;=;26.0
2914392000;HS10;Acetophenone;Acetophenone;Industrie chimique;5.0;2.0;;19.0;;=;26.0
2914399000;HS10;Autres - Autre;Ketones - Other;Industrie chimique;5.0;2.0;;19.0;;=;26.0
291440;HS6;Cétones-alcools et cétones-aldéhydes;Ketone-alcohols and ketone-aldehydes;;;;;;;;
2914401000;HS10;Cétones-alcools et cétones-aldéhydes;Ketone-alcohols and ketone-aldehydes;Industrie chimique;5.0;2.0;;19.0;;=;26.0
2914402000;HS10;Cétones aldéhydes;Cétones aldéhydes;Industrie chimique;5.0;2.0;;19.0;;=;26.0
2914409000;HS10;Cétones-alcools et cétones-aldéhydes - Autre;Ketone-alcohols and ketone-aldehydes - Other;Industrie chimique;5.0;2.0;;19.0;;=;26.0
291450;HS6;Cétones-phénols et cétones contenant d'autres fonctions oxygénées;Ketone-phenols and ketones with other oxygen function;;;;;;;;
2914501000;HS10;Cétones phénols;Cétones phénols;Industrie chimique;5.0;2.0;;19.0;;=;26.0
2914502000;HS10;Cétones avec dautres fonctions oxygénées;Cétones avec dautres fonctions oxygénées;Industrie chimique;5.0;2.0;;19.0;;=;26.0
2914509000;HS10;Cétones-phénols et cétones contenant d'autres fonctions oxygénées - Autre;Ketone-phenols and ketones with other oxygen function - Other;Industrie chimique;5.0;2.0;;19.0;;=;26.0
291461;HS6;Anthraquinone;Quinones;;;;;;;;
2914611000;HS10;Anthraquinone;Quinones;Industrie chimique;5.0;2.0;;19.0;;=;26.0
2914612000;HS10;Anthraquinone;Quinones;Industrie chimique;5.0;2.0;;19.0;;=;26.0
2914619000;HS10;Anthraquinone - Autre;Quinones - Other;Industrie chimique;5.0;2.0;;19.0;;=;26.0
291462;HS6;Coenzyme Q10 (ubidécarénone (DCI));Quinones;;;;;;;;
2914621000;HS10;Coenzyme Q10 (ubidécarénone (DCI));Quinones;Industrie chimique;5.0;2.0;;19.0;;=;26.0
2914622000;HS10;Coenzyme Q10 (ubidécarénone (DCI));Quinones;Industrie chimique;5.0;2.0;;19.0;;=;26.0
2914629000;HS10;Coenzyme Q10 (ubidécarénone (DCI)) - Autre;Quinones - Other;Industrie chimique;5.0;2.0;;19.0;;=;26.0
291469;HS6;Autres;Quinones;;;;;;;;
2914691000;HS10;P benzoquinone quinone;P benzoquinone quinone;Industrie chimique;5.0;2.0;;19.0;;=;26.0
2914692000;HS10;14 naphtoquinone;14 naphtoquinone;Industrie chimique;5.0;2.0;;19.0;;=;26.0
2914699000;HS10;Autres - Autre;Quinones - Other;Industrie chimique;5.0;2.0;;19.0;;=;26.0
291471;HS6;Chlordécone (ISO);Ketones and quinones;;;;;;;;
2914711000;HS10;Chlordécone (ISO);Ketones and quinones;Industrie chimique;5.0;2.0;;19.0;;=;26.0
2914712000;HS10;Chlordécone (ISO);Ketones and quinones;Industrie chimique;5.0;2.0;;19.0;;=;26.0
2914719000;HS10;Chlordécone (ISO) - Autre;Ketones and quinones - Other;Industrie chimique;5.0;2.0;;19.0;;=;26.0
291479;HS6;Autres;Ketones and quinones;;;;;;;;
2914791000;HS10;Bromure de camphre;Bromure de camphre;Industrie chimique;5.0;2.0;;19.0;;=;26.0
2914792000;HS10;Musc cétone;Musc cétone;Industrie chimique;5.0;2.0;;19.0;;=;26.0
2914799000;HS10;Autres - Autre;Ketones and quinones - Other;Industrie chimique;5.0;2.0;;19.0;;=;26.0
2915;RANGEE 15;"Acids; saturated acyclic monocarboxylic acids and their anhydrides, halides, peroxides and peroxyacids; their halogenated, sulphonated, nitrated or nitrosated derivatives";;;;;;;;;
291511;HS6;Acide formique;Acids;;;;;;;;
2915111000;HS10;Acide formique;Acids;Industrie chimique;5.0;2.0;;19.0;;=;26.0
2915112000;HS10;Acide formique;Acids;Industrie chimique;5.0;2.0;;19.0;;=;26.0
2915119000;HS10;Acide formique - Autre;Acids - Other;Industrie chimique;5.0;2.0;;19.0;;=;26.0
291512;HS6;Sels de l'acide formique;Acids;;;;;;;;
2915121000;HS10;Formiate de sodium;Formiate de sodium;Industrie chimique;5.0;2.0;;19.0;;=;26.0
2915122000;HS10;Formiate de calcium;Formiate de calcium;Industrie chimique;5.0;2.0;;19.0;;=;26.0
2915129000;HS10;Sels de l'acide formique - Autre;Acids - Other;Industrie chimique;5.0;2.0;;19.0;;=;26.0
291513;HS6;Esters de l'acide formique;Acids;;;;;;;;
2915131000;HS10;Formiate de methyle;Formiate de methyle;Industrie chimique;5.0;2.0;;19.0;;=;26.0
2915132000;HS10;Formiate dethyle;Formiate dethyle;Industrie chimique;5.0;2.0;;19.0;;=;26.0
2915139000;HS10;Esters de l'acide formique - Autre;Acids - Other;Industrie chimique;5.0;2.0;;19.0;;=;26.0
291521;HS6;Acide acétique;Acids;;;;;;;;
2915211000;HS10;Acide acétique;Acids;Industrie chimique;5.0;2.0;;19.0;;=;26.0
2915212000;HS10;Acide acétique;Acids;Industrie chimique;5.0;2.0;;19.0;;=;26.0
2915219000;HS10;Acide acétique - Autre;Acids - Other;Industrie chimique;5.0;2.0;;19.0;;=;26.0
291524;HS6;Anhydride acétique;Acids;;;;;;;;
2915241000;HS10;Anhydride acétique;Acids;Industrie chimique;5.0;2.0;;19.0;;=;26.0
2915242000;HS10;Anhydride acétique;Acids;Industrie chimique;5.0;2.0;;19.0;;=;26.0
2915249000;HS10;Anhydride acétique - Autre;Acids - Other;Industrie chimique;5.0;2.0;;19.0;;=;26.0
291529;HS6;Autres;Acids;;;;;;;;
2915291000;HS10;Acetate de sodium;Acetate de sodium;Industrie chimique;5.0;2.0;;19.0;;=;26.0
2915292000;HS10;Acetates de cobalt;Acetates de cobalt;Industrie chimique;5.0;2.0;;19.0;;=;26.0
2915299000;HS10;Autres - Autre;Acids - Other;Industrie chimique;5.0;2.0;;19.0;;=;26.0
291531;HS6;Acétate d'éthyle;Acids;;;;;;;;
2915311000;HS10;Acétate d'éthyle;Acids;Industrie chimique;5.0;2.0;;19.0;;=;26.0
2915312000;HS10;Acétate d'éthyle;Acids;Industrie chimique;5.0;2.0;;19.0;;=;26.0
2915319000;HS10;Acétate d'éthyle - Autre;Acids - Other;Industrie chimique;5.0;2.0;;19.0;;=;26.0
291532;HS6;Acétate de vinyle;Acids;;;;;;;;
2915321000;HS10;Acétate de vinyle;Acids;Industrie chimique;5.0;2.0;;19.0;;=;26.0
2915322000;HS10;Acétate de vinyle;Acids;Industrie chimique;5.0;2.0;;19.0;;=;26.0
2915329000;HS10;Acétate de vinyle - Autre;Acids - Other;Industrie chimique;5.0;2.0;;19.0;;=;26.0
291533;HS6;Acétate de n-butyle;Acids;;;;;;;;
2915331000;HS10;Acétate de n-butyle;Acids;Industrie chimique;5.0;2.0;;19.0;;=;26.0
2915332000;HS10;Acétate de n-butyle;Acids;Industrie chimique;5.0;2.0;;19.0;;=;26.0
2915339000;HS10;Acétate de n-butyle - Autre;Acids - Other;Industrie chimique;5.0;2.0;;19.0;;=;26.0
291536;HS6;Acétate de dinosèbe (ISO);Acids;;;;;;;;
2915361000;HS10;Acétate de dinosèbe (ISO);Acids;Industrie chimique;5.0;2.0;;19.0;;=;26.0
2915362000;HS10;Acétate de dinosèbe (ISO);Acids;Industrie chimique;5.0;2.0;;19.0;;=;26.0
2915369000;HS10;Acétate de dinosèbe (ISO) - Autre;Acids - Other;Industrie chimique;5.0;2.0;;19.0;;=;26.0
291539;HS6;Autres;Acids;;;;;;;;
2915391000;HS10;Acetate disobutyle;Acetate disobutyle;Industrie chimique;5.0;2.0;;19.0;;=;26.0
2915392000;HS10;Acetate de 2 ethoxyethyle;Acetate de 2 ethoxyethyle;Industrie chimique;5.0;2.0;;19.0;;=;26.0
2915399000;HS10;Autres - Autre;Acids - Other;Industrie chimique;5.0;2.0;;19.0;;=;26.0
291540;HS6;Acides mono-;Acids;;;;;;;;
2915401000;HS10;Acides mono di ou trichloroacetiques leurs sels et leurs esters acide monochloroacetique;Acides mono di ou trichloroacetiques leurs sels et leurs esters acide monochloroacetique;Industrie chimique;5.0;2.0;;19.0;;=;26.0
2915402000;HS10;Acides mono di ou trichloroacetiques leurs sels et leurs esters acide dichloroacetique;Acides mono di ou trichloroacetiques leurs sels et leurs esters acide dichloroacetique;Industrie chimique;5.0;2.0;;19.0;;=;26.0
2915409000;HS10;Acides mono- - Autre;Acids - Other;Industrie chimique;5.0;2.0;;19.0;;=;26.0
291550;HS6;Acide propionique;Acids;;;;;;;;
2915501000;HS10;Acide propionique ses sels et ses esters acide propionique;Acide propionique ses sels et ses esters acide propionique;Industrie chimique;5.0;2.0;;19.0;;=;26.0
2915502000;HS10;Acide propionique ses sels et ses esters sels de lacide propionique;Acide propionique ses sels et ses esters sels de lacide propionique;Industrie chimique;5.0;2.0;;19.0;;=;26.0
2915509000;HS10;Acide propionique - Autre;Acids - Other;Industrie chimique;5.0;2.0;;19.0;;=;26.0
291560;HS6;Acides butanoïques;Acids;;;;;;;;
2915601000;HS10;Acides butanoiques acides pentanoiques leurs sels et leurs esters acides butanoiques;Acides butanoiques acides pentanoiques leurs sels et leurs esters acides butanoiques;Industrie chimique;5.0;2.0;;19.0;;=;26.0
2915602000;HS10;Acides butanoiques acides pentanoiques leurs sels et leurs esters selsdes acides butanoiques;Acides butanoiques acides pentanoiques leurs sels et leurs esters selsdes acides butanoiques;Industrie chimique;5.0;2.0;;19.0;;=;26.0
2915609000;HS10;Acides butanoïques - Autre;Acids - Other;Industrie chimique;5.0;2.0;;19.0;;=;26.0
291570;HS6;Acide palmitique;Acids;;;;;;;;
2915701000;HS10;Acide palmitique acide stearique leurs sels et leurs esters acide palmitique;Acide palmitique acide stearique leurs sels et leurs esters acide palmitique;Industrie chimique;5.0;2.0;;19.0;;=;26.0
2915702000;HS10;Acide palmitique acide stearique leurs sels et leurs esters sels de lacide palmitique;Acide palmitique acide stearique leurs sels et leurs esters sels de lacide palmitique;Industrie chimique;5.0;2.0;;19.0;;=;26.0
2915709000;HS10;Acide palmitique - Autre;Acids - Other;Industrie chimique;5.0;2.0;;19.0;;=;26.0
291590;HS6;Autres;Acids;;;;;;;;
2915901000;HS10;Autres chloroformiate dethyle chlorocarbonate dethyle;Autres chloroformiate dethyle chlorocarbonate dethyle;Industrie chimique;5.0;2.0;;19.0;;=;26.0
2915902000;HS10;Autres chlorure dacetyle;Autres chlorure dacetyle;Industrie chimique;5.0;2.0;;19.0;;=;26.0
2915909000;HS10;Autres - Autre;Acids - Other;Industrie chimique;5.0;2.0;;19.0;;=;26.0
2916;RANGEE 16;"Acids; unsaturated acyclic monocarboxylic, cyclic monocarboxylic, their anhydrides, halides, peroxides and peroxyacids; their halogenated, sulphonated, nitrated or nitrosated derivatives";;;;;;;;;
291611;HS6;Acide acrylique et ses sels;Acids;;;;;;;;
2916111000;HS10;Acides monocarboxyliques acycliques non satures leurs anhydrides halogenures peroxydes peroxyacides et leurs dérivés acide acrylique et ses sels acide acrylique;Acides monocarboxyliques acycliques non satures leurs anhydrides halogenures peroxydes peroxyacides et leurs derives acide acrylique et ses sels acide acrylique;Industrie chimique;5.0;2.0;;19.0;;=;26.0
2916112000;HS10;Acides monocarboxyliques acycliques non satures leurs anhydrides halogenures peroxydes peroxyacides et leurs dérivés acide acrylique et ses sels sels de lacide acrylique;Acides monocarboxyliques acycliques non satures leurs anhydrides halogenures peroxydes peroxyacides et leurs derives acide acrylique et ses sels sels de lacide acrylique;Industrie chimique;5.0;2.0;;19.0;;=;26.0
2916119000;HS10;Acide acrylique et ses sels - Autre;Acids - Other;Industrie chimique;5.0;2.0;;19.0;;=;26.0
291612;HS6;Esters de l'acide acrylique;Acids;;;;;;;;
2916121000;HS10;Acides monocarboxyliques acycliques non satures leurs anhydrides halogenures peroxydes peroxyacides et leurs dérivés esters de lacide acrylique acrylate de methyle;Acides monocarboxyliques acycliques non satures leurs anhydrides halogenures peroxydes peroxyacides et leurs derives esters de lacide acrylique acrylate de methyle;Industrie chimique;5.0;2.0;;19.0;;=;26.0
2916122000;HS10;Acides monocarboxyliques acycliques non satures leurs anhydrides halogenures peroxydes peroxyacides et leurs dérivés esters de lacide acrylique acrylate de butyle;Acides monocarboxyliques acycliques non satures leurs anhydrides halogenures peroxydes peroxyacides et leurs derives esters de lacide acrylique acrylate de butyle;Industrie chimique;5.0;2.0;;19.0;;=;26.0
2916129000;HS10;Esters de l'acide acrylique - Autre;Acids - Other;Industrie chimique;5.0;2.0;;19.0;;=;26.0
291613;HS6;Acide méthacrylique et ses sels;Acids;;;;;;;;
2916131000;HS10;Acides monocarboxyliques acycliques non satures leurs anhydrides halogenures peroxydes peroxyacides et leurs dérivés acide methacrylique et ses sels acide methacrylique;Acides monocarboxyliques acycliques non satures leurs anhydrides halogenures peroxydes peroxyacides et leurs derives acide methacrylique et ses sels acide methacrylique;Industrie chimique;5.0;2.0;;19.0;;=;26.0
2916132000;HS10;Acides monocarboxyliques acycliques non satures leurs anhydrides halogenures peroxydes peroxyacides et leurs dérivés acide methacrylique et ses sels sels de lacide methacrylique;Acides monocarboxyliques acycliques non satures leurs anhydrides halogenures peroxydes peroxyacides et leurs derives acide methacrylique et ses sels sels de lacide methacrylique;Industrie chimique;5.0;2.0;;19.0;;=;26.0
2916139000;HS10;Acide méthacrylique et ses sels - Autre;Acids - Other;Industrie chimique;5.0;2.0;;19.0;;=;26.0
291614;HS6;Esters de l'acide méthacrylique;Acids;;;;;;;;
2916141000;HS10;Esters de l'acide méthacrylique;Acids;Industrie chimique;5.0;2.0;;19.0;;=;26.0
2916142000;HS10;Esters de l'acide méthacrylique;Acids;Industrie chimique;5.0;2.0;;19.0;;=;26.0
2916149000;HS10;Esters de l'acide méthacrylique - Autre;Acids - Other;Industrie chimique;5.0;2.0;;19.0;;=;26.0
291615;HS6;Acide oléique;Acids;;;;;;;;
2916151000;HS10;Acides monocarboxyliques acycliques non satures leurs anhydrides halogenures peroxydes peroxyacides et leurs dérivés acides oleique linoleique ou linolenique leurs sels et leurs esters acide oleique et ses sels;Acides monocarboxyliques acycliques non satures leurs anhydrides halogenures peroxydes peroxyacides et leurs derives acides oleique linoleique ou linolenique leurs sels et leurs esters acide oleique et ses sels;Industrie chimique;5.0;2.0;;19.0;;=;26.0
2916152000;HS10;Acides monocarboxyliques acycliques non satures leurs anhydrides halogenures peroxydes peroxyacides et leurs dérivés acides oleique linoleique ou linolenique leurs sels et leurs esters esters de lacide oleique;Acides monocarboxyliques acycliques non satures leurs anhydrides halogenures peroxydes peroxyacides et leurs derives acides oleique linoleique ou linolenique leurs sels et leurs esters esters de lacide oleique;Industrie chimique;5.0;2.0;;19.0;;=;26.0
2916159000;HS10;Acide oléique - Autre;Acids - Other;Industrie chimique;5.0;2.0;;19.0;;=;26.0
291616;HS6;Binapacryl (ISO);Acids;;;;;;;;
2916161000;HS10;Binapacryl (ISO);Acids;Industrie chimique;5.0;2.0;;19.0;;=;26.0
2916162000;HS10;Binapacryl (ISO);Acids;Industrie chimique;5.0;2.0;;19.0;;=;26.0
2916169000;HS10;Binapacryl (ISO) - Autre;Acids - Other;Industrie chimique;5.0;2.0;;19.0;;=;26.0
291619;HS6;Autres;Acids;;;;;;;;
2916191000;HS10;Acides monocarboxyliques acycliques non satures leurs anhydrides halogenures peroxydes peroxyacides et leurs dérivés autres acides undeceoiniques leurs sels et leurs esters;Acides monocarboxyliques acycliques non satures leurs anhydrides halogenures peroxydes peroxyacides et leurs derives autres acides undeceoiniques leurs sels et leurs esters;Industrie chimique;5.0;2.0;;19.0;;=;26.0
2916192000;HS10;Acides monocarboxyliques acycliques non satures leurs anhydrides halogenures peroxydes peroxyacides et leurs dérivés autres acide sorbique;Acides monocarboxyliques acycliques non satures leurs anhydrides halogenures peroxydes peroxyacides et leurs derives autres acide sorbique;Industrie chimique;5.0;2.0;;19.0;;=;26.0
2916199000;HS10;Autres - Autre;Acids - Other;Industrie chimique;5.0;2.0;;19.0;;=;26.0
291620;HS6;Acides monocarboxyliques cyclaniques;Acids;;;;;;;;
2916201000;HS10;Acides monocarboxyliques cyclaniques cycleniques ou cycloterpeniques leurs anhydrides halogenures peroxydes peroxyacides et leurs dérivés acide cyclohexanecarboxylique;Acides monocarboxyliques cyclaniques cycleniques ou cycloterpeniques leurs anhydrides halogenures peroxydes peroxyacides et leurs derives acide cyclohexanecarboxylique;Industrie chimique;5.0;2.0;;19.0;;=;26.0
2916202000;HS10;Acides monocarboxyliques cyclaniques cycleniques ou cycloterpeniques leurs anhydrides halogenures peroxydes peroxyacides et leurs dérivés acide cyclopentenylacetique;Acides monocarboxyliques cyclaniques cycleniques ou cycloterpeniques leurs anhydrides halogenures peroxydes peroxyacides et leurs derives acide cyclopentenylacetique;Industrie chimique;5.0;2.0;;19.0;;=;26.0
2916209000;HS10;Acides monocarboxyliques cyclaniques - Autre;Acids - Other;Industrie chimique;5.0;2.0;;19.0;;=;26.0
291631;HS6;Acide benzoïque;Acids;;;;;;;;
2916311000;HS10;Acides monocarboxyliques aromatiques leurs anhydrides halogenures peroxydes peroxyacides et leurs dérivés acide benzoique ses sels et ses esters acide benzoique;Acides monocarboxyliques aromatiques leurs anhydrides halogenures peroxydes peroxyacides et leurs derives acide benzoique ses sels et ses esters acide benzoique;Industrie chimique;5.0;2.0;;19.0;;=;26.0
2916312000;HS10;Acide benzoïque;Acids;Industrie chimique;5.0;2.0;;19.0;;=;26.0
2916319000;HS10;Acide benzoïque - Autre;Acids - Other;Industrie chimique;5.0;2.0;;19.0;;=;26.0
291632;HS6;Peroxyde de benzoyle et chlorure de benzoyle;Acids;;;;;;;;
2916321000;HS10;Acides monocarboxyliques aromatiques leurs anhydrides halogenures peroxydes peroxyacides et leurs dérivés peroxyde de benzoyle et chlorure de benzoyle peroxyde de benzoyle;Acides monocarboxyliques aromatiques leurs anhydrides halogenures peroxydes peroxyacides et leurs derives peroxyde de benzoyle et chlorure de benzoyle peroxyde de benzoyle;Industrie chimique;5.0;2.0;;19.0;;=;26.0
2916322000;HS10;Acides monocarboxyliques aromatiques leurs anhydrides halogenures peroxydes peroxyacides et leurs dérivés peroxyde de benzoyle et chlorure de benzoyle chlorure de benzoyle;Acides monocarboxyliques aromatiques leurs anhydrides halogenures peroxydes peroxyacides et leurs derives peroxyde de benzoyle et chlorure de benzoyle chlorure de benzoyle;Industrie chimique;5.0;2.0;;19.0;;=;26.0
2916329000;HS10;Peroxyde de benzoyle et chlorure de benzoyle - Autre;Acids - Other;Industrie chimique;5.0;2.0;;19.0;;=;26.0
291634;HS6;Acide phénylécatique et ses sels;Acids;;;;;;;;
2916341000;HS10;Acides monocarboxyliques aromatiques leurs anhydrides halogenures peroxydes peroxyacides et leurs dérivés acide phenylacetique et ses sels acide phenylacetique;Acides monocarboxyliques aromatiques leurs anhydrides halogenures peroxydes peroxyacides et leurs derives acide phenylacetique et ses sels acide phenylacetique;Industrie chimique;5.0;2.0;;19.0;;=;26.0
2916342000;HS10;Acides monocarboxyliques aromatiques leurs anhydrides halogenures peroxydes peroxyacides et leurs dérivés acide phenylacetique et ses sels sels de lacide phenylacetique;Acides monocarboxyliques aromatiques leurs anhydrides halogenures peroxydes peroxyacides et leurs derives acide phenylacetique et ses sels sels de lacide phenylacetique;Industrie chimique;5.0;2.0;;19.0;;=;26.0
2916349000;HS10;Acide phénylécatique et ses sels - Autre;Acids - Other;Industrie chimique;5.0;2.0;;19.0;;=;26.0
291639;HS6;Autres;Acids;;;;;;;;
2916391000;HS10;Acides monocarboxyliques aromatiques leurs anhydrides halogenures peroxydes peroxyacides et leurs dérivés autres esters de lacide phenylacetique;Acides monocarboxyliques aromatiques leurs anhydrides halogenures peroxydes peroxyacides et leurs derives autres esters de lacide phenylacetique;Industrie chimique;5.0;2.0;;19.0;;=;26.0
2916392000;HS10;Acides monocarboxyliques aromatiques leurs anhydrides halogenures peroxydes peroxyacides et leurs dérivés autres acides nitrobenzoiques o m p;Acides monocarboxyliques aromatiques leurs anhydrides halogenures peroxydes peroxyacides et leurs derives autres acides nitrobenzoiques o m p;Industrie chimique;5.0;2.0;;19.0;;=;26.0
2916399000;HS10;Autres - Autre;Acids - Other;Industrie chimique;5.0;2.0;;19.0;;=;26.0
2917;RANGEE 17;"Acids; polycarboxylic acids, their anhydrides, halides, peroxides and peroxy-acids; their halogenated, sulphonated, nitrated or nitrosated derivatives";;;;;;;;;
291711;HS6;Acide oxalique;Acids;;;;;;;;
2917111000;HS10;Acides polycarboxyliques acycliques leurs anhydrides halogenures peroxydes peroxyacides et leurs dérivés acide oxalique ses sels et ses esters acide oxalique;Acides polycarboxyliques acycliques leurs anhydrides halogenures peroxydes peroxyacides et leurs derives acide oxalique ses sels et ses esters acide oxalique;Industrie chimique;5.0;2.0;;19.0;;=;26.0
2917112000;HS10;Acide oxalique;Acids;Industrie chimique;5.0;2.0;;19.0;;=;26.0
2917119000;HS10;Acide oxalique - Autre;Acids - Other;Industrie chimique;5.0;2.0;;19.0;;=;26.0
291712;HS6;Acide adipique;Acids;;;;;;;;
2917121000;HS10;Acides polycarboxyliques acycliques leurs anhydrides halogenures peroxydes peroxyacides et leurs dérivés acide adipique ses sels et ses esters acide adipique;Acides polycarboxyliques acycliques leurs anhydrides halogenures peroxydes peroxyacides et leurs derives acide adipique ses sels et ses esters acide adipique;Industrie chimique;5.0;2.0;;19.0;;=;26.0
2917122000;HS10;Acides polycarboxyliques acycliques leurs anhydrides halogenures peroxydes peroxyacides et leurs dérivés acide adipique ses sels et ses esters sels de lacide adipique;Acides polycarboxyliques acycliques leurs anhydrides halogenures peroxydes peroxyacides et leurs derives acide adipique ses sels et ses esters sels de lacide adipique;Industrie chimique;5.0;2.0;;19.0;;=;26.0
2917129000;HS10;Acide adipique - Autre;Acids - Other;Industrie chimique;5.0;2.0;;19.0;;=;26.0
291713;HS6;Acide azélaïque;Acids;;;;;;;;
2917131000;HS10;Acides polycarboxyliques acycliques leurs anhydrides halogenures peroxydes peroxyacides et leurs dérivés acide azelaique acide sebacique leurs sels et leurs esters acide azelaique;Acides polycarboxyliques acycliques leurs anhydrides halogenures peroxydes peroxyacides et leurs derives acide azelaique acide sebacique leurs sels et leurs esters acide azelaique;Industrie chimique;5.0;2.0;;19.0;;=;26.0
2917132000;HS10;Acides polycarboxyliques acycliques leurs anhydrides halogenures peroxydes peroxyacides et leurs dérivés acide azelaique acide sebacique leurs sels et leurs esters sels de lacide azelaique;Acides polycarboxyliques acycliques leurs anhydrides halogenures peroxydes peroxyacides et leurs derives acide azelaique acide sebacique leurs sels et leurs esters sels de lacide azelaique;Industrie chimique;5.0;2.0;;19.0;;=;26.0
2917139000;HS10;Acide azélaïque - Autre;Acids - Other;Industrie chimique;5.0;2.0;;19.0;;=;26.0
291714;HS6;Anhydride maléique;Acids;;;;;;;;
2917141000;HS10;Anhydride maléique;Acids;Industrie chimique;5.0;2.0;;19.0;;=;26.0
2917142000;HS10;Anhydride maléique;Acids;Industrie chimique;5.0;2.0;;19.0;;=;26.0
2917149000;HS10;Anhydride maléique - Autre;Acids - Other;Industrie chimique;5.0;2.0;;19.0;;=;26.0
291719;HS6;Autres;Acids;;;;;;;;
2917191000;HS10;Acides polycarboxyliques acycliques leurs anhydrides halogenures peroxydes peroxyacides et leurs dérivés autres acide maleique;Acides polycarboxyliques acycliques leurs anhydrides halogenures peroxydes peroxyacides et leurs derives autres acide maleique;Industrie chimique;5.0;2.0;;19.0;;=;26.0
2917192000;HS10;Acides polycarboxyliques acycliques leurs anhydrides halogenures peroxydes peroxyacides et leurs dérivés autres acide malonique ses sels et ses esters;Acides polycarboxyliques acycliques leurs anhydrides halogenures peroxydes peroxyacides et leurs derives autres acide malonique ses sels et ses esters;Industrie chimique;5.0;2.0;;19.0;;=;26.0
2917199000;HS10;Autres - Autre;Acids - Other;Industrie chimique;5.0;2.0;;19.0;;=;26.0
291720;HS6;Acides polycarboxyliques cyclaniques;Acids;;;;;;;;
2917201000;HS10;Acides polycarboxyliques cyclaniques;Acids;Industrie chimique;5.0;2.0;;19.0;;=;26.0
2917202000;HS10;Acides polycarboxyliques cyclaniques;Acids;Industrie chimique;5.0;2.0;;19.0;;=;26.0
2917209000;HS10;Acides polycarboxyliques cyclaniques - Autre;Acids - Other;Industrie chimique;5.0;2.0;;19.0;;=;26.0
291732;HS6;Orthophtalates de dioctyle;Acids;;;;;;;;
2917321000;HS10;Orthophtalates de dioctyle;Acids;Industrie chimique;5.0;2.0;;19.0;;=;26.0
2917322000;HS10;Orthophtalates de dioctyle;Acids;Industrie chimique;5.0;2.0;;19.0;;=;26.0
2917329000;HS10;Orthophtalates de dioctyle - Autre;Acids - Other;Industrie chimique;5.0;2.0;;19.0;;=;26.0
291733;HS6;Orthophtalates de dinonyle ou de didécyle;Acids;;;;;;;;
2917331000;HS10;Orthophtalates de dinonyle ou de didécyle;Acids;Industrie chimique;5.0;2.0;;19.0;;=;26.0
2917332000;HS10;Orthophtalates de dinonyle ou de didécyle;Acids;Industrie chimique;5.0;2.0;;19.0;;=;26.0
2917339000;HS10;Orthophtalates de dinonyle ou de didécyle - Autre;Acids - Other;Industrie chimique;5.0;2.0;;19.0;;=;26.0
291734;HS6;Autres esters de l'acide orthophtalique;Acids;;;;;;;;
2917341000;HS10;Acides polycarboxyliques aromatiques leurs anhydrides halogenures peroxydes peroxyacides et leurs dérivés autres esters de lacide orthophtalique orthophtalates de dibutyle;Acides polycarboxyliques aromatiques leurs anhydrides halogenures peroxydes peroxyacides et leurs derives autres esters de lacide orthophtalique orthophtalates de dibutyle;Industrie chimique;5.0;2.0;;19.0;;=;26.0
2917342000;HS10;Acides polycarboxyliques aromatiques leurs anhydrides halogenures peroxydes peroxyacides et leurs dérivés autres esters de lacide orthophtalique orthophtalate de dimethyle;Acides polycarboxyliques aromatiques leurs anhydrides halogenures peroxydes peroxyacides et leurs derives autres esters de lacide orthophtalique orthophtalate de dimethyle;Industrie chimique;5.0;2.0;;19.0;;=;26.0
2917349000;HS10;Autres esters de l'acide orthophtalique - Autre;Acids - Other;Industrie chimique;5.0;2.0;;19.0;;=;26.0
291735;HS6;Anhydride phtalique;Acids;;;;;;;;
2917351000;HS10;Anhydride phtalique;Acids;Industrie chimique;5.0;2.0;;19.0;;=;26.0
2917352000;HS10;Anhydride phtalique;Acids;Industrie chimique;5.0;2.0;;19.0;;=;26.0
2917359000;HS10;Anhydride phtalique - Autre;Acids - Other;Industrie chimique;5.0;2.0;;19.0;;=;26.0
291736;HS6;Acide téréphtalique et ses sels;Acids;;;;;;;;
2917361000;HS10;Acide téréphtalique et ses sels;Acids;Industrie chimique;5.0;2.0;;19.0;;=;26.0
2917362000;HS10;Acide téréphtalique et ses sels;Acids;Industrie chimique;5.0;2.0;;19.0;;=;26.0
2917369000;HS10;Acide téréphtalique et ses sels - Autre;Acids - Other;Industrie chimique;5.0;2.0;;19.0;;=;26.0
291737;HS6;Téréphtalate de diméthyle;Acids;;;;;;;;
2917371000;HS10;Téréphtalate de diméthyle;Acids;Industrie chimique;5.0;2.0;;19.0;;=;26.0
2917372000;HS10;Téréphtalate de diméthyle;Acids;Industrie chimique;5.0;2.0;;19.0;;=;26.0
2917379000;HS10;Téréphtalate de diméthyle - Autre;Acids - Other;Industrie chimique;5.0;2.0;;19.0;;=;26.0
291739;HS6;Autres;Acids;;;;;;;;
2917391000;HS10;Acides polycarboxyliques aromatiques leurs anhydrides halogenures peroxydes peroxyacides et leurs dérivés autres acides dichlorophtaliques et tetrachlorophtaliques;Acides polycarboxyliques aromatiques leurs anhydrides halogenures peroxydes peroxyacides et leurs derives autres acides dichlorophtaliques et tetrachlorophtaliques;Industrie chimique;5.0;2.0;;19.0;;=;26.0
2917392000;HS10;Acides polycarboxyliques aromatiques leurs anhydrides halogenures peroxydes peroxyacides et leurs dérivés autres esters de lacide terephtalique;Acides polycarboxyliques aromatiques leurs anhydrides halogenures peroxydes peroxyacides et leurs derives autres esters de lacide terephtalique;Industrie chimique;5.0;2.0;;19.0;;=;26.0
2917399000;HS10;Autres - Autre;Acids - Other;Industrie chimique;5.0;2.0;;19.0;;=;26.0
2918;RANGEE 18;"Acids; carboxylic acid with additional oxygen function and their anhydrides, halides, peroxides, peroxyacids; their halogenated, sulphonated, nitrated or nitrosated derivatives";;;;;;;;;
291811;HS6;Acide lactique;Acids;;;;;;;;
2918111000;HS10;Acides carboxyliques a fonction alcool mais sans autre fonction oxygenee leurs anhydrides halogenures peroxydes peroxyacides et leurs dérivés acide lactique ses sels et ses esters acide lactique;Acides carboxyliques a fonction alcool mais sans autre fonction oxygenee leurs anhydrides halogenures peroxydes peroxyacides et leurs derives acide lactique ses sels et ses esters acide lactique;Industrie chimique;5.0;2.0;;19.0;;=;26.0
2918112000;HS10;Acide lactique;Acids;Industrie chimique;5.0;2.0;;19.0;;=;26.0
2918119000;HS10;Acide lactique - Autre;Acids - Other;Industrie chimique;5.0;2.0;;19.0;;=;26.0
291812;HS6;Acide tartrique;Acids;;;;;;;;
2918121000;HS10;Acide tartrique;Acids;Industrie chimique;5.0;2.0;;19.0;;=;26.0
2918122000;HS10;Acide tartrique;Acids;Industrie chimique;5.0;2.0;;19.0;;=;26.0
2918129000;HS10;Acide tartrique - Autre;Acids - Other;Industrie chimique;5.0;2.0;;19.0;;=;26.0
291813;HS6;Sels et esters de l'acide tartrique;Acids;;;;;;;;
2918131000;HS10;Sels et esters de l'acide tartrique;Acids;Industrie chimique;5.0;2.0;;19.0;;=;26.0
2918132000;HS10;Sels et esters de l'acide tartrique;Acids;Industrie chimique;5.0;2.0;;19.0;;=;26.0
2918139000;HS10;Sels et esters de l'acide tartrique - Autre;Acids - Other;Industrie chimique;5.0;2.0;;19.0;;=;26.0
291814;HS6;Acide citrique;Acids;;;;;;;;
2918141000;HS10;Acide citrique;Acids;Industrie chimique;5.0;2.0;;19.0;;=;26.0
2918142000;HS10;Acide citrique;Acids;Industrie chimique;5.0;2.0;;19.0;;=;26.0
2918149000;HS10;Acide citrique - Autre;Acids - Other;Industrie chimique;5.0;2.0;;19.0;;=;26.0
291815;HS6;Sels et esters de l'acide citrique;Acids;;;;;;;;
2918151000;HS10;Sels et esters de l'acide citrique;Acids;Industrie chimique;5.0;2.0;;19.0;;=;26.0
2918152000;HS10;Sels et esters de l'acide citrique;Acids;Industrie chimique;5.0;2.0;;19.0;;=;26.0
2918159000;HS10;Sels et esters de l'acide citrique - Autre;Acids - Other;Industrie chimique;5.0;2.0;;19.0;;=;26.0
291816;HS6;Acide gluconique;Acids;;;;;;;;
2918161000;HS10;Acides carboxyliques a fonction alcool mais sans autre fonction oxygenee leurs anhydrides halogenures peroxydes peroxyacides et leurs dérivés acide gluconique ses sels et ses esters acide gluconique;Acides carboxyliques a fonction alcool mais sans autre fonction oxygenee leurs anhydrides halogenures peroxydes peroxyacides et leurs derives acide gluconique ses sels et ses esters acide gluconique;Industrie chimique;5.0;2.0;;19.0;;=;26.0
2918162000;HS10;Acides carboxyliques a fonction alcool mais sans autre fonction oxygenee leurs anhydrides halogenures peroxydes peroxyacides et leurs dérivés acide gluconique ses sels et ses esters sels et ses esters de lacide gluconique;Acides carboxyliques a fonction alcool mais sans autre fonction oxygenee leurs anhydrides halogenures peroxydes peroxyacides et leurs derives acide gluconique ses sels et ses esters sels et ses esters de lacide gluconique;Industrie chimique;5.0;2.0;;19.0;;=;26.0
2918169000;HS10;Acide gluconique - Autre;Acids - Other;Industrie chimique;5.0;2.0;;19.0;;=;26.0
291817;HS6;Acide 2;Acids;;;;;;;;
2918171000;HS10;Acide 2;Acids;Industrie chimique;5.0;2.0;;19.0;;=;26.0
2918172000;HS10;Acide 2;Acids;Industrie chimique;5.0;2.0;;19.0;;=;26.0
2918179000;HS10;Acide 2 - Autre;Acids - Other;Industrie chimique;5.0;2.0;;19.0;;=;26.0
291818;HS6;Chlorobenzilate (ISO);Acids;;;;;;;;
2918181000;HS10;Chlorobenzilate (ISO);Acids;Industrie chimique;5.0;2.0;;19.0;;=;26.0
2918182000;HS10;Chlorobenzilate (ISO);Acids;Industrie chimique;5.0;2.0;;19.0;;=;26.0
2918189000;HS10;Chlorobenzilate (ISO) - Autre;Acids - Other;Industrie chimique;5.0;2.0;;19.0;;=;26.0
291819;HS6;Autres;Acids;;;;;;;;
2918191000;HS10;Autres;Acids;Industrie chimique;5.0;2.0;;19.0;;=;26.0
2918192000;HS10;Acides carboxyliques a fonction alcool mais sans autre fonction oxygenee leurs anhydrides halogenures peroxydes peroxyacides et leurs dérivés autres acide phenylglycolique acide mandelique ses sels et ses esters;Acides carboxyliques a fonction alcool mais sans autre fonction oxygenee leurs anhydrides halogenures peroxydes peroxyacides et leurs derives autres acide phenylglycolique acide mandelique ses sels et ses esters;Industrie chimique;5.0;2.0;;19.0;;=;26.0
2918199000;HS10;Autres - Autre;Acids - Other;Industrie chimique;5.0;2.0;;19.0;;=;26.0
291821;HS6;Acide salicylique et ses sels;Acids;;;;;;;;
2918211000;HS10;Acides carboxyliques a fonction phenol mais sans autre fonction oxygenee leurs anhydrides halogenures peroxydes peroxyacides et leurs dérivés acide salicylique et ses sels acide salicylique;Acides carboxyliques a fonction phenol mais sans autre fonction oxygenee leurs anhydrides halogenures peroxydes peroxyacides et leurs derives acide salicylique et ses sels acide salicylique;Industrie chimique;5.0;2.0;;19.0;;=;26.0
2918212000;HS10;Acide salicylique et ses sels;Acids;Industrie chimique;5.0;2.0;;19.0;;=;26.0
2918219000;HS10;Acide salicylique et ses sels - Autre;Acids - Other;Industrie chimique;5.0;2.0;;19.0;;=;26.0
291822;HS6;Acide O-acétylsalicylique;Acids;;;;;;;;
2918221000;HS10;Acide O-acétylsalicylique;Acids;Industrie chimique;5.0;2.0;;19.0;;=;26.0
2918222000;HS10;Acide O-acétylsalicylique;Acids;Industrie chimique;5.0;2.0;;19.0;;=;26.0
2918229000;HS10;Acide O-acétylsalicylique - Autre;Acids - Other;Industrie chimique;5.0;2.0;;19.0;;=;26.0
291823;HS6;Autres esters de l'acide salicylique et leurs sels;Acids;;;;;;;;
2918231000;HS10;Acides carboxyliques a fonction phenol mais sans autre fonction oxygenee leurs anhydrides halogenures peroxydes peroxyacides et leurs dérivés autres esters de lacide salicylique et leurs sels salicylate de methyle;Acides carboxyliques a fonction phenol mais sans autre fonction oxygenee leurs anhydrides halogenures peroxydes peroxyacides et leurs derives autres esters de lacide salicylique et leurs sels salicylate de methyle;Industrie chimique;5.0;2.0;;19.0;;=;26.0
2918232000;HS10;Acides carboxyliques a fonction phenol mais sans autre fonction oxygenee leurs anhydrides halogenures peroxydes peroxyacides et leurs dérivés autres esters de lacide salicylique et leurs sels salicylate de phenyle salol;Acides carboxyliques a fonction phenol mais sans autre fonction oxygenee leurs anhydrides halogenures peroxydes peroxyacides et leurs derives autres esters de lacide salicylique et leurs sels salicylate de phenyle salol;Industrie chimique;5.0;2.0;;19.0;;=;26.0
2918239000;HS10;Autres esters de l'acide salicylique et leurs sels - Autre;Acids - Other;Industrie chimique;5.0;2.0;;19.0;;=;26.0
291829;HS6;Autres;Acids;;;;;;;;
2918291000;HS10;Autres;Acids;Industrie chimique;5.0;2.0;;19.0;;=;26.0
2918292000;HS10;Autres;Acids;Industrie chimique;5.0;2.0;;19.0;;=;26.0
2918299000;HS10;Autres - Autre;Acids - Other;Industrie chimique;5.0;2.0;;19.0;;=;26.0
291830;HS6;Acides carboxyliques à fonction aldéhyde ou cétone mais sans autre fonction oxygénée;Acids;;;;;;;;
2918301000;HS10;Acides carboxyliques a fonction aldehyde ou cetone mais sans autre fonction oxygenee leurs anhydrides halogenures peroxydes peroxyacides et leurs dérivés acides aldehydes;Acides carboxyliques a fonction aldehyde ou cetone mais sans autre fonction oxygenee leurs anhydrides halogenures peroxydes peroxyacides et leurs derives acides aldehydes;Industrie chimique;5.0;2.0;;19.0;;=;26.0
2918302000;HS10;Acides carboxyliques a fonction aldehyde ou cetone mais sans autre fonction oxygenee leurs anhydrides halogenures peroxydes peroxyacides et leurs dérivés acides cetones;Acides carboxyliques a fonction aldehyde ou cetone mais sans autre fonction oxygenee leurs anhydrides halogenures peroxydes peroxyacides et leurs derives acides cetones;Industrie chimique;5.0;2.0;;19.0;;=;26.0
2918309000;HS10;Acides carboxyliques à fonction aldéhyde ou cétone mais sans autre fonction oxygénée - Autre;Acids - Other;Industrie chimique;5.0;2.0;;19.0;;=;26.0
291891;HS6;2;Acids;;;;;;;;
2918911000;HS10;2;Acids;Industrie chimique;5.0;2.0;;19.0;;=;26.0
2918912000;HS10;2;Acids;Industrie chimique;5.0;2.0;;19.0;;=;26.0
2918919000;HS10;2 - Autre;Acids - Other;Industrie chimique;5.0;2.0;;19.0;;=;26.0
291899;HS6;Autres;Acids;;;;;;;;
2918991000;HS10;Autres autres acide 26 dimethoxybenzoique;Autres autres acide 26 dimethoxybenzoique;Industrie chimique;5.0;2.0;;19.0;;=;26.0
2918992000;HS10;Autres autres dicamba iso;Autres autres dicamba iso;Industrie chimique;5.0;2.0;;19.0;;=;26.0
2918999000;HS10;Autres - Autre;Acids - Other;Industrie chimique;5.0;2.0;;19.0;;=;26.0
2919;RANGEE 19;"Esters; phosphoric, and their salts, including lactophosphates, their halogenated, sulphonated, nitrated or nitrosated derivatives";;;;;;;;;
291910;HS6;Phosphate de tris(2;Esters;;;;;;;;
2919101000;HS10;Phosphate de tris(2;Esters;Industrie chimique;5.0;2.0;;19.0;;=;26.0
2919102000;HS10;Phosphate de tris(2;Esters;Industrie chimique;5.0;2.0;;19.0;;=;26.0
2919109000;HS10;Phosphate de tris(2 - Autre;Esters - Other;Industrie chimique;5.0;2.0;;19.0;;=;26.0
291990;HS6;Autres;Esters;;;;;;;;
2919901000;HS10;Autres acide glycerophosphorique;Autres acide glycerophosphorique;Industrie chimique;5.0;2.0;;19.0;;=;26.0
2919902000;HS10;Autres;Esters;Industrie chimique;5.0;2.0;;19.0;;=;26.0
2919909000;HS10;Autres - Autre;Esters - Other;Industrie chimique;5.0;2.0;;19.0;;=;26.0
2920;RANGEE 20;Esters of other inorganic acids of non-metals (other than of hydrogen halides) and their salts, their halogenated, sulphonated, nitrated or nitrosated derivatives;;;;;;;;;
292011;HS6;Parathion (ISO) et parathion-méthyle (ISO) (méthyle parathion);Esters;;;;;;;;
2920111000;HS10;Parathion (ISO) et parathion-méthyle (ISO) (méthyle parathion);Esters;Industrie chimique;5.0;2.0;;19.0;;=;26.0
2920112000;HS10;Parathion (ISO) et parathion-méthyle (ISO) (méthyle parathion);Esters;Industrie chimique;5.0;2.0;;19.0;;=;26.0
2920119000;HS10;Parathion (ISO) et parathion-méthyle (ISO) (méthyle parathion) - Autre;Esters - Other;Industrie chimique;5.0;2.0;;19.0;;=;26.0
292019;HS6;Autres;Esters;;;;;;;;
2920191000;HS10;Autres;Esters;Industrie chimique;5.0;2.0;;19.0;;=;26.0
2920192000;HS10;Autres;Esters;Industrie chimique;5.0;2.0;;19.0;;=;26.0
2920199000;HS10;Autres - Autre;Esters - Other;Industrie chimique;5.0;2.0;;19.0;;=;26.0
292021;HS6;Phosphite de diméthyle;Esters;;;;;;;;
2920211000;HS10;Phosphite de diméthyle;Esters;Industrie chimique;5.0;2.0;;19.0;;=;26.0
2920212000;HS10;Phosphite de diméthyle;Esters;Industrie chimique;5.0;2.0;;19.0;;=;26.0
2920219000;HS10;Phosphite de diméthyle - Autre;Esters - Other;Industrie chimique;5.0;2.0;;19.0;;=;26.0
292022;HS6;Phosphite de diéthyle;Esters;;;;;;;;
2920221000;HS10;Phosphite de diéthyle;Esters;Industrie chimique;5.0;2.0;;19.0;;=;26.0
2920222000;HS10;Phosphite de diéthyle;Esters;Industrie chimique;5.0;2.0;;19.0;;=;26.0
2920229000;HS10;Phosphite de diéthyle - Autre;Esters - Other;Industrie chimique;5.0;2.0;;19.0;;=;26.0
292023;HS6;Phosphite de triméthyle;Esters;;;;;;;;
2920231000;HS10;Phosphite de triméthyle;Esters;Industrie chimique;5.0;2.0;;19.0;;=;26.0
2920232000;HS10;Phosphite de triméthyle;Esters;Industrie chimique;5.0;2.0;;19.0;;=;26.0
2920239000;HS10;Phosphite de triméthyle - Autre;Esters - Other;Industrie chimique;5.0;2.0;;19.0;;=;26.0
292024;HS6;Phosphite de triéthyle;Esters;;;;;;;;
2920241000;HS10;Phosphite de triéthyle;Esters;Industrie chimique;5.0;2.0;;19.0;;=;26.0
2920242000;HS10;Phosphite de triéthyle;Esters;Industrie chimique;5.0;2.0;;19.0;;=;26.0
2920249000;HS10;Phosphite de triéthyle - Autre;Esters - Other;Industrie chimique;5.0;2.0;;19.0;;=;26.0
292029;HS6;Autres;Esters;;;;;;;;
2920291000;HS10;Autres;Esters;Industrie chimique;5.0;2.0;;19.0;;=;26.0
2920292000;HS10;Autres;Esters;Industrie chimique;5.0;2.0;;19.0;;=;26.0
2920299000;HS10;Autres - Autre;Esters - Other;Industrie chimique;5.0;2.0;;19.0;;=;26.0
292030;HS6;Endosulfan (ISO);Esters;;;;;;;;
2920301000;HS10;Endosulfan (ISO);Esters;Industrie chimique;5.0;2.0;;19.0;;=;26.0
2920302000;HS10;Endosulfan (ISO);Esters;Industrie chimique;5.0;2.0;;19.0;;=;26.0
2920309000;HS10;Endosulfan (ISO) - Autre;Esters - Other;Industrie chimique;5.0;2.0;;19.0;;=;26.0
292090;HS6;Autres;Esters;;;;;;;;
2920901000;HS10;Autres esters et leurs sels de lacide silicique;Autres esters et leurs sels de lacide silicique;Industrie chimique;5.0;2.0;;19.0;;=;26.0
2920902000;HS10;Autres tetranitropentaerythritol;Autres tetranitropentaerythritol;Industrie chimique;5.0;2.0;;19.0;;=;26.0
2920909000;HS10;Autres - Autre;Esters - Other;Industrie chimique;5.0;2.0;;19.0;;=;26.0
2921;RANGEE 21;Amine-function compounds;;;;;;;;;
292111;HS6;Mono-;Amine-function compounds;;;;;;;;
2921111000;HS10;Monoamines acycliques et leurs dérivéssels de ces produits mono di ou trimethylamine et leurs sels methylamine;Monoamines acycliques et leurs derivessels de ces produits mono di ou trimethylamine et leurs sels methylamine;Industrie chimique;5.0;2.0;;19.0;;=;26.0
2921112000;HS10;Monoamines acycliques et leurs dérivéssels de ces produits mono di ou trimethylamine et leurs sels dimethylamine;Monoamines acycliques et leurs derivessels de ces produits mono di ou trimethylamine et leurs sels dimethylamine;Industrie chimique;5.0;2.0;;19.0;;=;26.0
2921119000;HS10;Mono- - Autre;Amine-function compounds - Other;Industrie chimique;5.0;2.0;;19.0;;=;26.0
292112;HS6;Chlorhydrate de 2-chloroéthyl (N;Amine-function compounds;;;;;;;;
2921121000;HS10;Chlorhydrate de 2-chloroéthyl (N;Amine-function compounds;Industrie chimique;5.0;2.0;;19.0;;=;26.0
2921122000;HS10;Chlorhydrate de 2-chloroéthyl (N;Amine-function compounds;Industrie chimique;5.0;2.0;;19.0;;=;26.0
2921129000;HS10;Chlorhydrate de 2-chloroéthyl (N - Autre;Amine-function compounds - Other;Industrie chimique;5.0;2.0;;19.0;;=;26.0
292113;HS6;Chlorhydrate de 2-chloroéthyl (N;Amine-function compounds;;;;;;;;
2921131000;HS10;Chlorhydrate de 2-chloroéthyl (N;Amine-function compounds;Industrie chimique;5.0;2.0;;19.0;;=;26.0
2921132000;HS10;Chlorhydrate de 2-chloroéthyl (N;Amine-function compounds;Industrie chimique;5.0;2.0;;19.0;;=;26.0
2921139000;HS10;Chlorhydrate de 2-chloroéthyl (N - Autre;Amine-function compounds - Other;Industrie chimique;5.0;2.0;;19.0;;=;26.0
292114;HS6;Chlorhydrate de 2-chloroéthyl (N;Amine-function compounds;;;;;;;;
2921141000;HS10;Chlorhydrate de 2-chloroéthyl (N;Amine-function compounds;Industrie chimique;5.0;2.0;;19.0;;=;26.0
2921142000;HS10;Chlorhydrate de 2-chloroéthyl (N;Amine-function compounds;Industrie chimique;5.0;2.0;;19.0;;=;26.0
2921149000;HS10;Chlorhydrate de 2-chloroéthyl (N - Autre;Amine-function compounds - Other;Industrie chimique;5.0;2.0;;19.0;;=;26.0
292119;HS6;Autres;Amine-function compounds;;;;;;;;
2921191000;HS10;Monoamines acycliques et leurs dérivéssels de ces produits autres bis 2 chloroethyl ethylamine;Monoamines acycliques et leurs derivessels de ces produits autres bis 2 chloroethyl ethylamine;Industrie chimique;5.0;2.0;;19.0;;=;26.0
2921192000;HS10;Chlorméthine dci bis 2 chloroéthyl méthylamine;Chlorméthine dci bis 2 chloroéthyl méthylamine;Industrie chimique;5.0;2.0;;19.0;;=;26.0
2921199000;HS10;Autres - Autre;Amine-function compounds - Other;Industrie chimique;5.0;2.0;;19.0;;=;26.0
292121;HS6;Ethylénediamine et ses sels;Amine-function compounds;;;;;;;;
2921211000;HS10;Ethylénediamine et ses sels;Amine-function compounds;Industrie chimique;5.0;2.0;;19.0;;=;26.0
2921212000;HS10;Ethylénediamine et ses sels;Amine-function compounds;Industrie chimique;5.0;2.0;;19.0;;=;26.0
2921219000;HS10;Ethylénediamine et ses sels - Autre;Amine-function compounds - Other;Industrie chimique;5.0;2.0;;19.0;;=;26.0
292122;HS6;Hexaméthylènediamine et ses sels;Amine-function compounds;;;;;;;;
2921221000;HS10;Hexaméthylènediamine et ses sels;Amine-function compounds;Industrie chimique;5.0;2.0;;19.0;;=;26.0
2921222000;HS10;Hexaméthylènediamine et ses sels;Amine-function compounds;Industrie chimique;5.0;2.0;;19.0;;=;26.0
2921229000;HS10;Hexaméthylènediamine et ses sels - Autre;Amine-function compounds - Other;Industrie chimique;5.0;2.0;;19.0;;=;26.0
292129;HS6;Autres;Amine-function compounds;;;;;;;;
2921291000;HS10;Autres;Amine-function compounds;Industrie chimique;5.0;2.0;;19.0;;=;26.0
2921292000;HS10;Autres;Amine-function compounds;Industrie chimique;5.0;2.0;;19.0;;=;26.0
2921299000;HS10;Autres - Autre;Amine-function compounds - Other;Industrie chimique;5.0;2.0;;19.0;;=;26.0
292130;HS6;Monoamines et polyamines cyclaniques;sels de ces produits :;;;;;;;;
2921301000;HS10;Cyclohexylamine cyclohexyldiméthylamine et leurs sels;Cyclohexylamine cyclohexyldiméthylamine et leurs sels;Industrie chimique;5.0;2.0;;19.0;;=;26.0
2921302000;HS10;Cyclohex 13 ylènediamine 13 diaminocyclohexane;Cyclohex 13 ylènediamine 13 diaminocyclohexane;Industrie chimique;5.0;2.0;;19.0;;=;26.0
2921309000;HS10;Monoamines et polyamines cyclaniques - Autre;sels de ces produits : - Other;Industrie chimique;5.0;2.0;;19.0;;=;26.0
292141;HS6;Aniline et ses sels;Amine-function compounds;;;;;;;;
2921411000;HS10;Aniline et ses sels;Amine-function compounds;Industrie chimique;5.0;2.0;;19.0;;=;26.0
2921412000;HS10;Aniline et ses sels;Amine-function compounds;Industrie chimique;5.0;2.0;;19.0;;=;26.0
2921419000;HS10;Aniline et ses sels - Autre;Amine-function compounds - Other;Industrie chimique;5.0;2.0;;19.0;;=;26.0
292142;HS6;Dérivés de l'aniline et leurs sels;Amine-function-compounds;;;;;;;;
2921421000;HS10;Monoamines aromatiques et leurs dérivés sels de ces produits dérivés de laniline et leurs sels chloroanilines;Monoamines aromatiques et leurs derives sels de ces produits derives de laniline et leurs sels chloroanilines;Industrie chimique;5.0;2.0;;19.0;;=;26.0
2921422000;HS10;Monoamines aromatiques et leurs dérivés sels de ces produits dérivés de laniline et leurs sels acides m et p aminobenzenesulfoniques;Monoamines aromatiques et leurs derives sels de ces produits derives de laniline et leurs sels acides m et p aminobenzenesulfoniques;Industrie chimique;5.0;2.0;;19.0;;=;26.0
2921429000;HS10;Dérivés de l'aniline et leurs sels - Autre;Amine-function-compounds - Other;Industrie chimique;5.0;2.0;;19.0;;=;26.0
292143;HS6;Toluidines et leurs dérivés;sels de ces produits;;;;;;;;
2921431000;HS10;Toluidines et leurs dérivés;sels de ces produits;Industrie chimique;5.0;2.0;;19.0;;=;26.0
2921432000;HS10;Toluidines et leurs dérivés;sels de ces produits;Industrie chimique;5.0;2.0;;19.0;;=;26.0
2921439000;HS10;Toluidines et leurs dérivés - Autre;sels de ces produits - Other;Industrie chimique;5.0;2.0;;19.0;;=;26.0
292144;HS6;Diphénylamine et ses dérivés;sels de ces produits;;;;;;;;
2921441000;HS10;Diphénylamine et ses dérivés;sels de ces produits;Industrie chimique;5.0;2.0;;19.0;;=;26.0
2921442000;HS10;Diphénylamine et ses dérivés;sels de ces produits;Industrie chimique;5.0;2.0;;19.0;;=;26.0
2921449000;HS10;Diphénylamine et ses dérivés - Autre;sels de ces produits - Other;Industrie chimique;5.0;2.0;;19.0;;=;26.0
292145;HS6;1-Naphtylamine (alpha-naphtylamine);sels de ces produits;;;;;;;;
2921451000;HS10;1 naphtylamine alpha naphtylamine et ses dérivés sels de ces produits;1 naphtylamine alpha naphtylamine et ses dérivés sels de ces produits;Industrie chimique;5.0;2.0;;19.0;;=;26.0
2921452000;HS10;2 naphtylamine bêta naphtylamine et ses dérivés sels de ces produits;2 naphtylamine bêta naphtylamine et ses dérivés sels de ces produits;Industrie chimique;5.0;2.0;;19.0;;=;26.0
2921459000;HS10;1-Naphtylamine (alpha-naphtylamine) - Autre;sels de ces produits - Other;Industrie chimique;5.0;2.0;;19.0;;=;26.0
292146;HS6;Amfétamine (DCI);Amine-function compounds;;;;;;;;
2921461000;HS10;Monoamines aromatiques et leurs dérivés sels de ces produits amfetamine dci benzfetamine dci dexamfetamine dci etilamfetamine dci fencamfetamine dci lefetamine dci levamfetamine dci mefenorex dci et phentermine dci sels de ces produits amfetamine dci et ses sels;Monoamines aromatiques et leurs derives sels de ces produits amfetamine dci benzfetamine dci dexamfetamine dci etilamfetamine dci fencamfetamine dci lefetamine dci levamfetamine dci mefenorex dci et phentermine dci sels de ces produits amfetamine dci et ses sels;Industrie chimique;5.0;2.0;;19.0;;=;26.0
2921462000;HS10;Monoamines aromatiques et leurs dérivés sels de ces produits amfetamine dci benzfetamine dci dexamfetamine dci etilamfetamine dci fencamfetamine dci lefetamine dci levamfetamine dci mefenorex dci et phentermine dci sels de ces produits benzfetamine dci et ses sels;Monoamines aromatiques et leurs derives sels de ces produits amfetamine dci benzfetamine dci dexamfetamine dci etilamfetamine dci fencamfetamine dci lefetamine dci levamfetamine dci mefenorex dci et phentermine dci sels de ces produits benzfetamine dci et ses sels;Industrie chimique;5.0;2.0;;19.0;;=;26.0
2921469000;HS10;Amfétamine (DCI) - Autre;Amine-function compounds - Other;Industrie chimique;5.0;2.0;;19.0;;=;26.0
292149;HS6;Autres;Amine-function compounds;;;;;;;;
2921491000;HS10;Xylidines;Xylidines;Industrie chimique;5.0;2.0;;19.0;;=;26.0
2921492000;HS10;Autres;Amine-function compounds;Industrie chimique;5.0;2.0;;19.0;;=;26.0
2921499000;HS10;Autres - Autre;Amine-function compounds - Other;Industrie chimique;5.0;2.0;;19.0;;=;26.0
292151;HS6;o-;sels de ces produits;;;;;;;;
2921511000;HS10;O phenylenediamine et ses dérivés sels de ces produits;O phenylenediamine et ses dérivés sels de ces produits;Industrie chimique;5.0;2.0;;19.0;;=;26.0
2921512000;HS10;M phenylenediamine et ses dérivés sels de ces produits;M phenylenediamine et ses dérivés sels de ces produits;Industrie chimique;5.0;2.0;;19.0;;=;26.0
2921519000;HS10;o- - Autre;sels de ces produits - Other;Industrie chimique;5.0;2.0;;19.0;;=;26.0
292159;HS6;Autres;Amine-function compounds;;;;;;;;
2921591000;HS10;N alkyltolylenediamines;N alkyltolylenediamines;Industrie chimique;5.0;2.0;;19.0;;=;26.0
2921592000;HS10;Benzidine;Benzidine;Industrie chimique;5.0;2.0;;19.0;;=;26.0
2921599000;HS10;Autres - Autre;Amine-function compounds - Other;Industrie chimique;5.0;2.0;;19.0;;=;26.0
2922;RANGEE 22;Oxygen-function amino-compounds;;;;;;;;;
292211;HS6;Monoéthanolamine et ses sels;Amino-alcohols;;;;;;;;
2922111000;HS10;Monoéthanolamine et ses sels;Amino-alcohols;Industrie chimique;5.0;2.0;;19.0;;=;26.0
2922112000;HS10;Monoéthanolamine et ses sels;Amino-alcohols;Industrie chimique;5.0;2.0;;19.0;;=;26.0
2922119000;HS10;Monoéthanolamine et ses sels - Autre;Amino-alcohols - Other;Industrie chimique;5.0;2.0;;19.0;;=;26.0
292212;HS6;Diéthanolamine et ses sels;Amino-alcohols;;;;;;;;
2922121000;HS10;Diéthanolamine et ses sels;Amino-alcohols;Industrie chimique;5.0;2.0;;19.0;;=;26.0
2922122000;HS10;Diéthanolamine et ses sels;Amino-alcohols;Industrie chimique;5.0;2.0;;19.0;;=;26.0
2922129000;HS10;Diéthanolamine et ses sels - Autre;Amino-alcohols - Other;Industrie chimique;5.0;2.0;;19.0;;=;26.0
292214;HS6;Dextropropoxyphène (DCI) et ses sels;Amino-alcohols;;;;;;;;
2922141000;HS10;Dextropropoxyphène (DCI) et ses sels;Amino-alcohols;Industrie chimique;5.0;2.0;;19.0;;=;26.0
2922142000;HS10;Dextropropoxyphène (DCI) et ses sels;Amino-alcohols;Industrie chimique;5.0;2.0;;19.0;;=;26.0
2922149000;HS10;Dextropropoxyphène (DCI) et ses sels - Autre;Amino-alcohols - Other;Industrie chimique;5.0;2.0;;19.0;;=;26.0
292215;HS6;Triéthanolamine;Amino-alcohols;;;;;;;;
2922151000;HS10;Triéthanolamine;Amino-alcohols;Industrie chimique;5.0;2.0;;19.0;;=;26.0
2922152000;HS10;Triéthanolamine;Amino-alcohols;Industrie chimique;5.0;2.0;;19.0;;=;26.0
2922159000;HS10;Triéthanolamine - Autre;Amino-alcohols - Other;Industrie chimique;5.0;2.0;;19.0;;=;26.0
292216;HS6;Sulfonate de perfluorooctane de diéthanolammonium;Amino-alcohols;;;;;;;;
2922161000;HS10;Sulfonate de perfluorooctane de diéthanolammonium;Amino-alcohols;Industrie chimique;5.0;2.0;;19.0;;=;26.0
2922162000;HS10;Sulfonate de perfluorooctane de diéthanolammonium;Amino-alcohols;Industrie chimique;5.0;2.0;;19.0;;=;26.0
2922169000;HS10;Sulfonate de perfluorooctane de diéthanolammonium - Autre;Amino-alcohols - Other;Industrie chimique;5.0;2.0;;19.0;;=;26.0
292217;HS6;Méthyldiéthanolamine et éthyldiéthanolamine;Amino-alcohols;;;;;;;;
2922171000;HS10;Ethyldiethanolamine;Ethyldiethanolamine;Industrie chimique;5.0;2.0;;19.0;;=;26.0
2922172000;HS10;Methyldiethanolamine;Methyldiethanolamine;Industrie chimique;5.0;2.0;;19.0;;=;26.0
2922179000;HS10;Méthyldiéthanolamine et éthyldiéthanolamine - Autre;Amino-alcohols - Other;Industrie chimique;5.0;2.0;;19.0;;=;26.0
292218;HS6;2-(N;Amino-alcohols;;;;;;;;
2922181000;HS10;2-(N;Amino-alcohols;Industrie chimique;5.0;2.0;;19.0;;=;26.0
2922182000;HS10;2-(N;Amino-alcohols;Industrie chimique;5.0;2.0;;19.0;;=;26.0
2922189000;HS10;2-(N - Autre;Amino-alcohols - Other;Industrie chimique;5.0;2.0;;19.0;;=;26.0
292219;HS6;Autres;Amino-alcohols;;;;;;;;
2922191000;HS10;Autres;Amino-alcohols;Industrie chimique;5.0;2.0;;19.0;;=;26.0
2922192000;HS10;Autres;Amino-alcohols;Industrie chimique;5.0;2.0;;19.0;;=;26.0
2922199000;HS10;Autres - Autre;Amino-alcohols - Other;Industrie chimique;5.0;2.0;;19.0;;=;26.0
292221;HS6;Acides aminohydroxynaphtalènesulfoniques et leurs sels;Amino-naphthols and other amino-phenols;;;;;;;;
2922211000;HS10;Acide 7 amino 1 naphtol 3 sulfonique acide gamma et ses sels;Acide 7 amino 1 naphtol 3 sulfonique acide gamma et ses sels;Industrie chimique;5.0;2.0;;19.0;;=;26.0
2922212000;HS10;Acide 8 amino 1 naphtol 36 disulfonique acide h et ses sels;Acide 8 amino 1 naphtol 36 disulfonique acide h et ses sels;Industrie chimique;5.0;2.0;;19.0;;=;26.0
2922219000;HS10;Acides aminohydroxynaphtalènesulfoniques et leurs sels - Autre;Amino-naphthols and other amino-phenols - Other;Industrie chimique;5.0;2.0;;19.0;;=;26.0
292229;HS6;Autres;Amino-naphthols and other amino-phenols;;;;;;;;
2922291000;HS10;Anisidines dianisidines phénétidines et leurs sels;Anisidines dianisidines phénétidines et leurs sels;Industrie chimique;5.0;2.0;;19.0;;=;26.0
2922292000;HS10;O m et p aminophénols;O m et p aminophénols;Industrie chimique;5.0;2.0;;19.0;;=;26.0
2922299000;HS10;Autres - Autre;Amino-naphthols and other amino-phenols - Other;Industrie chimique;5.0;2.0;;19.0;;=;26.0
292231;HS6;Amfépramone (DCI);sels de ces produits;;;;;;;;
2922311000;HS10;Amfepramone dci et ses sels;Amfepramone dci et ses sels;Industrie chimique;5.0;2.0;;19.0;;=;26.0
2922312000;HS10;Méthadone dci et ses sels;Méthadone dci et ses sels;Industrie chimique;5.0;2.0;;19.0;;=;26.0
2922319000;HS10;Amfépramone (DCI) - Autre;sels de ces produits - Other;Industrie chimique;5.0;2.0;;19.0;;=;26.0
292239;HS6;Autres;Amino-aldehydes;;;;;;;;
2922391000;HS10;Autres;Amino-aldehydes;Industrie chimique;5.0;2.0;;19.0;;=;26.0
2922392000;HS10;Autres;Amino-aldehydes;Industrie chimique;5.0;2.0;;19.0;;=;26.0
2922399000;HS10;Autres - Autre;Amino-aldehydes - Other;Industrie chimique;5.0;2.0;;19.0;;=;26.0
292241;HS6;Lysine et ses esters;sels de ces produits;;;;;;;;
2922411000;HS10;Lysine et ses esters;sels de ces produits;Industrie chimique;5.0;2.0;;19.0;;=;26.0
2922412000;HS10;Lysine et ses esters;sels de ces produits;Industrie chimique;5.0;2.0;;19.0;;=;26.0
2922419000;HS10;Lysine et ses esters - Autre;sels de ces produits - Other;Industrie chimique;5.0;2.0;;19.0;;=;26.0
292242;HS6;Acide glumatique et ses sels;Amino-acids;;;;;;;;
2922421000;HS10;Acide glumatique et ses sels;Amino-acids;Industrie chimique;5.0;2.0;;19.0;;=;26.0
2922422000;HS10;Acide glumatique et ses sels;Amino-acids;Industrie chimique;5.0;2.0;;19.0;;=;26.0
2922429000;HS10;Acide glumatique et ses sels - Autre;Amino-acids - Other;Industrie chimique;5.0;2.0;;19.0;;=;26.0
292243;HS6;Acide anthranilique et ses sels;Amino-acids;;;;;;;;
2922431000;HS10;Acide anthranilique et ses sels;Amino-acids;Industrie chimique;5.0;2.0;;19.0;;=;26.0
2922432000;HS10;Acide anthranilique et ses sels;Amino-acids;Industrie chimique;5.0;2.0;;19.0;;=;26.0
2922439000;HS10;Acide anthranilique et ses sels - Autre;Amino-acids - Other;Industrie chimique;5.0;2.0;;19.0;;=;26.0
292244;HS6;Tilidine (DCI) et ses sels;Amino-acids;;;;;;;;
2922441000;HS10;Tilidine (DCI) et ses sels;Amino-acids;Industrie chimique;5.0;2.0;;19.0;;=;26.0
2922442000;HS10;Tilidine (DCI) et ses sels;Amino-acids;Industrie chimique;5.0;2.0;;19.0;;=;26.0
2922449000;HS10;Tilidine (DCI) et ses sels - Autre;Amino-acids - Other;Industrie chimique;5.0;2.0;;19.0;;=;26.0
292249;HS6;Autres;Amino-acids;;;;;;;;
2922491000;HS10;Beta alanine;Beta alanine;Industrie chimique;5.0;2.0;;19.0;;=;26.0
2922492000;HS10;Calcium de disodium;Calcium de disodium;Industrie chimique;5.0;2.0;;19.0;;=;26.0
2922499000;HS10;Autres - Autre;Amino-acids - Other;Industrie chimique;5.0;2.0;;19.0;;=;26.0
292250;HS6;Amino-alcools-phénols;Amino-alcohol-phenols;;;;;;;;
2922501000;HS10;Amino-alcools-phénols;Amino-alcohol-phenols;Industrie chimique;5.0;2.0;;19.0;;=;26.0
2922502000;HS10;Amino-alcools-phénols;Amino-alcohol-phenols;Industrie chimique;5.0;2.0;;19.0;;=;26.0
2922509000;HS10;Amino-alcools-phénols - Autre;Amino-alcohol-phenols - Other;Industrie chimique;5.0;2.0;;19.0;;=;26.0
2923;RANGEE 23;"Quaternary ammonium salts and hydroxides; lecithins and other phosphoaminolipids, whether or not chemically defined";;;;;;;;;
292310;HS6;Choline et ses sels;Quaternary ammonium salts and hydroxides;;;;;;;;
2923101000;HS10;Choline et ses sels destinés à la fabrication de lalimentation pour animaux;Choline et ses sels destinés à la fabrication de lalimentation pour animaux;Industrie chimique;5.0;2.0;;19.0;;=;26.0
2923102000;HS10;Choline et ses sels;Quaternary ammonium salts and hydroxides;Industrie chimique;5.0;2.0;;19.0;;=;26.0
2923109000;HS10;Choline et ses sels - Autre;Quaternary ammonium salts and hydroxides - Other;Industrie chimique;5.0;2.0;;19.0;;=;26.0
292320;HS6;Lécithines et autres phosphoaminolipides;Lecithins and other phosphoaminolipids;;;;;;;;
2923201000;HS10;Lécithines et autres phosphoaminolipides;Lecithins and other phosphoaminolipids;Industrie chimique;5.0;2.0;;19.0;;=;26.0
2923202000;HS10;Lécithines et autres phosphoaminolipides;Lecithins and other phosphoaminolipids;Industrie chimique;5.0;2.0;;19.0;;=;26.0
2923209000;HS10;Lécithines et autres phosphoaminolipides - Autre;Lecithins and other phosphoaminolipids - Other;Industrie chimique;5.0;2.0;;19.0;;=;26.0
292330;HS6;Sulfonate de perfluorooctane de tétraéthylammonium;Quaternary ammonium salts and hydroxides;;;;;;;;
2923301000;HS10;Sulfonate de perfluorooctane de tétraéthylammonium;Quaternary ammonium salts and hydroxides;Industrie chimique;5.0;2.0;;19.0;;=;26.0
2923302000;HS10;Sulfonate de perfluorooctane de tétraéthylammonium;Quaternary ammonium salts and hydroxides;Industrie chimique;5.0;2.0;;19.0;;=;26.0
2923309000;HS10;Sulfonate de perfluorooctane de tétraéthylammonium - Autre;Quaternary ammonium salts and hydroxides - Other;Industrie chimique;5.0;2.0;;19.0;;=;26.0
292340;HS6;Sulfonate de perfluorooctane de didécyldiméthylammonium;Quaternary ammonium salts and hydroxides;;;;;;;;
2923401000;HS10;Sulfonate de perfluorooctane de didécyldiméthylammonium;Quaternary ammonium salts and hydroxides;Industrie chimique;5.0;2.0;;19.0;;=;26.0
2923402000;HS10;Sulfonate de perfluorooctane de didécyldiméthylammonium;Quaternary ammonium salts and hydroxides;Industrie chimique;5.0;2.0;;19.0;;=;26.0
2923409000;HS10;Sulfonate de perfluorooctane de didécyldiméthylammonium - Autre;Quaternary ammonium salts and hydroxides - Other;Industrie chimique;5.0;2.0;;19.0;;=;26.0
292390;HS6;Autres;Quaternary ammonium salts and hydroxides;;;;;;;;
2923901000;HS10;Bétaïne triméthylglycine;Bétaïne triméthylglycine;Industrie chimique;5.0;2.0;;19.0;;=;26.0
2923902000;HS10;Iodure de tétraméthylammonium;Iodure de tétraméthylammonium;Industrie chimique;5.0;2.0;;19.0;;=;26.0
2923909000;HS10;Autres - Autre;Quaternary ammonium salts and hydroxides - Other;Industrie chimique;5.0;2.0;;19.0;;=;26.0
2924;RANGEE 24;"Carboxyamide-function compounds; amide-function compounds of carbonic acid";;;;;;;;;
292411;HS6;Méprobamates (DCI);Acyclic amides (including acyclic carbamates) and their derivatives;;;;;;;;
2924111000;HS10;Méprobamates (DCI);Acyclic amides (including acyclic carbamates) and their derivatives;Industrie chimique;5.0;2.0;;19.0;;=;26.0
2924112000;HS10;Méprobamates (DCI);Acyclic amides (including acyclic carbamates) and their derivatives;Industrie chimique;5.0;2.0;;19.0;;=;26.0
2924119000;HS10;Méprobamates (DCI) - Autre;Acyclic amides (including acyclic carbamates) and their derivatives - Other;Industrie chimique;5.0;2.0;;19.0;;=;26.0
292412;HS6;Fluoroacétamide (ISO);Acyclic amides (including acyclic carbamates) and their derivatives;;;;;;;;
2924121000;HS10;Fluoroacétamide iso;Fluoroacétamide iso;Industrie chimique;5.0;2.0;;19.0;;=;26.0
2924122000;HS10;Monocrotophos iso;Monocrotophos iso;Industrie chimique;5.0;2.0;;19.0;;=;26.0
2924129000;HS10;Fluoroacétamide (ISO) - Autre;Acyclic amides (including acyclic carbamates) and their derivatives - Other;Industrie chimique;5.0;2.0;;19.0;;=;26.0
292419;HS6;Autres;Acyclic amides (including acyclic carbamates) and their derivatives;;;;;;;;
2924191000;HS10;Asparagine et ses sels;Asparagine et ses sels;Industrie chimique;5.0;2.0;;19.0;;=;26.0
2924192000;HS10;Urèides acycliques;Urèides acycliques;Industrie chimique;5.0;2.0;;19.0;;=;26.0
2924199000;HS10;Autres - Autre;Acyclic amides (including acyclic carbamates) and their derivatives - Other;Industrie chimique;5.0;2.0;;19.0;;=;26.0
292421;HS6;Uréines et leurs dérivés;sels de ces produits;;;;;;;;
2924211000;HS10;P éthoxyphénylurée dulcine;P éthoxyphénylurée dulcine;Industrie chimique;5.0;2.0;;19.0;;=;26.0
2924212000;HS10;Diéthyldiphénylurée centralite;Diéthyldiphénylurée centralite;Industrie chimique;5.0;2.0;;19.0;;=;26.0
2924219000;HS10;Uréines et leurs dérivés - Autre;sels de ces produits - Other;Industrie chimique;5.0;2.0;;19.0;;=;26.0
292423;HS6;Acide 2-acétamidobenzoïque (acide N-acétylanthranilique) et ses sels;Cyclic amides (including cyclic carbamates) and their derivatives;;;;;;;;
2924231000;HS10;Acide 2-acétamidobenzoïque (acide N-acétylanthranilique) et ses sels;Cyclic amides (including cyclic carbamates) and their derivatives;Industrie chimique;5.0;2.0;;19.0;;=;26.0
2924232000;HS10;Acide 2-acétamidobenzoïque (acide N-acétylanthranilique) et ses sels;Cyclic amides (including cyclic carbamates) and their derivatives;Industrie chimique;5.0;2.0;;19.0;;=;26.0
2924239000;HS10;Acide 2-acétamidobenzoïque (acide N-acétylanthranilique) et ses sels - Autre;Cyclic amides (including cyclic carbamates) and their derivatives - Other;Industrie chimique;5.0;2.0;;19.0;;=;26.0
292424;HS6;Ethinamate (DCI);Cyclic amides (including cyclic carbamates) and their derivatives;;;;;;;;
2924241000;HS10;Ethinamate (DCI);Cyclic amides (including cyclic carbamates) and their derivatives;Industrie chimique;5.0;2.0;;19.0;;=;26.0
2924242000;HS10;Ethinamate (DCI);Cyclic amides (including cyclic carbamates) and their derivatives;Industrie chimique;5.0;2.0;;19.0;;=;26.0
2924249000;HS10;Ethinamate (DCI) - Autre;Cyclic amides (including cyclic carbamates) and their derivatives - Other;Industrie chimique;5.0;2.0;;19.0;;=;26.0
292425;HS6;Alachlor (ISO);Cyclic amides (including cyclic carbamates) and their derivatives;;;;;;;;
2924251000;HS10;Alachlor (ISO);Cyclic amides (including cyclic carbamates) and their derivatives;Industrie chimique;5.0;2.0;;19.0;;=;26.0
2924252000;HS10;Alachlor (ISO);Cyclic amides (including cyclic carbamates) and their derivatives;Industrie chimique;5.0;2.0;;19.0;;=;26.0
2924259000;HS10;Alachlor (ISO) - Autre;Cyclic amides (including cyclic carbamates) and their derivatives - Other;Industrie chimique;5.0;2.0;;19.0;;=;26.0
292429;HS6;Autres;Cyclic amides (including cyclic carbamates) and their derivatives;;;;;;;;
2924291000;HS10;Lidocaïne dci;Lidocaïne dci;Industrie chimique;5.0;2.0;;19.0;;=;26.0
2924292000;HS10;Urèides cycliques;Urèides cycliques;Industrie chimique;5.0;2.0;;19.0;;=;26.0
2924299000;HS10;Autres - Autre;Cyclic amides (including cyclic carbamates) and their derivatives - Other;Industrie chimique;5.0;2.0;;19.0;;=;26.0
2925;RANGEE 25;Carboxyimide-function compounds (including saccharin and its salts) and imine-function compounds;;;;;;;;;
292511;HS6;Saccharine et ses sels;Imides and their derivatives;;;;;;;;
2925111000;HS10;Saccharine en poudre et ses sels;Saccharine en poudre et ses sels;Industrie chimique;5.0;2.0;;19.0;;=;26.0
2925112000;HS10;Saccharine et ses sels;Imides and their derivatives;Industrie chimique;5.0;2.0;;19.0;;=;26.0
2925119000;HS10;Saccharine et ses sels - Autre;Imides and their derivatives - Other;Industrie chimique;5.0;2.0;;19.0;;=;26.0
292512;HS6;Glutéthimide (DCI);Imides and their derivatives;;;;;;;;
2925121000;HS10;Glutéthimide (DCI);Imides and their derivatives;Industrie chimique;5.0;2.0;;19.0;;=;26.0
2925122000;HS10;Glutéthimide (DCI);Imides and their derivatives;Industrie chimique;5.0;2.0;;19.0;;=;26.0
2925129000;HS10;Glutéthimide (DCI) - Autre;Imides and their derivatives - Other;Industrie chimique;5.0;2.0;;19.0;;=;26.0
292519;HS6;Autres;Imides and their derivatives;;;;;;;;
2925191000;HS10;Succinimide;Succinimide;Industrie chimique;5.0;2.0;;19.0;;=;26.0
2925192000;HS10;Phtalimide;Phtalimide;Industrie chimique;5.0;2.0;;19.0;;=;26.0
2925199000;HS10;Autres - Autre;Imides and their derivatives - Other;Industrie chimique;5.0;2.0;;19.0;;=;26.0
292521;HS6;Chlordiméforme (ISO);Imines and their derivatives;;;;;;;;
2925211000;HS10;Chlordiméforme (ISO);Imines and their derivatives;Industrie chimique;5.0;2.0;;19.0;;=;26.0
2925212000;HS10;Chlordiméforme (ISO);Imines and their derivatives;Industrie chimique;5.0;2.0;;19.0;;=;26.0
2925219000;HS10;Chlordiméforme (ISO) - Autre;Imines and their derivatives - Other;Industrie chimique;5.0;2.0;;19.0;;=;26.0
292529;HS6;Autres;Imines and their derivatives;;;;;;;;
2925291000;HS10;Guanidines et leurs dérivés sels de ces produits;Guanidines et leurs dérivés sels de ces produits;Industrie chimique;5.0;2.0;;19.0;;=;26.0
2925292000;HS10;Aldimines;Aldimines;Industrie chimique;5.0;2.0;;19.0;;=;26.0
2925299000;HS10;Autres - Autre;Imines and their derivatives - Other;Industrie chimique;5.0;2.0;;19.0;;=;26.0
2926;RANGEE 26;Nitrile-function compounds;;;;;;;;;
292610;HS6;Acrylonitrile;Nitrile-function compounds;;;;;;;;
2926101000;HS10;Acrylonitrile;Nitrile-function compounds;Industrie chimique;5.0;2.0;;19.0;;=;26.0
2926102000;HS10;Acrylonitrile;Nitrile-function compounds;Industrie chimique;5.0;2.0;;19.0;;=;26.0
2926109000;HS10;Acrylonitrile - Autre;Nitrile-function compounds - Other;Industrie chimique;5.0;2.0;;19.0;;=;26.0
292620;HS6;1-Cyanoguanidine (dicyandiamide);Nitrile-function compounds;;;;;;;;
2926201000;HS10;1-Cyanoguanidine (dicyandiamide);Nitrile-function compounds;Industrie chimique;5.0;2.0;;19.0;;=;26.0
2926202000;HS10;1-Cyanoguanidine (dicyandiamide);Nitrile-function compounds;Industrie chimique;5.0;2.0;;19.0;;=;26.0
2926209000;HS10;1-Cyanoguanidine (dicyandiamide) - Autre;Nitrile-function compounds - Other;Industrie chimique;5.0;2.0;;19.0;;=;26.0
292630;HS6;Fenproporex (DCI) et ses sels;méthadone (DCI) intermédiaire (4-cyano-2-diméthylamino-4;;;;;;;;
2926301000;HS10;Fenproporex dci et ses sels;Fenproporex dci et ses sels;Industrie chimique;5.0;2.0;;19.0;;=;26.0
2926302000;HS10;Méthadone dci intermédiaire 4 cyano 2 diméthylamino 44 diphénylbutane;Méthadone dci intermédiaire 4 cyano 2 diméthylamino 44 diphénylbutane;Industrie chimique;5.0;2.0;;19.0;;=;26.0
2926309000;HS10;Fenproporex (DCI) et ses sels - Autre;méthadone (DCI) intermédiaire (4-cyano-2-diméthylamino-4 - Other;Industrie chimique;5.0;2.0;;19.0;;=;26.0
292640;HS6;Alpha-Phenylacétoacétonitrile;Nitrile-function compounds;;;;;;;;
2926401000;HS10;Alpha-Phenylacétoacétonitrile;Nitrile-function compounds;Industrie chimique;5.0;2.0;;19.0;;=;26.0
2926402000;HS10;Alpha-Phenylacétoacétonitrile;Nitrile-function compounds;Industrie chimique;5.0;2.0;;19.0;;=;26.0
2926409000;HS10;Alpha-Phenylacétoacétonitrile - Autre;Nitrile-function compounds - Other;Industrie chimique;5.0;2.0;;19.0;;=;26.0
292690;HS6;Autres;Nitrile-function compounds;;;;;;;;
2926901000;HS10;Acetaldehyde cyanhydrine;Acetaldehyde cyanhydrine;Industrie chimique;5.0;2.0;;19.0;;=;26.0
2926902000;HS10;Acetonitrile adiponitrile et aminophenylacetonitrile;Acetonitrile adiponitrile et aminophenylacetonitrile;Industrie chimique;5.0;2.0;;19.0;;=;26.0
2926909000;HS10;Autres - Autre;Nitrile-function compounds - Other;Industrie chimique;5.0;2.0;;19.0;;=;26.0
2927;RANGEE 27;Diazo-, azo- or azoxy-compounds;;;;;;;;;
292700;HS6;Composés diazoïques;Diazo-;;;;;;;;
2927001000;HS10;Composés diazoïques;Diazo;Industrie chimique;5.0;2.0;;19.0;;=;26.0
2927002000;HS10;Composés diazoïques;Diazo;Industrie chimique;5.0;2.0;;19.0;;=;26.0
2927009000;HS10;Composés diazoïques - Autre;Diazo- - Other;Industrie chimique;5.0;2.0;;19.0;;=;26.0
2928;RANGEE 28;Organic derivatives of hydrazine or of hydroxylamine;;;;;;;;;
292800;HS6;Dérivés organiques de l'hydrazine ou de l'hydroxylamine;Organic derivatives of hydrazine or of hydroxylamine;;;;;;;;
2928001000;HS10;Dérivés organiques de l'hydrazine ou de l'hydroxylamine;Organic derivatives of hydrazine or of hydroxylamine;Industrie chimique;5.0;2.0;;19.0;;=;26.0
2928002000;HS10;Dérivés organiques de l'hydrazine ou de l'hydroxylamine;Organic derivatives of hydrazine or of hydroxylamine;Industrie chimique;5.0;2.0;;19.0;;=;26.0
2928009000;HS10;Dérivés organiques de l'hydrazine ou de l'hydroxylamine - Autre;Organic derivatives of hydrazine or of hydroxylamine - Other;Industrie chimique;5.0;2.0;;19.0;;=;26.0
2929;RANGEE 29;Nitrogen-function compounds, n.e.c. in chapter 29;;;;;;;;;
292910;HS6;Isocyanates;Nitrogen-function compounds;;;;;;;;
2929101000;HS10;Isocyanates;Nitrogen-function compounds;Industrie chimique;5.0;2.0;;19.0;;=;26.0
2929102000;HS10;Isocyanates;Nitrogen-function compounds;Industrie chimique;5.0;2.0;;19.0;;=;26.0
2929109000;HS10;Isocyanates - Autre;Nitrogen-function compounds - Other;Industrie chimique;5.0;2.0;;19.0;;=;26.0
292990;HS6;Autres;Nitrogen-function compounds;;;;;;;;
2929901000;HS10;Dihalogenures de nn dialkylmethyl ethyl n propyl ou isopropyl phosphoramidates;Dihalogenures de nn dialkylmethyl ethyl n propyl ou isopropyl phosphoramidates;Industrie chimique;5.0;2.0;;19.0;;=;26.0
2929902000;HS10;N n dialkyl methyl ethyl n propyl ou isopropylphosphoramidates de dialkyles methyle ehyle n propyle ou isopropyle;N n dialkyl methyl ethyl n propyl ou isopropylphosphoramidates de dialkyles methyle ehyle n propyle ou isopropyle;Industrie chimique;5.0;2.0;;19.0;;=;26.0
2929909000;HS10;Autres - Autre;Nitrogen-function compounds - Other;Industrie chimique;5.0;2.0;;19.0;;=;26.0
2930;RANGEE 30;Organo-sulphur compounds;;;;;;;;;
293010;HS6;2-(N;Organo-sulphur compounds;;;;;;;;
2930101000;HS10;2-(N;Organo-sulphur compounds;Industrie chimique;5.0;2.0;;19.0;;=;26.0
2930102000;HS10;2-(N;Organo-sulphur compounds;Industrie chimique;5.0;2.0;;19.0;;=;26.0
2930109000;HS10;2-(N - Autre;Organo-sulphur compounds - Other;Industrie chimique;5.0;2.0;;19.0;;=;26.0
293020;HS6;Thiocarbamates et dthiocarbamates;Organo-sulphur compounds;;;;;;;;
2930201000;HS10;Thiocarbamates et dthiocarbamates;Organo-sulphur compounds;Industrie chimique;5.0;2.0;;19.0;;=;26.0
2930202000;HS10;Thiocarbamates et dthiocarbamates;Organo-sulphur compounds;Industrie chimique;5.0;2.0;;19.0;;=;26.0
2930209000;HS10;Thiocarbamates et dthiocarbamates - Autre;Organo-sulphur compounds - Other;Industrie chimique;5.0;2.0;;19.0;;=;26.0
293030;HS6;Mono-;Organo-sulphur compounds;;;;;;;;
2930301000;HS10;Mono;Organo-sulphur compounds;Industrie chimique;5.0;2.0;;19.0;;=;26.0
2930302000;HS10;Mono;Organo-sulphur compounds;Industrie chimique;5.0;2.0;;19.0;;=;26.0
2930309000;HS10;Mono- - Autre;Organo-sulphur compounds - Other;Industrie chimique;5.0;2.0;;19.0;;=;26.0
293040;HS6;Méthionine;Organo-sulphur compounds;;;;;;;;
2930401000;HS10;Methionine dci;Methionine dci;Industrie chimique;5.0;2.0;;19.0;;=;26.0
2930402000;HS10;Des types utilises dans lalimentation des animaux;Des types utilises dans lalimentation des animaux;Industrie chimique;5.0;2.0;;19.0;;=;26.0
2930409000;HS10;Méthionine - Autre;Organo-sulphur compounds - Other;Industrie chimique;5.0;2.0;;19.0;;=;26.0
293050;HS6;Captafol (ISO) et méthamidophos (ISO);Captafol (ISO) et méthamidophos (ISO);;;;;;;;
2930501000;HS10;Captafol (ISO) et méthamidophos (ISO);Captafol (ISO) et méthamidophos (ISO);Industrie chimique;5.0;2.0;;19.0;;=;26.0
2930502000;HS10;Captafol (ISO) et méthamidophos (ISO);Captafol (ISO) et méthamidophos (ISO);Industrie chimique;5.0;2.0;;19.0;;=;26.0
2930509000;HS10;Captafol (ISO) et méthamidophos (ISO) - Autre;Captafol (ISO) et méthamidophos (ISO) - Other;Industrie chimique;5.0;2.0;;19.0;;=;26.0
293060;HS6;2-(N;Organo-sulphur compounds;;;;;;;;
2930601000;HS10;2-(N;Organo-sulphur compounds;Industrie chimique;5.0;2.0;;19.0;;=;26.0
2930602000;HS10;2-(N;Organo-sulphur compounds;Industrie chimique;5.0;2.0;;19.0;;=;26.0
2930609000;HS10;2-(N - Autre;Organo-sulphur compounds - Other;Industrie chimique;5.0;2.0;;19.0;;=;26.0
293070;HS6;Sulfure de bis(2-hydroxyéthyle) (thiodiglycol (DCI));Organo-sulphur compounds;;;;;;;;
2930701000;HS10;Sulfure de bis(2-hydroxyéthyle) (thiodiglycol (DCI));Organo-sulphur compounds;Industrie chimique;5.0;2.0;;19.0;;=;26.0
2930702000;HS10;Sulfure de bis(2-hydroxyéthyle) (thiodiglycol (DCI));Organo-sulphur compounds;Industrie chimique;5.0;2.0;;19.0;;=;26.0
2930709000;HS10;Sulfure de bis(2-hydroxyéthyle) (thiodiglycol (DCI)) - Autre;Organo-sulphur compounds - Other;Industrie chimique;5.0;2.0;;19.0;;=;26.0
293080;HS6;Aldicarbe (ISO);Organo-sulphur compounds;;;;;;;;
2930801000;HS10;Captafol iso;Captafol iso;Industrie chimique;5.0;2.0;;19.0;;=;26.0
2930802000;HS10;Methamidophos iso;Methamidophos iso;Industrie chimique;5.0;2.0;;19.0;;=;26.0
2930809000;HS10;Aldicarbe (ISO) - Autre;Organo-sulphur compounds - Other;Industrie chimique;5.0;2.0;;19.0;;=;26.0
293090;HS6;Autres;Organo-sulphur compounds;;;;;;;;
2930901000;HS10;Hydrogenoalkyl methyl ethyl n propyl ou isopropyl phosphonothioates de s 2 dialkyl methyl ethyl n propyl ou isopropyl aminoethyle ses esters de o alkyle c10 y compris cycloalkyle les sels alkyles ou protones correspondants;Hydrogenoalkyl methyl ethyl n propyl ou isopropyl phosphonothioates de s 2 dialkyl methyl ethyl n propyl ou isopropyl aminoethyle ses esters de o alkyle c10 y compris cycloalkyle les sels alkyles ou protones correspondants;Industrie chimique;5.0;2.0;;19.0;;=;26.0
2930902000;HS10;Sulfure de 2 chloroethyle et de chloromethyle sulfure de bis2 chloroethyle;Sulfure de 2 chloroethyle et de chloromethyle sulfure de bis2 chloroethyle;Industrie chimique;5.0;2.0;;19.0;;=;26.0
2930909000;HS10;Autres - Autre;Organo-sulphur compounds - Other;Industrie chimique;5.0;2.0;;19.0;;=;26.0
2931;RANGEE 31;Other organo-inorganic compounds;;;;;;;;;
293110;HS6;Plomb tétraméthyle et plomb tétraéthyle;Organo-inorganic compounds;;;;;;;;
2931101000;HS10;Plomb tétraméthyle et plomb tétraéthyle;Organo-inorganic compounds;Industrie chimique;5.0;2.0;;19.0;;=;26.0
2931102000;HS10;Plomb tétraméthyle et plomb tétraéthyle;Organo-inorganic compounds;Industrie chimique;5.0;2.0;;19.0;;=;26.0
2931109000;HS10;Plomb tétraméthyle et plomb tétraéthyle - Autre;Organo-inorganic compounds - Other;Industrie chimique;5.0;2.0;;19.0;;=;26.0
293120;HS6;Composés du tributylétain;Organo-inorganic compounds;;;;;;;;
2931201000;HS10;Composés du tributylétain;Organo-inorganic compounds;Industrie chimique;5.0;2.0;;19.0;;=;26.0
2931202000;HS10;Composés du tributylétain;Organo-inorganic compounds;Industrie chimique;5.0;2.0;;19.0;;=;26.0
2931209000;HS10;Composés du tributylétain - Autre;Organo-inorganic compounds - Other;Industrie chimique;5.0;2.0;;19.0;;=;26.0
293141;HS6;Méthylphosphonate de diméthyle;Non-halogenated organo-phosphorous derivatives;;;;;;;;
2931411000;HS10;Méthylphosphonate de diméthyle;Non-halogenated organo-phosphorous derivatives;Industrie chimique;5.0;2.0;;19.0;;=;26.0
2931412000;HS10;Méthylphosphonate de diméthyle;Non-halogenated organo-phosphorous derivatives;Industrie chimique;5.0;2.0;;19.0;;=;26.0
2931419000;HS10;Méthylphosphonate de diméthyle - Autre;Non-halogenated organo-phosphorous derivatives - Other;Industrie chimique;5.0;2.0;;19.0;;=;26.0
293142;HS6;Propylphosphonate de diméthyle;Non-halogenated organo-phosphorous derivatives;;;;;;;;
2931421000;HS10;Propylphosphonate de diméthyle;Non-halogenated organo-phosphorous derivatives;Industrie chimique;5.0;2.0;;19.0;;=;26.0
2931422000;HS10;Propylphosphonate de diméthyle;Non-halogenated organo-phosphorous derivatives;Industrie chimique;5.0;2.0;;19.0;;=;26.0
2931429000;HS10;Propylphosphonate de diméthyle - Autre;Non-halogenated organo-phosphorous derivatives - Other;Industrie chimique;5.0;2.0;;19.0;;=;26.0
293143;HS6;Ethylphosphonate de diéthyle;Non-halogenated organo-phosphorous derivatives;;;;;;;;
2931431000;HS10;Ethylphosphonate de diéthyle;Non-halogenated organo-phosphorous derivatives;Industrie chimique;5.0;2.0;;19.0;;=;26.0
2931432000;HS10;Ethylphosphonate de diéthyle;Non-halogenated organo-phosphorous derivatives;Industrie chimique;5.0;2.0;;19.0;;=;26.0
2931439000;HS10;Ethylphosphonate de diéthyle - Autre;Non-halogenated organo-phosphorous derivatives - Other;Industrie chimique;5.0;2.0;;19.0;;=;26.0
293144;HS6;Acide méthylphosphonique;Non-halogenated organo-phosphorous derivatives;;;;;;;;
2931441000;HS10;Acide méthylphosphonique;Non-halogenated organo-phosphorous derivatives;Industrie chimique;5.0;2.0;;19.0;;=;26.0
2931442000;HS10;Acide méthylphosphonique;Non-halogenated organo-phosphorous derivatives;Industrie chimique;5.0;2.0;;19.0;;=;26.0
2931449000;HS10;Acide méthylphosphonique - Autre;Non-halogenated organo-phosphorous derivatives - Other;Industrie chimique;5.0;2.0;;19.0;;=;26.0
293145;HS6;Sel d'acide méthylphosphonique et de l'(aminoiminométhyl)urée (1 : 1) 2;Non-halogenated organo-phosphorous derivatives;;;;;;;;
2931451000;HS10;Sel d'acide méthylphosphonique et de l'(aminoiminométhyl)urée (1 : 1) 2;Non-halogenated organo-phosphorous derivatives;Industrie chimique;5.0;2.0;;19.0;;=;26.0
2931452000;HS10;Sel d'acide méthylphosphonique et de l'(aminoiminométhyl)urée (1 : 1) 2;Non-halogenated organo-phosphorous derivatives;Industrie chimique;5.0;2.0;;19.0;;=;26.0
2931459000;HS10;Sel d'acide méthylphosphonique et de l'(aminoiminométhyl)urée (1 : 1) 2 - Autre;Non-halogenated organo-phosphorous derivatives - Other;Industrie chimique;5.0;2.0;;19.0;;=;26.0
293146;HS6;Trioxide de 2;Non-halogenated organo-phosphorous derivatives;;;;;;;;
2931461000;HS10;Trioxide de 2;Non-halogenated organo-phosphorous derivatives;Industrie chimique;5.0;2.0;;19.0;;=;26.0
2931462000;HS10;Trioxide de 2;Non-halogenated organo-phosphorous derivatives;Industrie chimique;5.0;2.0;;19.0;;=;26.0
2931469000;HS10;Trioxide de 2 - Autre;Non-halogenated organo-phosphorous derivatives - Other;Industrie chimique;5.0;2.0;;19.0;;=;26.0
293147;HS6;Méthylphosphonate de (5-éthyl-2-méthyl-2-oxido-1;Non-halogenated organo-phosphorous derivatives;;;;;;;;
2931471000;HS10;Méthylphosphonate de (5-éthyl-2-méthyl-2-oxido-1;Non-halogenated organo-phosphorous derivatives;Industrie chimique;5.0;2.0;;19.0;;=;26.0
2931472000;HS10;Méthylphosphonate de (5-éthyl-2-méthyl-2-oxido-1;Non-halogenated organo-phosphorous derivatives;Industrie chimique;5.0;2.0;;19.0;;=;26.0
2931479000;HS10;Méthylphosphonate de (5-éthyl-2-méthyl-2-oxido-1 - Autre;Non-halogenated organo-phosphorous derivatives - Other;Industrie chimique;5.0;2.0;;19.0;;=;26.0
293148;HS6;3;Non-halogenated organo-phosphorous derivatives;;;;;;;;
2931481000;HS10;3;Non-halogenated organo-phosphorous derivatives;Industrie chimique;5.0;2.0;;19.0;;=;26.0
2931482000;HS10;3;Non-halogenated organo-phosphorous derivatives;Industrie chimique;5.0;2.0;;19.0;;=;26.0
2931489000;HS10;3 - Autre;Non-halogenated organo-phosphorous derivatives - Other;Industrie chimique;5.0;2.0;;19.0;;=;26.0
293149;HS6;Autres;Non-halogenated organo-phosphorous derivatives;;;;;;;;
2931491000;HS10;Dérivés organo phosphoriques non halogenes autres methylphosphonate de sodium 3 trihydroxysilylpropyle;Derives organo phosphoriques non halogenes autres methylphosphonate de sodium 3 trihydroxysilylpropyle;Industrie chimique;5.0;2.0;;19.0;;=;26.0
2931492000;HS10;Dérivés organo phosphoriques non halogenes autres methylphosphonate de bis5 ethyl 2 methyl 2 oxido 132 dioxaphosphinan 5 ylmethyle;Derives organo phosphoriques non halogenes autres methylphosphonate de bis5 ethyl 2 methyl 2 oxido 132 dioxaphosphinan 5 ylmethyle;Industrie chimique;5.0;2.0;;19.0;;=;26.0
2931499000;HS10;Autres - Autre;Non-halogenated organo-phosphorous derivatives - Other;Industrie chimique;5.0;2.0;;19.0;;=;26.0
293151;HS6;Dichlorure méthylphosphonique;Halogenated organo-phosphorous derivatives;;;;;;;;
2931511000;HS10;Dichlorure méthylphosphonique;Halogenated organo-phosphorous derivatives;Industrie chimique;5.0;2.0;;19.0;;=;26.0
2931512000;HS10;Dichlorure méthylphosphonique;Halogenated organo-phosphorous derivatives;Industrie chimique;5.0;2.0;;19.0;;=;26.0
2931519000;HS10;Dichlorure méthylphosphonique - Autre;Halogenated organo-phosphorous derivatives - Other;Industrie chimique;5.0;2.0;;19.0;;=;26.0
293152;HS6;Dichlorure propylphosphonique;Halogenated organo-phosphorous derivatives;;;;;;;;
2931521000;HS10;Dichlorure propylphosphonique;Halogenated organo-phosphorous derivatives;Industrie chimique;5.0;2.0;;19.0;;=;26.0
2931522000;HS10;Dichlorure propylphosphonique;Halogenated organo-phosphorous derivatives;Industrie chimique;5.0;2.0;;19.0;;=;26.0
2931529000;HS10;Dichlorure propylphosphonique - Autre;Halogenated organo-phosphorous derivatives - Other;Industrie chimique;5.0;2.0;;19.0;;=;26.0
293153;HS6;Méthylphosphonothionate de O-(3-chloropropyl) O- [4-nitro-3- (trifluorométhyl) phényle];Halogenated organo-phosphorous derivatives;;;;;;;;
2931531000;HS10;Méthylphosphonothionate de O-(3-chloropropyl) O- [4-nitro-3- (trifluorométhyl) phényle];Halogenated organo-phosphorous derivatives;Industrie chimique;5.0;2.0;;19.0;;=;26.0
2931532000;HS10;Méthylphosphonothionate de O-(3-chloropropyl) O- [4-nitro-3- (trifluorométhyl) phényle];Halogenated organo-phosphorous derivatives;Industrie chimique;5.0;2.0;;19.0;;=;26.0
2931539000;HS10;Méthylphosphonothionate de O-(3-chloropropyl) O- [4-nitro-3- (trifluorométhyl) phényle] - Autre;Halogenated organo-phosphorous derivatives - Other;Industrie chimique;5.0;2.0;;19.0;;=;26.0
293154;HS6;Trichlorfon (ISO);Halogenated organo-phosphorous derivatives;;;;;;;;
2931541000;HS10;Trichlorfon (ISO);Halogenated organo-phosphorous derivatives;Industrie chimique;5.0;2.0;;19.0;;=;26.0
2931542000;HS10;Trichlorfon (ISO);Halogenated organo-phosphorous derivatives;Industrie chimique;5.0;2.0;;19.0;;=;26.0
2931549000;HS10;Trichlorfon (ISO) - Autre;Halogenated organo-phosphorous derivatives - Other;Industrie chimique;5.0;2.0;;19.0;;=;26.0
293159;HS6;Autres;Halogenated organo-phosphorous derivatives;;;;;;;;
2931591000;HS10;Dérivés organo phosphoriques halogenes autres methylphosphonochloridate de o isopropyle sarin;Derives organo phosphoriques halogenes autres methylphosphonochloridate de o isopropyle sarin;Industrie chimique;5.0;2.0;;19.0;;=;26.0
2931592000;HS10;Dérivés organo phosphoriques halogenes autres methylphosphonochloridate de o pinacolyle soman;Derives organo phosphoriques halogenes autres methylphosphonochloridate de o pinacolyle soman;Industrie chimique;5.0;2.0;;19.0;;=;26.0
2931599000;HS10;Autres - Autre;Halogenated organo-phosphorous derivatives - Other;Industrie chimique;5.0;2.0;;19.0;;=;26.0
293190;HS6;Autres;Organo-inorganic compounds;;;;;;;;
2931901000;HS10;Autres plomb tetrathetyle;Autres plomb tetrathetyle;Industrie chimique;5.0;2.0;;19.0;;=;26.0
2931902000;HS10;Autres 2 chlorovinyldichloroarsine;Autres 2 chlorovinyldichloroarsine;Industrie chimique;5.0;2.0;;19.0;;=;26.0
2931909000;HS10;Autres - Autre;Organo-inorganic compounds - Other;Industrie chimique;5.0;2.0;;19.0;;=;26.0
2932;RANGEE 32;Heterocyclic compounds with oxygen hetero-atom(s) only;;;;;;;;;
293211;HS6;Tétrahydrofuranne;Heterocyclic compounds;;;;;;;;
2932111000;HS10;Tétrahydrofuranne;Heterocyclic compounds;Industrie chimique;5.0;2.0;;19.0;;=;26.0
2932112000;HS10;Tétrahydrofuranne;Heterocyclic compounds;Industrie chimique;5.0;2.0;;19.0;;=;26.0
2932119000;HS10;Tétrahydrofuranne - Autre;Heterocyclic compounds - Other;Industrie chimique;5.0;2.0;;19.0;;=;26.0
293212;HS6;2-Furaldéhyde (furfural);Heterocyclic compounds;;;;;;;;
2932121000;HS10;2-Furaldéhyde (furfural);Heterocyclic compounds;Industrie chimique;5.0;2.0;;19.0;;=;26.0
2932122000;HS10;2-Furaldéhyde (furfural);Heterocyclic compounds;Industrie chimique;5.0;2.0;;19.0;;=;26.0
2932129000;HS10;2-Furaldéhyde (furfural) - Autre;Heterocyclic compounds - Other;Industrie chimique;5.0;2.0;;19.0;;=;26.0
293213;HS6;Alcool furfurylique et alcool tétrahydro-furfurylique;Heterocyclic compounds;;;;;;;;
2932131000;HS10;Composés dont la structure comporte un cycle furanne hydrogene ou non non condensé alcool furfurylique et alcool tetrahydrofurfurylique alcool furfurylique;Composes dont la structure comporte un cycle furanne hydrogene ou non non condense alcool furfurylique et alcool tetrahydrofurfurylique alcool furfurylique;Industrie chimique;5.0;2.0;;19.0;;=;26.0
2932132000;HS10;Composés dont la structure comporte un cycle furanne hydrogene ou non non condensé alcool furfurylique et alcool tetrahydrofurfurylique alcool tetrahydrofurfurylique;Composes dont la structure comporte un cycle furanne hydrogene ou non non condense alcool furfurylique et alcool tetrahydrofurfurylique alcool tetrahydrofurfurylique;Industrie chimique;5.0;2.0;;19.0;;=;26.0
2932139000;HS10;Alcool furfurylique et alcool tétrahydro-furfurylique - Autre;Heterocyclic compounds - Other;Industrie chimique;5.0;2.0;;19.0;;=;26.0
293214;HS6;Sucralose;Heterocyclic compounds;;;;;;;;
2932141000;HS10;Sucralose;Heterocyclic compounds;Industrie chimique;5.0;2.0;;19.0;;=;26.0
2932142000;HS10;Sucralose;Heterocyclic compounds;Industrie chimique;5.0;2.0;;19.0;;=;26.0
2932149000;HS10;Sucralose - Autre;Heterocyclic compounds - Other;Industrie chimique;5.0;2.0;;19.0;;=;26.0
293219;HS6;Autres;Heterocyclic compounds;;;;;;;;
2932191000;HS10;Composés dont la structure comporte un cycle furanne hydrogene ou non non condensé autres furanne;Composes dont la structure comporte un cycle furanne hydrogene ou non non condense autres furanne;Industrie chimique;5.0;2.0;;19.0;;=;26.0
2932192000;HS10;Autres;Heterocyclic compounds;Industrie chimique;5.0;2.0;;19.0;;=;26.0
2932199000;HS10;Autres - Autre;Heterocyclic compounds - Other;Industrie chimique;5.0;2.0;;19.0;;=;26.0
293220;HS6;Lactones;Heterocyclic compounds;;;;;;;;
2932201000;HS10;Lactones;Heterocyclic compounds;Industrie chimique;5.0;2.0;;19.0;;=;26.0
2932202000;HS10;Lactones;Heterocyclic compounds;Industrie chimique;5.0;2.0;;19.0;;=;26.0
2932209000;HS10;Lactones - Autre;Heterocyclic compounds - Other;Industrie chimique;5.0;2.0;;19.0;;=;26.0
293291;HS6;Isosafrole;Heterocyclic compounds;;;;;;;;
2932911000;HS10;Isosafrole;Heterocyclic compounds;Industrie chimique;5.0;2.0;;19.0;;=;26.0
2932912000;HS10;Isosafrole;Heterocyclic compounds;Industrie chimique;5.0;2.0;;19.0;;=;26.0
2932919000;HS10;Isosafrole - Autre;Heterocyclic compounds - Other;Industrie chimique;5.0;2.0;;19.0;;=;26.0
293292;HS6;1-(1;Heterocyclic compounds;;;;;;;;
2932921000;HS10;1-(1;Heterocyclic compounds;Industrie chimique;5.0;2.0;;19.0;;=;26.0
2932922000;HS10;1-(1;Heterocyclic compounds;Industrie chimique;5.0;2.0;;19.0;;=;26.0
2932929000;HS10;1-(1 - Autre;Heterocyclic compounds - Other;Industrie chimique;5.0;2.0;;19.0;;=;26.0
293293;HS6;Pipéronal;Heterocyclic compounds;;;;;;;;
2932931000;HS10;Pipéronal;Heterocyclic compounds;Industrie chimique;5.0;2.0;;19.0;;=;26.0
2932932000;HS10;Pipéronal;Heterocyclic compounds;Industrie chimique;5.0;2.0;;19.0;;=;26.0
2932939000;HS10;Pipéronal - Autre;Heterocyclic compounds - Other;Industrie chimique;5.0;2.0;;19.0;;=;26.0
293294;HS6;Safrole;Heterocyclic compounds;;;;;;;;
2932941000;HS10;Safrole;Heterocyclic compounds;Industrie chimique;5.0;2.0;;19.0;;=;26.0
2932942000;HS10;Safrole;Heterocyclic compounds;Industrie chimique;5.0;2.0;;19.0;;=;26.0
2932949000;HS10;Safrole - Autre;Heterocyclic compounds - Other;Industrie chimique;5.0;2.0;;19.0;;=;26.0
293295;HS6;Tétrahydrocanabinols (tous les isomères);Heterocyclic compounds;;;;;;;;
2932951000;HS10;Tétrahydrocanabinols (tous les isomères);Heterocyclic compounds;Industrie chimique;5.0;2.0;;19.0;;=;26.0
2932952000;HS10;Tétrahydrocanabinols (tous les isomères);Heterocyclic compounds;Industrie chimique;5.0;2.0;;19.0;;=;26.0
2932959000;HS10;Tétrahydrocanabinols (tous les isomères) - Autre;Heterocyclic compounds - Other;Industrie chimique;5.0;2.0;;19.0;;=;26.0
293296;HS6;Carbofurane (ISO);Heterocyclic compounds;;;;;;;;
2932961000;HS10;Carbofurane (ISO);Heterocyclic compounds;Industrie chimique;5.0;2.0;;19.0;;=;26.0
2932962000;HS10;Carbofurane (ISO);Heterocyclic compounds;Industrie chimique;5.0;2.0;;19.0;;=;26.0
2932969000;HS10;Carbofurane (ISO) - Autre;Heterocyclic compounds - Other;Industrie chimique;5.0;2.0;;19.0;;=;26.0
293299;HS6;Autres;Heterocyclic compounds;;;;;;;;
2932991000;HS10;Autres autres benzofuranne coumarone;Autres autres benzofuranne coumarone;Industrie chimique;5.0;2.0;;19.0;;=;26.0
2932992000;HS10;Autres autres 13 dioxanne;Autres autres 13 dioxanne;Industrie chimique;5.0;2.0;;19.0;;=;26.0
2932999000;HS10;Autres - Autre;Heterocyclic compounds - Other;Industrie chimique;5.0;2.0;;19.0;;=;26.0
2933;RANGEE 33;Heterocyclic compounds with nitrogen hetero-atom(s) only;;;;;;;;;
293311;HS6;Phénazone (antipyrine) et ses dérivés;Heterocyclic compounds;;;;;;;;
2933111000;HS10;Composés dont la structure comporte un cycle pyrazole hydrogene ou non non condensé phenazone antipyrine et ses dérivés propyphenazone dci;Composes dont la structure comporte un cycle pyrazole hydrogene ou non non condense phenazone antipyrine et ses derives propyphenazone dci;Industrie chimique;5.0;2.0;;19.0;;=;26.0
2933112000;HS10;Phénazone (antipyrine) et ses dérivés;Heterocyclic compounds;Industrie chimique;5.0;2.0;;19.0;;=;26.0
2933119000;HS10;Phénazone (antipyrine) et ses dérivés - Autre;Heterocyclic compounds - Other;Industrie chimique;5.0;2.0;;19.0;;=;26.0
293319;HS6;Autres;Heterocyclic compounds;;;;;;;;
2933191000;HS10;Composés dont la structure comporte un cycle pyrazole hydrogene ou non non condensé autres phenylbutazone dci;Composes dont la structure comporte un cycle pyrazole hydrogene ou non non condense autres phenylbutazone dci;Industrie chimique;5.0;2.0;;19.0;;=;26.0
2933192000;HS10;Composés dont la structure comporte un cycle pyrazole hydrogene ou non non condensé autres aminophenazone 4 dimethylamino 23 dimethyl 1 phenyl 5 pyrazolone amidopyrine dimethylamino analgesine et ses sels;Composes dont la structure comporte un cycle pyrazole hydrogene ou non non condense autres aminophenazone 4 dimethylamino 23 dimethyl 1 phenyl 5 pyrazolone amidopyrine dimethylamino analgesine et ses sels;Industrie chimique;5.0;2.0;;19.0;;=;26.0
2933199000;HS10;Autres - Autre;Heterocyclic compounds - Other;Industrie chimique;5.0;2.0;;19.0;;=;26.0
293321;HS6;Hydantoïne et ses dérivés;Heterocyclic compounds;;;;;;;;
2933211000;HS10;Hydantoïne et ses dérivés;Heterocyclic compounds;Industrie chimique;5.0;2.0;;19.0;;=;26.0
2933212000;HS10;Hydantoïne et ses dérivés;Heterocyclic compounds;Industrie chimique;5.0;2.0;;19.0;;=;26.0
2933219000;HS10;Hydantoïne et ses dérivés - Autre;Heterocyclic compounds - Other;Industrie chimique;5.0;2.0;;19.0;;=;26.0
293329;HS6;Autres;Heterocyclic compounds;;;;;;;;
2933291000;HS10;Composés dont la structure comporte un cycle imidazole hydrogene ou non non condensé autres chlorhydrate de naphazoline dcim et nitrate de naphazoline dcim;Composes dont la structure comporte un cycle imidazole hydrogene ou non non condense autres chlorhydrate de naphazoline dcim et nitrate de naphazoline dcim;Industrie chimique;5.0;2.0;;19.0;;=;26.0
2933292000;HS10;Composés dont la structure comporte un cycle imidazole hydrogene ou non non condensé autres phentolamine dci;Composes dont la structure comporte un cycle imidazole hydrogene ou non non condense autres phentolamine dci;Industrie chimique;5.0;2.0;;19.0;;=;26.0
2933299000;HS10;Autres - Autre;Heterocyclic compounds - Other;Industrie chimique;5.0;2.0;;19.0;;=;26.0
293331;HS6;Pyridine et ses sels;Heterocyclic compounds;;;;;;;;
2933311000;HS10;Pyridine et ses sels;Heterocyclic compounds;Industrie chimique;5.0;2.0;;19.0;;=;26.0
2933312000;HS10;Pyridine et ses sels;Heterocyclic compounds;Industrie chimique;5.0;2.0;;19.0;;=;26.0
2933319000;HS10;Pyridine et ses sels - Autre;Heterocyclic compounds - Other;Industrie chimique;5.0;2.0;;19.0;;=;26.0
293332;HS6;Pipéridine et ses sels;Heterocyclic compounds;;;;;;;;
2933321000;HS10;Pipéridine et ses sels;Heterocyclic compounds;Industrie chimique;5.0;2.0;;19.0;;=;26.0
2933322000;HS10;Pipéridine et ses sels;Heterocyclic compounds;Industrie chimique;5.0;2.0;;19.0;;=;26.0
2933329000;HS10;Pipéridine et ses sels - Autre;Heterocyclic compounds - Other;Industrie chimique;5.0;2.0;;19.0;;=;26.0
293333;HS6;Alfentanil (DCI);sels de ces produits;;;;;;;;
2933331000;HS10;Alfentanil (DCI);sels de ces produits;Industrie chimique;5.0;2.0;;19.0;;=;26.0
2933332000;HS10;Alfentanil (DCI);sels de ces produits;Industrie chimique;5.0;2.0;;19.0;;=;26.0
2933339000;HS10;Alfentanil (DCI) - Autre;sels de ces produits - Other;Industrie chimique;5.0;2.0;;19.0;;=;26.0
293334;HS6;Autres fentanyls et leurs dérivés;Heterocyclic compounds;;;;;;;;
2933341000;HS10;Autres fentanyls et leurs dérivés;Heterocyclic compounds;Industrie chimique;5.0;2.0;;19.0;;=;26.0
2933342000;HS10;Autres fentanyls et leurs dérivés;Heterocyclic compounds;Industrie chimique;5.0;2.0;;19.0;;=;26.0
2933349000;HS10;Autres fentanyls et leurs dérivés - Autre;Heterocyclic compounds - Other;Industrie chimique;5.0;2.0;;19.0;;=;26.0
293335;HS6;Quinuclidin-3-ol;Heterocyclic compounds;;;;;;;;
2933351000;HS10;Quinuclidin-3-ol;Heterocyclic compounds;Industrie chimique;5.0;2.0;;19.0;;=;26.0
2933352000;HS10;Quinuclidin-3-ol;Heterocyclic compounds;Industrie chimique;5.0;2.0;;19.0;;=;26.0
2933359000;HS10;Quinuclidin-3-ol - Autre;Heterocyclic compounds - Other;Industrie chimique;5.0;2.0;;19.0;;=;26.0
293336;HS6;4-Anilino-N-phénéthylpipéridine (ANPP);Heterocyclic compounds;;;;;;;;
2933361000;HS10;4-Anilino-N-phénéthylpipéridine (ANPP);Heterocyclic compounds;Industrie chimique;5.0;2.0;;19.0;;=;26.0
2933362000;HS10;4-Anilino-N-phénéthylpipéridine (ANPP);Heterocyclic compounds;Industrie chimique;5.0;2.0;;19.0;;=;26.0
2933369000;HS10;4-Anilino-N-phénéthylpipéridine (ANPP) - Autre;Heterocyclic compounds - Other;Industrie chimique;5.0;2.0;;19.0;;=;26.0
293337;HS6;N-Phénéthyl-4-pipéridone (NPP);Heterocyclic compounds;;;;;;;;
2933371000;HS10;N-Phénéthyl-4-pipéridone (NPP);Heterocyclic compounds;Industrie chimique;5.0;2.0;;19.0;;=;26.0
2933372000;HS10;N-Phénéthyl-4-pipéridone (NPP);Heterocyclic compounds;Industrie chimique;5.0;2.0;;19.0;;=;26.0
2933379000;HS10;N-Phénéthyl-4-pipéridone (NPP) - Autre;Heterocyclic compounds - Other;Industrie chimique;5.0;2.0;;19.0;;=;26.0
293339;HS6;Autres;Heterocyclic compounds;;;;;;;;
2933391000;HS10;Benzilate de 3 quinuclidinyle;Benzilate de 3 quinuclidinyle;Industrie chimique;5.0;2.0;;19.0;;=;26.0
2933392000;HS10;1236 tetrahydropyridine;1236 tetrahydropyridine;Industrie chimique;5.0;2.0;;19.0;;=;26.0
2933399000;HS10;Autres - Autre;Heterocyclic compounds - Other;Industrie chimique;5.0;2.0;;19.0;;=;26.0
293341;HS6;Lévorphanol (DCI) et ses sels;Heterocyclic compounds;;;;;;;;
2933411000;HS10;Lévorphanol (DCI) et ses sels;Heterocyclic compounds;Industrie chimique;5.0;2.0;;19.0;;=;26.0
2933412000;HS10;Lévorphanol (DCI) et ses sels;Heterocyclic compounds;Industrie chimique;5.0;2.0;;19.0;;=;26.0
2933419000;HS10;Lévorphanol (DCI) et ses sels - Autre;Heterocyclic compounds - Other;Industrie chimique;5.0;2.0;;19.0;;=;26.0
293349;HS6;Autres;Heterocyclic compounds;;;;;;;;
2933491000;HS10;Dextromethorphane dci et ses sels;Dextromethorphane dci et ses sels;Industrie chimique;5.0;2.0;;19.0;;=;26.0
2933492000;HS10;Quinoléine;Quinoléine;Industrie chimique;5.0;2.0;;19.0;;=;26.0
2933499000;HS10;Autres - Autre;Heterocyclic compounds - Other;Industrie chimique;5.0;2.0;;19.0;;=;26.0
293352;HS6;Malonylurée (acide barbiturique) et ses sels;Heterocyclic compounds;;;;;;;;
2933521000;HS10;Malonylurée (acide barbiturique) et ses sels;Heterocyclic compounds;Industrie chimique;5.0;2.0;;19.0;;=;26.0
2933522000;HS10;Malonylurée (acide barbiturique) et ses sels;Heterocyclic compounds;Industrie chimique;5.0;2.0;;19.0;;=;26.0
2933529000;HS10;Malonylurée (acide barbiturique) et ses sels - Autre;Heterocyclic compounds - Other;Industrie chimique;5.0;2.0;;19.0;;=;26.0
293353;HS6;Allobarbital (DCI);sels de ces produits;;;;;;;;
2933531000;HS10;Allobarbital (DCI);sels de ces produits;Industrie chimique;5.0;2.0;;19.0;;=;26.0
2933532000;HS10;Allobarbital (DCI);sels de ces produits;Industrie chimique;5.0;2.0;;19.0;;=;26.0
2933539000;HS10;Allobarbital (DCI) - Autre;sels de ces produits - Other;Industrie chimique;5.0;2.0;;19.0;;=;26.0
293354;HS6;Autres dérivés de malonylurée (acide barbiturique);sels de ces produits;;;;;;;;
2933541000;HS10;Autres dérivés de malonylurée (acide barbiturique);sels de ces produits;Industrie chimique;5.0;2.0;;19.0;;=;26.0
2933542000;HS10;Autres dérivés de malonylurée (acide barbiturique);sels de ces produits;Industrie chimique;5.0;2.0;;19.0;;=;26.0
2933549000;HS10;Autres dérivés de malonylurée (acide barbiturique) - Autre;sels de ces produits - Other;Industrie chimique;5.0;2.0;;19.0;;=;26.0
293355;HS6;Loprazolam (DCI);sels de ces produits;;;;;;;;
2933551000;HS10;Loprazolam dci et ses sels;Loprazolam dci et ses sels;Industrie chimique;5.0;2.0;;19.0;;=;26.0
2933552000;HS10;Mecloqualone dci et ses sels;Mecloqualone dci et ses sels;Industrie chimique;5.0;2.0;;19.0;;=;26.0
2933559000;HS10;Loprazolam (DCI) - Autre;sels de ces produits - Other;Industrie chimique;5.0;2.0;;19.0;;=;26.0
293359;HS6;Autres;Heterocyclic compounds;;;;;;;;
2933591000;HS10;Diazinon iso;Diazinon iso;Industrie chimique;5.0;2.0;;19.0;;=;26.0
2933592000;HS10;14 diazabicyclo222octane triéthylènediamine;14 diazabicyclo222octane triéthylènediamine;Industrie chimique;5.0;2.0;;19.0;;=;26.0
2933599000;HS10;Autres - Autre;Heterocyclic compounds - Other;Industrie chimique;5.0;2.0;;19.0;;=;26.0
293361;HS6;Mélamine;Heterocyclic compounds;;;;;;;;
2933611000;HS10;Mélamine;Heterocyclic compounds;Industrie chimique;5.0;2.0;;19.0;;=;26.0
2933612000;HS10;Mélamine;Heterocyclic compounds;Industrie chimique;5.0;2.0;;19.0;;=;26.0
2933619000;HS10;Mélamine - Autre;Heterocyclic compounds - Other;Industrie chimique;5.0;2.0;;19.0;;=;26.0
293369;HS6;Autres;Heterocyclic compounds;;;;;;;;
2933691000;HS10;Atrazine iso;Atrazine iso;Industrie chimique;5.0;2.0;;19.0;;=;26.0
2933692000;HS10;Propazine iso;Propazine iso;Industrie chimique;5.0;2.0;;19.0;;=;26.0
2933699000;HS10;Autres - Autre;Heterocyclic compounds - Other;Industrie chimique;5.0;2.0;;19.0;;=;26.0
293371;HS6;6-Hexanelactame (epsilon-caprolactame);Heterocyclic compounds;;;;;;;;
2933711000;HS10;6-Hexanelactame (epsilon-caprolactame);Heterocyclic compounds;Industrie chimique;5.0;2.0;;19.0;;=;26.0
2933712000;HS10;6-Hexanelactame (epsilon-caprolactame);Heterocyclic compounds;Industrie chimique;5.0;2.0;;19.0;;=;26.0
2933719000;HS10;6-Hexanelactame (epsilon-caprolactame) - Autre;Heterocyclic compounds - Other;Industrie chimique;5.0;2.0;;19.0;;=;26.0
293372;HS6;Clobazam (DCI) et méthyprylone (DCI);Heterocyclic compounds;;;;;;;;
2933721000;HS10;Clobazam dci;Clobazam dci;Industrie chimique;5.0;2.0;;19.0;;=;26.0
2933722000;HS10;Méthyprylone dci;Méthyprylone dci;Industrie chimique;5.0;2.0;;19.0;;=;26.0
2933729000;HS10;Clobazam (DCI) et méthyprylone (DCI) - Autre;Heterocyclic compounds - Other;Industrie chimique;5.0;2.0;;19.0;;=;26.0
293379;HS6;Autres lactames;Heterocyclic compounds;;;;;;;;
2933791000;HS10;Autres lactames;Heterocyclic compounds;Industrie chimique;5.0;2.0;;19.0;;=;26.0
2933792000;HS10;Autres lactames;Heterocyclic compounds;Industrie chimique;5.0;2.0;;19.0;;=;26.0
2933799000;HS10;Autres lactames - Autre;Heterocyclic compounds - Other;Industrie chimique;5.0;2.0;;19.0;;=;26.0
293391;HS6;Alprazolam (DCI);sels de ces produits;;;;;;;;
2933911000;HS10;Alprazolam (DCI);sels de ces produits;Industrie chimique;5.0;2.0;;19.0;;=;26.0
2933912000;HS10;Alprazolam (DCI);sels de ces produits;Industrie chimique;5.0;2.0;;19.0;;=;26.0
2933919000;HS10;Alprazolam (DCI) - Autre;sels de ces produits - Other;Industrie chimique;5.0;2.0;;19.0;;=;26.0
293392;HS6;Azinphos-méthyl (ISO);Heterocyclic compounds;;;;;;;;
2933921000;HS10;Azinphos-méthyl (ISO);Heterocyclic compounds;Industrie chimique;5.0;2.0;;19.0;;=;26.0
2933922000;HS10;Azinphos-méthyl (ISO);Heterocyclic compounds;Industrie chimique;5.0;2.0;;19.0;;=;26.0
2933929000;HS10;Azinphos-méthyl (ISO) - Autre;Heterocyclic compounds - Other;Industrie chimique;5.0;2.0;;19.0;;=;26.0
293399;HS6;Autres;Heterocyclic compounds;;;;;;;;
2933991000;HS10;Indole;Indole;Industrie chimique;5.0;2.0;;19.0;;=;26.0
2933992000;HS10;3 méthylindole scatole;3 méthylindole scatole;Industrie chimique;5.0;2.0;;19.0;;=;26.0
2933999000;HS10;Autres - Autre;Heterocyclic compounds - Other;Industrie chimique;5.0;2.0;;19.0;;=;26.0
2934;RANGEE 34;"Nucleic acids and their salts, whether or not chemically defined; other heterocyclic compounds";;;;;;;;;
293410;HS6;Composés dont la structure comporte un cycle thiazole (hydrogéné ou non) non condensé;Heterocyclic compounds;;;;;;;;
2934101000;HS10;Composés dont la structure comporte un cycle thiazole (hydrogéné ou non) non condensé;Heterocyclic compounds;Industrie chimique;5.0;2.0;;19.0;;=;26.0
2934102000;HS10;Composés dont la structure comporte un cycle thiazole (hydrogéné ou non) non condensé;Heterocyclic compounds;Industrie chimique;5.0;2.0;;19.0;;=;26.0
2934109000;HS10;Composés dont la structure comporte un cycle thiazole (hydrogéné ou non) non condensé - Autre;Heterocyclic compounds - Other;Industrie chimique;5.0;2.0;;19.0;;=;26.0
293420;HS6;Composés comportant une structure à cycle benzothiazole (hydrogéné ou non) sans autres condensations;Heterocyclic compounds;;;;;;;;
2934201000;HS10;Disulfure de benzothiazyle;Disulfure de benzothiazyle;Industrie chimique;5.0;2.0;;19.0;;=;26.0
2934202000;HS10;Mercaptobenzothiazole et ses sels;Mercaptobenzothiazole et ses sels;Industrie chimique;5.0;2.0;;19.0;;=;26.0
2934209000;HS10;Composés comportant une structure à cycle benzothiazole (hydrogéné ou non) sans autres condensations - Autre;Heterocyclic compounds - Other;Industrie chimique;5.0;2.0;;19.0;;=;26.0
293430;HS6;Composés comportant une structure à cycle phénothiazine (hydrogéné ou non) sans autres condensations;Heterocyclic compounds;;;;;;;;
2934301000;HS10;Thiethylpérazine dci;Thiethylpérazine dci;Industrie chimique;5.0;2.0;;19.0;;=;26.0
2934302000;HS10;Thioridazine dci et ses sels;Thioridazine dci et ses sels;Industrie chimique;5.0;2.0;;19.0;;=;26.0
2934309000;HS10;Composés comportant une structure à cycle phénothiazine (hydrogéné ou non) sans autres condensations - Autre;Heterocyclic compounds - Other;Industrie chimique;5.0;2.0;;19.0;;=;26.0
293491;HS6;Aminorex (DCI);sels de ces produits;;;;;;;;
2934911000;HS10;Aminorex (DCI);sels de ces produits;Industrie chimique;5.0;2.0;;19.0;;=;26.0
2934912000;HS10;Aminorex (DCI);sels de ces produits;Industrie chimique;5.0;2.0;;19.0;;=;26.0
2934919000;HS10;Aminorex (DCI) - Autre;sels de ces produits - Other;Industrie chimique;5.0;2.0;;19.0;;=;26.0
293492;HS6;Autres fentanyls et leurs dérivés;Heterocyclic compounds;;;;;;;;
2934921000;HS10;Autres fentanyls et leurs dérivés;Heterocyclic compounds;Industrie chimique;5.0;2.0;;19.0;;=;26.0
2934922000;HS10;Autres fentanyls et leurs dérivés;Heterocyclic compounds;Industrie chimique;5.0;2.0;;19.0;;=;26.0
2934929000;HS10;Autres fentanyls et leurs dérivés - Autre;Heterocyclic compounds - Other;Industrie chimique;5.0;2.0;;19.0;;=;26.0
293499;HS6;Autres;Nucleic acids and their salts;;;;;;;;
2934991000;HS10;Autres autres chlorprothixene dci;Autres autres chlorprothixene dci;Industrie chimique;5.0;2.0;;19.0;;=;26.0
2934992000;HS10;Autres autres thenalidine dci;Autres autres thenalidine dci;Industrie chimique;5.0;2.0;;19.0;;=;26.0
2934999000;HS10;Autres - Autre;Nucleic acids and their salts - Other;Industrie chimique;5.0;2.0;;19.0;;=;26.0
2935;RANGEE 35;Sulphonamides;;;;;;;;;
293510;HS6;N-Méthylperfluorooctane sulfonamide;Sulphonamides;;;;;;;;
2935101000;HS10;N-Méthylperfluorooctane sulfonamide;Sulphonamides;Industrie chimique;5.0;2.0;;19.0;;=;26.0
2935102000;HS10;N-Méthylperfluorooctane sulfonamide;Sulphonamides;Industrie chimique;5.0;2.0;;19.0;;=;26.0
2935109000;HS10;N-Méthylperfluorooctane sulfonamide - Autre;Sulphonamides - Other;Industrie chimique;5.0;2.0;;19.0;;=;26.0
293520;HS6;N-Ethylperfluorooctane sulfonamide;Sulphonamides;;;;;;;;
2935201000;HS10;N-Ethylperfluorooctane sulfonamide;Sulphonamides;Industrie chimique;5.0;2.0;;19.0;;=;26.0
2935202000;HS10;N-Ethylperfluorooctane sulfonamide;Sulphonamides;Industrie chimique;5.0;2.0;;19.0;;=;26.0
2935209000;HS10;N-Ethylperfluorooctane sulfonamide - Autre;Sulphonamides - Other;Industrie chimique;5.0;2.0;;19.0;;=;26.0
293530;HS6;N-Ethyl-N-(2-hydroxyéthyl) perfluorooctane sulfonamide;Sulphonamides;;;;;;;;
2935301000;HS10;N-Ethyl-N-(2-hydroxyéthyl) perfluorooctane sulfonamide;Sulphonamides;Industrie chimique;5.0;2.0;;19.0;;=;26.0
2935302000;HS10;N-Ethyl-N-(2-hydroxyéthyl) perfluorooctane sulfonamide;Sulphonamides;Industrie chimique;5.0;2.0;;19.0;;=;26.0
2935309000;HS10;N-Ethyl-N-(2-hydroxyéthyl) perfluorooctane sulfonamide - Autre;Sulphonamides - Other;Industrie chimique;5.0;2.0;;19.0;;=;26.0
293540;HS6;N-(2-Hydroxyéthyl)-N-méthylperfluorooctane sulfonamide;Sulphonamides;;;;;;;;
2935401000;HS10;N-(2-Hydroxyéthyl)-N-méthylperfluorooctane sulfonamide;Sulphonamides;Industrie chimique;5.0;2.0;;19.0;;=;26.0
2935402000;HS10;N-(2-Hydroxyéthyl)-N-méthylperfluorooctane sulfonamide;Sulphonamides;Industrie chimique;5.0;2.0;;19.0;;=;26.0
2935409000;HS10;N-(2-Hydroxyéthyl)-N-méthylperfluorooctane sulfonamide - Autre;Sulphonamides - Other;Industrie chimique;5.0;2.0;;19.0;;=;26.0
293550;HS6;Autres perfluorooctane sulfonamides;Sulphonamides;;;;;;;;
2935501000;HS10;Autres perfluorooctane sulfonamides;Sulphonamides;Industrie chimique;5.0;2.0;;19.0;;=;26.0
2935502000;HS10;Autres perfluorooctane sulfonamides;Sulphonamides;Industrie chimique;5.0;2.0;;19.0;;=;26.0
2935509000;HS10;Autres perfluorooctane sulfonamides - Autre;Sulphonamides - Other;Industrie chimique;5.0;2.0;;19.0;;=;26.0
293590;HS6;Autres;Sulphonamides;;;;;;;;
2935901000;HS10;Autres o toluenesulfonamide;Autres o toluenesulfonamide;Industrie chimique;5.0;2.0;;19.0;;=;26.0
2935902000;HS10;Autres acide o sulfamoylbenzoique;Autres acide o sulfamoylbenzoique;Industrie chimique;5.0;2.0;;19.0;;=;26.0
2935909000;HS10;Autres - Autre;Sulphonamides - Other;Industrie chimique;5.0;2.0;;19.0;;=;26.0
2936;RANGEE 36;"Provitamins, vitamins; natural or reproduced by synthesis (including natural concentrates) derivatives thereof used as vitamins, and intermixtures of the fore-going, whether or not in any solvent";;;;;;;;;
293621;HS6;Vitamines A et leurs dérivés;Vitamins;;;;;;;;
2936211000;HS10;Vitamines A et leurs dérivés;Vitamins;Industrie chimique;5.0;2.0;;19.0;;=;26.0
2936212000;HS10;Vitamines A et leurs dérivés;Vitamins;Industrie chimique;5.0;2.0;;19.0;;=;26.0
2936219000;HS10;Vitamines A et leurs dérivés - Autre;Vitamins - Other;Industrie chimique;5.0;2.0;;19.0;;=;26.0
293622;HS6;Vitamines B1 et ses dérivés;Vitamins;;;;;;;;
2936221000;HS10;Vitamines B1 et ses dérivés;Vitamins;Industrie chimique;5.0;2.0;;19.0;;=;26.0
2936222000;HS10;Vitamines B1 et ses dérivés;Vitamins;Industrie chimique;5.0;2.0;;19.0;;=;26.0
2936229000;HS10;Vitamines B1 et ses dérivés - Autre;Vitamins - Other;Industrie chimique;5.0;2.0;;19.0;;=;26.0
293623;HS6;Vitamines B2 et ses dérivés;Vitamins;;;;;;;;
2936231000;HS10;Vitamines B2 et ses dérivés;Vitamins;Industrie chimique;5.0;2.0;;19.0;;=;26.0
2936232000;HS10;Vitamines B2 et ses dérivés;Vitamins;Industrie chimique;5.0;2.0;;19.0;;=;26.0
2936239000;HS10;Vitamines B2 et ses dérivés - Autre;Vitamins - Other;Industrie chimique;5.0;2.0;;19.0;;=;26.0
293624;HS6;Acide D- ou DL- pantothénique (vitamine B5) et ses dérivés;Vitamins;;;;;;;;
2936241000;HS10;Acide D- ou DL- pantothénique (vitamine B5) et ses dérivés;Vitamins;Industrie chimique;5.0;2.0;;19.0;;=;26.0
2936242000;HS10;Vitamines et leurs dérivés non mélanges acide d ou dl pantothenique vitamine b5 et ses dérivés vitamine b5;Vitamines et leurs derives non melanges acide d ou dl pantothenique vitamine b5 et ses derives vitamine b5;Industrie chimique;5.0;2.0;;19.0;;=;26.0
2936249000;HS10;Acide D- ou DL- pantothénique (vitamine B5) et ses dérivés - Autre;Vitamins - Other;Industrie chimique;5.0;2.0;;19.0;;=;26.0
293625;HS6;Vitamine B6 et ses dérivés;Vitamins;;;;;;;;
2936251000;HS10;Vitamine B6 et ses dérivés;Vitamins;Industrie chimique;5.0;2.0;;19.0;;=;26.0
2936252000;HS10;Vitamine B6 et ses dérivés;Vitamins;Industrie chimique;5.0;2.0;;19.0;;=;26.0
2936259000;HS10;Vitamine B6 et ses dérivés - Autre;Vitamins - Other;Industrie chimique;5.0;2.0;;19.0;;=;26.0
293626;HS6;Vitamine B12 et ses dérivés;Vitamins;;;;;;;;
2936261000;HS10;Vitamine B12 et ses dérivés;Vitamins;Industrie chimique;5.0;2.0;;19.0;;=;26.0
2936262000;HS10;Vitamine B12 et ses dérivés;Vitamins;Industrie chimique;5.0;2.0;;19.0;;=;26.0
2936269000;HS10;Vitamine B12 et ses dérivés - Autre;Vitamins - Other;Industrie chimique;5.0;2.0;;19.0;;=;26.0
293627;HS6;Vitamine C et ses dérivés;Vitamins;;;;;;;;
2936271000;HS10;Vitamine C et ses dérivés;Vitamins;Industrie chimique;5.0;2.0;;19.0;;=;26.0
2936272000;HS10;Vitamine C et ses dérivés;Vitamins;Industrie chimique;5.0;2.0;;19.0;;=;26.0
2936279000;HS10;Vitamine C et ses dérivés - Autre;Vitamins - Other;Industrie chimique;5.0;2.0;;19.0;;=;26.0
293628;HS6;Vitamine E et ses dérivés;Vitamins;;;;;;;;
2936281000;HS10;Vitamine E et ses dérivés;Vitamins;Industrie chimique;5.0;2.0;;19.0;;=;26.0
2936282000;HS10;Vitamine E et ses dérivés;Vitamins;Industrie chimique;5.0;2.0;;19.0;;=;26.0
2936289000;HS10;Vitamine E et ses dérivés - Autre;Vitamins - Other;Industrie chimique;5.0;2.0;;19.0;;=;26.0
293629;HS6;Autres vitamines et leurs dérivés;Vitamins;;;;;;;;
2936291000;HS10;Vitamines et leurs dérivés non mélanges autres vitamines et leurs dérivés vitamine b9 et ses dérivés;Vitamines et leurs derives non melanges autres vitamines et leurs derives vitamine b9 et ses derives;Industrie chimique;5.0;2.0;;19.0;;=;26.0
2936292000;HS10;Vitamines et leurs dérivés non mélanges autres vitamines et leurs dérivés vitamines d et leurs dérivés;Vitamines et leurs derives non melanges autres vitamines et leurs derives vitamines d et leurs derives;Industrie chimique;5.0;2.0;;19.0;;=;26.0
2936299000;HS10;Autres vitamines et leurs dérivés - Autre;Vitamins - Other;Industrie chimique;5.0;2.0;;19.0;;=;26.0
293690;HS6;Autres;Vitamins;;;;;;;;
2936901000;HS10;Autres;Vitamins;Industrie chimique;5.0;2.0;;19.0;;=;26.0
2936902000;HS10;Autres y compris les concentrats naturels mélanges de vitamines ou de provitamines;Autres y compris les concentrats naturels melanges de vitamines ou de provitamines;Industrie chimique;5.0;2.0;;19.0;;=;26.0
2936909000;HS10;Autres - Autre;Vitamins - Other;Industrie chimique;5.0;2.0;;19.0;;=;26.0
2937;RANGEE 37;"Hormones, prostaglandins, thromboxanes and leukotrienes, natural or reproduced by synthesis; derivatives and structural analogues thereof, including chain modified polypeptides, used primarily as hormones.";;;;;;;;;
293711;HS6;Somatotropine;Polypeptide hormones;;;;;;;;
2937111000;HS10;Somatotropine;Polypeptide hormones;Industrie chimique;5.0;2.0;;19.0;;=;26.0
2937112000;HS10;Somatotropine;Polypeptide hormones;Industrie chimique;5.0;2.0;;19.0;;=;26.0
2937119000;HS10;Somatotropine - Autre;Polypeptide hormones - Other;Industrie chimique;5.0;2.0;;19.0;;=;26.0
293712;HS6;Insuline et ses sels;Polypeptide hormones;;;;;;;;
2937121000;HS10;Insuline et ses sels;Polypeptide hormones;Industrie chimique;5.0;2.0;;19.0;;=;26.0
2937122000;HS10;Insuline et ses sels;Polypeptide hormones;Industrie chimique;5.0;2.0;;19.0;;=;26.0
2937129000;HS10;Insuline et ses sels - Autre;Polypeptide hormones - Other;Industrie chimique;5.0;2.0;;19.0;;=;26.0
293719;HS6;Autres;Polypeptide hormones;;;;;;;;
2937191000;HS10;Autres;Polypeptide hormones;Industrie chimique;5.0;2.0;;19.0;;=;26.0
2937192000;HS10;Autres;Polypeptide hormones;Industrie chimique;5.0;2.0;;19.0;;=;26.0
2937199000;HS10;Autres - Autre;Polypeptide hormones - Other;Industrie chimique;5.0;2.0;;19.0;;=;26.0
293721;HS6;Cortisone;Steroidal hormones;;;;;;;;
2937211000;HS10;Hormones steroides leurs dérivés et analogues structurels cortisone hydrocortisone prednisone dehydrocortisone et prednisolone dehydrohydrocortisone cortisone;Hormones steroides leurs derives et analogues structurels cortisone hydrocortisone prednisone dehydrocortisone et prednisolone dehydrohydrocortisone cortisone;Industrie chimique;5.0;2.0;;19.0;;=;26.0
2937212000;HS10;Hormones steroides leurs dérivés et analogues structurels cortisone hydrocortisone prednisone dehydrocortisone et prednisolone dehydrohydrocortisone hydrocortisone;Hormones steroides leurs derives et analogues structurels cortisone hydrocortisone prednisone dehydrocortisone et prednisolone dehydrohydrocortisone hydrocortisone;Industrie chimique;5.0;2.0;;19.0;;=;26.0
2937219000;HS10;Cortisone - Autre;Steroidal hormones - Other;Industrie chimique;5.0;2.0;;19.0;;=;26.0
293722;HS6;Dérivés halogénés des hormones corticostéroïdes;Steroidal hormones;;;;;;;;
2937221000;HS10;Dérivés halogénés des hormones corticostéroïdes;Steroidal hormones;Industrie chimique;5.0;2.0;;19.0;;=;26.0
2937222000;HS10;Dérivés halogénés des hormones corticostéroïdes;Steroidal hormones;Industrie chimique;5.0;2.0;;19.0;;=;26.0
2937229000;HS10;Dérivés halogénés des hormones corticostéroïdes - Autre;Steroidal hormones - Other;Industrie chimique;5.0;2.0;;19.0;;=;26.0
293723;HS6;Oestrogènes et progestogènes;Steroidal hormones;;;;;;;;
2937231000;HS10;Oestrogènes et progestogènes;Steroidal hormones;Industrie chimique;5.0;2.0;;19.0;;=;26.0
2937232000;HS10;Oestrogènes et progestogènes;Steroidal hormones;Industrie chimique;5.0;2.0;;19.0;;=;26.0
2937239000;HS10;Oestrogènes et progestogènes - Autre;Steroidal hormones - Other;Industrie chimique;5.0;2.0;;19.0;;=;26.0
293729;HS6;Autres;Steroidal hormones;;;;;;;;
2937291000;HS10;Hormones steroides leurs dérivés et analogues structurels autres aldosterone dci;Hormones steroides leurs derives et analogues structurels autres aldosterone dci;Industrie chimique;5.0;2.0;;19.0;;=;26.0
2937292000;HS10;Hormones steroides leurs dérivés et analogues structurels autres cortodoxone dci;Hormones steroides leurs derives et analogues structurels autres cortodoxone dci;Industrie chimique;5.0;2.0;;19.0;;=;26.0
2937299000;HS10;Autres - Autre;Steroidal hormones - Other;Industrie chimique;5.0;2.0;;19.0;;=;26.0
293750;HS6;Prostaglandines;Prostaglandins;;;;;;;;
2937501000;HS10;Prostaglandines;Prostaglandins;Industrie chimique;5.0;2.0;;19.0;;=;26.0
2937502000;HS10;Prostaglandines;Prostaglandins;Industrie chimique;5.0;2.0;;19.0;;=;26.0
2937509000;HS10;Prostaglandines - Autre;Prostaglandins - Other;Industrie chimique;5.0;2.0;;19.0;;=;26.0
293790;HS6;Autres;Hormones;;;;;;;;
2937901000;HS10;Autres;Hormones;Industrie chimique;5.0;2.0;;19.0;;=;26.0
2937902000;HS10;Autres dérivés des amino acides;Autres derives des amino acides;Industrie chimique;5.0;2.0;;19.0;;=;26.0
2937909000;HS10;Autres - Autre;Hormones - Other;Industrie chimique;5.0;2.0;;19.0;;=;26.0
2938;RANGEE 38;Glycosides, natural or reproduced by synthesis, and their salts, ethers, esters and other derivatives;;;;;;;;;
293810;HS6;Rutoside (rutine) et ses dérivés;Glycosides;;;;;;;;
2938101000;HS10;Rutoside (rutine) et ses dérivés;Glycosides;Industrie chimique;5.0;2.0;;19.0;;=;26.0
2938102000;HS10;Rutoside (rutine) et ses dérivés;Glycosides;Industrie chimique;5.0;2.0;;19.0;;=;26.0
2938109000;HS10;Rutoside (rutine) et ses dérivés - Autre;Glycosides - Other;Industrie chimique;5.0;2.0;;19.0;;=;26.0
293890;HS6;Autres;Glycosides;;;;;;;;
2938901000;HS10;Autres heterosides des digitales;Autres heterosides des digitales;Industrie chimique;5.0;2.0;;19.0;;=;26.0
2938902000;HS10;Autres glycyrrhizine et glycyrrhizates;Autres glycyrrhizine et glycyrrhizates;Industrie chimique;5.0;2.0;;19.0;;=;26.0
2938909000;HS10;Autres - Autre;Glycosides - Other;Industrie chimique;5.0;2.0;;19.0;;=;26.0
2939;RANGEE 39;"Alkaloids; natural or reproduced by synthesis, and their salts, ethers, esters and other derivatives";;;;;;;;;
293911;HS6;Concentrés de paille de pavot;buprénorphine (DCI);;;;;;;;
2939111000;HS10;Concentrés de paille de pavot;Concentrés de paille de pavot;Industrie chimique;5.0;2.0;;19.0;;=;26.0
2939112000;HS10;Concentrés de paille de pavot;buprénorphine (DCI);Industrie chimique;5.0;2.0;;19.0;;=;26.0
2939119000;HS10;Concentrés de paille de pavot - Autre;buprénorphine (DCI) - Other;Industrie chimique;5.0;2.0;;19.0;;=;26.0
293919;HS6;Autres;Alkaloids;;;;;;;;
2939191000;HS10;Alcaloides de lopium et leurs dérivés sels de ces produits autres diacethylmorphine et ses sels;Alcaloides de lopium et leurs derives sels de ces produits autres diacethylmorphine et ses sels;Industrie chimique;5.0;2.0;;19.0;;=;26.0
2939192000;HS10;Papaverine et ses sels;Papaverine et ses sels;Industrie chimique;5.0;2.0;;19.0;;=;26.0
2939199000;HS10;Autres - Autre;Alkaloids - Other;Industrie chimique;5.0;2.0;;19.0;;=;26.0
293920;HS6;Alcaloïdes du quinquina et leurs dérivés;sels de ces produits;;;;;;;;
2939201000;HS10;Quinine et ses sels;Quinine et ses sels;Industrie chimique;5.0;2.0;;19.0;;=;26.0
2939202000;HS10;Quinidine;Quinidine;Industrie chimique;5.0;2.0;;19.0;;=;26.0
2939209000;HS10;Alcaloïdes du quinquina et leurs dérivés - Autre;sels de ces produits - Other;Industrie chimique;5.0;2.0;;19.0;;=;26.0
293930;HS6;Caféine et ses sels;Alkaloids;;;;;;;;
2939301000;HS10;Caféine et ses sels;Alkaloids;Industrie chimique;5.0;2.0;;19.0;;=;26.0
2939302000;HS10;Caféine et ses sels;Alkaloids;Industrie chimique;5.0;2.0;;19.0;;=;26.0
2939309000;HS10;Caféine et ses sels - Autre;Alkaloids - Other;Industrie chimique;5.0;2.0;;19.0;;=;26.0
293941;HS6;Ephédrine et ses sels;Alkaloids;;;;;;;;
2939411000;HS10;Ephédrine et ses sels;Alkaloids;Industrie chimique;5.0;2.0;;19.0;;=;26.0
2939412000;HS10;Ephédrine et ses sels;Alkaloids;Industrie chimique;5.0;2.0;;19.0;;=;26.0
2939419000;HS10;Ephédrine et ses sels - Autre;Alkaloids - Other;Industrie chimique;5.0;2.0;;19.0;;=;26.0
293942;HS6;Pseudoéphédrine (DCI) et ses sels;Alkaloids;;;;;;;;
2939421000;HS10;Pseudoéphédrine (DCI) et ses sels;Alkaloids;Industrie chimique;5.0;2.0;;19.0;;=;26.0
2939422000;HS10;Pseudoéphédrine (DCI) et ses sels;Alkaloids;Industrie chimique;5.0;2.0;;19.0;;=;26.0
2939429000;HS10;Pseudoéphédrine (DCI) et ses sels - Autre;Alkaloids - Other;Industrie chimique;5.0;2.0;;19.0;;=;26.0
293943;HS6;Cathine (DCI) et ses sels;Alkaloids;;;;;;;;
2939431000;HS10;Cathine (DCI) et ses sels;Alkaloids;Industrie chimique;5.0;2.0;;19.0;;=;26.0
2939432000;HS10;Cathine (DCI) et ses sels;Alkaloids;Industrie chimique;5.0;2.0;;19.0;;=;26.0
2939439000;HS10;Cathine (DCI) et ses sels - Autre;Alkaloids - Other;Industrie chimique;5.0;2.0;;19.0;;=;26.0
293944;HS6;Noréphédrine et ses sels;Alkaloids;;;;;;;;
2939441000;HS10;Noréphédrine et ses sels;Alkaloids;Industrie chimique;5.0;2.0;;19.0;;=;26.0
2939442000;HS10;Noréphédrine et ses sels;Alkaloids;Industrie chimique;5.0;2.0;;19.0;;=;26.0
2939449000;HS10;Noréphédrine et ses sels - Autre;Alkaloids - Other;Industrie chimique;5.0;2.0;;19.0;;=;26.0
293945;HS6;Lévométamfétamine;Alkaloids;;;;;;;;
2939451000;HS10;Lévométamfétamine;Alkaloids;Industrie chimique;5.0;2.0;;19.0;;=;26.0
2939452000;HS10;Lévométamfétamine;Alkaloids;Industrie chimique;5.0;2.0;;19.0;;=;26.0
2939459000;HS10;Lévométamfétamine - Autre;Alkaloids - Other;Industrie chimique;5.0;2.0;;19.0;;=;26.0
293949;HS6;Autres;Alkaloids;;;;;;;;
2939491000;HS10;Methylephedrine et ses sels;Methylephedrine et ses sels;Industrie chimique;5.0;2.0;;19.0;;=;26.0
2939492000;HS10;Etafedrine dci et ses sels;Etafedrine dci et ses sels;Industrie chimique;5.0;2.0;;19.0;;=;26.0
2939499000;HS10;Autres - Autre;Alkaloids - Other;Industrie chimique;5.0;2.0;;19.0;;=;26.0
293951;HS6;Fénétylline (DCI) et ses sels;Alkaloids;;;;;;;;
2939511000;HS10;Fénétylline (DCI) et ses sels;Alkaloids;Industrie chimique;5.0;2.0;;19.0;;=;26.0
2939512000;HS10;Fénétylline (DCI) et ses sels;Alkaloids;Industrie chimique;5.0;2.0;;19.0;;=;26.0
2939519000;HS10;Fénétylline (DCI) et ses sels - Autre;Alkaloids - Other;Industrie chimique;5.0;2.0;;19.0;;=;26.0
293959;HS6;Autres;Alkaloids;;;;;;;;
2939591000;HS10;Autres;Alkaloids;Industrie chimique;5.0;2.0;;19.0;;=;26.0
2939592000;HS10;Autres;Alkaloids;Industrie chimique;5.0;2.0;;19.0;;=;26.0
2939599000;HS10;Autres - Autre;Alkaloids - Other;Industrie chimique;5.0;2.0;;19.0;;=;26.0
293961;HS6;Ergométrine (DCI) et ses sels;Alkaloids;;;;;;;;
2939611000;HS10;Ergométrine (DCI) et ses sels;Alkaloids;Industrie chimique;5.0;2.0;;19.0;;=;26.0
2939612000;HS10;Ergométrine (DCI) et ses sels;Alkaloids;Industrie chimique;5.0;2.0;;19.0;;=;26.0
2939619000;HS10;Ergométrine (DCI) et ses sels - Autre;Alkaloids - Other;Industrie chimique;5.0;2.0;;19.0;;=;26.0
293962;HS6;Ergotamine (DCI) et ses sels;Alkaloids;;;;;;;;
2939621000;HS10;Ergotamine (DCI) et ses sels;Alkaloids;Industrie chimique;5.0;2.0;;19.0;;=;26.0
2939622000;HS10;Ergotamine (DCI) et ses sels;Alkaloids;Industrie chimique;5.0;2.0;;19.0;;=;26.0
2939629000;HS10;Ergotamine (DCI) et ses sels - Autre;Alkaloids - Other;Industrie chimique;5.0;2.0;;19.0;;=;26.0
293963;HS6;Acide lysergique et ses sels;Alkaloids;;;;;;;;
2939631000;HS10;Acide lysergique et ses sels;Alkaloids;Industrie chimique;5.0;2.0;;19.0;;=;26.0
2939632000;HS10;Acide lysergique et ses sels;Alkaloids;Industrie chimique;5.0;2.0;;19.0;;=;26.0
2939639000;HS10;Acide lysergique et ses sels - Autre;Alkaloids - Other;Industrie chimique;5.0;2.0;;19.0;;=;26.0
293969;HS6;Autres;Alkaloids;;;;;;;;
2939691000;HS10;Autres;Alkaloids;Industrie chimique;5.0;2.0;;19.0;;=;26.0
2939692000;HS10;Autres;Alkaloids;Industrie chimique;5.0;2.0;;19.0;;=;26.0
2939699000;HS10;Autres - Autre;Alkaloids - Other;Industrie chimique;5.0;2.0;;19.0;;=;26.0
293972;HS6;Cocaïne;sels;;;;;;;;
2939721000;HS10;Cocaïne;sels;Industrie chimique;5.0;2.0;;19.0;;=;26.0
2939722000;HS10;Cocaïne;sels;Industrie chimique;5.0;2.0;;19.0;;=;26.0
2939729000;HS10;Cocaïne - Autre;sels - Other;Industrie chimique;5.0;2.0;;19.0;;=;26.0
293979;HS6;Autres;Alkaloids;;;;;;;;
2939791000;HS10;Autres;Alkaloids;Industrie chimique;5.0;2.0;;19.0;;=;26.0
2939792000;HS10;Autres;Alkaloids;Industrie chimique;5.0;2.0;;19.0;;=;26.0
2939799000;HS10;Autres - Autre;Alkaloids - Other;Industrie chimique;5.0;2.0;;19.0;;=;26.0
293980;HS6;Autres;Alkaloids;;;;;;;;
2939801000;HS10;Autres;Alkaloids;Industrie chimique;5.0;2.0;;19.0;;=;26.0
2939802000;HS10;Autres;Alkaloids;Industrie chimique;5.0;2.0;;19.0;;=;26.0
2939809000;HS10;Autres - Autre;Alkaloids - Other;Industrie chimique;5.0;2.0;;19.0;;=;26.0
2940;RANGEE 40;"Sugars, chemically pure, other than sucrose, lactose, maltose, glucose and fructose; sugar ethers, sugar acetals and sugar esters, and their salts, other than the products of heading 29.37, 29.38, or 29.39";;;;;;;;;
294000;HS6;Sucres chimiquement purs;éthers;;;;;;;;
2940001000;HS10;Sucres chimiquement purs;Sucres chimiquement purs;Industrie chimique;5.0;2.0;;19.0;;=;26.0
2940002000;HS10;Ethers acétals et esters de sucres et leurs sels;Ethers acétals et esters de sucres et leurs sels;Industrie chimique;5.0;2.0;;19.0;;=;26.0
2940009000;HS10;Sucres chimiquement purs - Autre;éthers - Other;Industrie chimique;5.0;2.0;;19.0;;=;26.0
2941;RANGEE 41;Antibiotics;;;;;;;;;
294110;HS6;Pénicillines et leurs dérivés;sels de ces produits;;;;;;;;
2941101000;HS10;Pénicillines et leurs dérivés;sels de ces produits;Industrie chimique;5.0;2.0;;19.0;;=;26.0
2941102000;HS10;Pénicillines et leurs dérivés;sels de ces produits;Industrie chimique;5.0;2.0;;19.0;;=;26.0
2941109000;HS10;Pénicillines et leurs dérivés - Autre;sels de ces produits - Other;Industrie chimique;5.0;2.0;;19.0;;=;26.0
294120;HS6;Streptomycines et leurs dérivés;sels de ces produits;;;;;;;;
2941201000;HS10;Dihydrostreptomycine ses sels esters et hydrates;Dihydrostreptomycine ses sels esters et hydrates;Industrie chimique;5.0;2.0;;19.0;;=;26.0
2941202000;HS10;Streptomycines et leurs dérivés;sels de ces produits;Industrie chimique;5.0;2.0;;19.0;;=;26.0
2941209000;HS10;Streptomycines et leurs dérivés - Autre;sels de ces produits - Other;Industrie chimique;5.0;2.0;;19.0;;=;26.0
294130;HS6;Tétracyclines et leurs dérivés;sels de ces produits;;;;;;;;
2941301000;HS10;Tétracyclines et leurs dérivés;sels de ces produits;Industrie chimique;5.0;2.0;;19.0;;=;26.0
2941302000;HS10;Tétracyclines et leurs dérivés;sels de ces produits;Industrie chimique;5.0;2.0;;19.0;;=;26.0
2941309000;HS10;Tétracyclines et leurs dérivés - Autre;sels de ces produits - Other;Industrie chimique;5.0;2.0;;19.0;;=;26.0
294140;HS6;Chloramphénicol et ses dérivés;sels de ces produits;;;;;;;;
2941401000;HS10;Chloramphénicol et ses dérivés;sels de ces produits;Industrie chimique;5.0;2.0;;19.0;;=;26.0
2941402000;HS10;Chloramphénicol et ses dérivés;sels de ces produits;Industrie chimique;5.0;2.0;;19.0;;=;26.0
2941409000;HS10;Chloramphénicol et ses dérivés - Autre;sels de ces produits - Other;Industrie chimique;5.0;2.0;;19.0;;=;26.0
294150;HS6;Erythromicine et ses dérivés;sels de ces produits;;;;;;;;
2941501000;HS10;Erythromicine et ses dérivés;sels de ces produits;Industrie chimique;5.0;2.0;;19.0;;=;26.0
2941502000;HS10;Erythromicine et ses dérivés;sels de ces produits;Industrie chimique;5.0;2.0;;19.0;;=;26.0
2941509000;HS10;Erythromicine et ses dérivés - Autre;sels de ces produits - Other;Industrie chimique;5.0;2.0;;19.0;;=;26.0
294190;HS6;Autres;Antibiotics;;;;;;;;
2941901000;HS10;Azithromycine;Azithromycine;Industrie chimique;5.0;2.0;;19.0;;=;26.0
2941902000;HS10;Cefalexine et cefixime;Cefalexine et cefixime;Industrie chimique;5.0;2.0;;19.0;;=;26.0
2941909000;HS10;Autres - Autre;Antibiotics - Other;Industrie chimique;5.0;2.0;;19.0;;=;26.0
2942;RANGEE 42;"Organic compounds; n.e.c. in chapter 29";;;;;;;;;
294200;HS6;Autres composés organiques;Organic compounds;;;;;;;;
2942001000;HS10;Cetenes;Cetenes;Industrie chimique;5.0;2.0;;19.0;;=;26.0
2942002000;HS10;Composés complexes de fluorure de bore;Composés complexes de fluorure de bore;Industrie chimique;5.0;2.0;;19.0;;=;26.0
2942009000;HS10;Autres composés organiques - Autre;Organic compounds - Other;Industrie chimique;5.0;2.0;;19.0;;=;26.0
CHAPITRE 30;CHAPITRE;Produits pharmaceutiques;;;;;;;;;
3001;RANGEE 01;"Glands and other organs (extracts, secretions thereof) for organo-therapeutic uses, dried, powdered or not; heparin and its salts; other human or animal substances for therapeutic or prophylactic uses n.e.c.";;;;;;;;;
300120;HS6;Extraits de glandes ou d'autres organes ou de leurs sécrétions;Glands and other organs;;;;;;;;
3001201000;HS10;Extraits de glandes ou dautres organes ou de leurs secretions dorigine humaine;Extraits de glandes ou dautres organes ou de leurs secretions dorigine humaine;Santé;5.0;2.0;;9.0;;910 Déclaration d'Importation du Produit | 902 Autorisation d'admission du produit | 920 Autorisation du Ministère de la Santé | 930 Certificat de Conformité Pharmaceutique;16.0
3001202000;HS10;Extraits de glandes ou d'autres organes ou de leurs sécrétions;Glands and other organs;Santé;5.0;2.0;;9.0;;=;16.0
3001209000;HS10;Extraits de glandes ou d'autres organes ou de leurs sécrétions - Autre;Glands and other organs - Other;Santé;5.0;2.0;;9.0;;=;16.0
300190;HS6;Autres;Glands and other organs;;;;;;;;
3001901000;HS10;Heparine et ses sels;Heparine et ses sels;Santé;5.0;2.0;;9.0;;=;16.0
3001902000;HS10;Autres;Glands and other organs;Santé;5.0;2.0;;9.0;;=;16.0
3001909000;HS10;Autres - Autre;Glands and other organs - Other;Santé;5.0;2.0;;9.0;;=;16.0
3002;RANGEE 02;"Human blood; animal blood for therapeutic, prophylactic or diagnostic uses; antisera, other blood fractions, immunological products, modified or obtained by biotechnological processes; vaccines, toxins, cultures of micro-organisms (excluding yeasts) etc";;;;;;;;;
300212;HS6;Antisérums et autres fractions du sang;Blood;;;;;;;;
3002121000;HS10;Sérums spécifiques et autres constituants du sang humain pour diagnostic;Sérums spécifiques et autres constituants du sang humain pour diagnostic;Santé;5.0;2.0;;9.0;;=;16.0
3002122000;HS10;Antisérums et autres fractions du sang;Blood;Santé;5.0;2.0;;9.0;;=;16.0
3002129000;HS10;Antisérums et autres fractions du sang - Autre;Blood - Other;Santé;5.0;2.0;;9.0;;=;16.0
300213;HS6;Produits immunologiques;Blood;;;;;;;;
3002131000;HS10;Produits immunologiques;Blood;Santé;5.0;2.0;;9.0;;=;16.0
3002132000;HS10;Produits immunologiques;Blood;Santé;5.0;2.0;;9.0;;=;16.0
3002139000;HS10;Produits immunologiques - Autre;Blood - Other;Santé;5.0;2.0;;9.0;;=;16.0
300214;HS6;Produits immunologiques;Blood;;;;;;;;
3002141000;HS10;Produits immunologiques;Blood;Santé;5.0;2.0;;9.0;;=;16.0
3002142000;HS10;Produits immunologiques;Blood;Santé;5.0;2.0;;9.0;;=;16.0
3002149000;HS10;Produits immunologiques - Autre;Blood - Other;Santé;5.0;2.0;;9.0;;=;16.0
300215;HS6;Produits immunologiques;Blood;;;;;;;;
3002151000;HS10;Interferon conditionné pour la vente au détail;Interferon conditionné pour la vente au détail;Santé;5.0;2.0;;9.0;;=;16.0
3002152000;HS10;Anticorps monoclonaux mab conditionnés pour la vente au détail;Anticorps monoclonaux mab conditionnés pour la vente au détail;Santé;5.0;2.0;;9.0;;=;16.0
3002159000;HS10;Produits immunologiques - Autre;Blood - Other;Santé;5.0;2.0;;9.0;;=;16.0
300220;HS6;Vaccins;Vaccines;;;;;;;;
3002201000;HS10;Vaccins;Vaccines;Santé;5.0;2.0;;9.0;;=;16.0
3002202000;HS10;Vaccins;Vaccines;Santé;5.0;2.0;;9.0;;=;16.0
3002209000;HS10;Vaccins - Autre;Vaccines - Other;Santé;5.0;2.0;;9.0;;=;16.0
300241;HS6;Vaccins pour la médecine humaine;Vaccines;;;;;;;;
3002411000;HS10;Vaccins humains contre le virus de linfluenza;Vaccins humains contre le virus de linfluenza;Santé;5.0;2.0;;19.0;;=;26.0
3002412000;HS10;Vaccins pour la médecine humaine;Vaccines;Santé;5.0;2.0;;19.0;;=;26.0
3002419000;HS10;Vaccins pour la médecine humaine - Autre;Vaccines - Other;Santé;5.0;2.0;;19.0;;=;26.0
300242;HS6;Vaccins pour la médecine vétérinaire;Vaccines;;;;;;;;
3002421000;HS10;Vaccins antiaphteux pour la médecine vétérinaire;Vaccins antiaphteux pour la médecine vétérinaire;Santé;5.0;2.0;;19.0;;=;26.0
3002422000;HS10;Vaccins vétérinaires administrés par voie parentérale;Vaccins vétérinaires administrés par voie parentérale;Santé;5.0;2.0;;19.0;;=;26.0
3002429000;HS10;Vaccins pour la médecine vétérinaire - Autre;Vaccines - Other;Santé;5.0;2.0;;19.0;;=;26.0
300249;HS6;Autres;Toxins;;;;;;;;
3002491000;HS10;Saxitoxine;Saxitoxine;Santé;5.0;2.0;;19.0;;=;26.0
3002492000;HS10;Ricine;Ricine;Santé;5.0;2.0;;19.0;;=;26.0
3002499000;HS10;Autres - Autre;Toxins - Other;Santé;5.0;2.0;;19.0;;=;26.0
300251;HS6;Produits de thérapie cellulaire;Cell cultures;;;;;;;;
3002511000;HS10;Produits de thérapie cellulaire;Cell cultures;Santé;5.0;2.0;;19.0;;=;26.0
3002512000;HS10;Produits de thérapie cellulaire;Cell cultures;Santé;5.0;2.0;;19.0;;=;26.0
3002519000;HS10;Produits de thérapie cellulaire - Autre;Cell cultures - Other;Santé;5.0;2.0;;19.0;;=;26.0
300259;HS6;Autres;Cell cultures;;;;;;;;
3002591000;HS10;Autres;Cell cultures;Santé;5.0;2.0;;19.0;;=;26.0
3002592000;HS10;Autres;Cell cultures;Santé;5.0;2.0;;19.0;;=;26.0
3002599000;HS10;Autres - Autre;Cell cultures - Other;Santé;5.0;2.0;;19.0;;=;26.0
300290;HS6;Autres;Toxins;;;;;;;;
3002901000;HS10;Autres;Toxins;Santé;5.0;2.0;;9.0;;=;16.0
3002902000;HS10;Autres;Toxins;Santé;5.0;2.0;;9.0;;=;16.0
3002909000;HS10;Autres - Autre;Toxins - Other;Santé;5.0;2.0;;9.0;;=;16.0
3003;RANGEE 03;"Medicaments; (not goods of heading no. 3002, 3005 or 3006) of two or more constituents mixed together for therapeutic or prophylactic use not in measured doses or in forms or packings for retail sale";;;;;;;;;
300310;HS6;Contenant des pénicillines ou des dérivés de ces produits;Medicaments;;;;;;;;
3003101000;HS10;Médicaments contenant pénicillinesstreptomycines pour la médecine vétérinaire;Médicaments contenant pénicillinesstreptomycines pour la médecine vétérinaire;Santé;5.0;2.0;;9.0;;=;16.0
3003102000;HS10;Contenant des pénicillines ou des dérivés de ces produits;Medicaments;Santé;5.0;2.0;;9.0;;=;16.0
3003109000;HS10;Contenant des pénicillines ou des dérivés de ces produits - Autre;Medicaments - Other;Santé;5.0;2.0;;9.0;;=;16.0
300320;HS6;Autres;Medicaments;;;;;;;;
3003201000;HS10;Autres médicaments mélangés non dosés pour usage vétérinaire contenant des antibiotiques;Autres médicaments mélangés non dosés pour usage vétérinaire contenant des antibiotiques;Santé;5.0;2.0;;9.0;;=;16.0
3003202000;HS10;Autres;Medicaments;Santé;5.0;2.0;;9.0;;=;16.0
3003209000;HS10;Autres - Autre;Medicaments - Other;Santé;5.0;2.0;;9.0;;=;16.0
300331;HS6;Contenant de l'insuline;Medicaments;;;;;;;;
3003311000;HS10;Médicaments mélangés non dosés contenant de linsuline humaine biosynthétique;Médicaments mélangés non dosés contenant de linsuline humaine biosynthétique;Santé;5.0;2.0;;9.0;;=;16.0
3003312000;HS10;Autres contenant des hormones ou dautres produits du n 2937 contenant de linsuline insulinedorigine porcine;Autres contenant des hormones ou dautres produits du n 2937 contenant de linsuline insulinedorigine porcine;Santé;5.0;2.0;;9.0;;=;16.0
3003319000;HS10;Contenant de l'insuline - Autre;Medicaments - Other;Santé;5.0;2.0;;9.0;;=;16.0
300339;HS6;Autres;Medicaments;;;;;;;;
3003391000;HS10;Autres médicaments mélangés non dosés pour usage vétérinaire contenant des hormones sauf insuline;Autres médicaments mélangés non dosés pour usage vétérinaire contenant des hormones sauf insuline;Santé;5.0;2.0;;9.0;;=;16.0
3003392000;HS10;Autres;Medicaments;Santé;5.0;2.0;;9.0;;=;16.0
3003399000;HS10;Autres - Autre;Medicaments - Other;Santé;5.0;2.0;;9.0;;=;16.0
300341;HS6;Contenant de l'éphédrine ou ses sels;Medicaments;;;;;;;;
3003411000;HS10;Contenant de l'éphédrine ou ses sels;Medicaments;Santé;5.0;2.0;;19.0;;=;26.0
3003412000;HS10;Contenant de l'éphédrine ou ses sels;Medicaments;Santé;5.0;2.0;;19.0;;=;26.0
3003419000;HS10;Contenant de l'éphédrine ou ses sels - Autre;Medicaments - Other;Santé;5.0;2.0;;19.0;;=;26.0
300342;HS6;Contenant de la pseudoéphédrine (DCI) ou ses sels;Medicaments;;;;;;;;
3003421000;HS10;Contenant de la pseudoéphédrine (DCI) ou ses sels;Medicaments;Santé;5.0;2.0;;19.0;;=;26.0
3003422000;HS10;Contenant de la pseudoéphédrine (DCI) ou ses sels;Medicaments;Santé;5.0;2.0;;19.0;;=;26.0
3003429000;HS10;Contenant de la pseudoéphédrine (DCI) ou ses sels - Autre;Medicaments - Other;Santé;5.0;2.0;;19.0;;=;26.0
300343;HS6;Contenant de la noréphédrine ou ses sels;Medicaments;;;;;;;;
3003431000;HS10;Contenant de la noréphédrine ou ses sels;Medicaments;Santé;5.0;2.0;;19.0;;=;26.0
3003432000;HS10;Contenant de la noréphédrine ou ses sels;Medicaments;Santé;5.0;2.0;;19.0;;=;26.0
3003439000;HS10;Contenant de la noréphédrine ou ses sels - Autre;Medicaments - Other;Santé;5.0;2.0;;19.0;;=;26.0
300349;HS6;Autres;Medicaments;;;;;;;;
3003491000;HS10;Autres médicaments mélangés non dosés pour usage vétérinaire contenant des alcaloïdes;Autres médicaments mélangés non dosés pour usage vétérinaire contenant des alcaloïdes;Santé;5.0;2.0;;19.0;;=;26.0
3003492000;HS10;Autres;Medicaments;Santé;5.0;2.0;;19.0;;=;26.0
3003499000;HS10;Autres - Autre;Medicaments - Other;Santé;5.0;2.0;;19.0;;=;26.0
300360;HS6;Autres;Medicaments;;;;;;;;
3003601000;HS10;Autres;Medicaments;Santé;5.0;2.0;;19.0;;=;26.0
3003602000;HS10;Autres;Medicaments;Santé;5.0;2.0;;19.0;;=;26.0
3003609000;HS10;Autres - Autre;Medicaments - Other;Santé;5.0;2.0;;19.0;;=;26.0
300390;HS6;Autres;Medicaments;;;;;;;;
3003901000;HS10;Autres;Medicaments;Santé;5.0;2.0;;9.0;;=;16.0
3003902000;HS10;Autres;Medicaments;Santé;5.0;2.0;;9.0;;=;16.0
3003909000;HS10;Autres - Autre;Medicaments - Other;Santé;5.0;2.0;;9.0;;=;16.0
3004;RANGEE 04;"Medicaments; (not goods of heading no. 3002, 3005 or 3006) consisting of mixed or unmixed products for therapeutic or prophylactic use, put up in measured doses (incl. those in the form of transdermal admin. systems) or packed for retail sale";;;;;;;;;
300410;HS6;Contenant des pénicillines ou des dérivés de ces produits;Medicaments;;;;;;;;
3004101000;HS10;Médicaments dosés pour usage vétérinaire contenant pénicillines ou streptomycines;Médicaments dosés pour usage vétérinaire contenant pénicillines ou streptomycines;Santé;5.0;2.0;;9.0;;=;16.0
3004102000;HS10;Contenant des pénicillines ou des dérivés de ces produits;Medicaments;Santé;5.0;2.0;;9.0;;=;16.0
3004109000;HS10;Contenant des pénicillines ou des dérivés de ces produits - Autre;Medicaments - Other;Santé;5.0;2.0;;9.0;;=;16.0
300420;HS6;Autres;Medicaments;;;;;;;;
3004201000;HS10;Autres;Medicaments;Santé;5.0;2.0;;9.0;;=;16.0
3004202000;HS10;Autres;Medicaments;Santé;5.0;2.0;;9.0;;=;16.0
3004209000;HS10;Autres - Autre;Medicaments - Other;Santé;5.0;2.0;;9.0;;=;16.0
300431;HS6;Contenant de l'insuline;Medicaments;;;;;;;;
3004311000;HS10;Médicaments dosés contenant de linsuline humaine biosynthétique;Médicaments dosés contenant de linsuline humaine biosynthétique;Santé;5.0;2.0;;9.0;;=;16.0
3004312000;HS10;Autres contenant des hormones ou dautres produits du n 2937 contenant de linsuline insulinedorigine porcine;Autres contenant des hormones ou dautres produits du n 2937 contenant de linsuline insulinedorigine porcine;Santé;5.0;2.0;;9.0;;=;16.0
3004319000;HS10;Contenant de l'insuline - Autre;Medicaments - Other;Santé;5.0;2.0;;9.0;;=;16.0
300432;HS6;Contenant des hormones corticostéroïdes;Medicaments;;;;;;;;
3004321000;HS10;Contenant des hormones corticostéroïdes;Medicaments;Santé;5.0;2.0;;9.0;;=;16.0
3004322000;HS10;Contenant des hormones corticostéroïdes;Medicaments;Santé;5.0;2.0;;9.0;;=;16.0
3004329000;HS10;Contenant des hormones corticostéroïdes - Autre;Medicaments - Other;Santé;5.0;2.0;;9.0;;=;16.0
300439;HS6;Autres;Medicaments;;;;;;;;
3004391000;HS10;Autres;Medicaments;Santé;5.0;2.0;;9.0;;=;16.0
3004392000;HS10;Autres;Medicaments;Santé;5.0;2.0;;9.0;;=;16.0
3004399000;HS10;Autres - Autre;Medicaments - Other;Santé;5.0;2.0;;9.0;;=;16.0
300441;HS6;Contenant de l'éphédrine ou ses sels;Medicaments;;;;;;;;
3004411000;HS10;Contenant de l'éphédrine ou ses sels;Medicaments;Santé;5.0;2.0;;9.0;;=;16.0
3004412000;HS10;Contenant de l'éphédrine ou ses sels;Medicaments;Santé;5.0;2.0;;9.0;;=;16.0
3004419000;HS10;Contenant de l'éphédrine ou ses sels - Autre;Medicaments - Other;Santé;5.0;2.0;;9.0;;=;16.0
300442;HS6;Contenant de la pseudoéphédrine (DCI) ou ses sels;Medicaments;;;;;;;;
3004421000;HS10;Contenant de la pseudoéphédrine (DCI) ou ses sels;Medicaments;Santé;5.0;2.0;;9.0;;=;16.0
3004422000;HS10;Contenant de la pseudoéphédrine (DCI) ou ses sels;Medicaments;Santé;5.0;2.0;;9.0;;=;16.0
3004429000;HS10;Contenant de la pseudoéphédrine (DCI) ou ses sels - Autre;Medicaments - Other;Santé;5.0;2.0;;9.0;;=;16.0
300443;HS6;Contenant de la noréphédrine ou ses sels;Medicaments;;;;;;;;
3004431000;HS10;Contenant de la noréphédrine ou ses sels;Medicaments;Santé;5.0;2.0;;9.0;;=;16.0
3004432000;HS10;Contenant de la noréphédrine ou ses sels;Medicaments;Santé;5.0;2.0;;9.0;;=;16.0
3004439000;HS10;Contenant de la noréphédrine ou ses sels - Autre;Medicaments - Other;Santé;5.0;2.0;;9.0;;=;16.0
300449;HS6;Autres;Medicaments;;;;;;;;
3004491000;HS10;Autres médicaments dosés pour usage vétérinaire contenant des alcaloïdes;Autres médicaments dosés pour usage vétérinaire contenant des alcaloïdes;Santé;5.0;2.0;;9.0;;=;16.0
3004492000;HS10;Autres;Medicaments;Santé;5.0;2.0;;9.0;;=;16.0
3004499000;HS10;Autres - Autre;Medicaments - Other;Santé;5.0;2.0;;9.0;;=;16.0
300450;HS6;Autres médicaments contenant des vitamines ou d'autres produits du n°29.36;Medicaments;;;;;;;;
3004501000;HS10;Autres médicaments contenant des vitamines ou d'autres produits du n°29.36;Medicaments;Santé;5.0;2.0;;9.0;;=;16.0
3004502000;HS10;Autres médicaments contenant des vitamines ou d'autres produits du n°29.36;Medicaments;Santé;5.0;2.0;;9.0;;=;16.0
3004509000;HS10;Autres médicaments contenant des vitamines ou d'autres produits du n°29.36 - Autre;Medicaments - Other;Santé;5.0;2.0;;9.0;;=;16.0
300460;HS6;Autres;Medicaments;;;;;;;;
3004601000;HS10;Autres;Medicaments;Santé;5.0;2.0;;9.0;;=;16.0
3004602000;HS10;Autres;Medicaments;Santé;5.0;2.0;;9.0;;=;16.0
3004609000;HS10;Autres - Autre;Medicaments - Other;Santé;5.0;2.0;;9.0;;=;16.0
300490;HS6;Autres;Medicaments;;;;;;;;
3004901000;HS10;Autres;Medicaments;Santé;5.0;2.0;;9.0;;=;16.0
3004902000;HS10;Autres;Medicaments;Santé;5.0;2.0;;9.0;;=;16.0
3004909000;HS10;Autres - Autre;Medicaments - Other;Santé;5.0;2.0;;9.0;;=;16.0
3005;RANGEE 05;Wadding, gauze, bandages (dressings, adhesive plasters, poultices), impregnated or coated with pharmaceutical substances or in forms or packings for retail sale, for medical, surgical or veterinary use;;;;;;;;;
300510;HS6;Pansements adhésifs et autres articles ayant une couche adhésive;Dressings;;;;;;;;
3005101000;HS10;Pansements adhésifs et autres articles ayant une couche adhésive;Dressings;Santé;5.0;2.0;;9.0;;=;16.0
3005102000;HS10;Pansements adhésifs et autres articles ayant une couche adhésive;Dressings;Santé;5.0;2.0;;9.0;;=;16.0
3005109000;HS10;Pansements adhésifs et autres articles ayant une couche adhésive - Autre;Dressings - Other;Santé;5.0;2.0;;9.0;;=;16.0
300590;HS6;Autres;Wadding;;;;;;;;
3005901000;HS10;Autres;Wadding;Santé;5.0;2.0;;9.0;;=;16.0
3005902000;HS10;Autres;Wadding;Santé;5.0;2.0;;9.0;;=;16.0
3005909000;HS10;Autres - Autre;Wadding - Other;Santé;5.0;2.0;;9.0;;=;16.0
3006;RANGEE 06;Pharmaceutical goods;;;;;;;;;
300610;HS6;Catguts stériles;laminaires stériles;;;;;;;;
3006101000;HS10;Catguts steriles ligatures steriles similaires pour sutures chirurgicales compris les fils resorbables steriles pour la chirurgie ou lart dentaire et adhésifs steriles pour tissus organiques utilises en chirurgie pour refermer les plaies laminaires steriles hemostatiques resorbables steriles pour la chirurgie ou lart dentaire barrieres antiadherence steriles pour la chirurgie ou lart catguts steriles ligatures steriles similaires pour sutures chirurgicales compris les fils resorbables steriles pour la chirurgie ou lart dentaire et adhésifs steriles pour tissus organiques utilises en chirurgie pour refermer les plaies;Catguts steriles ligatures steriles similaires pour sutures chirurgicales compris les fils resorbables steriles pour la chirurgie ou lart dentaire et adhesifs steriles pour tissus organiques utilises en chirurgie pour refermer les plaies laminaires steriles hemostatiques resorbables steriles pour la chirurgie ou lart dentaire barrieres antiadherence steriles pour la chirurgie ou lart catguts steriles ligatures steriles similaires pour sutures chirurgicales compris les fils resorbables steriles pour la chirurgie ou lart dentaire et adhesifs steriles pour tissus organiques utilises en chirurgie pour refermer les plaies;Santé;5.0;2.0;;9.0;;=;16.0
3006102000;HS10;Catguts steriles ligatures steriles similaires pour sutures chirurgicales compris les fils resorbables steriles pour la chirurgie ou lart dentaire et adhésifs steriles pour tissus organiques utilises en chirurgie pour refermer les plaies laminaires steriles hemostatiques resorbables steriles pour la chirurgie ou lart dentaire barrieres antiadherence steriles pour la chirurgie ou lart laminaires steriles;Catguts steriles ligatures steriles similaires pour sutures chirurgicales compris les fils resorbables steriles pour la chirurgie ou lart dentaire et adhesifs steriles pour tissus organiques utilises en chirurgie pour refermer les plaies laminaires steriles hemostatiques resorbables steriles pour la chirurgie ou lart dentaire barrieres antiadherence steriles pour la chirurgie ou lart laminaires steriles;Santé;5.0;2.0;;9.0;;=;16.0
3006109000;HS10;Catguts stériles - Autre;laminaires stériles - Other;Santé;5.0;2.0;;9.0;;=;16.0
300630;HS6;Préparations opacifiantes pour examens radiographiques;réactifs de diagnostics conçus pour être employés sur le patient;;;;;;;;
3006301000;HS10;Preparations opacifiantes pour examens radiographiques reactifs de diagnostic conus pour etre employes sur le patient preparations opacifiantes pour examens radiographiques;Preparations opacifiantes pour examens radiographiques reactifs de diagnostic conus pour etre employes sur le patient preparations opacifiantes pour examens radiographiques;Santé;5.0;2.0;;9.0;;=;16.0
3006302000;HS10;Préparations opacifiantes pour examens radiographiques;réactifs de diagnostics conçus pour être employés sur le patient;Santé;5.0;2.0;;9.0;;=;16.0
3006309000;HS10;Préparations opacifiantes pour examens radiographiques - Autre;réactifs de diagnostics conçus pour être employés sur le patient - Other;Santé;5.0;2.0;;9.0;;=;16.0
300640;HS6;Ciments et autres produits d'obturation dentaire;ciments pour la réfection osseuse;;;;;;;;
3006401000;HS10;Ciments et autres produits dobturation dentaire ciments pour la refection osseuse ciments et autres produitsdobturation dentaire;Ciments et autres produits dobturation dentaire ciments pour la refection osseuse ciments et autres produitsdobturation dentaire;Santé;5.0;2.0;;9.0;;=;16.0
3006402000;HS10;Ciments et autres produits dobturation dentaire ciments pour la refection osseuse ciments pour la refection osseuse;Ciments et autres produits dobturation dentaire ciments pour la refection osseuse ciments pour la refection osseuse;Santé;5.0;2.0;;9.0;;=;16.0
3006409000;HS10;Ciments et autres produits d'obturation dentaire - Autre;ciments pour la réfection osseuse - Other;Santé;5.0;2.0;;9.0;;=;16.0
300650;HS6;Trousses et boîtes de pharmacie garnies;Pharmaceutical goods;;;;;;;;
3006501000;HS10;Trousses et boîtes de pharmacie garnies;Pharmaceutical goods;Santé;5.0;2.0;;9.0;;=;16.0
3006502000;HS10;Trousses et boîtes de pharmacie garnies;Pharmaceutical goods;Santé;5.0;2.0;;9.0;;=;16.0
3006509000;HS10;Trousses et boîtes de pharmacie garnies - Autre;Pharmaceutical goods - Other;Santé;5.0;2.0;;9.0;;=;16.0
300660;HS6;Préparations chimiques contraceptives à base d'hormones;Pharmaceutical goods;;;;;;;;
3006601000;HS10;Préparations chimiques contraceptives à base d'hormones;Pharmaceutical goods;Santé;5.0;2.0;;9.0;;=;16.0
3006602000;HS10;Préparations chimiques contraceptives à base d'hormones;Pharmaceutical goods;Santé;5.0;2.0;;9.0;;=;16.0
3006609000;HS10;Préparations chimiques contraceptives à base d'hormones - Autre;Pharmaceutical goods - Other;Santé;5.0;2.0;;9.0;;=;16.0
300670;HS6;Préparations présentées sous forme de gel conçues pour être utilisées en médecine humaine ou vétérinaire comme lubrifiant pour certaines parties du corps lors des opérations chirurgicales ou des examens médicaux ou comme agent de couplage entre le corps et les instruments médicaux;Pharmaceutical goods;;;;;;;;
3006701000;HS10;Preparations presentees sous forme de gel conues pour etree utilisees en médecine humaine ou veterinaire comme lubrifiant pour certaines parties du corps lors des operations chirurgicales ou des examens medicaux ou comme agent de couplage entre le corps et les instruments medicaux a utiliser en médecine veterinaire;Preparations presentees sous forme de gel conues pour etree utilisees en medecine humaine ou veterinaire comme lubrifiant pour certaines parties du corps lors des operations chirurgicales ou des examens medicaux ou comme agent de couplage entre le corps et les instruments medicaux a utiliser en medecine veterinaire;Santé;5.0;2.0;;9.0;;=;16.0
3006702000;HS10;Préparations présentées sous forme de gel conçues pour être utilisées en médecine humaine ou vétérinaire comme lubrifiant pour certaines parties du corps lors des opérations chirurgicales ou des examens médicaux ou comme agent de couplage entre le corps et les instruments médicaux;Pharmaceutical goods;Santé;5.0;2.0;;9.0;;=;16.0
3006709000;HS10;Préparations présentées sous forme de gel conçues pour être utilisées en médecine humaine ou vétérinaire comme lubrifiant pour certaines parties du corps lors des opérations chirurgicales ou des examens médicaux ou comme agent de couplage entre le corps et les instruments médicaux - Autre;Pharmaceutical goods - Other;Santé;5.0;2.0;;9.0;;=;16.0
300691;HS6;Appareillages identifiables de stomie;Pharmaceutical goods;;;;;;;;
3006911000;HS10;Appareillages identifiables de stomie;Pharmaceutical goods;Santé;5.0;2.0;;9.0;;=;16.0
3006912000;HS10;Appareillages identifiables de stomie;Pharmaceutical goods;Santé;5.0;2.0;;9.0;;=;16.0
3006919000;HS10;Appareillages identifiables de stomie - Autre;Pharmaceutical goods - Other;Santé;5.0;2.0;;9.0;;=;16.0
300692;HS6;Déchets pharmaceutiques;Pharmaceutical goods;;;;;;;;
3006921000;HS10;Autres déchets pharmaceutiques produits pharmaceutiques impropres a leur usage initial;Autres dechets pharmaceutiques produits pharmaceutiques impropres a leur usage initial;Santé;5.0;2.0;;9.0;;=;16.0
3006922000;HS10;Déchets pharmaceutiques;Pharmaceutical goods;Santé;5.0;2.0;;9.0;;=;16.0
3006929000;HS10;Déchets pharmaceutiques - Autre;Pharmaceutical goods - Other;Santé;5.0;2.0;;9.0;;=;16.0
300693;HS6;Placebos et trousses pour essais cliniques masqués (ou à double insu);Pharmaceutical goods;;;;;;;;
3006931000;HS10;Placebos et trousses pour essais cliniques masqués (ou à double insu);Pharmaceutical goods;Santé;5.0;2.0;;19.0;;=;26.0
3006932000;HS10;Placebos et trousses pour essais cliniques masqués (ou à double insu);Pharmaceutical goods;Santé;5.0;2.0;;19.0;;=;26.0
3006939000;HS10;Placebos et trousses pour essais cliniques masqués (ou à double insu) - Autre;Pharmaceutical goods - Other;Santé;5.0;2.0;;19.0;;=;26.0
