Code;Niveau;Description_FR;Description_EN;Groupe_Utilisation;D.D_%;PRCT_%;T.C.S_%;T.V.A_%;D.A.P.S_%;Formalites;Total_%
SECTION XIV;SECTION;"Perles fines, pierres gemmes, métaux précieux et ouvrages en ces matières; bijouterie de fantaisie";Natural or cultured pearls, precious stones, precious metals and articles thereof;;;;;;;;
CHAPITRE 71;CHAPITRE;Perles, pierres précieuses, métaux précieux;;;;;;;;;
7101;RANGEE 01;"Pearls; natural or cultured, whether or not worked or graded but not strung, mounted or set; pearls, natural or cultured, temporarily strung for the convenience of transport";;;;;;;;;
710110;HS6;Perles fines;Pearls;;;;;;;;
7101101000;HS10;Perles fines brutes;Perles fines brutes;Bijouterie;30.0;2.0;;19.0;;910 Déclaration d'Importation du Produit | 210 Autorisation de Libre Circulation;51.0
7101102000;HS10;Perles fines travaillees;Perles fines travaillees;Bijouterie;30.0;2.0;;19.0;;=;51.0
7101109000;HS10;Perles fines - Autre;Pearls - Other;Bijouterie;30.0;2.0;;19.0;;=;51.0
710121;HS6;Brutes;Pearls;;;;;;;;
7101211000;HS10;Brutes;Pearls;Bijouterie;30.0;2.0;;19.0;;=;51.0
7101212000;HS10;Brutes;Pearls;Bijouterie;30.0;2.0;;19.0;;=;51.0
7101219000;HS10;Brutes - Autre;Pearls - Other;Bijouterie;30.0;2.0;;19.0;;=;51.0
710122;HS6;Travaillées;Pearls;;;;;;;;
7101221000;HS10;Travaillées;Pearls;Bijouterie;30.0;2.0;;19.0;;=;51.0
7101222000;HS10;Travaillées;Pearls;Bijouterie;30.0;2.0;;19.0;;=;51.0
7101229000;HS10;Travaillées - Autre;Pearls - Other;Bijouterie;30.0;2.0;;19.0;;=;51.0
7102;RANGEE 02;Diamonds, whether or not worked, but not mounted or set;;;;;;;;;
710210;HS6;Non triés;Diamonds;;;;;;;;
7102101000;HS10;Non tries pour usages industriels;Non tries pour usages industriels;Bijouterie;30.0;2.0;;19.0;;=;51.0
7102102000;HS10;Non triés;Diamonds;Bijouterie;30.0;2.0;;19.0;;=;51.0
7102109000;HS10;Non triés - Autre;Diamonds - Other;Bijouterie;30.0;2.0;;19.0;;=;51.0
710221;HS6;Bruts ou simplement sciés;Diamonds;;;;;;;;
7102211000;HS10;Bruts ou simplement sciés;Diamonds;Bijouterie;30.0;2.0;;19.0;;=;51.0
7102212000;HS10;Bruts ou simplement sciés;Diamonds;Bijouterie;30.0;2.0;;19.0;;=;51.0
7102219000;HS10;Bruts ou simplement sciés - Autre;Diamonds - Other;Bijouterie;30.0;2.0;;19.0;;=;51.0
710229;HS6;Autres;Diamonds;;;;;;;;
7102291000;HS10;Autres;Diamonds;Bijouterie;30.0;2.0;;19.0;;=;51.0
7102292000;HS10;Autres;Diamonds;Bijouterie;30.0;2.0;;19.0;;=;51.0
7102299000;HS10;Autres - Autre;Diamonds - Other;Bijouterie;30.0;2.0;;19.0;;=;51.0
710231;HS6;Bruts ou simplement sciés;Diamonds;;;;;;;;
7102311000;HS10;Bruts ou simplement sciés;Diamonds;Bijouterie;30.0;2.0;;19.0;;=;51.0
7102312000;HS10;Bruts ou simplement sciés;Diamonds;Bijouterie;30.0;2.0;;19.0;;=;51.0
7102319000;HS10;Bruts ou simplement sciés - Autre;Diamonds - Other;Bijouterie;30.0;2.0;;19.0;;=;51.0
710239;HS6;Autres;Diamonds;;;;;;;;
7102391000;HS10;Autres;Diamonds;Bijouterie;30.0;2.0;;19.0;;=;51.0
7102392000;HS10;Autres;Diamonds;Bijouterie;30.0;2.0;;19.0;;=;51.0
7102399000;HS10;Autres - Autre;Diamonds - Other;Bijouterie;30.0;2.0;;19.0;;=;51.0
7103;RANGEE 03;"Precious (excluding diamond) and semi-precious stone; worked, graded, not strung, mounted, set; ungraded precious (excluding diamond) and semi-precious stone, temporarily strung for convenience of transport";;;;;;;;;
710310;HS6;Brutes ou simplement sciés ou dégrossies;Stones;;;;;;;;
7103101000;HS10;Brutes ou simplement sciees ou degrossies pour usages industriels;Brutes ou simplement sciees ou degrossies pour usages industriels;Bijouterie;30.0;2.0;;19.0;;=;51.0
7103102000;HS10;Brutes ou simplement sciés ou dégrossies;Stones;Bijouterie;30.0;2.0;;19.0;;=;51.0
7103109000;HS10;Brutes ou simplement sciés ou dégrossies - Autre;Stones - Other;Bijouterie;30.0;2.0;;19.0;;=;51.0
710391;HS6;Rubis;Stones;;;;;;;;
7103911000;HS10;Autrement travaillees rubis saphirs et emeraudes pour usages industriels;Autrement travaillees rubis saphirs et emeraudes pour usages industriels;Bijouterie;30.0;2.0;;19.0;;=;51.0
7103912000;HS10;Rubis;Stones;Bijouterie;30.0;2.0;;19.0;;=;51.0
7103919000;HS10;Rubis - Autre;Stones - Other;Bijouterie;30.0;2.0;;19.0;;=;51.0
710399;HS6;Autres;Stones;;;;;;;;
7103991000;HS10;Autrement travaillees autres pour usages industriels;Autrement travaillees autres pour usages industriels;Bijouterie;30.0;2.0;;19.0;;=;51.0
7103992000;HS10;Autres;Stones;Bijouterie;30.0;2.0;;19.0;;=;51.0
7103999000;HS10;Autres - Autre;Stones - Other;Bijouterie;30.0;2.0;;19.0;;=;51.0
7104;RANGEE 04;"Stones; synthetic or reconstructed precious or semi-precious, whether or not worked or graded but not strung, mounted or set; ungraded synthetic or reconstructed precious or semi-precious stones, temporarily strung for convenience of transport";;;;;;;;;
710410;HS6;Quartz piézo-électrique;Stones;;;;;;;;
7104101000;HS10;Quartz piézo-électrique;Stones;Bijouterie;30.0;2.0;;19.0;;=;51.0
7104102000;HS10;Quartz piézo-électrique;Stones;Bijouterie;30.0;2.0;;19.0;;=;51.0
7104109000;HS10;Quartz piézo-électrique - Autre;Stones - Other;Bijouterie;30.0;2.0;;19.0;;=;51.0
710421;HS6;Diamants;Stones;;;;;;;;
7104211000;HS10;Autres brutes ou simplement sciees ou degrossies diamants pour usages industriels;Autres brutes ou simplement sciees ou degrossies diamants pour usages industriels;Bijouterie;30.0;2.0;;19.0;;=;51.0
7104212000;HS10;Diamants;Stones;Bijouterie;30.0;2.0;;19.0;;=;51.0
7104219000;HS10;Diamants - Autre;Stones - Other;Bijouterie;30.0;2.0;;19.0;;=;51.0
710429;HS6;Autres;Stones;;;;;;;;
7104291000;HS10;Autres brutes ou simplement sciees ou degrossies autres pour usages industriels;Autres brutes ou simplement sciees ou degrossies autres pour usages industriels;Bijouterie;30.0;2.0;;19.0;;=;51.0
7104292000;HS10;Autres;Stones;Bijouterie;30.0;2.0;;19.0;;=;51.0
7104299000;HS10;Autres - Autre;Stones - Other;Bijouterie;30.0;2.0;;19.0;;=;51.0
710491;HS6;Diamants;Stones;;;;;;;;
7104911000;HS10;Autres diamants pour usages industriels;Autres diamants pour usages industriels;Bijouterie;30.0;2.0;;19.0;;=;51.0
7104912000;HS10;Diamants;Stones;Bijouterie;30.0;2.0;;19.0;;=;51.0
7104919000;HS10;Diamants - Autre;Stones - Other;Bijouterie;30.0;2.0;;19.0;;=;51.0
710499;HS6;Autres;Stones;;;;;;;;
7104991000;HS10;Autres autres pour usages industriels;Autres autres pour usages industriels;Bijouterie;30.0;2.0;;19.0;;=;51.0
7104992000;HS10;Autres;Stones;Bijouterie;30.0;2.0;;19.0;;=;51.0
7104999000;HS10;Autres - Autre;Stones - Other;Bijouterie;30.0;2.0;;19.0;;=;51.0
7105;RANGEE 05;Dust and powder of natural or synthetic precious or semi-precious stone;;;;;;;;;
710510;HS6;De diamants;Stones;;;;;;;;
7105101000;HS10;De diamants;Stones;Bijouterie;30.0;2.0;;19.0;;=;51.0
7105102000;HS10;De diamants;Stones;Bijouterie;30.0;2.0;;19.0;;=;51.0
7105109000;HS10;De diamants - Autre;Stones - Other;Bijouterie;30.0;2.0;;19.0;;=;51.0
710590;HS6;Autres;Stones;;;;;;;;
7105901000;HS10;Autres;Stones;Bijouterie;30.0;2.0;;19.0;;=;51.0
7105902000;HS10;Autres;Stones;Bijouterie;30.0;2.0;;19.0;;=;51.0
7105909000;HS10;Autres - Autre;Stones - Other;Bijouterie;30.0;2.0;;19.0;;=;51.0
7106;RANGEE 06;"Silver (including silver plated with gold or platinum); unwrought or in semi-manufactured forms, or in powder form";;;;;;;;;
710610;HS6;Poudres;Metals;;;;;;;;
7106101000;HS10;Poudres;Metals;Bijouterie;30.0;2.0;;19.0;;=;51.0
7106102000;HS10;Poudres;Metals;Bijouterie;30.0;2.0;;19.0;;=;51.0
7106109000;HS10;Poudres - Autre;Metals - Other;Bijouterie;30.0;2.0;;19.0;;=;51.0
710691;HS6;Sous formes brutes;Metals;;;;;;;;
7106911000;HS10;Argent y compris largent dore ou vermeil et largent platine sous formes brutes ou mi ouvrees ou en poudre autres sous formes brutes en masses ou en lingots;Argent y compris largent dore ou vermeil et largent platine sous formes brutes ou mi ouvrees ou en poudre autres sous formes brutes en masses ou en lingots;Bijouterie;30.0;2.0;;19.0;;=;51.0
7106912000;HS10;Sous formes brutes;Metals;Bijouterie;30.0;2.0;;19.0;;=;51.0
7106919000;HS10;Sous formes brutes - Autre;Metals - Other;Bijouterie;30.0;2.0;;19.0;;=;51.0
710692;HS6;Sous formes mi-ouvrées;Metals;;;;;;;;
7106921000;HS10;Argent y compris largent dore ou vermeil et largent platine sous formes brutes ou mi ouvrees ou en poudre autres sous formes mi ouvrees cannetilles paillettes;Argent y compris largent dore ou vermeil et largent platine sous formes brutes ou mi ouvrees ou en poudre autres sous formes mi ouvrees cannetilles paillettes;Bijouterie;30.0;2.0;;19.0;;=;51.0
7106922000;HS10;Argent y compris largent dore ou vermeil et largent platine sous formes brutes ou mi ouvrees ou en poudre autres sous formes mi ouvrees alliage dargent utilises comme brasures;Argent y compris largent dore ou vermeil et largent platine sous formes brutes ou mi ouvrees ou en poudre autres sous formes mi ouvrees alliage dargent utilises comme brasures;Bijouterie;30.0;2.0;;19.0;;=;51.0
7106929000;HS10;Sous formes mi-ouvrées - Autre;Metals - Other;Bijouterie;30.0;2.0;;19.0;;=;51.0
7107;RANGEE 07;"Base metals clad with silver; not further worked than semi-manufactured";;;;;;;;;
710700;HS6;Plaqué ou doublé d'argent sur métaux communs;Base metals clad with silver;;;;;;;;
7107001000;HS10;Plaque ou double dargent sur metaux communs sous formes brutes ou mi ouvrees bruts;Plaque ou double dargent sur metaux communs sous formes brutes ou mi ouvrees bruts;Bijouterie;30.0;2.0;;19.0;;=;51.0
7107002000;HS10;Plaqué ou doublé d'argent sur métaux communs;Base metals clad with silver;Bijouterie;30.0;2.0;;19.0;;=;51.0
7107009000;HS10;Plaqué ou doublé d'argent sur métaux communs - Autre;Base metals clad with silver - Other;Bijouterie;30.0;2.0;;19.0;;=;51.0
7108;RANGEE 08;Gold (including gold plated with platinum) unwrought or in semi-manufactured forms, or in powder form;;;;;;;;;
710811;HS6;Poudres;Metals;;;;;;;;
7108111000;HS10;Poudres;Metals;Bijouterie;30.0;2.0;;19.0;;=;51.0
7108112000;HS10;Poudres;Metals;Bijouterie;30.0;2.0;;19.0;;=;51.0
7108119000;HS10;Poudres - Autre;Metals - Other;Bijouterie;30.0;2.0;;19.0;;=;51.0
710812;HS6;Sous autres formes brutes;Metals;;;;;;;;
7108121000;HS10;Or y compris lor platine sous formes brutes ou mi ouvrees ou en poudre a usages non monetaires sous autres formes brutes lingots;Or y compris lor platine sous formes brutes ou mi ouvrees ou en poudre a usages non monetaires sous autres formes brutes lingots;Bijouterie;30.0;2.0;;19.0;;=;51.0
7108122000;HS10;Sous autres formes brutes;Metals;Bijouterie;30.0;2.0;;19.0;;=;51.0
7108129000;HS10;Sous autres formes brutes - Autre;Metals - Other;Bijouterie;30.0;2.0;;19.0;;=;51.0
710813;HS6;Sous autres formes mi-ouvrées;Metals;;;;;;;;
7108131000;HS10;Or y compris lor platine sous formes brutes ou mi ouvrees ou en poudre a usages non monetaires sous autres forme mi ouvrees cannetilles paillettes;Or y compris lor platine sous formes brutes ou mi ouvrees ou en poudre a usages non monetaires sous autres forme mi ouvrees cannetilles paillettes;Bijouterie;30.0;2.0;;19.0;;=;51.0
7108132000;HS10;Sous autres formes mi-ouvrées;Metals;Bijouterie;30.0;2.0;;19.0;;=;51.0
7108139000;HS10;Sous autres formes mi-ouvrées - Autre;Metals - Other;Bijouterie;30.0;2.0;;19.0;;=;51.0
710820;HS6;A usage monétaire;Gold;;;;;;;;
7108201000;HS10;A usage monétaire;Gold;Bijouterie;30.0;2.0;;19.0;;=;51.0
7108202000;HS10;A usage monétaire;Gold;Bijouterie;30.0;2.0;;19.0;;=;51.0
7108209000;HS10;A usage monétaire - Autre;Gold - Other;Bijouterie;30.0;2.0;;19.0;;=;51.0
7109;RANGEE 09;Base metals or silver, clad with gold, not further worked than semi-manufactured;;;;;;;;;
710900;HS6;Plaqué ou doublé d'or sur métaux communs ou sur argent;Base metals or silver;;;;;;;;
7109001000;HS10;Plaqué ou doublé dor sur metaux communs ou sur argent sous formes brutes ou mi ouvrees sous formes brutes;Plaqué ou doublé dor sur metaux communs ou sur argent sous formes brutes ou mi ouvrees sous formes brutes;Bijouterie;30.0;2.0;;19.0;;=;51.0
7109002000;HS10;Plaqué ou doublé dor sur metaux communs ou sur argent sous formes brutes ou mi ouvrees sous formes mi ouvrees;Plaqué ou doublé dor sur metaux communs ou sur argent sous formes brutes ou mi ouvrees sous formes mi ouvrees;Bijouterie;30.0;2.0;;19.0;;=;51.0
7109009000;HS10;Plaqué ou doublé d'or sur métaux communs ou sur argent - Autre;Base metals or silver - Other;Bijouterie;30.0;2.0;;19.0;;=;51.0
7110;RANGEE 10;"Platinum; unwrought or in semi-manufactured forms, or in powder form";;;;;;;;;
711011;HS6;Sous forme brutes ou en poudres;Metals;;;;;;;;
7110111000;HS10;Platine sous formes brutes ou mi ouvrees ou en poudre platine sous formes brutes ou en poudre bruts y compris le noir de platine;Platine sous formes brutes ou mi ouvrees ou en poudre platine sous formes brutes ou en poudre bruts y compris le noir de platine;Bijouterie;30.0;2.0;;19.0;;=;51.0
7110112000;HS10;Platine sous formes brutes ou mi ouvrees ou en poudre platine sous formes brutes ou en poudre poudres;Platine sous formes brutes ou mi ouvrees ou en poudre platine sous formes brutes ou en poudre poudres;Bijouterie;30.0;2.0;;19.0;;=;51.0
7110119000;HS10;Sous forme brutes ou en poudres - Autre;Metals - Other;Bijouterie;30.0;2.0;;19.0;;=;51.0
711019;HS6;Autres;Metals;;;;;;;;
7110191000;HS10;Platine sous formes brutes ou mi ouvrees ou en poudre platine autres feuilles ou livrets;Platine sous formes brutes ou mi ouvrees ou en poudre platine autres feuilles ou livrets;Bijouterie;30.0;2.0;;19.0;;=;51.0
7110192000;HS10;Platine sous formes brutes ou mi ouvrees ou en poudre platine autres alliages utilises comme brasure;Platine sous formes brutes ou mi ouvrees ou en poudre platine autres alliages utilises comme brasure;Bijouterie;30.0;2.0;;19.0;;=;51.0
7110199000;HS10;Autres - Autre;Metals - Other;Bijouterie;30.0;2.0;;19.0;;=;51.0
711021;HS6;Sous forme brutes ou en poudres;Metals;;;;;;;;
7110211000;HS10;Sous forme brutes ou en poudres;Metals;Bijouterie;30.0;2.0;;19.0;;=;51.0
7110212000;HS10;Sous forme brutes ou en poudres;Metals;Bijouterie;30.0;2.0;;19.0;;=;51.0
7110219000;HS10;Sous forme brutes ou en poudres - Autre;Metals - Other;Bijouterie;30.0;2.0;;19.0;;=;51.0
711029;HS6;Autres;Metals;;;;;;;;
7110291000;HS10;Platine sous formes brutes ou mi ouvrees ou en poudre palladium autres alliages utilises comme brasure;Platine sous formes brutes ou mi ouvrees ou en poudre palladium autres alliages utilises comme brasure;Bijouterie;30.0;2.0;;19.0;;=;51.0
7110292000;HS10;Autres;Metals;Bijouterie;30.0;2.0;;19.0;;=;51.0
7110299000;HS10;Autres - Autre;Metals - Other;Bijouterie;30.0;2.0;;19.0;;=;51.0
711031;HS6;Sous formes brutes ou en poudres;Metals;;;;;;;;
7110311000;HS10;Sous formes brutes ou en poudres;Metals;Bijouterie;30.0;2.0;;19.0;;=;51.0
7110312000;HS10;Sous formes brutes ou en poudres;Metals;Bijouterie;30.0;2.0;;19.0;;=;51.0
7110319000;HS10;Sous formes brutes ou en poudres - Autre;Metals - Other;Bijouterie;30.0;2.0;;19.0;;=;51.0
711039;HS6;Autres;Metals;;;;;;;;
7110391000;HS10;Platine sous formes brutes ou mi ouvrees ou en poudre rhodium autres alliages utilises comme brasure;Platine sous formes brutes ou mi ouvrees ou en poudre rhodium autres alliages utilises comme brasure;Bijouterie;30.0;2.0;;19.0;;=;51.0
7110392000;HS10;Autres;Metals;Bijouterie;30.0;2.0;;19.0;;=;51.0
7110399000;HS10;Autres - Autre;Metals - Other;Bijouterie;30.0;2.0;;19.0;;=;51.0
711041;HS6;Sous formes brutes ou en poudres;Metals;;;;;;;;
7110411000;HS10;Sous formes brutes ou en poudres;Metals;Bijouterie;30.0;2.0;;19.0;;=;51.0
7110412000;HS10;Sous formes brutes ou en poudres;Metals;Bijouterie;30.0;2.0;;19.0;;=;51.0
7110419000;HS10;Sous formes brutes ou en poudres - Autre;Metals - Other;Bijouterie;30.0;2.0;;19.0;;=;51.0
711049;HS6;Autres;Metals;;;;;;;;
7110491000;HS10;Platine sous formes brutes ou mi ouvrees ou en poudre iridium osmium et ruthenium autres alliages utilises comme brasure;Platine sous formes brutes ou mi ouvrees ou en poudre iridium osmium et ruthenium autres alliages utilises comme brasure;Bijouterie;30.0;2.0;;19.0;;=;51.0
7110492000;HS10;Autres;Metals;Bijouterie;30.0;2.0;;19.0;;=;51.0
7110499000;HS10;Autres - Autre;Metals - Other;Bijouterie;30.0;2.0;;19.0;;=;51.0
7111;RANGEE 11;"Base metals, silver or gold, clad with platinum; not further worked than semi-manufactured";;;;;;;;;
711100;HS6;Plaqué ou doublé de platine sur métaux communs;Base metals;;;;;;;;
7111001000;HS10;Plaque ou double de platine sur metaux communs sur argent ou sur or sous formes brutes ou mi ouvrees sous formes brutes;Plaque ou double de platine sur metaux communs sur argent ou sur or sous formes brutes ou mi ouvrees sous formes brutes;Bijouterie;30.0;2.0;;19.0;;=;51.0
7111002000;HS10;Plaque ou double de platine sur metaux communs sur argent ou sur or sous formes brutes ou mi ouvrees sous formes mi ouvrees;Plaque ou double de platine sur metaux communs sur argent ou sur or sous formes brutes ou mi ouvrees sous formes mi ouvrees;Bijouterie;30.0;2.0;;19.0;;=;51.0
7111009000;HS10;Plaqué ou doublé de platine sur métaux communs - Autre;Base metals - Other;Bijouterie;30.0;2.0;;19.0;;=;51.0
7112;RANGEE 12;"Waste and scrap of precious metal or of metal clad with precious metal; other waste and scrap containing precious metal compounds, of a kind uses principally for the recovery of precious metal other than goods of heading 85.49";;;;;;;;;
711230;HS6;Cendres contenant des métaux précieux ou des composés de métaux précieux;Waste and scrap of precious metal or of metal clad with precious metal;;;;;;;;
7112301000;HS10;Cendres contenant des métaux précieux ou des composés de métaux précieux;Waste and scrap of precious metal or of metal clad with precious metal;Bijouterie;30.0;2.0;;19.0;;=;51.0
7112302000;HS10;Cendres contenant des métaux précieux ou des composés de métaux précieux;Waste and scrap of precious metal or of metal clad with precious metal;Bijouterie;30.0;2.0;;19.0;;=;51.0
7112309000;HS10;Cendres contenant des métaux précieux ou des composés de métaux précieux - Autre;Waste and scrap of precious metal or of metal clad with precious metal - Other;Bijouterie;30.0;2.0;;19.0;;=;51.0
711291;HS6;D'or;Waste and scrap of precious metals;;;;;;;;
7112911000;HS10;Déchets et debris de metaux precieux ou de plaque ou double de metaux precieux autres dor meme de plaque ou double dor a lexclusion des cendres dorfevre contenant dautres metaux precieux du type de ceux utilises principalement pour la recuperation de lor;Dechets et debris de metaux precieux ou de plaque ou double de metaux precieux autres dor meme de plaque ou double dor a lexclusion des cendres dorfevre contenant dautres metaux precieux du type de ceux utilises principalement pour la recuperation de lor;Bijouterie;30.0;2.0;;19.0;;=;51.0
7112912000;HS10;D'or;Waste and scrap of precious metals;Bijouterie;30.0;2.0;;19.0;;=;51.0
7112919000;HS10;D'or - Autre;Waste and scrap of precious metals - Other;Bijouterie;30.0;2.0;;19.0;;=;51.0
711292;HS6;De platine;Waste and scrap of precious metals;;;;;;;;
7112921000;HS10;Déchets et debris de metaux precieux ou de plaque ou double de metaux precieux autres de platine meme de plaque ou double de platine a lexclusion des cendres dorfevre contenant dautres metaux precieux du type de ceux utilises principalement pour la recuperation du platine;Dechets et debris de metaux precieux ou de plaque ou double de metaux precieux autres de platine meme de plaque ou double de platine a lexclusion des cendres dorfevre contenant dautres metaux precieux du type de ceux utilises principalement pour la recuperation du platine;Bijouterie;30.0;2.0;;19.0;;=;51.0
7112922000;HS10;De platine;Waste and scrap of precious metals;Bijouterie;30.0;2.0;;19.0;;=;51.0
7112929000;HS10;De platine - Autre;Waste and scrap of precious metals - Other;Bijouterie;30.0;2.0;;19.0;;=;51.0
711299;HS6;Autres;Waste and scrap of precious metals;;;;;;;;
7112991000;HS10;Déchets et debris de metaux precieux ou de plaque ou double de metaux precieux autres autres du type de ceux utilises principalement pour la recuperation des metaux precieux;Dechets et debris de metaux precieux ou de plaque ou double de metaux precieux autres autres du type de ceux utilises principalement pour la recuperation des metaux precieux;Bijouterie;30.0;2.0;;19.0;;=;51.0
7112992000;HS10;Autres;Waste and scrap of precious metals;Bijouterie;30.0;2.0;;19.0;;=;51.0
7112999000;HS10;Autres - Autre;Waste and scrap of precious metals - Other;Bijouterie;30.0;2.0;;19.0;;=;51.0
7113;RANGEE 13;Jewellery articles and parts thereof, of precious metal or of metal clad with precious metal;;;;;;;;;
711311;HS6;En argent;Jewellery;;;;;;;;
7113111000;HS10;En argent;Jewellery;Bijouterie;30.0;2.0;;19.0;;=;51.0
7113112000;HS10;En argent;Jewellery;Bijouterie;30.0;2.0;;19.0;;=;51.0
7113119000;HS10;En argent - Autre;Jewellery - Other;Bijouterie;30.0;2.0;;19.0;;=;51.0
711319;HS6;En autres métaux précieux;Jewellery;;;;;;;;
7113191000;HS10;En autres métaux précieux;Jewellery;Bijouterie;30.0;2.0;;19.0;;=;51.0
7113192000;HS10;En autres métaux précieux;Jewellery;Bijouterie;30.0;2.0;;19.0;;=;51.0
7113199000;HS10;En autres métaux précieux - Autre;Jewellery - Other;Bijouterie;30.0;2.0;;19.0;;=;51.0
711320;HS6;En plaqués ou doublés de métaux précieux sur métaux communs;Jewellery;;;;;;;;
7113201000;HS10;Articles de bijouterie ou de joaillerie et leurs parties en plaques ou doubles de metaux precieux sur metaux communs en plaques ou doubles dargent sur metaux communs;Articles de bijouterie ou de joaillerie et leurs parties en plaques ou doubles de metaux precieux sur metaux communs en plaques ou doubles dargent sur metaux communs;Bijouterie;30.0;2.0;;19.0;;=;51.0
7113202000;HS10;Articles de bijouterie ou de joaillerie et leurs parties en plaques ou doubles de metaux precieux sur metaux communs en plaques ou doubles dor sur metaux communs;Articles de bijouterie ou de joaillerie et leurs parties en plaques ou doubles de metaux precieux sur metaux communs en plaques ou doubles dor sur metaux communs;Bijouterie;30.0;2.0;;19.0;;=;51.0
7113209000;HS10;En plaqués ou doublés de métaux précieux sur métaux communs - Autre;Jewellery - Other;Bijouterie;30.0;2.0;;19.0;;=;51.0
7114;RANGEE 14;Articles of goldsmiths' or silversmiths' wares and parts thereof, of precious metal or of metal clad with precious metal;;;;;;;;;
711411;HS6;En argent;Silversmiths' wares;;;;;;;;
7114111000;HS10;Articles dorfevrerie et leurs parties en argent meme revetu plaque ou double dautres metaux precieux objets pour le service de la table;Articles dorfevrerie et leurs parties en argent meme revetu plaque ou double dautres metaux precieux objets pour le service de la table;Bijouterie;30.0;2.0;;19.0;;=;51.0
7114112000;HS10;Articles dorfevrerie et leurs parties en argent meme revetu plaque ou double dautres metaux precieux objets pour le service de la toilette;Articles dorfevrerie et leurs parties en argent meme revetu plaque ou double dautres metaux precieux objets pour le service de la toilette;Bijouterie;30.0;2.0;;19.0;;=;51.0
7114119000;HS10;En argent - Autre;Silversmiths' wares - Other;Bijouterie;30.0;2.0;;19.0;;=;51.0
711419;HS6;En autres métaux précieux;Goldsmiths' wares;;;;;;;;
7114191000;HS10;En autres métaux précieux;Goldsmiths' wares;Bijouterie;30.0;2.0;;19.0;;=;51.0
7114192000;HS10;En autres métaux précieux;Goldsmiths' wares;Bijouterie;30.0;2.0;;19.0;;=;51.0
7114199000;HS10;En autres métaux précieux - Autre;Goldsmiths' wares - Other;Bijouterie;30.0;2.0;;19.0;;=;51.0
711420;HS6;En plaqués ou doublés de métaux précieux sur métaux communs;Goldsmiths' and silversmiths' wares;;;;;;;;
7114201000;HS10;En plaqués ou doublés de métaux précieux sur métaux communs;Goldsmiths' and silversmiths' wares;Bijouterie;30.0;2.0;;19.0;;=;51.0
7114202000;HS10;En plaqués ou doublés de métaux précieux sur métaux communs;Goldsmiths' and silversmiths' wares;Bijouterie;30.0;2.0;;19.0;;=;51.0
7114209000;HS10;En plaqués ou doublés de métaux précieux sur métaux communs - Autre;Goldsmiths' and silversmiths' wares - Other;Bijouterie;30.0;2.0;;19.0;;=;51.0
7115;RANGEE 15;Articles of precious metal or of metal clad with precious metal;;;;;;;;;
711510;HS6;Catalyseurs sous formes de toiles ou de treillis en platine;Metal;;;;;;;;
7115101000;HS10;Catalyseurs sous formes de toiles ou de treillis en platine;Metal;Bijouterie;30.0;2.0;;19.0;;=;51.0
7115102000;HS10;Catalyseurs sous formes de toiles ou de treillis en platine;Metal;Bijouterie;30.0;2.0;;19.0;;=;51.0
7115109000;HS10;Catalyseurs sous formes de toiles ou de treillis en platine - Autre;Metal - Other;Bijouterie;30.0;2.0;;19.0;;=;51.0
711590;HS6;Autres;Metal;;;;;;;;
7115901000;HS10;Autres;Metal;Bijouterie;30.0;2.0;;19.0;;=;51.0
7115902000;HS10;Autres;Metal;Bijouterie;30.0;2.0;;19.0;;=;51.0
7115909000;HS10;Autres - Autre;Metal - Other;Bijouterie;30.0;2.0;;19.0;;=;51.0
7116;RANGEE 16;Articles of natural or cultured pearls, precious or semi-precious stones (natural, synthetic or reconstructed);;;;;;;;;
711610;HS6;En perles fines ou de culture;Pearls;;;;;;;;
7116101000;HS10;Ouvrages en perles fines ou de culture pour usages industriels;Ouvrages en perles fines ou de culture pour usages industriels;Bijouterie;30.0;2.0;;19.0;;=;51.0
7116102000;HS10;En perles fines ou de culture;Pearls;Bijouterie;30.0;2.0;;19.0;;=;51.0
7116109000;HS10;En perles fines ou de culture - Autre;Pearls - Other;Bijouterie;30.0;2.0;;19.0;;=;51.0
711620;HS6;En pierres gemmes ou en pierres synthétiques ou reconstituées;Stones;;;;;;;;
7116201000;HS10;En pierres gemmes ou en pierres synthétiques ou reconstituées;Stones;Bijouterie;30.0;2.0;;19.0;;=;51.0
7116202000;HS10;En pierres gemmes ou en pierres synthétiques ou reconstituées;Stones;Bijouterie;30.0;2.0;;19.0;;=;51.0
7116209000;HS10;En pierres gemmes ou en pierres synthétiques ou reconstituées - Autre;Stones - Other;Bijouterie;30.0;2.0;;19.0;;=;51.0
7117;RANGEE 17;Imitation jewellery;;;;;;;;;
711711;HS6;Boutons de manchettes et boutons similaires;Jewellery;;;;;;;;
7117111000;HS10;Boutons de manchettes et boutons similaires;Jewellery;Bijouterie;30.0;2.0;;19.0;;=;51.0
7117112000;HS10;Boutons de manchettes et boutons similaires;Jewellery;Bijouterie;30.0;2.0;;19.0;;=;51.0
7117119000;HS10;Boutons de manchettes et boutons similaires - Autre;Jewellery - Other;Bijouterie;30.0;2.0;;19.0;;=;51.0
711719;HS6;Autres;Jewellery;;;;;;;;
7117191000;HS10;Bagues alliances bracelets et anneaux en métaux communs;Bagues alliances bracelets et anneaux en métaux communs;Bijouterie;30.0;2.0;;19.0;;=;51.0
7117192000;HS10;Boucles doreilles colliers pendentifs et sautoirs en métaux communs;Boucles doreilles colliers pendentifs et sautoirs en métaux communs;Bijouterie;30.0;2.0;;19.0;;=;51.0
7117199000;HS10;Autres - Autre;Jewellery - Other;Bijouterie;30.0;2.0;;19.0;;=;51.0
711790;HS6;Autres;Jewellery;;;;;;;;
7117901000;HS10;Bijouterie de fantaisie en matières plastiques;Bijouterie de fantaisie en matières plastiques;Bijouterie;30.0;2.0;;19.0;;=;51.0
7117902000;HS10;Bijouterie de fantaisie en bois;Bijouterie de fantaisie en bois;Bijouterie;30.0;2.0;;19.0;;=;51.0
7117909000;HS10;Autres - Autre;Jewellery - Other;Bijouterie;30.0;2.0;;19.0;;=;51.0
7118;RANGEE 18;Coin;;;;;;;;;
711810;HS6;Monnaies n'ayant pas cours légal;Coin (other than gold coin);;;;;;;;
7118101000;HS10;Monnaie dargent nayant pas cours légal;Monnaie dargent nayant pas cours légal;Bijouterie;30.0;2.0;;19.0;;=;51.0
7118102000;HS10;Monnaies n'ayant pas cours légal;Coin (other than gold coin);Bijouterie;30.0;2.0;;19.0;;=;51.0
7118109000;HS10;Monnaies n'ayant pas cours légal - Autre;Coin (other than gold coin) - Other;Bijouterie;30.0;2.0;;19.0;;=;51.0
711890;HS6;Autres;Coin;;;;;;;;
7118901000;HS10;Monnaie dor autre;Monnaie dor autre;Bijouterie;30.0;2.0;;19.0;;=;51.0
7118902000;HS10;Monnaie dargent autre;Monnaie dargent autre;Bijouterie;30.0;2.0;;19.0;;=;51.0
7118909000;HS10;Autres - Autre;Coin - Other;Bijouterie;30.0;2.0;;19.0;;=;51.0
SECTION XV;SECTION;Métaux communs et ouvrages en ces métaux;Base metals and articles of base metal;;;;;;;;
CHAPITRE 72;CHAPITRE;Fonte, fer et acier;;;;;;;;;
7201;RANGEE 01;Pig iron and spiegeleisen in pigs, blocks or other primary forms;;;;;;;;;
720110;HS6;Fontes brutes non alliées;Non-alloy pig iron;;;;;;;;
7201101000;HS10;Fontes brutes non alliées;Non-alloy pig iron;Métallurgie;15.0;2.0;;19.0;;910 Déclaration d'Importation du Produit | 210 Autorisation de Libre Circulation;36.0
7201102000;HS10;Fonte brute non alliée faible phosphore mn 01 à 04;Fonte brute non alliée faible phosphore mn 01 à 04;Métallurgie;15.0;2.0;;19.0;;=;36.0
7201109000;HS10;Fontes brutes non alliées - Autre;Non-alloy pig iron - Other;Métallurgie;15.0;2.0;;19.0;;=;36.0
720120;HS6;Fontes brutes alliées;Alloy pig iron;;;;;;;;
7201201000;HS10;Fonte brute non alliée haut phosphore si 1;Fonte brute non alliée haut phosphore si 1;Métallurgie;15.0;2.0;;19.0;;=;36.0
7201202000;HS10;Fontes brutes alliées;Alloy pig iron;Métallurgie;15.0;2.0;;19.0;;=;36.0
7201209000;HS10;Fontes brutes alliées - Autre;Alloy pig iron - Other;Métallurgie;15.0;2.0;;19.0;;=;36.0
720150;HS6;Fontes spiegel;Spiegeleisen;;;;;;;;
7201501000;HS10;Fonte brute alliée titane 03 1 vanadium 05 1;Fonte brute alliée titane 03 1 vanadium 05 1;Métallurgie;15.0;2.0;;19.0;;=;36.0
7201502000;HS10;Fontes spiegel;Spiegeleisen;Métallurgie;15.0;2.0;;19.0;;=;36.0
7201509000;HS10;Fontes spiegel - Autre;Spiegeleisen - Other;Métallurgie;15.0;2.0;;19.0;;=;36.0
7202;RANGEE 02;Ferro-alloys;;;;;;;;;
720211;HS6;Ferro-manganèse >2% carbone;Ferro-manganese >2% carbon;;;;;;;;
720211;HS6-DIRECT;Ferro-manganèse >2% carbone;Ferro-manganese >2% carbon;Métallurgie;15.0;2.0;;19.0;;=;36.0
720219;HS6;Ferromanganèse ≤2% carbone;Ferromanganese ≤2% carbon;;;;;;;;
7202191000;HS10;Ferromanganèse ≤2% carbone;Ferromanganese ≤2% carbon;Métallurgie;15.0;2.0;;19.0;;=;36.0
7202192000;HS10;Ferromanganèse ≤2% carbone;Ferromanganese ≤2% carbon;Métallurgie;15.0;2.0;;19.0;;=;36.0
7202199000;HS10;Ferromanganèse ≤2% carbone - Autre;Ferromanganese ≤2% carbon - Other;Métallurgie;15.0;2.0;;19.0;;=;36.0
720221;HS6;Ferro-silicium >55%;Ferro-silicon >55%;;;;;;;;
720221;HS6-DIRECT;Ferro-silicium >55%;Ferro-silicon >55%;Métallurgie;15.0;2.0;;19.0;;=;36.0
720229;HS6;Autres ferrosiliciums;Other ferrosilicon;;;;;;;;
7202291000;HS10;Ferrosilicium autres mg 4 à 10;Ferrosilicium autres mg 4 à 10;Métallurgie;15.0;2.0;;19.0;;=;36.0
7202292000;HS10;Autres ferrosiliciums;Other ferrosilicon;Métallurgie;15.0;2.0;;19.0;;=;36.0
7202299000;HS10;Autres ferrosiliciums - Autre;Other ferrosilicon - Other;Métallurgie;15.0;2.0;;19.0;;=;36.0
720230;HS6;Ferrosilicomanganese;Ferrosilicomanganese;;;;;;;;
7202301000;HS10;Ferrosilicomanganese;Ferrosilicomanganese;Métallurgie;15.0;2.0;;19.0;;=;36.0
7202302000;HS10;Ferrosilicomanganese;Ferrosilicomanganese;Métallurgie;15.0;2.0;;19.0;;=;36.0
7202309000;HS10;Ferrosilicomanganese - Autre;Ferrosilicomanganese - Other;Métallurgie;15.0;2.0;;19.0;;=;36.0
720241;HS6;Ferrochrome >4% carbone;Ferrochromium >4% carbon;;;;;;;;
7202411000;HS10;Ferrochrome carbone 4 à 6;Ferrochrome carbone 4 à 6;Métallurgie;15.0;2.0;;19.0;;=;36.0
7202412000;HS10;Ferrochrome carbone 6;Ferrochrome carbone 6;Métallurgie;15.0;2.0;;19.0;;=;36.0
7202419000;HS10;Ferrochrome >4% carbone - Autre;Ferrochromium >4% carbon - Other;Métallurgie;15.0;2.0;;19.0;;=;36.0
720249;HS6;Autres ferrochromes;Other ferrochromium;;;;;;;;
7202491000;HS10;Ferrochrome carbone 005;Ferrochrome carbone 005;Métallurgie;15.0;2.0;;19.0;;=;36.0
7202492000;HS10;Ferrochrome carbone 005 à 05;Ferrochrome carbone 005 à 05;Métallurgie;15.0;2.0;;19.0;;=;36.0
7202499000;HS10;Autres ferrochromes - Autre;Other ferrochromium - Other;Métallurgie;15.0;2.0;;19.0;;=;36.0
720250;HS6;Ferrosilicochrome;Ferrosilicochromium;;;;;;;;
7202501000;HS10;Ferrosilicochrome;Ferrosilicochromium;Métallurgie;15.0;2.0;;19.0;;=;36.0
7202502000;HS10;Ferrosilicochrome;Ferrosilicochromium;Métallurgie;15.0;2.0;;19.0;;=;36.0
7202509000;HS10;Ferrosilicochrome - Autre;Ferrosilicochromium - Other;Métallurgie;15.0;2.0;;19.0;;=;36.0
720260;HS6;Ferronickel;Ferronickel;;;;;;;;
7202601000;HS10;Ferronickel;Ferronickel;Métallurgie;15.0;2.0;;19.0;;=;36.0
7202602000;HS10;Ferronickel;Ferronickel;Métallurgie;15.0;2.0;;19.0;;=;36.0
7202609000;HS10;Ferronickel - Autre;Ferronickel - Other;Métallurgie;15.0;2.0;;19.0;;=;36.0
720270;HS6;Ferromolybdène;Ferromolybdenum;;;;;;;;
7202701000;HS10;Ferromolybdène;Ferromolybdenum;Métallurgie;15.0;2.0;;19.0;;=;36.0
7202702000;HS10;Ferromolybdène;Ferromolybdenum;Métallurgie;15.0;2.0;;19.0;;=;36.0
7202709000;HS10;Ferromolybdène - Autre;Ferromolybdenum - Other;Métallurgie;15.0;2.0;;19.0;;=;36.0
720280;HS6;Ferrotungstène et ferrosilicotungstène;Ferrotungsten;;;;;;;;
7202801000;HS10;Ferrotungstène et ferrosilicotungstène;Ferrotungsten;Métallurgie;15.0;2.0;;19.0;;=;36.0
7202802000;HS10;Ferrotungstène et ferrosilicotungstène;Ferrotungsten;Métallurgie;15.0;2.0;;19.0;;=;36.0
7202809000;HS10;Ferrotungstène et ferrosilicotungstène - Autre;Ferrotungsten - Other;Métallurgie;15.0;2.0;;19.0;;=;36.0
720291;HS6;Ferrotitane et ferrosilicotitane;Ferrotitanium;;;;;;;;
7202911000;HS10;Ferrotitane et ferrosilicotitane;Ferrotitanium;Métallurgie;15.0;2.0;;19.0;;=;36.0
7202912000;HS10;Ferrotitane et ferrosilicotitane;Ferrotitanium;Métallurgie;15.0;2.0;;19.0;;=;36.0
7202919000;HS10;Ferrotitane et ferrosilicotitane - Autre;Ferrotitanium - Other;Métallurgie;15.0;2.0;;19.0;;=;36.0
720292;HS6;Ferrovanadium;Ferrovanadium;;;;;;;;
7202921000;HS10;Ferrovanadium devant servir a la fabrication de fer ou dacier;Ferrovanadium devant servir a la fabrication de fer ou dacier;Métallurgie;15.0;2.0;;19.0;;=;36.0
7202922000;HS10;Ferrovanadium;Ferrovanadium;Métallurgie;15.0;2.0;;19.0;;=;36.0
7202929000;HS10;Ferrovanadium - Autre;Ferrovanadium - Other;Métallurgie;15.0;2.0;;19.0;;=;36.0
720293;HS6;Ferroniobium;Ferroniobium;;;;;;;;
7202931000;HS10;Ferroniobium;Ferroniobium;Métallurgie;15.0;2.0;;19.0;;=;36.0
7202932000;HS10;Ferroniobium;Ferroniobium;Métallurgie;15.0;2.0;;19.0;;=;36.0
7202939000;HS10;Ferroniobium - Autre;Ferroniobium - Other;Métallurgie;15.0;2.0;;19.0;;=;36.0
720299;HS6;Autres ferro-alliages;Other ferro-alloys;;;;;;;;
7202991000;HS10;Ferrophosphore;Ferrophosphore;Métallurgie;15.0;2.0;;19.0;;=;36.0
7202992000;HS10;Ferrosilicomagnesium;Ferrosilicomagnesium;Métallurgie;15.0;2.0;;19.0;;=;36.0
7202999000;HS10;Autres ferro-alliages - Autre;Other ferro-alloys - Other;Métallurgie;15.0;2.0;;19.0;;=;36.0
7203;RANGEE 03;"Ferrous products obtained by direct reduction of iron ore and other spongy ferrous products, in lumps, pellets or the like; iron having a minimum purity of 99.94%, in lumps, pellets or similar forms";;;;;;;;;
720310;HS6;Produits ferreux obtenus par réduction directe;Direct reduction iron products;;;;;;;;
7203101000;HS10;Produits ferreux obtenus par réduction directe;Direct reduction iron products;Métallurgie;15.0;2.0;;19.0;;=;36.0
7203102000;HS10;Produits ferreux obtenus par réduction directe;Direct reduction iron products;Métallurgie;15.0;2.0;;19.0;;=;36.0
7203109000;HS10;Produits ferreux obtenus par réduction directe - Autre;Direct reduction iron products - Other;Métallurgie;15.0;2.0;;19.0;;=;36.0
720390;HS6;Autres produits ferreux spongieux;Other spongy ferrous products;;;;;;;;
7203901000;HS10;Fer dune purete minimale en poids de 9994 en morceaux boulettes ou formes similaires;Fer dune purete minimale en poids de 9994 en morceaux boulettes ou formes similaires;Métallurgie;15.0;2.0;;19.0;;=;36.0
7203902000;HS10;Autres produits ferreux spongieux;Other spongy ferrous products;Métallurgie;15.0;2.0;;19.0;;=;36.0
7203909000;HS10;Autres produits ferreux spongieux - Autre;Other spongy ferrous products - Other;Métallurgie;15.0;2.0;;19.0;;=;36.0
7204;RANGEE 04;"Ferrous waste and scrap; remelting scrap ingots of iron or steel";;;;;;;;;
720410;HS6;Déchets de fonte;Cast iron waste;;;;;;;;
7204101000;HS10;Déchets et debris de fonte non tries ni classes;Dechets et debris de fonte non tries ni classes;Métallurgie;15.0;2.0;;19.0;;=;36.0
7204102000;HS10;Déchets de fonte;Cast iron waste;Métallurgie;15.0;2.0;;19.0;;=;36.0
7204109000;HS10;Déchets de fonte - Autre;Cast iron waste - Other;Métallurgie;15.0;2.0;;19.0;;=;36.0
720421;HS6;Déchets d'acier inoxydable;Stainless steel waste;;;;;;;;
7204211000;HS10;Déchets et debris daciers inoxydables contenant en poids 8 ou plus de nickel;Dechets et debris daciers inoxydables contenant en poids 8 ou plus de nickel;Métallurgie;15.0;2.0;;19.0;;=;36.0
7204212000;HS10;Déchets d'acier inoxydable;Stainless steel waste;Métallurgie;15.0;2.0;;19.0;;=;36.0
7204219000;HS10;Déchets d'acier inoxydable - Autre;Stainless steel waste - Other;Métallurgie;15.0;2.0;;19.0;;=;36.0
720429;HS6;Autres déchets d'aciers alliés;Other alloy steel waste;;;;;;;;
7204291000;HS10;Déchets et debris daciers allies autres non tries ni classes;Dechets et debris daciers allies autres non tries ni classes;Métallurgie;15.0;2.0;;19.0;;=;36.0
7204292000;HS10;Autres déchets d'aciers alliés;Other alloy steel waste;Métallurgie;15.0;2.0;;19.0;;=;36.0
7204299000;HS10;Autres déchets d'aciers alliés - Autre;Other alloy steel waste - Other;Métallurgie;15.0;2.0;;19.0;;=;36.0
720430;HS6;Déchets de fer ou acier étamés;Waste of tinned iron or steel;;;;;;;;
7204301000;HS10;Déchets et debris de fer ou dacier etames non tries ni classes;Dechets et debris de fer ou dacier etames non tries ni classes;Métallurgie;15.0;2.0;;19.0;;=;36.0
7204302000;HS10;Déchets de fer ou acier étamés;Waste of tinned iron or steel;Métallurgie;15.0;2.0;;19.0;;=;36.0
7204309000;HS10;Déchets de fer ou acier étamés - Autre;Waste of tinned iron or steel - Other;Métallurgie;15.0;2.0;;19.0;;=;36.0
720441;HS6;Tournures et copeaux;Turnings and shavings;;;;;;;;
7204411000;HS10;Tournures frisons copeaux meulures sciures et limailles;Tournures frisons copeaux meulures sciures et limailles;Métallurgie;15.0;2.0;;19.0;;=;36.0
7204412000;HS10;Tournures et copeaux;Turnings and shavings;Métallurgie;15.0;2.0;;19.0;;=;36.0
7204419000;HS10;Tournures et copeaux - Autre;Turnings and shavings - Other;Métallurgie;15.0;2.0;;19.0;;=;36.0
720449;HS6;Autres déchets de fer ou acier;Other iron or steel waste;;;;;;;;
7204491000;HS10;Autres déchets et debris dechiquetes;Autres dechets et debris dechiquetes;Métallurgie;15.0;2.0;;19.0;;=;36.0
7204492000;HS10;Autres déchets de fer ou acier;Other iron or steel waste;Métallurgie;15.0;2.0;;19.0;;=;36.0
7204499000;HS10;Autres déchets de fer ou acier - Autre;Other iron or steel waste - Other;Métallurgie;15.0;2.0;;19.0;;=;36.0
720450;HS6;Déchets lingotés;Remelting scrap ingots;;;;;;;;
7204501000;HS10;Déchets lingotés;Remelting scrap ingots;Métallurgie;15.0;2.0;;19.0;;=;36.0
7204502000;HS10;Déchets lingotés;Remelting scrap ingots;Métallurgie;15.0;2.0;;19.0;;=;36.0
7204509000;HS10;Déchets lingotés - Autre;Remelting scrap ingots - Other;Métallurgie;15.0;2.0;;19.0;;=;36.0
7205;RANGEE 05;Granules and powders, of pig iron, spiegeleisen, iron or steel;;;;;;;;;
720510;HS6;Grenailles de fonte;Granules of pig iron;;;;;;;;
7205101000;HS10;Grenailles provenant de fil de fer oudacier y compris de fil machine;Grenailles provenant de fil de fer oudacier y compris de fil machine;Métallurgie;15.0;2.0;;19.0;;=;36.0
7205102000;HS10;Grenailles de fonte;Granules of pig iron;Métallurgie;15.0;2.0;;19.0;;=;36.0
7205109000;HS10;Grenailles de fonte - Autre;Granules of pig iron - Other;Métallurgie;15.0;2.0;;19.0;;=;36.0
720521;HS6;Poudres de fontes alliées;Powders of alloy steel;;;;;;;;
7205211000;HS10;Poudres de fontes alliées;Powders of alloy steel;Métallurgie;15.0;2.0;;19.0;;=;36.0
7205212000;HS10;Poudres de fontes alliées;Powders of alloy steel;Métallurgie;15.0;2.0;;19.0;;=;36.0
7205219000;HS10;Poudres de fontes alliées - Autre;Powders of alloy steel - Other;Métallurgie;15.0;2.0;;19.0;;=;36.0
720529;HS6;Autres poudres de fer ou acier;Other iron or steel powders;;;;;;;;
7205291000;HS10;Autres poudres de fer ou acier;Other iron or steel powders;Métallurgie;15.0;2.0;;19.0;;=;36.0
7205292000;HS10;Autres poudres de fer ou acier;Other iron or steel powders;Métallurgie;15.0;2.0;;19.0;;=;36.0
7205299000;HS10;Autres poudres de fer ou acier - Autre;Other iron or steel powders - Other;Métallurgie;15.0;2.0;;19.0;;=;36.0
7206;RANGEE 06;Iron and non-alloy steel in ingots or other primary forms (excluding iron of heading no. 7203);;;;;;;;;
720610;HS6;Lingots de fer ou acier;Iron or steel ingots;;;;;;;;
7206101000;HS10;Lingots de fer ou acier;Iron or steel ingots;Métallurgie;15.0;2.0;;19.0;;=;36.0
7206102000;HS10;Lingots de fer ou acier;Iron or steel ingots;Métallurgie;15.0;2.0;;19.0;;=;36.0
7206109000;HS10;Lingots de fer ou acier - Autre;Iron or steel ingots - Other;Métallurgie;15.0;2.0;;19.0;;=;36.0
720690;HS6;Autres fers et aciers non alliés;Other non-alloy iron and steel;;;;;;;;
7206901000;HS10;Masses et massiaux;Masses et massiaux;Métallurgie;15.0;2.0;;19.0;;=;36.0
7206902000;HS10;Autres fers et aciers non alliés;Other non-alloy iron and steel;Métallurgie;15.0;2.0;;19.0;;=;36.0
7206909000;HS10;Autres fers et aciers non alliés - Autre;Other non-alloy iron and steel - Other;Métallurgie;15.0;2.0;;19.0;;=;36.0
7207;RANGEE 07;"Iron or non-alloy steel; semi-finished products thereof";;;;;;;;;
720711;HS6;Demi-produits en fer <0,25% carbone;Iron semi-finished products <0.25% carbon;;;;;;;;
7207111000;HS10;Billette;Billette;Métallurgie;15.0;2.0;;19.0;;=;36.0
7207112000;HS10;Demi-produits en fer <0,25% carbone;Iron semi-finished products <0.25% carbon;Métallurgie;15.0;2.0;;19.0;;=;36.0
7207119000;HS10;Demi-produits en fer <0,25% carbone - Autre;Iron semi-finished products <0.25% carbon - Other;Métallurgie;15.0;2.0;;19.0;;=;36.0
720712;HS6;Autres demi-produits en fer;Other iron semi-products;;;;;;;;
7207121000;HS10;Billette;Billette;Métallurgie;15.0;2.0;;19.0;;=;36.0
7207122000;HS10;Autres demi-produits en fer;Other iron semi-products;Métallurgie;15.0;2.0;;19.0;;=;36.0
7207129000;HS10;Autres demi-produits en fer - Autre;Other iron semi-products - Other;Métallurgie;15.0;2.0;;19.0;;=;36.0
720719;HS6;Demi-produits en fer autres;Other iron semi-finished products;;;;;;;;
7207191000;HS10;Billette;Billette;Métallurgie;15.0;2.0;;19.0;;=;36.0
7207192000;HS10;Demi-produits en fer autres;Other iron semi-finished products;Métallurgie;15.0;2.0;;19.0;;=;36.0
7207199000;HS10;Demi-produits en fer autres - Autre;Other iron semi-finished products - Other;Métallurgie;15.0;2.0;;19.0;;=;36.0
720720;HS6;Demi-produits en fer >0.25% carbone;Iron semi-products >0.25% carbon;;;;;;;;
7207201000;HS10;Billette;Billette;Métallurgie;15.0;2.0;;19.0;;=;36.0
7207202000;HS10;Demi-produits en fer >0.25% carbone;Iron semi-products >0.25% carbon;Métallurgie;15.0;2.0;;19.0;;=;36.0
7207209000;HS10;Demi-produits en fer >0.25% carbone - Autre;Iron semi-products >0.25% carbon - Other;Métallurgie;15.0;2.0;;19.0;;=;36.0
7208;RANGEE 08;"Iron or non-alloy steel; flat-rolled products of a width of 600mm or more, hot-rolled, not clad, plated or coated";;;;;;;;;
720810;HS6;Produits laminés plats en fer >600mm;Flat-rolled iron products >600mm;;;;;;;;
7208101000;HS10;Enroules simplement laminés a chaud presentant des motifs en relief dune largeur de 600 mm ou plus mais nexcedant pas 1525 mm;Enroules simplement lamines a chaud presentant des motifs en relief dune largeur de 600 mm ou plus mais nexcedant pas 1525 mm;Métallurgie;15.0;2.0;;19.0;;=;36.0
7208102000;HS10;Enroules simplement laminés a chaud presentant des motifs en relief dune largeur excedant 1525 mm;Enroules simplement lamines a chaud presentant des motifs en relief dune largeur excedant 1525 mm;Métallurgie;15.0;2.0;;19.0;;=;36.0
7208109000;HS10;Produits laminés plats en fer >600mm - Autre;Flat-rolled iron products >600mm - Other;Métallurgie;15.0;2.0;;19.0;;=;36.0
720825;HS6;Produits laminés plats en fer >600mm laminés à chaud;Flat-rolled iron products >600mm hot-rolled;;;;;;;;
7208251000;HS10;Autres enroules simplement laminés a chaud decapes dune épaisseur de 475 mm ou plus dune largeur de 600 mm ou plus mais nexcedant pas 1525 mm;Autres enroules simplement lamines a chaud decapes dune epaisseur de 475 mm ou plus dune largeur de 600 mm ou plus mais nexcedant pas 1525 mm;Métallurgie;15.0;2.0;;19.0;;=;36.0
7208252000;HS10;Autres enroules simplement laminés a chaud decapes dune épaisseur de 475 mm ou plus dune largeur excedant 1525 mm mais nexcedant pas 1830 mm;Autres enroules simplement lamines a chaud decapes dune epaisseur de 475 mm ou plus dune largeur excedant 1525 mm mais nexcedant pas 1830 mm;Métallurgie;15.0;2.0;;19.0;;=;36.0
7208259000;HS10;Produits laminés plats en fer >600mm laminés à chaud - Autre;Flat-rolled iron products >600mm hot-rolled - Other;Métallurgie;15.0;2.0;;19.0;;=;36.0
720826;HS6;Produits laminés à chaud épaisseur 3-4.75mm;Hot-rolled products thickness 3-4.75mm;;;;;;;;
7208261000;HS10;Autres enroules simplement laminés a chaud decapes dune épaisseur de 3 mm ou plus mais inférieure a 475 mm dune largeur de 600 mm ou plus mais nexcedant pas 1525 mm;Autres enroules simplement lamines a chaud decapes dune epaisseur de 3 mm ou plus mais inferieure a 475 mm dune largeur de 600 mm ou plus mais nexcedant pas 1525 mm;Métallurgie;15.0;2.0;;19.0;;=;36.0
7208262000;HS10;Autres enroules simplement laminés a chaud decapes dune épaisseur de 3 mm ou plus mais inférieure a 475 mm dune largeur excedant 1525 mm mais nexcedant pas 1830 mm;Autres enroules simplement lamines a chaud decapes dune epaisseur de 3 mm ou plus mais inferieure a 475 mm dune largeur excedant 1525 mm mais nexcedant pas 1830 mm;Métallurgie;15.0;2.0;;19.0;;=;36.0
7208269000;HS10;Produits laminés à chaud épaisseur 3-4.75mm - Autre;Hot-rolled products thickness 3-4.75mm - Other;Métallurgie;15.0;2.0;;19.0;;=;36.0
720827;HS6;Produits laminés à chaud épaisseur <3mm;Hot-rolled products thickness <3mm;;;;;;;;
7208271000;HS10;Autres enroules simplement laminés a chaud decapes dune épaisseur inférieure a 3 mm dune largeur de 600 mm ou plus mais nexcedant pas 1525 mm;Autres enroules simplement lamines a chaud decapes dune epaisseur inferieure a 3 mm dune largeur de 600 mm ou plus mais nexcedant pas 1525 mm;Métallurgie;15.0;2.0;;19.0;;=;36.0
7208272000;HS10;Autres enroules simplement laminés a chaud decapes dune épaisseur inférieure a 3 mm dune largeur excedant 1525 mm mais nexcedant pas 1830 mm;Autres enroules simplement lamines a chaud decapes dune epaisseur inferieure a 3 mm dune largeur excedant 1525 mm mais nexcedant pas 1830 mm;Métallurgie;15.0;2.0;;19.0;;=;36.0
7208279000;HS10;Produits laminés à chaud épaisseur <3mm - Autre;Hot-rolled products thickness <3mm - Other;Métallurgie;15.0;2.0;;19.0;;=;36.0
720836;HS6;Autres produits laminés à chaud;Other hot-rolled products;;;;;;;;
7208361000;HS10;Autres enroules simplement laminés a chaud dune épaisseur excedant 10 mm dune largeur de 600 mm ou plus mais nexcedant pas 1525 mm;Autres enroules simplement lamines a chaud dune epaisseur excedant 10 mm dune largeur de 600 mm ou plus mais nexcedant pas 1525 mm;Métallurgie;15.0;2.0;;19.0;;=;36.0
7208362000;HS10;Autres enroules simplement laminés a chaud dune épaisseur excedant 10 mm dune largeur excedant 1525 mm mais nexcedant pas 1830 mm;Autres enroules simplement lamines a chaud dune epaisseur excedant 10 mm dune largeur excedant 1525 mm mais nexcedant pas 1830 mm;Métallurgie;15.0;2.0;;19.0;;=;36.0
7208369000;HS10;Autres produits laminés à chaud - Autre;Other hot-rolled products - Other;Métallurgie;15.0;2.0;;19.0;;=;36.0
720837;HS6;Produits laminés à chaud épaisseur 4.75-10mm;Hot-rolled products thickness 4.75-10mm;;;;;;;;
7208371000;HS10;Autres enroules simplement laminés a chaud dune épaisseur de 475 mm ou plus mais nexcedant pas 10 mm dune largeur de 600 mm ou plus mais nexcedant pas 1525 mm;Autres enroules simplement lamines a chaud dune epaisseur de 475 mm ou plus mais nexcedant pas 10 mm dune largeur de 600 mm ou plus mais nexcedant pas 1525 mm;Métallurgie;15.0;2.0;;19.0;;=;36.0
7208372000;HS10;Autres enroules simplement laminés a chaud dune épaisseur de 475 mm ou plus mais nexcedant pas 10 mm dune largeur excedant 1525 mm mais nexcedant pas 1830 mm;Autres enroules simplement lamines a chaud dune epaisseur de 475 mm ou plus mais nexcedant pas 10 mm dune largeur excedant 1525 mm mais nexcedant pas 1830 mm;Métallurgie;15.0;2.0;;19.0;;=;36.0
7208379000;HS10;Produits laminés à chaud épaisseur 4.75-10mm - Autre;Hot-rolled products thickness 4.75-10mm - Other;Métallurgie;15.0;2.0;;19.0;;=;36.0
720838;HS6;Produits laminés à chaud épaisseur 3-4.75mm;Hot-rolled products 3-4.75mm;;;;;;;;
7208381000;HS10;Autres enroules simplement laminés a chaud dune épaisseur de 3 mm ou plus mais inférieure a 475 mm dune largeur de 600 mm ou plus mais nexcedant pas 1525 mm;Autres enroules simplement lamines a chaud dune epaisseur de 3 mm ou plus mais inferieure a 475 mm dune largeur de 600 mm ou plus mais nexcedant pas 1525 mm;Métallurgie;15.0;2.0;;19.0;;=;36.0
7208382000;HS10;Autres enroules simplement laminés a chaud dune épaisseur de 3 mm ou plus mais inférieure a 475 mm dune largeur excedant 1525 mm mais nexcedant pas 1830 mm;Autres enroules simplement lamines a chaud dune epaisseur de 3 mm ou plus mais inferieure a 475 mm dune largeur excedant 1525 mm mais nexcedant pas 1830 mm;Métallurgie;15.0;2.0;;19.0;;=;36.0
7208389000;HS10;Produits laminés à chaud épaisseur 3-4.75mm - Autre;Hot-rolled products 3-4.75mm - Other;Métallurgie;15.0;2.0;;19.0;;=;36.0
720839;HS6;Produits laminés à chaud <3mm;Hot-rolled products <3mm;;;;;;;;
7208391000;HS10;Autres enroules simplement laminés a chaud dune épaisseur inférieure a 3 mm dune largeur de 600 mm ou plus mais nexcedant pas 1525 mm;Autres enroules simplement lamines a chaud dune epaisseur inferieure a 3 mm dune largeur de 600 mm ou plus mais nexcedant pas 1525 mm;Métallurgie;15.0;2.0;;19.0;;=;36.0
7208392000;HS10;Autres enroules simplement laminés a chaud dune épaisseur inférieure a 3 mm dune largeur excedant 1525 mm mais nexcedant pas 1830 mm;Autres enroules simplement lamines a chaud dune epaisseur inferieure a 3 mm dune largeur excedant 1525 mm mais nexcedant pas 1830 mm;Métallurgie;15.0;2.0;;19.0;;=;36.0
7208399000;HS10;Produits laminés à chaud <3mm - Autre;Hot-rolled products <3mm - Other;Métallurgie;15.0;2.0;;19.0;;=;36.0
720840;HS6;Produits laminés à chaud avec motifs;Hot-rolled products with patterns;;;;;;;;
7208401000;HS10;Non enroules simplement laminés a chaud presentant des motifs en relief dune épaisseur inférieure a 2 mm;Non enroules simplement lamines a chaud presentant des motifs en relief dune epaisseur inferieure a 2 mm;Métallurgie;15.0;2.0;;19.0;;=;36.0
7208402000;HS10;Non enroules simplement laminés a chaud presentant des motifs en relief dune épaisseur de 2 mm ou plus mais nexcedant pas 10 mm;Non enroules simplement lamines a chaud presentant des motifs en relief dune epaisseur de 2 mm ou plus mais nexcedant pas 10 mm;Métallurgie;15.0;2.0;;19.0;;=;36.0
7208409000;HS10;Produits laminés à chaud avec motifs - Autre;Hot-rolled products with patterns - Other;Métallurgie;15.0;2.0;;19.0;;=;36.0
720851;HS6;Produits laminés à froid >3mm;Cold-rolled products >3mm;;;;;;;;
7208511000;HS10;Autres non enroules simplement laminés a chaud dune épaisseur excedant 10 mm dune épaisseur excedant 15 mm;Autres non enroules simplement lamines a chaud dune epaisseur excedant 10 mm dune epaisseur excedant 15 mm;Métallurgie;15.0;2.0;;19.0;;=;36.0
7208512000;HS10;Produits laminés à froid >3mm;Cold-rolled products >3mm;Métallurgie;15.0;2.0;;19.0;;=;36.0
7208519000;HS10;Produits laminés à froid >3mm - Autre;Cold-rolled products >3mm - Other;Métallurgie;15.0;2.0;;19.0;;=;36.0
720852;HS6;Produits laminés à froid 1-3mm;Cold-rolled products 1-3mm;;;;;;;;
7208521000;HS10;Autres non enroules simplement laminés a chaud dune épaisseur de 475 mm ou plus mais nexcedant pas 10 mm laminés sur les quatre faces ou en cannelures fermees dune largeur nexcedant pas 1250 mm;Autres non enroules simplement lamines a chaud dune epaisseur de 475 mm ou plus mais nexcedant pas 10 mm lamines sur les quatre faces ou en cannelures fermees dune largeur nexcedant pas 1250 mm;Métallurgie;15.0;2.0;;19.0;;=;36.0
7208522000;HS10;Produits laminés à froid 1-3mm;Cold-rolled products 1-3mm;Métallurgie;15.0;2.0;;19.0;;=;36.0
7208529000;HS10;Produits laminés à froid 1-3mm - Autre;Cold-rolled products 1-3mm - Other;Métallurgie;15.0;2.0;;19.0;;=;36.0
720853;HS6;Produits laminés à froid 0.5-1mm;Cold-rolled products 0.5-1mm;;;;;;;;
7208531000;HS10;Autres non enroules simplement laminés a chaud dune épaisseur de 3 mm ou plus mais inférieure a 475 mm laminés sur les quatre faces ou en cannelures fermees dune largeur nexcedant pas 1250 mm et dune épaisseur de 4 mm ou plus;Autres non enroules simplement lamines a chaud dune epaisseur de 3 mm ou plus mais inferieure a 475 mm lamines sur les quatre faces ou en cannelures fermees dune largeur nexcedant pas 1250 mm et dune epaisseur de 4 mm ou plus;Métallurgie;15.0;2.0;;19.0;;=;36.0
7208532000;HS10;Produits laminés à froid 0.5-1mm;Cold-rolled products 0.5-1mm;Métallurgie;15.0;2.0;;19.0;;=;36.0
7208539000;HS10;Produits laminés à froid 0.5-1mm - Autre;Cold-rolled products 0.5-1mm - Other;Métallurgie;15.0;2.0;;19.0;;=;36.0
720854;HS6;Produits laminés à froid <0.5mm;Cold-rolled products <0.5mm;;;;;;;;
7208541000;HS10;Autres non enroules simplement laminés a chaud dune épaisseur inférieure a 3 mm dune largeur de 600 mm ou plus mais nexcedant pas 1525 mm;Autres non enroules simplement lamines a chaud dune epaisseur inferieure a 3 mm dune largeur de 600 mm ou plus mais nexcedant pas 1525 mm;Métallurgie;15.0;2.0;;19.0;;=;36.0
7208542000;HS10;Autres non enroules simplement laminés a chaud dune épaisseur inférieure a 3 mm dune largeur excedant 1525 mm mais nexcedant pas 1830 mm;Autres non enroules simplement lamines a chaud dune epaisseur inferieure a 3 mm dune largeur excedant 1525 mm mais nexcedant pas 1830 mm;Métallurgie;15.0;2.0;;19.0;;=;36.0
7208549000;HS10;Produits laminés à froid <0.5mm - Autre;Cold-rolled products <0.5mm - Other;Métallurgie;15.0;2.0;;19.0;;=;36.0
720890;HS6;Autres produits laminés plats;Other flat-rolled products;;;;;;;;
7208901000;HS10;Autres perfores;Autres perfores;Métallurgie;15.0;2.0;;19.0;;=;36.0
7208902000;HS10;Autres produits laminés plats;Other flat-rolled products;Métallurgie;15.0;2.0;;19.0;;=;36.0
7208909000;HS10;Autres produits laminés plats - Autre;Other flat-rolled products - Other;Métallurgie;15.0;2.0;;19.0;;=;36.0
7209;RANGEE 09;"Iron or non-alloy steel; flat-rolled products, width 600mm or more, cold-rolled (cold-reduced), not clad, plated or coated";;;;;;;;;
720915;HS6;Produits laminés plats en fer laminés à froid >600mm épaisseur ≥3mm;Cold-rolled flat products >600mm thickness ≥3mm;;;;;;;;
7209151000;HS10;Enroules simplement laminés a froid dune épaisseur de 3 mm ou plus dune largeur de 600 mm ou plus mais nexcedant pas 1525 mm;Enroules simplement lamines a froid dune epaisseur de 3 mm ou plus dune largeur de 600 mm ou plus mais nexcedant pas 1525 mm;Métallurgie;15.0;2.0;;19.0;;=;36.0
7209152000;HS10;Produits laminés plats non revêtus enroulés laminés à froid largeur 600 mm épaisseur 3 mm largeur 1525 mm;Produits laminés plats non revêtus enroulés laminés à froid largeur 600 mm épaisseur 3 mm largeur 1525 mm;Métallurgie;15.0;2.0;;19.0;;=;36.0
7209159000;HS10;Produits laminés plats en fer laminés à froid >600mm épaisseur ≥3mm - Autre;Cold-rolled flat products >600mm thickness ≥3mm - Other;Métallurgie;15.0;2.0;;19.0;;=;36.0
720916;HS6;D'une épaisseur excédant 1 mm mais inférieur à 3 mm;Iron or non-alloy steel;;;;;;;;
7209161000;HS10;Produits laminés plats non revêtus enroulés laminés à froid 600 largeur 1525 mm 1 épaisseur 3 mm;Produits laminés plats non revêtus enroulés laminés à froid 600 largeur 1525 mm 1 épaisseur 3 mm;Métallurgie;15.0;2.0;;19.0;;=;36.0
7209162000;HS10;Produits laminés plats non revêtus enroulés laminés à froid 1525 largeur 2030 mm 1 épaisseur 3 mm;Produits laminés plats non revêtus enroulés laminés à froid 1525 largeur 2030 mm 1 épaisseur 3 mm;Métallurgie;15.0;2.0;;19.0;;=;36.0
7209169000;HS10;D'une épaisseur excédant 1 mm mais inférieur à 3 mm - Autre;Iron or non-alloy steel - Other;Métallurgie;15.0;2.0;;19.0;;=;36.0
720917;HS6;D'une épaisseur de 0;Iron or non-alloy steel;;;;;;;;
7209171000;HS10;Produits laminés plats non revêtus enroulés laminés à froid 600 largeur 1525 mm 05 épaisseur 1 mm;Produits laminés plats non revêtus enroulés laminés à froid 600 largeur 1525 mm 05 épaisseur 1 mm;Métallurgie;15.0;2.0;;19.0;;=;36.0
7209172000;HS10;Produits laminés plats non revêtus enroulés laminés à froid 1525 largeur 2030 mm 05 épaisseur 1 mm;Produits laminés plats non revêtus enroulés laminés à froid 1525 largeur 2030 mm 05 épaisseur 1 mm;Métallurgie;15.0;2.0;;19.0;;=;36.0
7209179000;HS10;D'une épaisseur de 0 - Autre;Iron or non-alloy steel - Other;Métallurgie;15.0;2.0;;19.0;;=;36.0
720918;HS6;D'une épaisseur inférieur à 0;Iron or non-alloy steel;;;;;;;;
7209181000;HS10;Produits laminés plats non revêtus enroulés laminés à froid 600 largeur 1525 mm épaisseur 05 mm;Produits laminés plats non revêtus enroulés laminés à froid 600 largeur 1525 mm épaisseur 05 mm;Métallurgie;15.0;2.0;;19.0;;=;36.0
7209182000;HS10;Produits laminés plats non revêtus enroulés laminés à froid 1525 largeur 2030 mm épaisseur 05 mm;Produits laminés plats non revêtus enroulés laminés à froid 1525 largeur 2030 mm épaisseur 05 mm;Métallurgie;15.0;2.0;;19.0;;=;36.0
7209189000;HS10;D'une épaisseur inférieur à 0 - Autre;Iron or non-alloy steel - Other;Métallurgie;15.0;2.0;;19.0;;=;36.0
720925;HS6;D'une épaisseur de 3 mm ou plus;Iron or non-alloy steel;;;;;;;;
7209251000;HS10;Produits laminés plats non revêtus non enroulés laminés à froid 600 largeur 1525 mm épaisseur 3 mm;Produits laminés plats non revêtus non enroulés laminés à froid 600 largeur 1525 mm épaisseur 3 mm;Métallurgie;15.0;2.0;;19.0;;=;36.0
7209252000;HS10;Produits laminés plats non revêtus non enroulés laminés à froid 1525 largeur 2030 mm épaisseur 3 mm;Produits laminés plats non revêtus non enroulés laminés à froid 1525 largeur 2030 mm épaisseur 3 mm;Métallurgie;15.0;2.0;;19.0;;=;36.0
7209259000;HS10;D'une épaisseur de 3 mm ou plus - Autre;Iron or non-alloy steel - Other;Métallurgie;15.0;2.0;;19.0;;=;36.0
720926;HS6;D'une épaisseur excédant 1 mm mais inférieure à 3 mm;Iron or non-alloy steel;;;;;;;;
7209261000;HS10;Produits laminés plats non revêtus non enroulés laminés à froid 600 largeur 1525 mm 1 épaisseur 3 mm;Produits laminés plats non revêtus non enroulés laminés à froid 600 largeur 1525 mm 1 épaisseur 3 mm;Métallurgie;15.0;2.0;;19.0;;=;36.0
7209262000;HS10;Produits laminés plats non revêtus non enroulés laminés à froid 1525 largeur 2030 mm 1 épaisseur 3 mm;Produits laminés plats non revêtus non enroulés laminés à froid 1525 largeur 2030 mm 1 épaisseur 3 mm;Métallurgie;15.0;2.0;;19.0;;=;36.0
7209269000;HS10;D'une épaisseur excédant 1 mm mais inférieure à 3 mm - Autre;Iron or non-alloy steel - Other;Métallurgie;15.0;2.0;;19.0;;=;36.0
720927;HS6;D'une épaisseur de 0;Iron or non-alloy steel;;;;;;;;
7209271000;HS10;Produits laminés plats non revêtus non enroulés laminés à froid 600 largeur 1525 mm 05 épaisseur 1 mm;Produits laminés plats non revêtus non enroulés laminés à froid 600 largeur 1525 mm 05 épaisseur 1 mm;Métallurgie;15.0;2.0;;19.0;;=;36.0
7209272000;HS10;Produits laminés plats non revêtus non enroulés laminés à froid 1525 largeur 2030 mm 05 épaisseur 1 mm;Produits laminés plats non revêtus non enroulés laminés à froid 1525 largeur 2030 mm 05 épaisseur 1 mm;Métallurgie;15.0;2.0;;19.0;;=;36.0
7209279000;HS10;D'une épaisseur de 0 - Autre;Iron or non-alloy steel - Other;Métallurgie;15.0;2.0;;19.0;;=;36.0
720928;HS6;D'une épaisseur inférieure à 0;Iron or non-alloy steel;;;;;;;;
7209281000;HS10;Produits laminés plats non revêtus non enroulés laminés à froid 600 largeur 1525 mm épaisseur 05 mm;Produits laminés plats non revêtus non enroulés laminés à froid 600 largeur 1525 mm épaisseur 05 mm;Métallurgie;15.0;2.0;;19.0;;=;36.0
7209282000;HS10;Produits laminés plats non revêtus non enroulés laminés à froid 1525 largeur 2030 mm épaisseur 05 mm;Produits laminés plats non revêtus non enroulés laminés à froid 1525 largeur 2030 mm épaisseur 05 mm;Métallurgie;15.0;2.0;;19.0;;=;36.0
7209289000;HS10;D'une épaisseur inférieure à 0 - Autre;Iron or non-alloy steel - Other;Métallurgie;15.0;2.0;;19.0;;=;36.0
720990;HS6;Autres;Iron or non-alloy steel;;;;;;;;
7209901000;HS10;Produits laminés plats non revêtus laminés à froid largeur 600 mm perforés;Produits laminés plats non revêtus laminés à froid largeur 600 mm perforés;Métallurgie;15.0;2.0;;19.0;;=;36.0
7209902000;HS10;Autres;Iron or non-alloy steel;Métallurgie;15.0;2.0;;19.0;;=;36.0
7209909000;HS10;Autres - Autre;Iron or non-alloy steel - Other;Métallurgie;15.0;2.0;;19.0;;=;36.0
7210;RANGEE 10;"Iron or non-alloy steel; flat-rolled products, width 600mm or more, clad, plated or coated";;;;;;;;;
721011;HS6;Produits plats étamés ≥600mm;Tinplate flat products ≥600mm;;;;;;;;
7210111000;HS10;Produits plats étamés ≥600mm;Tinplate flat products ≥600mm;Métallurgie;15.0;2.0;;19.0;;=;36.0
7210112000;HS10;Produits plats étamés ≥600mm;Tinplate flat products ≥600mm;Métallurgie;15.0;2.0;;19.0;;=;36.0
7210119000;HS10;Produits plats étamés ≥600mm - Autre;Tinplate flat products ≥600mm - Other;Métallurgie;15.0;2.0;;19.0;;=;36.0
721012;HS6;D'une épaisseur inférieure à 0;Iron or non-alloy steel;;;;;;;;
7210121000;HS10;Produits laminés plats étamés largeur 600 mm épaisseur 05 mm fer blanc;Produits laminés plats étamés largeur 600 mm épaisseur 05 mm fer blanc;Métallurgie;15.0;2.0;;19.0;;=;36.0
7210122000;HS10;D'une épaisseur inférieure à 0;Iron or non-alloy steel;Métallurgie;15.0;2.0;;19.0;;=;36.0
7210129000;HS10;D'une épaisseur inférieure à 0 - Autre;Iron or non-alloy steel - Other;Métallurgie;15.0;2.0;;19.0;;=;36.0
721020;HS6;Plombés;Iron or non-alloy steel;;;;;;;;
7210201000;HS10;Produits laminés plats plombés largeur 600 mm épaisseur 3 mm;Produits laminés plats plombés largeur 600 mm épaisseur 3 mm;Métallurgie;15.0;2.0;;19.0;;=;36.0
7210202000;HS10;Produits laminés plats plombés largeur 600 mm épaisseur 3 mm;Produits laminés plats plombés largeur 600 mm épaisseur 3 mm;Métallurgie;15.0;2.0;;19.0;;=;36.0
7210209000;HS10;Plombés - Autre;Iron or non-alloy steel - Other;Métallurgie;15.0;2.0;;19.0;;=;36.0
721030;HS6;Zingués électrolytiquement;Iron or non-alloy steel;;;;;;;;
7210301000;HS10;Produits laminés plats zingués électrolytiquement largeur 600 mm épaisseur 3 mm;Produits laminés plats zingués électrolytiquement largeur 600 mm épaisseur 3 mm;Métallurgie;15.0;2.0;;19.0;;=;36.0
7210302000;HS10;Produits laminés plats zingués électrolytiquement largeur 600 mm épaisseur 3 mm;Produits laminés plats zingués électrolytiquement largeur 600 mm épaisseur 3 mm;Métallurgie;15.0;2.0;;19.0;;=;36.0
7210309000;HS10;Zingués électrolytiquement - Autre;Iron or non-alloy steel - Other;Métallurgie;15.0;2.0;;19.0;;=;36.0
721041;HS6;Produits plats galvanisés ondulés;Corrugated galvanized flat products;;;;;;;;
7210411000;HS10;Produits laminés plats autrement zingués ondulés largeur 600 mm épaisseur 3 mm;Produits laminés plats autrement zingués ondulés largeur 600 mm épaisseur 3 mm;Métallurgie;15.0;2.0;;19.0;;=;36.0
7210412000;HS10;Produits laminés plats autrement zingués ondulés largeur 600 mm épaisseur 3 mm;Produits laminés plats autrement zingués ondulés largeur 600 mm épaisseur 3 mm;Métallurgie;15.0;2.0;;19.0;;=;36.0
7210419000;HS10;Produits plats galvanisés ondulés - Autre;Corrugated galvanized flat products - Other;Métallurgie;15.0;2.0;;19.0;;=;36.0
721049;HS6;Autres produits plats galvanisés;Other galvanized flat products;;;;;;;;
7210491000;HS10;Produits laminés plats autrement zingués autres largeur 600 mm épaisseur 3 mm;Produits laminés plats autrement zingués autres largeur 600 mm épaisseur 3 mm;Métallurgie;15.0;2.0;;19.0;;=;36.0
7210492000;HS10;Produits laminés plats autrement zingués autres largeur 600 mm épaisseur 3 mm;Produits laminés plats autrement zingués autres largeur 600 mm épaisseur 3 mm;Métallurgie;15.0;2.0;;19.0;;=;36.0
7210499000;HS10;Autres produits plats galvanisés - Autre;Other galvanized flat products - Other;Métallurgie;15.0;2.0;;19.0;;=;36.0
721050;HS6;Revêtus d'oxydes de chrome ou de chrome et oxydes de chrome;Iron or non-alloy steel;;;;;;;;
7210501000;HS10;Produits laminés plats revêtus de chromeoxydes de chrome largeur 600 mm épaisseur 3 mm;Produits laminés plats revêtus de chromeoxydes de chrome largeur 600 mm épaisseur 3 mm;Métallurgie;15.0;2.0;;19.0;;=;36.0
7210502000;HS10;Produits laminés plats revêtus de chromeoxydes de chrome largeur 600 mm épaisseur 3 mm;Produits laminés plats revêtus de chromeoxydes de chrome largeur 600 mm épaisseur 3 mm;Métallurgie;15.0;2.0;;19.0;;=;36.0
7210509000;HS10;Revêtus d'oxydes de chrome ou de chrome et oxydes de chrome - Autre;Iron or non-alloy steel - Other;Métallurgie;15.0;2.0;;19.0;;=;36.0
721061;HS6;Revêtus d'alliages d'aluminium et de zinc;Iron or non-alloy steel;;;;;;;;
7210611000;HS10;Produits laminés plats revêtus dalliages aluminium zinc largeur 600 mm épaisseur 3 mm;Produits laminés plats revêtus dalliages aluminium zinc largeur 600 mm épaisseur 3 mm;Métallurgie;15.0;2.0;;19.0;;=;36.0
7210612000;HS10;Produits laminés plats revêtus dalliages aluminium zinc largeur 600 mm épaisseur 3 mm;Produits laminés plats revêtus dalliages aluminium zinc largeur 600 mm épaisseur 3 mm;Métallurgie;15.0;2.0;;19.0;;=;36.0
7210619000;HS10;Revêtus d'alliages d'aluminium et de zinc - Autre;Iron or non-alloy steel - Other;Métallurgie;15.0;2.0;;19.0;;=;36.0
721069;HS6;Autres;Iron or non-alloy steel;;;;;;;;
7210691000;HS10;Produits laminés plats revêtus daluminium largeur 600 mm épaisseur 3 mm autres;Produits laminés plats revêtus daluminium largeur 600 mm épaisseur 3 mm autres;Métallurgie;15.0;2.0;;19.0;;=;36.0
7210692000;HS10;Produits laminés plats revêtus daluminium largeur 600 mm épaisseur 3 mm autres;Produits laminés plats revêtus daluminium largeur 600 mm épaisseur 3 mm autres;Métallurgie;15.0;2.0;;19.0;;=;36.0
7210699000;HS10;Autres - Autre;Iron or non-alloy steel - Other;Métallurgie;15.0;2.0;;19.0;;=;36.0
721070;HS6;Produits plats peints ou plastifiés;Painted or plastic-coated flat products;;;;;;;;
7210701000;HS10;Produits plats peints ou plastifiés;Painted or plastic-coated flat products;Métallurgie;15.0;2.0;;19.0;;=;36.0
7210702000;HS10;Produits plats peints ou plastifiés;Painted or plastic-coated flat products;Métallurgie;15.0;2.0;;19.0;;=;36.0
7210709000;HS10;Produits plats peints ou plastifiés - Autre;Painted or plastic-coated flat products - Other;Métallurgie;15.0;2.0;;19.0;;=;36.0
721090;HS6;Autres;Iron or non-alloy steel;;;;;;;;
7210901000;HS10;Autres;Iron or non-alloy steel;Métallurgie;15.0;2.0;;19.0;;=;36.0
7210902000;HS10;Autres;Iron or non-alloy steel;Métallurgie;15.0;2.0;;19.0;;=;36.0
7210909000;HS10;Autres - Autre;Iron or non-alloy steel - Other;Métallurgie;15.0;2.0;;19.0;;=;36.0
7211;RANGEE 11;"Iron or non-alloy steel; flat-rolled products, width less than 600mm, not clad, plated or coated";;;;;;;;;
721113;HS6;Laminés sur les quatres faces ou en cannelures fermées;Iron or non-alloy steel;;;;;;;;
7211131000;HS10;Produits laminés plats non revêtus laminés à chaud largeur 600 mm 5 épaisseur 75 mm;Produits laminés plats non revêtus laminés à chaud largeur 600 mm 5 épaisseur 75 mm;Métallurgie;15.0;2.0;;19.0;;=;36.0
7211132000;HS10;Laminés sur les quatres faces ou en cannelures fermées;Iron or non-alloy steel;Métallurgie;15.0;2.0;;19.0;;=;36.0
7211139000;HS10;Laminés sur les quatres faces ou en cannelures fermées - Autre;Iron or non-alloy steel - Other;Métallurgie;15.0;2.0;;19.0;;=;36.0
721114;HS6;Autres;Iron or non-alloy steel;;;;;;;;
7211141000;HS10;Produits laminés plats non revêtus laminés à chaud épaisseur 475 mm non enroulés largeur 600 mm;Produits laminés plats non revêtus laminés à chaud épaisseur 475 mm non enroulés largeur 600 mm;Métallurgie;15.0;2.0;;19.0;;=;36.0
7211142000;HS10;Autres;Iron or non-alloy steel;Métallurgie;15.0;2.0;;19.0;;=;36.0
7211149000;HS10;Autres - Autre;Iron or non-alloy steel - Other;Métallurgie;15.0;2.0;;19.0;;=;36.0
721119;HS6;Autres;Iron or non-alloy steel;;;;;;;;
7211191000;HS10;Produits laminés plats non revêtus laminés à chaud autres non enroulés largeur 600 mm épaisseur 475 mm;Produits laminés plats non revêtus laminés à chaud autres non enroulés largeur 600 mm épaisseur 475 mm;Métallurgie;15.0;2.0;;19.0;;=;36.0
7211192000;HS10;Autres;Iron or non-alloy steel;Métallurgie;15.0;2.0;;19.0;;=;36.0
7211199000;HS10;Autres - Autre;Iron or non-alloy steel - Other;Métallurgie;15.0;2.0;;19.0;;=;36.0
721123;HS6;Contenant en poids moins de 0;Iron or non-alloy steel;;;;;;;;
7211231000;HS10;Produits laminés plats non revêtus laminés à froid magnétiques largeur 600 mm c 025;Produits laminés plats non revêtus laminés à froid magnétiques largeur 600 mm c 025;Métallurgie;15.0;2.0;;19.0;;=;36.0
7211232000;HS10;Contenant en poids moins de 0;Iron or non-alloy steel;Métallurgie;15.0;2.0;;19.0;;=;36.0
7211239000;HS10;Contenant en poids moins de 0 - Autre;Iron or non-alloy steel - Other;Métallurgie;15.0;2.0;;19.0;;=;36.0
721129;HS6;Autres;Iron or non-alloy steel;;;;;;;;
7211291000;HS10;Autres;Iron or non-alloy steel;Métallurgie;15.0;2.0;;19.0;;=;36.0
7211292000;HS10;Autres;Iron or non-alloy steel;Métallurgie;15.0;2.0;;19.0;;=;36.0
7211299000;HS10;Autres - Autre;Iron or non-alloy steel - Other;Métallurgie;15.0;2.0;;19.0;;=;36.0
721190;HS6;Autres;Iron or non-alloy steel;;;;;;;;
7211901000;HS10;Produits laminés plats non revêtus largeur 600 mm perforés;Produits laminés plats non revêtus largeur 600 mm perforés;Métallurgie;15.0;2.0;;19.0;;=;36.0
7211902000;HS10;Autres;Iron or non-alloy steel;Métallurgie;15.0;2.0;;19.0;;=;36.0
7211909000;HS10;Autres - Autre;Iron or non-alloy steel - Other;Métallurgie;15.0;2.0;;19.0;;=;36.0
7212;RANGEE 12;"Iron or non-alloy steel; flat-rolled products, width less than 600mm, clad, plated or coated";;;;;;;;;
721210;HS6;Etamés;Iron or non-alloy steel;;;;;;;;
7212101000;HS10;Produits laminés plats étamés largeur 600 mm fer blanc traité en surface;Produits laminés plats étamés largeur 600 mm fer blanc traité en surface;Métallurgie;15.0;2.0;;19.0;;=;36.0
7212102000;HS10;Etamés;Iron or non-alloy steel;Métallurgie;15.0;2.0;;19.0;;=;36.0
7212109000;HS10;Etamés - Autre;Iron or non-alloy steel - Other;Métallurgie;15.0;2.0;;19.0;;=;36.0
721220;HS6;Zingués électrolytiquement;Iron or non-alloy steel;;;;;;;;
7212201000;HS10;Produits laminés plats zingués électrolytiquement largeur 600 mm épaisseur 3 mm;Produits laminés plats zingués électrolytiquement largeur 600 mm épaisseur 3 mm;Métallurgie;15.0;2.0;;19.0;;=;36.0
7212202000;HS10;Produits laminés plats zingués électrolytiquement largeur 600 mm épaisseur 3 mm;Produits laminés plats zingués électrolytiquement largeur 600 mm épaisseur 3 mm;Métallurgie;15.0;2.0;;19.0;;=;36.0
7212209000;HS10;Zingués électrolytiquement - Autre;Iron or non-alloy steel - Other;Métallurgie;15.0;2.0;;19.0;;=;36.0
721230;HS6;Autrement zingués;Iron or non-alloy steel;;;;;;;;
7212301000;HS10;Produits laminés plats autrement zingués largeur 600 mm épaisseur 3 mm;Produits laminés plats autrement zingués largeur 600 mm épaisseur 3 mm;Métallurgie;15.0;2.0;;19.0;;=;36.0
7212302000;HS10;Produits laminés plats autrement zingués largeur 600 mm épaisseur 3 mm;Produits laminés plats autrement zingués largeur 600 mm épaisseur 3 mm;Métallurgie;15.0;2.0;;19.0;;=;36.0
7212309000;HS10;Autrement zingués - Autre;Iron or non-alloy steel - Other;Métallurgie;15.0;2.0;;19.0;;=;36.0
721240;HS6;Peints;Iron or non-alloy steel;;;;;;;;
7212401000;HS10;Peints;Iron or non-alloy steel;Métallurgie;15.0;2.0;;19.0;;=;36.0
7212402000;HS10;Peints;Iron or non-alloy steel;Métallurgie;15.0;2.0;;19.0;;=;36.0
7212409000;HS10;Peints - Autre;Iron or non-alloy steel - Other;Métallurgie;15.0;2.0;;19.0;;=;36.0
721250;HS6;Autrement revêtus;Iron or non-alloy steel;;;;;;;;
7212501000;HS10;Autrement revêtus;Iron or non-alloy steel;Métallurgie;15.0;2.0;;19.0;;=;36.0
7212502000;HS10;Autrement revêtus;Iron or non-alloy steel;Métallurgie;15.0;2.0;;19.0;;=;36.0
7212509000;HS10;Autrement revêtus - Autre;Iron or non-alloy steel - Other;Métallurgie;15.0;2.0;;19.0;;=;36.0
721260;HS6;Plaqués;Iron or non-alloy steel;;;;;;;;
7212601000;HS10;Produits laminés plats plaqués largeur 600 mm épaisseur 3 mm;Produits laminés plats plaqués largeur 600 mm épaisseur 3 mm;Métallurgie;15.0;2.0;;19.0;;=;36.0
7212602000;HS10;Produits laminés plats plaqués largeur 600 mm épaisseur 3 mm;Produits laminés plats plaqués largeur 600 mm épaisseur 3 mm;Métallurgie;15.0;2.0;;19.0;;=;36.0
7212609000;HS10;Plaqués - Autre;Iron or non-alloy steel - Other;Métallurgie;15.0;2.0;;19.0;;=;36.0
7213;RANGEE 13;"Iron or non-alloy steel; bars and rods, hot-rolled, in irregularly wound coils";;;;;;;;;
721310;HS6;Fil machine en fer avec crénelures;Ribbed iron wire rod;;;;;;;;
7213101000;HS10;Fil machine en fer avec crénelures;Ribbed iron wire rod;Métallurgie;15.0;2.0;;19.0;;=;36.0
7213102000;HS10;Fil machine en fer avec crénelures;Ribbed iron wire rod;Métallurgie;15.0;2.0;;19.0;;=;36.0
7213109000;HS10;Fil machine en fer avec crénelures - Autre;Ribbed iron wire rod - Other;Métallurgie;15.0;2.0;;19.0;;=;36.0
721320;HS6;Autres;Iron or non-alloy steel;;;;;;;;
7213201000;HS10;Fil machine en acier de décolletage diamètre 14 mm;Fil machine en acier de décolletage diamètre 14 mm;Métallurgie;15.0;2.0;;19.0;;=;36.0
7213202000;HS10;Fil machine en acier de décolletage diamètre 14 mm;Fil machine en acier de décolletage diamètre 14 mm;Métallurgie;15.0;2.0;;19.0;;=;36.0
7213209000;HS10;Autres - Autre;Iron or non-alloy steel - Other;Métallurgie;15.0;2.0;;19.0;;=;36.0
721391;HS6;Fil machine en fer <6mm;Iron wire rod <6mm;;;;;;;;
7213911000;HS10;Fil machine pour armature de béton diamètre 14 mm;Fil machine pour armature de béton diamètre 14 mm;Métallurgie;15.0;2.0;;19.0;;=;36.0
7213912000;HS10;Fil machine pour renforcement des pneumatiques diamètre 14 mm;Fil machine pour renforcement des pneumatiques diamètre 14 mm;Métallurgie;15.0;2.0;;19.0;;=;36.0
7213919000;HS10;Fil machine en fer <6mm - Autre;Iron wire rod <6mm - Other;Métallurgie;15.0;2.0;;19.0;;=;36.0
721399;HS6;Autres;Iron or non-alloy steel;;;;;;;;
7213991000;HS10;Fil machine c 025 diamètre 14 mm;Fil machine c 025 diamètre 14 mm;Métallurgie;15.0;2.0;;19.0;;=;36.0
7213992000;HS10;Fil machine c 025 diamètre 14 mm;Fil machine c 025 diamètre 14 mm;Métallurgie;15.0;2.0;;19.0;;=;36.0
7213999000;HS10;Autres - Autre;Iron or non-alloy steel - Other;Métallurgie;15.0;2.0;;19.0;;=;36.0
7214;RANGEE 14;"Iron or non-alloy steel; bars and rods, not further worked than forged, hot-rolled, hot drawn or hot-extruded, but including those twisted after rolling";;;;;;;;;
721410;HS6;Barres en fer forgées;Forged iron bars;;;;;;;;
7214101000;HS10;Barres en fer forgées;Forged iron bars;Métallurgie;15.0;2.0;;19.0;;=;36.0
7214102000;HS10;Barres en fer forgées;Forged iron bars;Métallurgie;15.0;2.0;;19.0;;=;36.0
7214109000;HS10;Barres en fer forgées - Autre;Forged iron bars - Other;Métallurgie;15.0;2.0;;19.0;;=;36.0
721420;HS6;Barres en fer avec crénelures;Ribbed iron bars;;;;;;;;
7214201000;HS10;Barres en fer avec crénelures;Ribbed iron bars;Métallurgie;15.0;2.0;;19.0;;=;36.0
7214202000;HS10;Barres en fer avec crénelures;Ribbed iron bars;Métallurgie;15.0;2.0;;19.0;;=;36.0
7214209000;HS10;Barres en fer avec crénelures - Autre;Ribbed iron bars - Other;Métallurgie;15.0;2.0;;19.0;;=;36.0
721430;HS6;Autres;Iron or non-alloy steel;;;;;;;;
7214301000;HS10;Barres en acier de décolletage section circulaire 14 mm laminées à chaud;Barres en acier de décolletage section circulaire 14 mm laminées à chaud;Métallurgie;15.0;2.0;;19.0;;=;36.0
7214302000;HS10;Autres;Iron or non-alloy steel;Métallurgie;15.0;2.0;;19.0;;=;36.0
7214309000;HS10;Autres - Autre;Iron or non-alloy steel - Other;Métallurgie;15.0;2.0;;19.0;;=;36.0
721491;HS6;De section transversale rectangulaire;Iron or non-alloy steel;;;;;;;;
7214911000;HS10;Barres laminées à chaud rectangulaires faible teneur en carbone 025;Barres laminées à chaud rectangulaires faible teneur en carbone 025;Métallurgie;15.0;2.0;;19.0;;=;36.0
7214912000;HS10;Barres laminées à chaud rectangulaires teneur en carbone 025;Barres laminées à chaud rectangulaires teneur en carbone 025;Métallurgie;15.0;2.0;;19.0;;=;36.0
7214919000;HS10;De section transversale rectangulaire - Autre;Iron or non-alloy steel - Other;Métallurgie;15.0;2.0;;19.0;;=;36.0
721499;HS6;Autres :;Iron or non-alloy steel;;;;;;;;
7214991000;HS10;Autres :;Iron or non-alloy steel;Métallurgie;15.0;2.0;;19.0;;=;36.0
7214992000;HS10;Autres :;Iron or non-alloy steel;Métallurgie;15.0;2.0;;19.0;;=;36.0
7214999000;HS10;Autres : - Autre;Iron or non-alloy steel - Other;Métallurgie;15.0;2.0;;19.0;;=;36.0
7215;RANGEE 15;"Iron or non-alloy steel; bars and rods, n.e.c. in chapter 72";;;;;;;;;
721510;HS6;Barres laminées à froid;Cold-formed bars;;;;;;;;
7215101000;HS10;Barres laminées à froid;Cold-formed bars;Métallurgie;15.0;2.0;;19.0;;=;36.0
7215102000;HS10;Barres laminées à froid;Cold-formed bars;Métallurgie;15.0;2.0;;19.0;;=;36.0
7215109000;HS10;Barres laminées à froid - Autre;Cold-formed bars - Other;Métallurgie;15.0;2.0;;19.0;;=;36.0
721550;HS6;Autres;Iron or non-alloy steel;;;;;;;;
7215501000;HS10;Autres;Iron or non-alloy steel;Métallurgie;15.0;2.0;;19.0;;=;36.0
7215502000;HS10;Autres;Iron or non-alloy steel;Métallurgie;15.0;2.0;;19.0;;=;36.0
7215509000;HS10;Autres - Autre;Iron or non-alloy steel - Other;Métallurgie;15.0;2.0;;19.0;;=;36.0
721590;HS6;Autres;Iron or non-alloy steel;;;;;;;;
7215901000;HS10;Autres;Iron or non-alloy steel;Métallurgie;15.0;2.0;;19.0;;=;36.0
7215902000;HS10;Autres;Iron or non-alloy steel;Métallurgie;15.0;2.0;;19.0;;=;36.0
7215909000;HS10;Autres - Autre;Iron or non-alloy steel - Other;Métallurgie;15.0;2.0;;19.0;;=;36.0
7216;RANGEE 16;Iron or non-alloy steel, angles, shapes and sections;;;;;;;;;
721610;HS6;Profilés en U en fer;U-section iron profiles;;;;;;;;
7216101000;HS10;Profilés en u laminés à chaud hauteur 80 mm;Profilés en u laminés à chaud hauteur 80 mm;Métallurgie;15.0;2.0;;19.0;;=;36.0
7216102000;HS10;Profilés en i laminés à chaud hauteur 80 mm;Profilés en i laminés à chaud hauteur 80 mm;Métallurgie;15.0;2.0;;19.0;;=;36.0
7216109000;HS10;Profilés en U en fer - Autre;U-section iron profiles - Other;Métallurgie;15.0;2.0;;19.0;;=;36.0
721621;HS6;Profilés en L;Iron or non-alloy steel;;;;;;;;
7216211000;HS10;Profilés en L;Iron or non-alloy steel;Métallurgie;15.0;2.0;;19.0;;=;36.0
7216212000;HS10;Profilés en L;Iron or non-alloy steel;Métallurgie;15.0;2.0;;19.0;;=;36.0
7216219000;HS10;Profilés en L - Autre;Iron or non-alloy steel - Other;Métallurgie;15.0;2.0;;19.0;;=;36.0
721622;HS6;Profilés en T;Iron or non-alloy steel;;;;;;;;
7216221000;HS10;Profilés en T;Iron or non-alloy steel;Métallurgie;15.0;2.0;;19.0;;=;36.0
7216222000;HS10;Profilés en T;Iron or non-alloy steel;Métallurgie;15.0;2.0;;19.0;;=;36.0
7216229000;HS10;Profilés en T - Autre;Iron or non-alloy steel - Other;Métallurgie;15.0;2.0;;19.0;;=;36.0
721631;HS6;Profilés en U à ailes parallèles ≥80mm;Parallel-flange U-profiles ≥80mm;;;;;;;;
7216311000;HS10;Profilés en u laminés à chaud hauteur 80 à 220 mm;Profilés en u laminés à chaud hauteur 80 à 220 mm;Métallurgie;15.0;2.0;;19.0;;=;36.0
7216312000;HS10;Profilés en u laminés à chaud hauteur 220 mm;Profilés en u laminés à chaud hauteur 220 mm;Métallurgie;15.0;2.0;;19.0;;=;36.0
7216319000;HS10;Profilés en U à ailes parallèles ≥80mm - Autre;Parallel-flange U-profiles ≥80mm - Other;Métallurgie;15.0;2.0;;19.0;;=;36.0
721632;HS6;Profilés en I;Iron or non-alloy steel;;;;;;;;
7216321000;HS10;Profilés en I;Iron or non-alloy steel;Métallurgie;15.0;2.0;;19.0;;=;36.0
7216322000;HS10;Profilés en I;Iron or non-alloy steel;Métallurgie;15.0;2.0;;19.0;;=;36.0
7216329000;HS10;Profilés en I - Autre;Iron or non-alloy steel - Other;Métallurgie;15.0;2.0;;19.0;;=;36.0
721633;HS6;Profilés en H;Iron or non-alloy steel;;;;;;;;
7216331000;HS10;Profilés en h laminés à chaud hauteur 80 à 180 mm;Profilés en h laminés à chaud hauteur 80 à 180 mm;Métallurgie;15.0;2.0;;19.0;;=;36.0
7216332000;HS10;Profilés en h laminés à chaud hauteur 180 mm;Profilés en h laminés à chaud hauteur 180 mm;Métallurgie;15.0;2.0;;19.0;;=;36.0
7216339000;HS10;Profilés en H - Autre;Iron or non-alloy steel - Other;Métallurgie;15.0;2.0;;19.0;;=;36.0
721640;HS6;Profilés en L ou en T;Iron or non-alloy steel;;;;;;;;
7216401000;HS10;Profilés en l laminés à chaud hauteur 80 mm;Profilés en l laminés à chaud hauteur 80 mm;Métallurgie;15.0;2.0;;19.0;;=;36.0
7216402000;HS10;Profilés en t laminés à chaud hauteur 80 mm;Profilés en t laminés à chaud hauteur 80 mm;Métallurgie;15.0;2.0;;19.0;;=;36.0
7216409000;HS10;Profilés en L ou en T - Autre;Iron or non-alloy steel - Other;Métallurgie;15.0;2.0;;19.0;;=;36.0
721650;HS6;Autres profilés simplement laminés ou filés à chaud;Iron or non-alloy steel;;;;;;;;
7216501000;HS10;Autres profilés en u et l laminés à chaud;Autres profilés en u et l laminés à chaud;Métallurgie;15.0;2.0;;19.0;;=;36.0
7216502000;HS10;Autres profilés simplement laminés ou filés à chaud;Iron or non-alloy steel;Métallurgie;15.0;2.0;;19.0;;=;36.0
7216509000;HS10;Autres profilés simplement laminés ou filés à chaud - Autre;Iron or non-alloy steel - Other;Métallurgie;15.0;2.0;;19.0;;=;36.0
721661;HS6;Obtenus à partir de produits laminés plats;Iron or non-alloy steel;;;;;;;;
7216611000;HS10;Profilés c l u z oméga ouverts formés à froid à partir de plats;Profilés c l u z oméga ouverts formés à froid à partir de plats;Métallurgie;15.0;2.0;;19.0;;=;36.0
7216612000;HS10;Obtenus à partir de produits laminés plats;Iron or non-alloy steel;Métallurgie;15.0;2.0;;19.0;;=;36.0
7216619000;HS10;Obtenus à partir de produits laminés plats - Autre;Iron or non-alloy steel - Other;Métallurgie;15.0;2.0;;19.0;;=;36.0
721669;HS6;Autres;Iron or non-alloy steel;;;;;;;;
7216691000;HS10;Autres;Iron or non-alloy steel;Métallurgie;15.0;2.0;;19.0;;=;36.0
7216692000;HS10;Autres;Iron or non-alloy steel;Métallurgie;15.0;2.0;;19.0;;=;36.0
7216699000;HS10;Autres - Autre;Iron or non-alloy steel - Other;Métallurgie;15.0;2.0;;19.0;;=;36.0
721691;HS6;Obtenus ou parachevés à froid à partir de produits laminés plats;Iron or non-alloy steel;;;;;;;;
7216911000;HS10;Tôles nervurées obtenues à partir de produits laminés plats;Tôles nervurées obtenues à partir de produits laminés plats;Métallurgie;15.0;2.0;;19.0;;=;36.0
7216912000;HS10;Obtenus ou parachevés à froid à partir de produits laminés plats;Iron or non-alloy steel;Métallurgie;15.0;2.0;;19.0;;=;36.0
7216919000;HS10;Obtenus ou parachevés à froid à partir de produits laminés plats - Autre;Iron or non-alloy steel - Other;Métallurgie;15.0;2.0;;19.0;;=;36.0
721699;HS6;Autres;Iron or non-alloy steel;;;;;;;;
7216991000;HS10;Autres;Iron or non-alloy steel;Métallurgie;15.0;2.0;;19.0;;=;36.0
7216992000;HS10;Autres;Iron or non-alloy steel;Métallurgie;15.0;2.0;;19.0;;=;36.0
7216999000;HS10;Autres - Autre;Iron or non-alloy steel - Other;Métallurgie;15.0;2.0;;19.0;;=;36.0
7217;RANGEE 17;Wire of iron or non-alloy steel;;;;;;;;;
721710;HS6;Fil de fer non revêtu;Uncoated iron wire;;;;;;;;
7217101000;HS10;Fil de fer non revêtu;Uncoated iron wire;Métallurgie;15.0;2.0;;19.0;;=;36.0
7217102000;HS10;Fils en acier non allié non revêtus carbone 025 à 06;Fils en acier non allié non revêtus carbone 025 à 06;Métallurgie;15.0;2.0;;19.0;;=;36.0
7217109000;HS10;Fil de fer non revêtu - Autre;Uncoated iron wire - Other;Métallurgie;15.0;2.0;;19.0;;=;36.0
721720;HS6;Fil de fer zingué;Zinc-coated iron wire;;;;;;;;
7217201000;HS10;Fil de fer zingué;Zinc-coated iron wire;Métallurgie;15.0;2.0;;19.0;;=;36.0
7217202000;HS10;Fils en acier non allié zingués carbone 025 à 06;Fils en acier non allié zingués carbone 025 à 06;Métallurgie;15.0;2.0;;19.0;;=;36.0
7217209000;HS10;Fil de fer zingué - Autre;Zinc-coated iron wire - Other;Métallurgie;15.0;2.0;;19.0;;=;36.0
721730;HS6;Revêtus d'autres métaux communs;Iron or non-alloy steel;;;;;;;;
7217301000;HS10;Revêtus d'autres métaux communs;Iron or non-alloy steel;Métallurgie;15.0;2.0;;19.0;;=;36.0
7217302000;HS10;Fils en acier non allié revêtus carbone 025 à 06;Fils en acier non allié revêtus carbone 025 à 06;Métallurgie;15.0;2.0;;19.0;;=;36.0
7217309000;HS10;Revêtus d'autres métaux communs - Autre;Iron or non-alloy steel - Other;Métallurgie;15.0;2.0;;19.0;;=;36.0
721790;HS6;Autres fils de fer revêtus;Other coated iron wire;;;;;;;;
7217901000;HS10;Autres fils en acier non allié faible carbone;Autres fils en acier non allié faible carbone;Métallurgie;15.0;2.0;;19.0;;=;36.0
7217902000;HS10;Autres fils en acier non allié carbone 025 à 06;Autres fils en acier non allié carbone 025 à 06;Métallurgie;15.0;2.0;;19.0;;=;36.0
7217909000;HS10;Autres fils de fer revêtus - Autre;Other coated iron wire - Other;Métallurgie;15.0;2.0;;19.0;;=;36.0
7218;RANGEE 18;"Stainless steel in ingots or other primary forms; semi-finished products of stainless steel";;;;;;;;;
721810;HS6;Lingots et autres formes primaires;Steel;;;;;;;;
7218101000;HS10;Lingots en aciers inoxydables;Lingots en aciers inoxydables;Métallurgie;15.0;2.0;;19.0;;=;36.0
7218102000;HS10;Lingots et autres formes primaires;Steel;Métallurgie;15.0;2.0;;19.0;;=;36.0
7218109000;HS10;Lingots et autres formes primaires - Autre;Steel - Other;Métallurgie;15.0;2.0;;19.0;;=;36.0
721891;HS6;De section transversale rectangulaire;Steel;;;;;;;;
7218911000;HS10;Demi produits inox rectangulaires 25 nickel ou plus;Demi produits inox rectangulaires 25 nickel ou plus;Métallurgie;15.0;2.0;;19.0;;=;36.0
7218912000;HS10;Demi produits inox rectangulaires moins de 25 nickel;Demi produits inox rectangulaires moins de 25 nickel;Métallurgie;15.0;2.0;;19.0;;=;36.0
7218919000;HS10;De section transversale rectangulaire - Autre;Steel - Other;Métallurgie;15.0;2.0;;19.0;;=;36.0
721899;HS6;Autres;Steel;;;;;;;;
7218991000;HS10;Autres;Steel;Métallurgie;15.0;2.0;;19.0;;=;36.0
7218992000;HS10;Autres;Steel;Métallurgie;15.0;2.0;;19.0;;=;36.0
7218999000;HS10;Autres - Autre;Steel - Other;Métallurgie;15.0;2.0;;19.0;;=;36.0
7219;RANGEE 19;"Stainless steel; flat-rolled products of width of 600mm or more";;;;;;;;;
721911;HS6;D'une épaisseur excédant 10 mm;Steel;;;;;;;;
7219111000;HS10;D'une épaisseur excédant 10 mm;Steel;Métallurgie;15.0;2.0;;19.0;;=;36.0
7219112000;HS10;D'une épaisseur excédant 10 mm;Steel;Métallurgie;15.0;2.0;;19.0;;=;36.0
7219119000;HS10;D'une épaisseur excédant 10 mm - Autre;Steel - Other;Métallurgie;15.0;2.0;;19.0;;=;36.0
721912;HS6;D'une épaisseur de 4;Steel;;;;;;;;
7219121000;HS10;Produits plats inox l600 mm laminés à chaud enroulés ep 475 10 mm nickel 25;Produits plats inox l600 mm laminés à chaud enroulés ep 475 10 mm nickel 25;Métallurgie;15.0;2.0;;19.0;;=;36.0
7219122000;HS10;Produits plats inox l600 mm laminés à chaud enroulés ep 475 10 mm nickel 25;Produits plats inox l600 mm laminés à chaud enroulés ep 475 10 mm nickel 25;Métallurgie;15.0;2.0;;19.0;;=;36.0
7219129000;HS10;D'une épaisseur de 4 - Autre;Steel - Other;Métallurgie;15.0;2.0;;19.0;;=;36.0
721913;HS6;D'une épaisseur de 3mm ou plus mais inférieure à 4;Steel;;;;;;;;
7219131000;HS10;Produits plats inox l600 mm laminés à chaud enroulés ep 3 475 mm nickel 25;Produits plats inox l600 mm laminés à chaud enroulés ep 3 475 mm nickel 25;Métallurgie;15.0;2.0;;19.0;;=;36.0
7219132000;HS10;Produits plats inox l600 mm laminés à chaud enroulés ep 3 475 mm nickel 25;Produits plats inox l600 mm laminés à chaud enroulés ep 3 475 mm nickel 25;Métallurgie;15.0;2.0;;19.0;;=;36.0
7219139000;HS10;D'une épaisseur de 3mm ou plus mais inférieure à 4 - Autre;Steel - Other;Métallurgie;15.0;2.0;;19.0;;=;36.0
721914;HS6;D'une épaisseur inférieure à 3 mm;Steel;;;;;;;;
7219141000;HS10;Produits plats inox l600 mm laminés à chaud enroulés ep 3 mm nickel 25;Produits plats inox l600 mm laminés à chaud enroulés ep 3 mm nickel 25;Métallurgie;15.0;2.0;;19.0;;=;36.0
7219142000;HS10;Produits plats inox l600 mm laminés à chaud enroulés ep 3 mm nickel 25;Produits plats inox l600 mm laminés à chaud enroulés ep 3 mm nickel 25;Métallurgie;15.0;2.0;;19.0;;=;36.0
7219149000;HS10;D'une épaisseur inférieure à 3 mm - Autre;Steel - Other;Métallurgie;15.0;2.0;;19.0;;=;36.0
721921;HS6;D'une épaisseur excédant 10 mm;Steel;;;;;;;;
7219211000;HS10;Produits plats inox l600 mm laminés à chaud non enroulés ep 10 mm nickel 25;Produits plats inox l600 mm laminés à chaud non enroulés ep 10 mm nickel 25;Métallurgie;15.0;2.0;;19.0;;=;36.0
7219212000;HS10;Produits plats inox l600 mm laminés à chaud non enroulés ep 10 mm nickel 25;Produits plats inox l600 mm laminés à chaud non enroulés ep 10 mm nickel 25;Métallurgie;15.0;2.0;;19.0;;=;36.0
7219219000;HS10;D'une épaisseur excédant 10 mm - Autre;Steel - Other;Métallurgie;15.0;2.0;;19.0;;=;36.0
721922;HS6;D'une épaisseur de 4;Steel;;;;;;;;
7219221000;HS10;Produits plats inox l600 mm laminés à chaud non enroulés ep 475 10 mm nickel 25;Produits plats inox l600 mm laminés à chaud non enroulés ep 475 10 mm nickel 25;Métallurgie;15.0;2.0;;19.0;;=;36.0
7219222000;HS10;Produits plats inox l600 mm laminés à chaud non enroulés ep 475 10 mm nickel 25;Produits plats inox l600 mm laminés à chaud non enroulés ep 475 10 mm nickel 25;Métallurgie;15.0;2.0;;19.0;;=;36.0
7219229000;HS10;D'une épaisseur de 4 - Autre;Steel - Other;Métallurgie;15.0;2.0;;19.0;;=;36.0
721923;HS6;D'une épaisseurs de 3 mm ou plus mais inférieure à 4;Steel;;;;;;;;
7219231000;HS10;D'une épaisseurs de 3 mm ou plus mais inférieure à 4;Steel;Métallurgie;15.0;2.0;;19.0;;=;36.0
7219232000;HS10;D'une épaisseurs de 3 mm ou plus mais inférieure à 4;Steel;Métallurgie;15.0;2.0;;19.0;;=;36.0
7219239000;HS10;D'une épaisseurs de 3 mm ou plus mais inférieure à 4 - Autre;Steel - Other;Métallurgie;15.0;2.0;;19.0;;=;36.0
721924;HS6;D'une épaisseur inférieur à 3 mm;Steel;;;;;;;;
7219241000;HS10;D'une épaisseur inférieur à 3 mm;Steel;Métallurgie;15.0;2.0;;19.0;;=;36.0
7219242000;HS10;D'une épaisseur inférieur à 3 mm;Steel;Métallurgie;15.0;2.0;;19.0;;=;36.0
7219249000;HS10;D'une épaisseur inférieur à 3 mm - Autre;Steel - Other;Métallurgie;15.0;2.0;;19.0;;=;36.0
721931;HS6;D'une épaisseur de 4;Steel;;;;;;;;
7219311000;HS10;D'une épaisseur de 4;Steel;Métallurgie;15.0;2.0;;19.0;;=;36.0
7219312000;HS10;D'une épaisseur de 4;Steel;Métallurgie;15.0;2.0;;19.0;;=;36.0
7219319000;HS10;D'une épaisseur de 4 - Autre;Steel - Other;Métallurgie;15.0;2.0;;19.0;;=;36.0
721932;HS6;D'une épaisseur de 3 mm ou plus mais inférieure à 4;Steel;;;;;;;;
7219321000;HS10;Produits plats inox l600 mm laminés à froid ep 3 475 mm nickel 25;Produits plats inox l600 mm laminés à froid ep 3 475 mm nickel 25;Métallurgie;15.0;2.0;;19.0;;=;36.0
7219322000;HS10;Produits plats inox l600 mm laminés à froid ep 3 475 mm nickel 25;Produits plats inox l600 mm laminés à froid ep 3 475 mm nickel 25;Métallurgie;15.0;2.0;;19.0;;=;36.0
7219329000;HS10;D'une épaisseur de 3 mm ou plus mais inférieure à 4 - Autre;Steel - Other;Métallurgie;15.0;2.0;;19.0;;=;36.0
721933;HS6;D'une épaisseur excédant 1 mm mais inférieure à 3 mm;Steel;;;;;;;;
7219331000;HS10;Produits plats inox l600 mm laminés à froid ep 1 3 mm nickel 25;Produits plats inox l600 mm laminés à froid ep 1 3 mm nickel 25;Métallurgie;15.0;2.0;;19.0;;=;36.0
7219332000;HS10;Produits plats inox l600 mm laminés à froid ep 1 3 mm nickel 25;Produits plats inox l600 mm laminés à froid ep 1 3 mm nickel 25;Métallurgie;15.0;2.0;;19.0;;=;36.0
7219339000;HS10;D'une épaisseur excédant 1 mm mais inférieure à 3 mm - Autre;Steel - Other;Métallurgie;15.0;2.0;;19.0;;=;36.0
721934;HS6;D'une épaisseur de 0;Steel;;;;;;;;
7219341000;HS10;Produits plats inox l600 mm laminés à froid ep 05 1 mm nickel 25;Produits plats inox l600 mm laminés à froid ep 05 1 mm nickel 25;Métallurgie;15.0;2.0;;19.0;;=;36.0
7219342000;HS10;Produits plats inox l600 mm laminés à froid ep 05 1 mm nickel 25;Produits plats inox l600 mm laminés à froid ep 05 1 mm nickel 25;Métallurgie;15.0;2.0;;19.0;;=;36.0
7219349000;HS10;D'une épaisseur de 0 - Autre;Steel - Other;Métallurgie;15.0;2.0;;19.0;;=;36.0
721935;HS6;D'une épaisseur inférieure à 0;Steel;;;;;;;;
7219351000;HS10;Produits plats inox l600 mm laminés à froid ep 05 mm nickel 25;Produits plats inox l600 mm laminés à froid ep 05 mm nickel 25;Métallurgie;15.0;2.0;;19.0;;=;36.0
7219352000;HS10;Produits plats inox l600 mm laminés à froid ep 05 mm nickel 25;Produits plats inox l600 mm laminés à froid ep 05 mm nickel 25;Métallurgie;15.0;2.0;;19.0;;=;36.0
7219359000;HS10;D'une épaisseur inférieure à 0 - Autre;Steel - Other;Métallurgie;15.0;2.0;;19.0;;=;36.0
721990;HS6;Autres;Steel;;;;;;;;
7219901000;HS10;Produits plats inox l600 mm perforés;Produits plats inox l600 mm perforés;Métallurgie;15.0;2.0;;19.0;;=;36.0
7219902000;HS10;Autres;Steel;Métallurgie;15.0;2.0;;19.0;;=;36.0
7219909000;HS10;Autres - Autre;Steel - Other;Métallurgie;15.0;2.0;;19.0;;=;36.0
7220;RANGEE 20;"Stainless steel; flat-rolled products of width less than 600mm";;;;;;;;;
722011;HS6;D'une épaisseur de 4;Steel;;;;;;;;
7220111000;HS10;Produits plats inox l600 mm laminés à chaud ep 475 mm l 500 600 mm;Produits plats inox l600 mm laminés à chaud ep 475 mm l 500 600 mm;Métallurgie;15.0;2.0;;19.0;;=;36.0
7220112000;HS10;Produits plats inox l600 mm laminés à chaud ep 475 mm l 150 500 mm;Produits plats inox l600 mm laminés à chaud ep 475 mm l 150 500 mm;Métallurgie;15.0;2.0;;19.0;;=;36.0
7220119000;HS10;D'une épaisseur de 4 - Autre;Steel - Other;Métallurgie;15.0;2.0;;19.0;;=;36.0
722012;HS6;D'une épaisseur inférieure à 4;Steel;;;;;;;;
7220121000;HS10;Produits plats inox l600 mm laminés à chaud ep 475 mm l 500 600 mm;Produits plats inox l600 mm laminés à chaud ep 475 mm l 500 600 mm;Métallurgie;15.0;2.0;;19.0;;=;36.0
7220122000;HS10;Produits plats inox l600 mm laminés à chaud ep 475 mm l 150 500 mm;Produits plats inox l600 mm laminés à chaud ep 475 mm l 150 500 mm;Métallurgie;15.0;2.0;;19.0;;=;36.0
7220129000;HS10;D'une épaisseur inférieure à 4 - Autre;Steel - Other;Métallurgie;15.0;2.0;;19.0;;=;36.0
722020;HS6;Simplement laminés à froid;Steel;;;;;;;;
7220201000;HS10;Produits plats inox l600 mm laminés à froid ep 3 mm;Produits plats inox l600 mm laminés à froid ep 3 mm;Métallurgie;15.0;2.0;;19.0;;=;36.0
7220202000;HS10;Produits plats inox l600 mm laminés à froid ep 035 3 mm;Produits plats inox l600 mm laminés à froid ep 035 3 mm;Métallurgie;15.0;2.0;;19.0;;=;36.0
7220209000;HS10;Simplement laminés à froid - Autre;Steel - Other;Métallurgie;15.0;2.0;;19.0;;=;36.0
722090;HS6;Autres;Steel;;;;;;;;
7220901000;HS10;Autres perfores;Autres perfores;Métallurgie;15.0;2.0;;19.0;;=;36.0
7220902000;HS10;Autres;Steel;Métallurgie;15.0;2.0;;19.0;;=;36.0
7220909000;HS10;Autres - Autre;Steel - Other;Métallurgie;15.0;2.0;;19.0;;=;36.0
7221;RANGEE 21;Stainless steel bars and rods, hot-rolled, in irregularly wound coils;;;;;;;;;
722100;HS6;Fils machine en aciers inoxydables;Steel;;;;;;;;
7221001000;HS10;Contenant en poids 25 ou plus de nickel;Contenant en poids 25 ou plus de nickel;Métallurgie;15.0;2.0;;19.0;;=;36.0
7221002000;HS10;Contenant en poids moins de 25 de nickel;Contenant en poids moins de 25 de nickel;Métallurgie;15.0;2.0;;19.0;;=;36.0
7221009000;HS10;Fils machine en aciers inoxydables - Autre;Steel - Other;Métallurgie;15.0;2.0;;19.0;;=;36.0
7222;RANGEE 22;Stainless steel bars and rods, angles, shapes and sections;;;;;;;;;
722211;HS6;de section circulaire;Steel;;;;;;;;
7222111000;HS10;de section circulaire;Steel;Métallurgie;15.0;2.0;;19.0;;=;36.0
7222112000;HS10;de section circulaire;Steel;Métallurgie;15.0;2.0;;19.0;;=;36.0
7222119000;HS10;de section circulaire - Autre;Steel - Other;Métallurgie;15.0;2.0;;19.0;;=;36.0
722219;HS6;Autres;Steel;;;;;;;;
7222191000;HS10;Barres simplement laminees ou filees a chaud autres contenant en poids 25 ou plus de nickel;Barres simplement laminees ou filees a chaud autres contenant en poids 25 ou plus de nickel;Métallurgie;15.0;2.0;;19.0;;=;36.0
7222192000;HS10;Barres simplement laminees ou filees a chaud autres contenant en poids moins de 25 de nickel;Barres simplement laminees ou filees a chaud autres contenant en poids moins de 25 de nickel;Métallurgie;15.0;2.0;;19.0;;=;36.0
7222199000;HS10;Autres - Autre;Steel - Other;Métallurgie;15.0;2.0;;19.0;;=;36.0
722220;HS6;Barres simplement obtenues ou parachevées à froid;Steel;;;;;;;;
7222201000;HS10;Barres simplement obtenues ou parachevées à froid;Steel;Métallurgie;15.0;2.0;;19.0;;=;36.0
7222202000;HS10;Barres simplement obtenues ou parachevées à froid;Steel;Métallurgie;15.0;2.0;;19.0;;=;36.0
7222209000;HS10;Barres simplement obtenues ou parachevées à froid - Autre;Steel - Other;Métallurgie;15.0;2.0;;19.0;;=;36.0
722230;HS6;Autres barres;Steel;;;;;;;;
7222301000;HS10;Autres barres;Steel;Métallurgie;15.0;2.0;;19.0;;=;36.0
7222302000;HS10;Autres barres;Steel;Métallurgie;15.0;2.0;;19.0;;=;36.0
7222309000;HS10;Autres barres - Autre;Steel - Other;Métallurgie;15.0;2.0;;19.0;;=;36.0
722240;HS6;Profilés;Steel;;;;;;;;
7222401000;HS10;Profilés simplement laminés ou files a chaud;Profiles simplement lamines ou files a chaud;Métallurgie;15.0;2.0;;19.0;;=;36.0
7222402000;HS10;Profilés simplement obtenus ou paracheves a froid;Profiles simplement obtenus ou paracheves a froid;Métallurgie;15.0;2.0;;19.0;;=;36.0
7222409000;HS10;Profilés - Autre;Steel - Other;Métallurgie;15.0;2.0;;19.0;;=;36.0
7223;RANGEE 23;Stainless steel wire;;;;;;;;;
722300;HS6;Fils en aciers inoxydables;Steel;;;;;;;;
7223001000;HS10;Contenant en poids 25 ou plus de nickel;Contenant en poids 25 ou plus de nickel;Métallurgie;15.0;2.0;;19.0;;=;36.0
7223002000;HS10;Contenant en poids moins de 25 de nickel;Contenant en poids moins de 25 de nickel;Métallurgie;15.0;2.0;;19.0;;=;36.0
7223009000;HS10;Fils en aciers inoxydables - Autre;Steel - Other;Métallurgie;15.0;2.0;;19.0;;=;36.0
7224;RANGEE 24;Alloy steel in ingots or other primary forms, semi-finished products of other alloy steel;;;;;;;;;
722410;HS6;Lingots et autres formes primaires;Steel;;;;;;;;
7224101000;HS10;Lingots et autres formes primaires lingots;Lingots et autres formes primaires lingots;Métallurgie;15.0;2.0;;19.0;;=;36.0
7224102000;HS10;Lingots et autres formes primaires;Steel;Métallurgie;15.0;2.0;;19.0;;=;36.0
7224109000;HS10;Lingots et autres formes primaires - Autre;Steel - Other;Métallurgie;15.0;2.0;;19.0;;=;36.0
722490;HS6;Autres;Steel;;;;;;;;
7224901000;HS10;Autres;Steel;Métallurgie;15.0;2.0;;19.0;;=;36.0
7224902000;HS10;Autres;Steel;Métallurgie;15.0;2.0;;19.0;;=;36.0
7224909000;HS10;Autres - Autre;Steel - Other;Métallurgie;15.0;2.0;;19.0;;=;36.0
7225;RANGEE 25;Alloy steel flat-rolled products, of a width 600mm or more;;;;;;;;;
722511;HS6;à grains orientés;Steel;;;;;;;;
7225111000;HS10;à grains orientés;Steel;Métallurgie;15.0;2.0;;19.0;;=;36.0
7225112000;HS10;à grains orientés;Steel;Métallurgie;15.0;2.0;;19.0;;=;36.0
7225119000;HS10;à grains orientés - Autre;Steel - Other;Métallurgie;15.0;2.0;;19.0;;=;36.0
722519;HS6;Autres;Steel;;;;;;;;
7225191000;HS10;En aciers au silicium ditsmagnetiques autres laminés a chaud;En aciers au silicium ditsmagnetiques autres lamines a chaud;Métallurgie;15.0;2.0;;19.0;;=;36.0
7225192000;HS10;En aciers au silicium ditsmagnetiques autres laminés a froid;En aciers au silicium ditsmagnetiques autres lamines a froid;Métallurgie;15.0;2.0;;19.0;;=;36.0
7225199000;HS10;Autres - Autre;Steel - Other;Métallurgie;15.0;2.0;;19.0;;=;36.0
722530;HS6;Autres;Steel;;;;;;;;
7225301000;HS10;Autres;Steel;Métallurgie;15.0;2.0;;19.0;;=;36.0
7225302000;HS10;Autres;Steel;Métallurgie;15.0;2.0;;19.0;;=;36.0
7225309000;HS10;Autres - Autre;Steel - Other;Métallurgie;15.0;2.0;;19.0;;=;36.0
722540;HS6;Autres;Steel;;;;;;;;
7225401000;HS10;Autres simplement laminés a chaud non enroules dune épaisseur excedant 10 mm;Autres simplement lamines a chaud non enroules dune epaisseur excedant 10 mm;Métallurgie;15.0;2.0;;19.0;;=;36.0
7225402000;HS10;Autres simplement laminés a chaud non enroules dune épaisseur de 475 mm ou plus mais nexcedant pas 10 mm;Autres simplement lamines a chaud non enroules dune epaisseur de 475 mm ou plus mais nexcedant pas 10 mm;Métallurgie;15.0;2.0;;19.0;;=;36.0
7225409000;HS10;Autres - Autre;Steel - Other;Métallurgie;15.0;2.0;;19.0;;=;36.0
722550;HS6;Autres;Steel;;;;;;;;
7225501000;HS10;Autres;Steel;Métallurgie;15.0;2.0;;19.0;;=;36.0
7225502000;HS10;Autres;Steel;Métallurgie;15.0;2.0;;19.0;;=;36.0
7225509000;HS10;Autres - Autre;Steel - Other;Métallurgie;15.0;2.0;;19.0;;=;36.0
722591;HS6;Zingués électroniquement;Steel;;;;;;;;
7225911000;HS10;Autres zingues electrolytiquement decoupes de forme carree ou rectangulaire;Autres zingues electrolytiquement decoupes de forme carree ou rectangulaire;Métallurgie;15.0;2.0;;19.0;;=;36.0
7225912000;HS10;Zingués électroniquement;Steel;Métallurgie;15.0;2.0;;19.0;;=;36.0
7225919000;HS10;Zingués électroniquement - Autre;Steel - Other;Métallurgie;15.0;2.0;;19.0;;=;36.0
722592;HS6;Autrement zingués;Steel;;;;;;;;
7225921000;HS10;Autres autrement zingues decoupes de forme carree ou rectangulaire;Autres autrement zingues decoupes de forme carree ou rectangulaire;Métallurgie;15.0;2.0;;19.0;;=;36.0
7225922000;HS10;Autrement zingués;Steel;Métallurgie;15.0;2.0;;19.0;;=;36.0
7225929000;HS10;Autrement zingués - Autre;Steel - Other;Métallurgie;15.0;2.0;;19.0;;=;36.0
722599;HS6;Autres;Steel;;;;;;;;
7225991000;HS10;Autres autres decoupes de forme carree ou rectangulaire;Autres autres decoupes de forme carree ou rectangulaire;Métallurgie;15.0;2.0;;19.0;;=;36.0
7225992000;HS10;Autres;Steel;Métallurgie;15.0;2.0;;19.0;;=;36.0
7225999000;HS10;Autres - Autre;Steel - Other;Métallurgie;15.0;2.0;;19.0;;=;36.0
7226;RANGEE 26;Alloy steel flat-rolled products, of a width of less than 600mm;;;;;;;;;
722611;HS6;à grains orientés;Steel;;;;;;;;
7226111000;HS10;à grains orientés;Steel;Métallurgie;15.0;2.0;;19.0;;=;36.0
7226112000;HS10;à grains orientés;Steel;Métallurgie;15.0;2.0;;19.0;;=;36.0
7226119000;HS10;à grains orientés - Autre;Steel - Other;Métallurgie;15.0;2.0;;19.0;;=;36.0
722619;HS6;Autres;Steel;;;;;;;;
7226191000;HS10;En aciers au silicium ditsmagnetiques autres laminés a chaud;En aciers au silicium ditsmagnetiques autres lamines a chaud;Métallurgie;15.0;2.0;;19.0;;=;36.0
7226192000;HS10;En aciers au silicium ditsmagnetiques autres laminés a froid;En aciers au silicium ditsmagnetiques autres lamines a froid;Métallurgie;15.0;2.0;;19.0;;=;36.0
7226199000;HS10;Autres - Autre;Steel - Other;Métallurgie;15.0;2.0;;19.0;;=;36.0
722620;HS6;En aciers à coupe rapide;Steel;;;;;;;;
7226201000;HS10;En aciers à coupe rapide;Steel;Métallurgie;15.0;2.0;;19.0;;=;36.0
7226202000;HS10;En aciers à coupe rapide;Steel;Métallurgie;15.0;2.0;;19.0;;=;36.0
7226209000;HS10;En aciers à coupe rapide - Autre;Steel - Other;Métallurgie;15.0;2.0;;19.0;;=;36.0
722691;HS6;Simplement laminés à chaud;Steel;;;;;;;;
7226911000;HS10;Autres simplement laminés a chaud en aciers pour outillage;Autres simplement lamines a chaud en aciers pour outillage;Métallurgie;15.0;2.0;;19.0;;=;36.0
7226912000;HS10;Simplement laminés à chaud;Steel;Métallurgie;15.0;2.0;;19.0;;=;36.0
7226919000;HS10;Simplement laminés à chaud - Autre;Steel - Other;Métallurgie;15.0;2.0;;19.0;;=;36.0
722692;HS6;Simplement laminés à froid;Steel;;;;;;;;
7226921000;HS10;Simplement laminés à froid;Steel;Métallurgie;15.0;2.0;;19.0;;=;36.0
7226922000;HS10;Simplement laminés à froid;Steel;Métallurgie;15.0;2.0;;19.0;;=;36.0
7226929000;HS10;Simplement laminés à froid - Autre;Steel - Other;Métallurgie;15.0;2.0;;19.0;;=;36.0
722699;HS6;Autres;Steel;;;;;;;;
7226991000;HS10;Autres autres zingues electrolytiquement;Autres autres zingues electrolytiquement;Métallurgie;15.0;2.0;;19.0;;=;36.0
7226992000;HS10;Autres autres autrement zingues;Autres autres autrement zingues;Métallurgie;15.0;2.0;;19.0;;=;36.0
7226999000;HS10;Autres - Autre;Steel - Other;Métallurgie;15.0;2.0;;19.0;;=;36.0
7227;RANGEE 27;"Steel, alloy; bars and rods, hot-rolled, in irregularly wound coils";;;;;;;;;
722710;HS6;En aciers à coupe rapide;Steel;;;;;;;;
7227101000;HS10;En aciers à coupe rapide;Steel;Métallurgie;15.0;2.0;;19.0;;=;36.0
7227102000;HS10;En aciers à coupe rapide;Steel;Métallurgie;15.0;2.0;;19.0;;=;36.0
7227109000;HS10;En aciers à coupe rapide - Autre;Steel - Other;Métallurgie;15.0;2.0;;19.0;;=;36.0
722720;HS6;En aciers silico-manganeux;Steel;;;;;;;;
7227201000;HS10;En aciers silico-manganeux;Steel;Métallurgie;15.0;2.0;;19.0;;=;36.0
7227202000;HS10;En aciers silico-manganeux;Steel;Métallurgie;15.0;2.0;;19.0;;=;36.0
7227209000;HS10;En aciers silico-manganeux - Autre;Steel - Other;Métallurgie;15.0;2.0;;19.0;;=;36.0
722790;HS6;Autres;Steel;;;;;;;;
7227901000;HS10;Autres;Steel;Métallurgie;15.0;2.0;;19.0;;=;36.0
7227902000;HS10;Autres;Steel;Métallurgie;15.0;2.0;;19.0;;=;36.0
7227909000;HS10;Autres - Autre;Steel - Other;Métallurgie;15.0;2.0;;19.0;;=;36.0
7228;RANGEE 28;"Alloy steel bars, rods, shapes and sections; hollow drill bars and rods, of alloy or non-alloy steel";;;;;;;;;
722810;HS6;Barres en aciers à coupe rapide;Steel;;;;;;;;
7228101000;HS10;Barres en aciers a coupe rapide simplement laminees ou filees a chaud laminees ou filees a chaud simplement plaquees;Barres en aciers a coupe rapide simplement laminees ou filees a chaud laminees ou filees a chaud simplement plaquees;Métallurgie;15.0;2.0;;19.0;;=;36.0
7228102000;HS10;Barres en aciers a coupe rapide forgees;Barres en aciers a coupe rapide forgees;Métallurgie;15.0;2.0;;19.0;;=;36.0
7228109000;HS10;Barres en aciers à coupe rapide - Autre;Steel - Other;Métallurgie;15.0;2.0;;19.0;;=;36.0
722820;HS6;Barres en aciers silico-manganeux;Steel;;;;;;;;
7228201000;HS10;Barres en aciers silico manganeux de section rectangulaire laminees a chaud sur les quatre faces;Barres en aciers silico manganeux de section rectangulaire laminees a chaud sur les quatre faces;Métallurgie;15.0;2.0;;19.0;;=;36.0
7228202000;HS10;Barres en aciers silico-manganeux;Steel;Métallurgie;15.0;2.0;;19.0;;=;36.0
7228209000;HS10;Barres en aciers silico-manganeux - Autre;Steel - Other;Métallurgie;15.0;2.0;;19.0;;=;36.0
722830;HS6;Autres barres;Steel;;;;;;;;
7228301000;HS10;Autres barres simplement laminees ou filees a chaud en aciers pour outillage;Autres barres simplement laminees ou filees a chaud en aciers pour outillage;Métallurgie;15.0;2.0;;19.0;;=;36.0
7228302000;HS10;Autres barres simplement laminees ou filees a chaud de section circulaire dun diamètre de 80 mm ou plus;Autres barres simplement laminees ou filees a chaud de section circulaire dun diametre de 80 mm ou plus;Métallurgie;15.0;2.0;;19.0;;=;36.0
7228309000;HS10;Autres barres - Autre;Steel - Other;Métallurgie;15.0;2.0;;19.0;;=;36.0
722840;HS6;Autres barres;Steel;;;;;;;;
7228401000;HS10;Autres barres simplement forgees en aciers pour outillage;Autres barres simplement forgees en aciers pour outillage;Métallurgie;15.0;2.0;;19.0;;=;36.0
7228402000;HS10;Autres barres;Steel;Métallurgie;15.0;2.0;;19.0;;=;36.0
7228409000;HS10;Autres barres - Autre;Steel - Other;Métallurgie;15.0;2.0;;19.0;;=;36.0
722850;HS6;Autres barres;Steel;;;;;;;;
7228501000;HS10;Autres barres simplement obtenues ou parachevees a froid en aciers pour outillage;Autres barres simplement obtenues ou parachevees a froid en aciers pour outillage;Métallurgie;15.0;2.0;;19.0;;=;36.0
7228502000;HS10;Autres barres simplement obtenues ou parachevees a froid de section circulaire;Autres barres simplement obtenues ou parachevees a froid de section circulaire;Métallurgie;15.0;2.0;;19.0;;=;36.0
7228509000;HS10;Autres barres - Autre;Steel - Other;Métallurgie;15.0;2.0;;19.0;;=;36.0
722860;HS6;Autres barres;Steel;;;;;;;;
7228601000;HS10;Autres barres en aciers pour outillage;Autres barres en aciers pour outillage;Métallurgie;15.0;2.0;;19.0;;=;36.0
7228602000;HS10;Autres barres;Steel;Métallurgie;15.0;2.0;;19.0;;=;36.0
7228609000;HS10;Autres barres - Autre;Steel - Other;Métallurgie;15.0;2.0;;19.0;;=;36.0
722870;HS6;Profilés;Steel;;;;;;;;
7228701000;HS10;Profilés simplement laminés ou files a chaud;Profiles simplement lamines ou files a chaud;Métallurgie;15.0;2.0;;19.0;;=;36.0
7228702000;HS10;Profilés;Steel;Métallurgie;15.0;2.0;;19.0;;=;36.0
7228709000;HS10;Profilés - Autre;Steel - Other;Métallurgie;15.0;2.0;;19.0;;=;36.0
722880;HS6;Barres creuses pour le forage;Steel;;;;;;;;
7228801000;HS10;Barres creuses pour le forage en aciers non allies;Barres creuses pour le forage en aciers non allies;Métallurgie;15.0;2.0;;19.0;;=;36.0
7228802000;HS10;Barres creuses pour le forage en aciers allies;Barres creuses pour le forage en aciers allies;Métallurgie;15.0;2.0;;19.0;;=;36.0
7228809000;HS10;Barres creuses pour le forage - Autre;Steel - Other;Métallurgie;15.0;2.0;;19.0;;=;36.0
7229;RANGEE 29;Wire of other alloy steel;;;;;;;;;
722920;HS6;En aciers silico-manganeux;Steel;;;;;;;;
7229201000;HS10;En aciers silico-manganeux;Steel;Métallurgie;15.0;2.0;;19.0;;=;36.0
7229202000;HS10;En aciers silico-manganeux;Steel;Métallurgie;15.0;2.0;;19.0;;=;36.0
7229209000;HS10;En aciers silico-manganeux - Autre;Steel - Other;Métallurgie;15.0;2.0;;19.0;;=;36.0
722990;HS6;Autres;Steel;;;;;;;;
7229901000;HS10;Autres en acier a coupe rapide;Autres en acier a coupe rapide;Métallurgie;15.0;2.0;;19.0;;=;36.0
7229902000;HS10;Autres;Steel;Métallurgie;15.0;2.0;;19.0;;=;36.0
7229909000;HS10;Autres - Autre;Steel - Other;Métallurgie;15.0;2.0;;19.0;;=;36.0
CHAPITRE 73;CHAPITRE;Ouvrages en fonte, fer, acier;;;;;;;;;
7301;RANGEE 01;"Iron or steel sheet piling, whether or not drilled, punched or made from assembled elements; welded angles, shapes and sections, of iron or steel";;;;;;;;;
730110;HS6;Palplanches en fer ou acier;Iron or steel sheet piling;;;;;;;;
7301101000;HS10;Palplanches en fer ou acier;Iron or steel sheet piling;Métallurgie;15.0;2.0;;19.0;;910 Déclaration d'Importation du Produit | 210 Autorisation de Libre Circulation;36.0
7301102000;HS10;Palplanches en fer ou acier;Iron or steel sheet piling;Métallurgie;15.0;2.0;;19.0;;=;36.0
7301109000;HS10;Palplanches en fer ou acier - Autre;Iron or steel sheet piling - Other;Métallurgie;15.0;2.0;;19.0;;=;36.0
730120;HS6;Profilés;Iron or steel;;;;;;;;
7301201000;HS10;Profilés;Iron or steel;Métallurgie;15.0;2.0;;19.0;;=;36.0
7301202000;HS10;Profilés;Iron or steel;Métallurgie;15.0;2.0;;19.0;;=;36.0
7301209000;HS10;Profilés - Autre;Iron or steel - Other;Métallurgie;15.0;2.0;;19.0;;=;36.0
7302;RANGEE 02;"Railway or tramway track constructions of iron or steel; rails, check and track rails, switch blades, crossing frogs, point rods, sleepers, fish-plates, chair wedges, sole plates, bedplates, ties and the like";;;;;;;;;
730210;HS6;Rails de chemin de fer;Railway rails;;;;;;;;
7302101000;HS10;Rails conducteurs de courant avec partie en metal non ferreux;Rails conducteurs de courant avec partie en metal non ferreux;Métallurgie;15.0;2.0;;19.0;;=;36.0
7302102000;HS10;Rails de chemin de fer;Railway rails;Métallurgie;15.0;2.0;;19.0;;=;36.0
7302109000;HS10;Rails de chemin de fer - Autre;Railway rails - Other;Métallurgie;15.0;2.0;;19.0;;=;36.0
730230;HS6;Aiguilles;Iron or steel;;;;;;;;
7302301000;HS10;Aiguilles;Iron or steel;Métallurgie;15.0;2.0;;19.0;;=;36.0
7302302000;HS10;Aiguilles;Iron or steel;Métallurgie;15.0;2.0;;19.0;;=;36.0
7302309000;HS10;Aiguilles - Autre;Iron or steel - Other;Métallurgie;15.0;2.0;;19.0;;=;36.0
730240;HS6;Eclisses et selles d'assise;Iron or steel;;;;;;;;
7302401000;HS10;Eclisses et selles d'assise;Iron or steel;Métallurgie;15.0;2.0;;19.0;;=;36.0
7302402000;HS10;Eclisses et selles d'assise;Iron or steel;Métallurgie;15.0;2.0;;19.0;;=;36.0
7302409000;HS10;Eclisses et selles d'assise - Autre;Iron or steel - Other;Métallurgie;15.0;2.0;;19.0;;=;36.0
730290;HS6;Autres;Iron or steel;;;;;;;;
7302901000;HS10;Autres traverses;Autres traverses;Métallurgie;15.0;2.0;;19.0;;=;36.0
7302902000;HS10;Autres cremailleres;Autres cremailleres;Métallurgie;15.0;2.0;;19.0;;=;36.0
7302909000;HS10;Autres - Autre;Iron or steel - Other;Métallurgie;15.0;2.0;;19.0;;=;36.0
7303;RANGEE 03;Tubes, pipes and hollow profiles, of cast iron;;;;;;;;;
730300;HS6;Tubes;Cast iron;;;;;;;;
7303001000;HS10;Dun diamètre superieur a 600 mm;Dun diametre superieur a 600 mm;Métallurgie;15.0;2.0;;19.0;;=;36.0
7303002000;HS10;Tubes;Cast iron;Métallurgie;15.0;2.0;;19.0;;=;36.0
7303009000;HS10;Tubes - Autre;Cast iron - Other;Métallurgie;15.0;2.0;;19.0;;=;36.0
7304;RANGEE 04;Tubes, pipes and hollow profiles, seamless, of iron (other than cast iron) or steel;;;;;;;;;
730410;HS6;Tubes et tuyaux sans soudure en fer;Seamless iron pipes and tubes;;;;;;;;
7304101000;HS10;Tubes et tuyaux sans soudure en fer;Seamless iron pipes and tubes;Métallurgie;15.0;2.0;;19.0;;=;36.0
7304102000;HS10;Tubes et tuyaux sans soudure en fer;Seamless iron pipes and tubes;Métallurgie;15.0;2.0;;19.0;;=;36.0
7304109000;HS10;Tubes et tuyaux sans soudure en fer - Autre;Seamless iron pipes and tubes - Other;Métallurgie;15.0;2.0;;19.0;;=;36.0
730411;HS6;En aciers inoxydables;Iron or steel (excluding cast iron);;;;;;;;
7304111000;HS10;Tubes et tuyaux sans soudure inox de 1683 mm oléoducsgazoducs;Tubes et tuyaux sans soudure inox de 1683 mm oléoducsgazoducs;Métallurgie;15.0;2.0;;19.0;;=;36.0
7304112000;HS10;Tubes et tuyaux sans soudure inox de 1683 mm d 4064 mm oléoducsgazoducs;Tubes et tuyaux sans soudure inox de 1683 mm d 4064 mm oléoducsgazoducs;Métallurgie;15.0;2.0;;19.0;;=;36.0
7304119000;HS10;En aciers inoxydables - Autre;Iron or steel (excluding cast iron) - Other;Métallurgie;15.0;2.0;;19.0;;=;36.0
730419;HS6;Autres;Iron or steel (excluding cast iron or stainless steel);;;;;;;;
7304191000;HS10;Tubes et tuyaux sans soudure autres aciers de 1683 mm oléoducsgazoducs;Tubes et tuyaux sans soudure autres aciers de 1683 mm oléoducsgazoducs;Métallurgie;15.0;2.0;;19.0;;=;36.0
7304192000;HS10;Tubes et tuyaux sans soudure autres aciers de 1683 mm d 4064 mm oléoducsgazoducs;Tubes et tuyaux sans soudure autres aciers de 1683 mm d 4064 mm oléoducsgazoducs;Métallurgie;15.0;2.0;;19.0;;=;36.0
7304199000;HS10;Autres - Autre;Iron or steel (excluding cast iron or stainless steel) - Other;Métallurgie;15.0;2.0;;19.0;;=;36.0
730422;HS6;Tiges de forage en aciers inoxydables;Steel;;;;;;;;
7304221000;HS10;Tiges de forage en aciers inoxydables;Steel;Métallurgie;15.0;2.0;;19.0;;=;36.0
7304222000;HS10;Tiges de forage en aciers inoxydables;Steel;Métallurgie;15.0;2.0;;19.0;;=;36.0
7304229000;HS10;Tiges de forage en aciers inoxydables - Autre;Steel - Other;Métallurgie;15.0;2.0;;19.0;;=;36.0
730423;HS6;Autres tiges de forage;Iron or steel (excluding cast iron or stainless steel);;;;;;;;
7304231000;HS10;Tiges de forage sans soudure en fer ou aciers non alliés extraction pétrolegaz;Tiges de forage sans soudure en fer ou aciers non alliés extraction pétrolegaz;Métallurgie;15.0;2.0;;19.0;;=;36.0
7304232000;HS10;Tiges de forage sans soudure en aciers alliés extraction pétrolegaz;Tiges de forage sans soudure en aciers alliés extraction pétrolegaz;Métallurgie;15.0;2.0;;19.0;;=;36.0
7304239000;HS10;Autres tiges de forage - Autre;Iron or steel (excluding cast iron or stainless steel) - Other;Métallurgie;15.0;2.0;;19.0;;=;36.0
730424;HS6;Autres;Steel;;;;;;;;
7304241000;HS10;Tubes de cuvelageproduction sans soudure inox de 4064 mm;Tubes de cuvelageproduction sans soudure inox de 4064 mm;Métallurgie;15.0;2.0;;19.0;;=;36.0
7304242000;HS10;Tubes de cuvelageproduction sans soudure inox de 4064 mm;Tubes de cuvelageproduction sans soudure inox de 4064 mm;Métallurgie;15.0;2.0;;19.0;;=;36.0
7304249000;HS10;Autres - Autre;Steel - Other;Métallurgie;15.0;2.0;;19.0;;=;36.0
730429;HS6;Autres;Iron or steel (excluding cast iron or stainless steel);;;;;;;;
7304291000;HS10;Tubes de cuvelageproduction sans soudure de 1683 mm autres aciers;Tubes de cuvelageproduction sans soudure de 1683 mm autres aciers;Métallurgie;15.0;2.0;;19.0;;=;36.0
7304292000;HS10;Tubes de cuvelageproduction sans soudure de 1683 mm d 4064 mm autres aciers;Tubes de cuvelageproduction sans soudure de 1683 mm d 4064 mm autres aciers;Métallurgie;15.0;2.0;;19.0;;=;36.0
7304299000;HS10;Autres - Autre;Iron or steel (excluding cast iron or stainless steel) - Other;Métallurgie;15.0;2.0;;19.0;;=;36.0
730431;HS6;Etirés ou laminés à froid;Iron or non-alloy steel (excluding cast iron);;;;;;;;
7304311000;HS10;Tubes sans soudure circulaires feraciers non alliés étirés à froid usage agricole;Tubes sans soudure circulaires feraciers non alliés étirés à froid usage agricole;Métallurgie;15.0;2.0;;19.0;;=;36.0
7304312000;HS10;Etirés ou laminés à froid;Iron or non-alloy steel (excluding cast iron);Métallurgie;15.0;2.0;;19.0;;=;36.0
7304319000;HS10;Etirés ou laminés à froid - Autre;Iron or non-alloy steel (excluding cast iron) - Other;Métallurgie;15.0;2.0;;19.0;;=;36.0
730439;HS6;Autres;Iron or non-alloy steel (excluding cast iron);;;;;;;;
7304391000;HS10;Tubes sans soudure circulaires feraciers non alliés laminés à chaud usage agricole;Tubes sans soudure circulaires feraciers non alliés laminés à chaud usage agricole;Métallurgie;15.0;2.0;;19.0;;=;36.0
7304392000;HS10;Autres;Iron or non-alloy steel (excluding cast iron);Métallurgie;15.0;2.0;;19.0;;=;36.0
7304399000;HS10;Autres - Autre;Iron or non-alloy steel (excluding cast iron) - Other;Métallurgie;15.0;2.0;;19.0;;=;36.0
730441;HS6;Etirés ou laminés à froid;Steel;;;;;;;;
7304411000;HS10;Tubes sans soudure circulaires inox étirés à froid usage agricole;Tubes sans soudure circulaires inox étirés à froid usage agricole;Métallurgie;15.0;2.0;;19.0;;=;36.0
7304412000;HS10;Etirés ou laminés à froid;Steel;Métallurgie;15.0;2.0;;19.0;;=;36.0
7304419000;HS10;Etirés ou laminés à froid - Autre;Steel - Other;Métallurgie;15.0;2.0;;19.0;;=;36.0
730449;HS6;Autres;Steel;;;;;;;;
7304491000;HS10;Tubes sans soudure circulaires inox laminés à chaud usage agricole;Tubes sans soudure circulaires inox laminés à chaud usage agricole;Métallurgie;15.0;2.0;;19.0;;=;36.0
7304492000;HS10;Autres;Steel;Métallurgie;15.0;2.0;;19.0;;=;36.0
7304499000;HS10;Autres - Autre;Steel - Other;Métallurgie;15.0;2.0;;19.0;;=;36.0
730451;HS6;Etirés ou laminés à froid;Steel;;;;;;;;
7304511000;HS10;Tubes sans soudure circulaires autres aciers alliés étirés à froid usage agricole;Tubes sans soudure circulaires autres aciers alliés étirés à froid usage agricole;Métallurgie;15.0;2.0;;19.0;;=;36.0
7304512000;HS10;Etirés ou laminés à froid;Steel;Métallurgie;15.0;2.0;;19.0;;=;36.0
7304519000;HS10;Etirés ou laminés à froid - Autre;Steel - Other;Métallurgie;15.0;2.0;;19.0;;=;36.0
730459;HS6;Autres;Steel;;;;;;;;
7304591000;HS10;Tubes sans soudure circulaires autres aciers alliés laminés à chaud usage agricole;Tubes sans soudure circulaires autres aciers alliés laminés à chaud usage agricole;Métallurgie;15.0;2.0;;19.0;;=;36.0
7304592000;HS10;Autres;Steel;Métallurgie;15.0;2.0;;19.0;;=;36.0
7304599000;HS10;Autres - Autre;Steel - Other;Métallurgie;15.0;2.0;;19.0;;=;36.0
730490;HS6;Autres;Iron or steel (excluding cast iron);;;;;;;;
7304901000;HS10;Tubes et profilés creux sans soudure autres sections usage agricole;Tubes et profiles creux sans soudure autres sections usage agricole;Métallurgie;15.0;2.0;;19.0;;=;36.0
7304902000;HS10;Autres;Iron or steel (excluding cast iron);Métallurgie;15.0;2.0;;19.0;;=;36.0
7304909000;HS10;Autres - Autre;Iron or steel (excluding cast iron) - Other;Métallurgie;15.0;2.0;;19.0;;=;36.0
7305;RANGEE 05;"Iron or steel (excluding cast iron); tubes and pipes (e.g. welded, riveted or similarly closed), having circular cross-sections, external diameter of which exceeds 406.4mm, not seamless";;;;;;;;;
730511;HS6;Tubes soudés longitudinalement pour oléoducs;Longitudinally welded tubes for oil pipelines;;;;;;;;
7305111000;HS10;Tubes soudés de 4064 mm oléoducsgazoducs soudés longitudinalement à larc immergé de 6096 mm;Tubes soudés de 4064 mm oléoducsgazoducs soudés longitudinalement à larc immergé de 6096 mm;Métallurgie;15.0;2.0;;19.0;;=;36.0
7305112000;HS10;Tubes soudés de 4064 mm oléoducsgazoducs soudés longitudinalement à larc immergé de 6096 mm;Tubes soudés de 4064 mm oléoducsgazoducs soudés longitudinalement à larc immergé de 6096 mm;Métallurgie;15.0;2.0;;19.0;;=;36.0
7305119000;HS10;Tubes soudés longitudinalement pour oléoducs - Autre;Longitudinally welded tubes for oil pipelines - Other;Métallurgie;15.0;2.0;;19.0;;=;36.0
730512;HS6;Soudés longitudinalement;Iron or steel (excluding cast iron);;;;;;;;
7305121000;HS10;Tubes soudés de 4064 mm oléoducsgazoducs soudés longitudinalement autres de 6096 mm;Tubes soudés de 4064 mm oléoducsgazoducs soudés longitudinalement autres de 6096 mm;Métallurgie;15.0;2.0;;19.0;;=;36.0
7305122000;HS10;Tubes soudés de 4064 mm oléoducsgazoducs soudés longitudinalement autres de 6096 mm;Tubes soudés de 4064 mm oléoducsgazoducs soudés longitudinalement autres de 6096 mm;Métallurgie;15.0;2.0;;19.0;;=;36.0
7305129000;HS10;Soudés longitudinalement - Autre;Iron or steel (excluding cast iron) - Other;Métallurgie;15.0;2.0;;19.0;;=;36.0
730519;HS6;Autres;Iron or steel (excluding cast iron);;;;;;;;
7305191000;HS10;Tubes soudés de 4064 mm oléoducsgazoducs autres soudures de 6096 mm;Tubes soudés de 4064 mm oléoducsgazoducs autres soudures de 6096 mm;Métallurgie;15.0;2.0;;19.0;;=;36.0
7305192000;HS10;Tubes soudés de 4064 mm oléoducsgazoducs autres soudures de 6096 mm;Tubes soudés de 4064 mm oléoducsgazoducs autres soudures de 6096 mm;Métallurgie;15.0;2.0;;19.0;;=;36.0
7305199000;HS10;Autres - Autre;Iron or steel (excluding cast iron) - Other;Métallurgie;15.0;2.0;;19.0;;=;36.0
730520;HS6;Tubes et tuyaux de cuvelage des types utilisés pour l'extraction du pétrole ou du gaz;Iron or steel (excluding cast iron);;;;;;;;
7305201000;HS10;Tubes et tuyaux de cuvelage des types utilisés pour l'extraction du pétrole ou du gaz;Iron or steel (excluding cast iron);Métallurgie;15.0;2.0;;19.0;;=;36.0
7305202000;HS10;Tubes et tuyaux de cuvelage des types utilisés pour l'extraction du pétrole ou du gaz;Iron or steel (excluding cast iron);Métallurgie;15.0;2.0;;19.0;;=;36.0
7305209000;HS10;Tubes et tuyaux de cuvelage des types utilisés pour l'extraction du pétrole ou du gaz - Autre;Iron or steel (excluding cast iron) - Other;Métallurgie;15.0;2.0;;19.0;;=;36.0
730531;HS6;Soudés longitudinalement;Iron or steel (excluding cast iron);;;;;;;;
7305311000;HS10;Tubes soudés longitudinalement de 4064 mm circulaires usage agricole;Tubes soudés longitudinalement de 4064 mm circulaires usage agricole;Métallurgie;15.0;2.0;;19.0;;=;36.0
7305312000;HS10;Soudés longitudinalement;Iron or steel (excluding cast iron);Métallurgie;15.0;2.0;;19.0;;=;36.0
7305319000;HS10;Soudés longitudinalement - Autre;Iron or steel (excluding cast iron) - Other;Métallurgie;15.0;2.0;;19.0;;=;36.0
730539;HS6;Autres;Iron or steel (excluding cast iron);;;;;;;;
7305391000;HS10;Tubes soudés autres soudures de 4064 mm circulaires usage agricole;Tubes soudés autres soudures de 4064 mm circulaires usage agricole;Métallurgie;15.0;2.0;;19.0;;=;36.0
7305392000;HS10;Autres;Iron or steel (excluding cast iron);Métallurgie;15.0;2.0;;19.0;;=;36.0
7305399000;HS10;Autres - Autre;Iron or steel (excluding cast iron) - Other;Métallurgie;15.0;2.0;;19.0;;=;36.0
730590;HS6;Autres;Iron or steel (excluding cast iron);;;;;;;;
7305901000;HS10;Autres tubes et tuyaux de 4064 mm circulaires usage agricole;Autres tubes et tuyaux de 4064 mm circulaires usage agricole;Métallurgie;15.0;2.0;;19.0;;=;36.0
7305902000;HS10;Autres;Iron or steel (excluding cast iron);Métallurgie;15.0;2.0;;19.0;;=;36.0
7305909000;HS10;Autres - Autre;Iron or steel (excluding cast iron) - Other;Métallurgie;15.0;2.0;;19.0;;=;36.0
7306;RANGEE 06;"Iron or steel (excluding cast iron); tubes, pipes and hollow profiles (not seamless), n.e.c. in chapter 73";;;;;;;;;
730610;HS6;Tubes de cuvelage pour puits de pétrole;Oil well casing tubes;;;;;;;;
7306101000;HS10;Tubes de cuvelage pour puits de pétrole;Oil well casing tubes;Métallurgie;15.0;2.0;;19.0;;=;36.0
7306102000;HS10;Tubes de cuvelage pour puits de pétrole;Oil well casing tubes;Métallurgie;15.0;2.0;;19.0;;=;36.0
7306109000;HS10;Tubes de cuvelage pour puits de pétrole - Autre;Oil well casing tubes - Other;Métallurgie;15.0;2.0;;19.0;;=;36.0
730611;HS6;Soudés;Steel;;;;;;;;
7306111000;HS10;Tubes et profilés creux soudés longitudinalement inox oléoducsgazoducs;Tubes et profiles creux soudés longitudinalement inox oléoducsgazoducs;Métallurgie;15.0;2.0;;19.0;;=;36.0
7306112000;HS10;Tubes et profilés creux soudés hélicoïdalement inox oléoducsgazoducs;Tubes et profiles creux soudés hélicoïdalement inox oléoducsgazoducs;Métallurgie;15.0;2.0;;19.0;;=;36.0
7306119000;HS10;Soudés - Autre;Steel - Other;Métallurgie;15.0;2.0;;19.0;;=;36.0
730619;HS6;Autres;Iron or steel (excluding cast iron);;;;;;;;
7306191000;HS10;Tubes et profilés creux soudés longitudinalement autres aciers oléoducsgazoducs;Tubes et profiles creux soudés longitudinalement autres aciers oléoducsgazoducs;Métallurgie;15.0;2.0;;19.0;;=;36.0
7306192000;HS10;Tubes et profilés creux soudés hélicoïdalement autres aciers oléoducsgazoducs;Tubes et profiles creux soudés hélicoïdalement autres aciers oléoducsgazoducs;Métallurgie;15.0;2.0;;19.0;;=;36.0
7306199000;HS10;Autres - Autre;Iron or steel (excluding cast iron) - Other;Métallurgie;15.0;2.0;;19.0;;=;36.0
730621;HS6;Soudés;Steel;;;;;;;;
7306211000;HS10;Soudés;Steel;Métallurgie;15.0;2.0;;19.0;;=;36.0
7306212000;HS10;Soudés;Steel;Métallurgie;15.0;2.0;;19.0;;=;36.0
7306219000;HS10;Soudés - Autre;Steel - Other;Métallurgie;15.0;2.0;;19.0;;=;36.0
730629;HS6;Autres;Iron or steel (excluding cast iron);;;;;;;;
7306291000;HS10;Tubes de cuvelageproduction soudés en fer ou en acier non inoxydable extraction pétrolegaz;Tubes de cuvelageproduction soudés en fer ou en acier non inoxydable extraction pétrolegaz;Métallurgie;15.0;2.0;;19.0;;=;36.0
7306292000;HS10;Autres;Iron or steel (excluding cast iron);Métallurgie;15.0;2.0;;19.0;;=;36.0
7306299000;HS10;Autres - Autre;Iron or steel (excluding cast iron) - Other;Métallurgie;15.0;2.0;;19.0;;=;36.0
730630;HS6;Autres;Iron or non-alloy steel (excluding cast iron);;;;;;;;
7306301000;HS10;Tubes et profilés creux soudés circulaires feraciers non alliés galvanisés ou noirs;Tubes et profiles creux soudés circulaires feraciers non alliés galvanisés ou noirs;Métallurgie;15.0;2.0;;19.0;;=;36.0
7306302000;HS10;Autres tubes et profilés creux soudés circulaires feraciers non alliés autres;Autres tubes et profiles creux soudés circulaires feraciers non alliés autres;Métallurgie;15.0;2.0;;19.0;;=;36.0
7306309000;HS10;Autres - Autre;Iron or non-alloy steel (excluding cast iron) - Other;Métallurgie;15.0;2.0;;19.0;;=;36.0
730640;HS6;Autres;Steel;;;;;;;;
7306401000;HS10;Tubes et profilés creux soudés circulaires inox étirés ou laminés à froid;Tubes et profiles creux soudés circulaires inox étirés ou laminés à froid;Métallurgie;15.0;2.0;;19.0;;=;36.0
7306402000;HS10;Autres;Steel;Métallurgie;15.0;2.0;;19.0;;=;36.0
7306409000;HS10;Autres - Autre;Steel - Other;Métallurgie;15.0;2.0;;19.0;;=;36.0
730650;HS6;Autres;Steel;;;;;;;;
7306501000;HS10;Autres;Steel;Métallurgie;15.0;2.0;;19.0;;=;36.0
7306502000;HS10;Autres;Steel;Métallurgie;15.0;2.0;;19.0;;=;36.0
7306509000;HS10;Autres - Autre;Steel - Other;Métallurgie;15.0;2.0;;19.0;;=;36.0
730661;HS6;De section carrée ou rectangulaire;Iron or steel (excluding cast iron);;;;;;;;
7306611000;HS10;Tubes et profilés creux soudés section carrée ou rectangulaire inox;Tubes et profiles creux soudés section carrée ou rectangulaire inox;Métallurgie;15.0;2.0;;19.0;;=;36.0
7306612000;HS10;De section carrée ou rectangulaire;Iron or steel (excluding cast iron);Métallurgie;15.0;2.0;;19.0;;=;36.0
7306619000;HS10;De section carrée ou rectangulaire - Autre;Iron or steel (excluding cast iron) - Other;Métallurgie;15.0;2.0;;19.0;;=;36.0
730669;HS6;De section non circulaire;Iron or steel (excluding cast iron);;;;;;;;
7306691000;HS10;Tubes et profilés creux soudés autres sections non circulaires inox;Tubes et profiles creux soudés autres sections non circulaires inox;Métallurgie;15.0;2.0;;19.0;;=;36.0
7306692000;HS10;De section non circulaire;Iron or steel (excluding cast iron);Métallurgie;15.0;2.0;;19.0;;=;36.0
7306699000;HS10;De section non circulaire - Autre;Iron or steel (excluding cast iron) - Other;Métallurgie;15.0;2.0;;19.0;;=;36.0
730690;HS6;Autres;Iron or steel (excluding cast iron);;;;;;;;
7306901000;HS10;Autres tubes tuyaux et profilés creux en aciers inoxydables;Autres tubes tuyaux et profiles creux en aciers inoxydables;Métallurgie;15.0;2.0;;19.0;;=;36.0
7306902000;HS10;Autres;Iron or steel (excluding cast iron);Métallurgie;15.0;2.0;;19.0;;=;36.0
7306909000;HS10;Autres - Autre;Iron or steel (excluding cast iron) - Other;Métallurgie;15.0;2.0;;19.0;;=;36.0
7307;RANGEE 07;Tube or pipe fittings (e.g. couplings, elbows, sleeves), of iron or steel;;;;;;;;;
730711;HS6;Raccords de tuyauterie moulés en fonte;Cast iron pipe fittings;;;;;;;;
7307111000;HS10;Accessoires de tuyauterie moulés en fonte non malléable usage agricole;Accessoires de tuyauterie moulés en fonte non malléable usage agricole;Métallurgie;15.0;2.0;;19.0;;=;36.0
7307112000;HS10;Raccords de tuyauterie moulés en fonte;Cast iron pipe fittings;Métallurgie;15.0;2.0;;19.0;;=;36.0
7307119000;HS10;Raccords de tuyauterie moulés en fonte - Autre;Cast iron pipe fittings - Other;Métallurgie;15.0;2.0;;19.0;;=;36.0
730719;HS6;Autres;Iron or steel;;;;;;;;
7307191000;HS10;Accessoires de tuyauterie moulés en fonte malléable;Accessoires de tuyauterie moulés en fonte malléable;Métallurgie;15.0;2.0;;19.0;;=;36.0
7307192000;HS10;Autres;Iron or steel;Métallurgie;15.0;2.0;;19.0;;=;36.0
7307199000;HS10;Autres - Autre;Iron or steel - Other;Métallurgie;15.0;2.0;;19.0;;=;36.0
730721;HS6;Brides;Steel;;;;;;;;
7307211000;HS10;Brides;Steel;Métallurgie;15.0;2.0;;19.0;;=;36.0
7307212000;HS10;Brides;Steel;Métallurgie;15.0;2.0;;19.0;;=;36.0
7307219000;HS10;Brides - Autre;Steel - Other;Métallurgie;15.0;2.0;;19.0;;=;36.0
730722;HS6;Coudes;Steel;;;;;;;;
7307221000;HS10;Manchons filetés en aciers inoxydables accessoires de tuyauterie;Manchons filetés en aciers inoxydables accessoires de tuyauterie;Métallurgie;15.0;2.0;;19.0;;=;36.0
7307222000;HS10;Coudes et courbes filetés en aciers inoxydables accessoires de tuyauterie;Coudes et courbes filetés en aciers inoxydables accessoires de tuyauterie;Métallurgie;15.0;2.0;;19.0;;=;36.0
7307229000;HS10;Coudes - Autre;Steel - Other;Métallurgie;15.0;2.0;;19.0;;=;36.0
730723;HS6;Accessoires à souder bout à bout;Steel;;;;;;;;
7307231000;HS10;Accessoires à souder bout à bout en inox usage agricole;Accessoires à souder bout à bout en inox usage agricole;Métallurgie;15.0;2.0;;19.0;;=;36.0
7307232000;HS10;Accessoires à souder bout à bout;Steel;Métallurgie;15.0;2.0;;19.0;;=;36.0
7307239000;HS10;Accessoires à souder bout à bout - Autre;Steel - Other;Métallurgie;15.0;2.0;;19.0;;=;36.0
730729;HS6;Autres;Steel;;;;;;;;
7307291000;HS10;Accessoires de tuyauterie filetés en aciers inoxydables autres;Accessoires de tuyauterie filetés en aciers inoxydables autres;Métallurgie;15.0;2.0;;19.0;;=;36.0
7307292000;HS10;Accessoires de tuyauterie à souder en aciers inoxydables autres;Accessoires de tuyauterie à souder en aciers inoxydables autres;Métallurgie;15.0;2.0;;19.0;;=;36.0
7307299000;HS10;Autres - Autre;Steel - Other;Métallurgie;15.0;2.0;;19.0;;=;36.0
730791;HS6;Brides;Iron or steel;;;;;;;;
7307911000;HS10;Brides;Iron or steel;Métallurgie;15.0;2.0;;19.0;;=;36.0
7307912000;HS10;Brides;Iron or steel;Métallurgie;15.0;2.0;;19.0;;=;36.0
7307919000;HS10;Brides - Autre;Iron or steel - Other;Métallurgie;15.0;2.0;;19.0;;=;36.0
730792;HS6;Coudes;Iron or steel;;;;;;;;
7307921000;HS10;Manchons filetés en fonte fer ou acier autres quinox;Manchons filetés en fonte fer ou acier autres quinox;Métallurgie;15.0;2.0;;19.0;;=;36.0
7307922000;HS10;Coudes et courbes filetés en fonte fer ou acier autres quinox;Coudes et courbes filetés en fonte fer ou acier autres quinox;Métallurgie;15.0;2.0;;19.0;;=;36.0
7307929000;HS10;Coudes - Autre;Iron or steel - Other;Métallurgie;15.0;2.0;;19.0;;=;36.0
730793;HS6;Accessoires à souder bout à bout;Iron or steel;;;;;;;;
7307931000;HS10;Coudes et courbes à souder bout à bout en fonte fer ou acier;Coudes et courbes à souder bout à bout en fonte fer ou acier;Métallurgie;15.0;2.0;;19.0;;=;36.0
7307932000;HS10;Capuchons à souder bout à bout en fonte fer ou acier;Capuchons à souder bout à bout en fonte fer ou acier;Métallurgie;15.0;2.0;;19.0;;=;36.0
7307939000;HS10;Accessoires à souder bout à bout - Autre;Iron or steel - Other;Métallurgie;15.0;2.0;;19.0;;=;36.0
730799;HS6;Autres;Iron or steel;;;;;;;;
7307991000;HS10;Accessoires de tuyauterie filetés autres non en inox;Accessoires de tuyauterie filetés autres non en inox;Métallurgie;15.0;2.0;;19.0;;=;36.0
7307992000;HS10;Accessoires de tuyauterie à souder autres non en inox;Accessoires de tuyauterie à souder autres non en inox;Métallurgie;15.0;2.0;;19.0;;=;36.0
7307999000;HS10;Autres - Autre;Iron or steel - Other;Métallurgie;15.0;2.0;;19.0;;=;36.0
7308;RANGEE 08;"Structures of iron or steel and parts thereof; plates, rods, angles, shapes, sections, tubes and the like, prepared for use in structures";;;;;;;;;
730810;HS6;Ponts et éléments de ponts en fer;Iron bridges and bridge sections;;;;;;;;
7308101000;HS10;Ponts et éléments de ponts en fer;Iron bridges and bridge sections;Métallurgie;15.0;2.0;;19.0;;=;36.0
7308102000;HS10;Ponts et éléments de ponts en fer;Iron bridges and bridge sections;Métallurgie;15.0;2.0;;19.0;;=;36.0
7308109000;HS10;Ponts et éléments de ponts en fer - Autre;Iron bridges and bridge sections - Other;Métallurgie;15.0;2.0;;19.0;;=;36.0
730820;HS6;Tours et pylônes;Iron or steel;;;;;;;;
7308201000;HS10;Tours et pylônes;Iron or steel;Métallurgie;15.0;2.0;;19.0;;=;36.0
7308202000;HS10;Tours et pylônes;Iron or steel;Métallurgie;15.0;2.0;;19.0;;=;36.0
7308209000;HS10;Tours et pylônes - Autre;Iron or steel - Other;Métallurgie;15.0;2.0;;19.0;;=;36.0
730830;HS6;Portes;Iron or steel;;;;;;;;
7308301000;HS10;Portes;Iron or steel;Métallurgie;15.0;2.0;;19.0;;=;36.0
7308302000;HS10;Fenêtres et leurs cadres et chambranles en fonte fer ou acier;Fenêtres et leurs cadres et chambranles en fonte fer ou acier;Métallurgie;15.0;2.0;;19.0;;=;36.0
7308309000;HS10;Portes - Autre;Iron or steel - Other;Métallurgie;15.0;2.0;;19.0;;=;36.0
730840;HS6;Matériel d'échafaudage;Iron or steel;;;;;;;;
7308401000;HS10;Matériel d'échafaudage;Iron or steel;Métallurgie;15.0;2.0;;19.0;;=;36.0
7308402000;HS10;Matériel d'échafaudage;Iron or steel;Métallurgie;15.0;2.0;;19.0;;=;36.0
7308409000;HS10;Matériel d'échafaudage - Autre;Iron or steel - Other;Métallurgie;15.0;2.0;;19.0;;=;36.0
730890;HS6;Autres constructions en fer;Other iron constructions;;;;;;;;
7308901000;HS10;Panneaux de construction préfabriqués en fonte fer ou acier;Panneaux de construction préfabriqués en fonte fer ou acier;Métallurgie;15.0;2.0;;19.0;;=;36.0
7308902000;HS10;Rayonnages de grandes dimensions en fer ou acier destinés à être montés et fixés à demeure;Rayonnages de grandes dimensions en fer ou acier destinés à être montés et fixés à demeure;Métallurgie;15.0;2.0;;19.0;;=;36.0
7308909000;HS10;Autres constructions en fer - Autre;Other iron constructions - Other;Métallurgie;15.0;2.0;;19.0;;=;36.0
7309;RANGEE 09;"Reservoirs, tanks, vats and similar containers; for any material (excluding compressed or liquefied gas), of iron or steel, capacity exceeding 300l, whether or not lined or heat insulated";;;;;;;;;
730900;HS6;Réservoirs en fer >300L;Iron reservoirs >300L;;;;;;;;
7309001000;HS10;Réservoirs en fer >300L;Iron reservoirs >300L;Métallurgie;15.0;2.0;;19.0;;=;36.0
7309002000;HS10;Réservoirs en fer >300L;Iron reservoirs >300L;Métallurgie;15.0;2.0;;19.0;;=;36.0
7309009000;HS10;Réservoirs en fer >300L - Autre;Iron reservoirs >300L - Other;Métallurgie;15.0;2.0;;19.0;;=;36.0
7310;RANGEE 10;Tanks, casks, drums, cans, boxes and similar containers, for any material (excluding compressed or liquefied gas), of iron or steel, capacity not exceeding 300l, whether or not lined or heat-insulated;;;;;;;;;
731010;HS6;Réservoirs en fer 50-300L;Iron reservoirs 50-300L;;;;;;;;
7310101000;HS10;Fûts bidons etc pour gaz non comprimés 50 l capacité 300 l;Fûts bidons etc pour gaz non comprimés 50 l capacité 300 l;Métallurgie;15.0;2.0;;19.0;;=;36.0
7310102000;HS10;Fûts bidons etc pour liquides 50 l capacité 300 l;Fûts bidons etc pour liquides 50 l capacité 300 l;Métallurgie;15.0;2.0;;19.0;;=;36.0
7310109000;HS10;Réservoirs en fer 50-300L - Autre;Iron reservoirs 50-300L - Other;Métallurgie;15.0;2.0;;19.0;;=;36.0
731021;HS6;Boîtes de conserve en fer <50L;Iron cans <50L;;;;;;;;
7310211000;HS10;Boîtes de conserve pour denrées alimentaires 50 l soudées ou serties;Boîtes de conserve pour denrées alimentaires 50 l soudées ou serties;Métallurgie;15.0;2.0;;19.0;;=;36.0
7310212000;HS10;Boîtes de conserve pour boissons 50 l soudées ou serties;Boîtes de conserve pour boissons 50 l soudées ou serties;Métallurgie;15.0;2.0;;19.0;;=;36.0
7310219000;HS10;Boîtes de conserve en fer <50L - Autre;Iron cans <50L - Other;Métallurgie;15.0;2.0;;19.0;;=;36.0
731029;HS6;Autres;Tanks;;;;;;;;
7310291000;HS10;Autres récipients 50 l épaisseur paroi 05 mm;Autres récipients 50 l épaisseur paroi 05 mm;Métallurgie;15.0;2.0;;19.0;;=;36.0
7310292000;HS10;Autres récipients 50 l épaisseur paroi 05 mm;Autres récipients 50 l épaisseur paroi 05 mm;Métallurgie;15.0;2.0;;19.0;;=;36.0
7310299000;HS10;Autres - Autre;Tanks - Other;Métallurgie;15.0;2.0;;19.0;;=;36.0
7311;RANGEE 11;Containers for compressed or liquefied gas, of iron or steel;;;;;;;;;
731100;HS6;Récipients pour gaz comprimés;Compressed gas containers;;;;;;;;
7311001000;HS10;Récipients pour gaz comprimés;Compressed gas containers;Métallurgie;15.0;2.0;;19.0;;=;36.0
7311002000;HS10;Récipients pour gaz comprimés;Compressed gas containers;Métallurgie;15.0;2.0;;19.0;;=;36.0
7311009000;HS10;Récipients pour gaz comprimés - Autre;Compressed gas containers - Other;Métallurgie;15.0;2.0;;19.0;;=;36.0
7312;RANGEE 12;Stranded wire, ropes, cables, plaited bands, slings and the like, of iron or steel, not electrically insulated;;;;;;;;;
731210;HS6;Câbles en fer non isolés;Non-insulated iron cables;;;;;;;;
7312101000;HS10;Torons et câbles en aciers inoxydables;Torons et câbles en aciers inoxydables;Métallurgie;15.0;2.0;;19.0;;=;36.0
7312102000;HS10;Câbles en fer non isolés;Non-insulated iron cables;Métallurgie;15.0;2.0;;19.0;;=;36.0
7312109000;HS10;Câbles en fer non isolés - Autre;Non-insulated iron cables - Other;Métallurgie;15.0;2.0;;19.0;;=;36.0
731290;HS6;Autres câbles en fer;Other iron cables;;;;;;;;
7312901000;HS10;Élingues en fer ou en acier;Élingues en fer ou en acier;Métallurgie;15.0;2.0;;19.0;;=;36.0
7312902000;HS10;Autres câbles en fer;Other iron cables;Métallurgie;15.0;2.0;;19.0;;=;36.0
7312909000;HS10;Autres câbles en fer - Autre;Other iron cables - Other;Métallurgie;15.0;2.0;;19.0;;=;36.0
7313;RANGEE 13;"Barbed wire of iron or steel; twisted hoop or single flat wire, barbed or not and loosely twisted double wire, of a kind used for fencing, of iron or steel";;;;;;;;;
731300;HS6;Ronces artificielles en fer;Barbed iron wire;;;;;;;;
7313001000;HS10;Ronces artificielles fils pour clôtures;Ronces artificielles fils pour clôtures;Métallurgie;15.0;2.0;;19.0;;=;36.0
7313002000;HS10;Ronces artificielles feuillard pour clôtures;Ronces artificielles feuillard pour clôtures;Métallurgie;15.0;2.0;;19.0;;=;36.0
7313009000;HS10;Ronces artificielles en fer - Autre;Barbed iron wire - Other;Métallurgie;15.0;2.0;;19.0;;=;36.0
7314;RANGEE 14;"Cloth (including endless bands), grill, netting and fencing, of iron or steel wire; expanded metal of iron or steel";;;;;;;;;
731411;HS6;Toiles métalliques en fer;Iron woven wire cloth;;;;;;;;
7314111000;HS10;Toiles métalliques en fer;Iron woven wire cloth;Métallurgie;15.0;2.0;;19.0;;=;36.0
7314112000;HS10;Toiles métalliques en fer;Iron woven wire cloth;Métallurgie;15.0;2.0;;19.0;;=;36.0
7314119000;HS10;Toiles métalliques en fer - Autre;Iron woven wire cloth - Other;Métallurgie;15.0;2.0;;19.0;;=;36.0
731412;HS6;Toiles métalliques continues ou sans fin;Iron or steel;;;;;;;;
7314121000;HS10;Toiles métalliques continues ou sans fin;Iron or steel;Métallurgie;15.0;2.0;;19.0;;=;36.0
7314122000;HS10;Toiles métalliques continues ou sans fin;Iron or steel;Métallurgie;15.0;2.0;;19.0;;=;36.0
7314129000;HS10;Toiles métalliques continues ou sans fin - Autre;Iron or steel - Other;Métallurgie;15.0;2.0;;19.0;;=;36.0
731414;HS6;Autres toiles métalliques tissées;Iron or steel;;;;;;;;
7314141000;HS10;Autres toiles métalliques tissées;Iron or steel;Métallurgie;15.0;2.0;;19.0;;=;36.0
7314142000;HS10;Autres toiles métalliques tissées;Iron or steel;Métallurgie;15.0;2.0;;19.0;;=;36.0
7314149000;HS10;Autres toiles métalliques tissées - Autre;Iron or steel - Other;Métallurgie;15.0;2.0;;19.0;;=;36.0
731419;HS6;Autres;Iron or steel;;;;;;;;
7314191000;HS10;Autres;Iron or steel;Métallurgie;15.0;2.0;;19.0;;=;36.0
7314192000;HS10;Autres;Iron or steel;Métallurgie;15.0;2.0;;19.0;;=;36.0
7314199000;HS10;Autres - Autre;Iron or steel - Other;Métallurgie;15.0;2.0;;19.0;;=;36.0
731420;HS6;Grillages et treillis;Iron or steel wire;;;;;;;;
7314201000;HS10;Grillages et treillis;Iron or steel wire;Métallurgie;15.0;2.0;;19.0;;=;36.0
7314202000;HS10;Grillages et treillis;Iron or steel wire;Métallurgie;15.0;2.0;;19.0;;=;36.0
7314209000;HS10;Grillages et treillis - Autre;Iron or steel wire - Other;Métallurgie;15.0;2.0;;19.0;;=;36.0
731431;HS6;Zingués;Iron or steel wire;;;;;;;;
7314311000;HS10;Zingués;Iron or steel wire;Métallurgie;15.0;2.0;;19.0;;=;36.0
7314312000;HS10;Zingués;Iron or steel wire;Métallurgie;15.0;2.0;;19.0;;=;36.0
7314319000;HS10;Zingués - Autre;Iron or steel wire - Other;Métallurgie;15.0;2.0;;19.0;;=;36.0
731439;HS6;Autres;Iron or steel wire;;;;;;;;
7314391000;HS10;Grillages soudés fils non galvanisés 3 mm;Grillages soudés fils non galvanisés 3 mm;Métallurgie;15.0;2.0;;19.0;;=;36.0
7314392000;HS10;Autres;Iron or steel wire;Métallurgie;15.0;2.0;;19.0;;=;36.0
7314399000;HS10;Autres - Autre;Iron or steel wire - Other;Métallurgie;15.0;2.0;;19.0;;=;36.0
731441;HS6;Zingués;Iron or steel wire;;;;;;;;
7314411000;HS10;Autres grillagestreillis zingués à mailles hexagonales;Autres grillagestreillis zingués à mailles hexagonales;Métallurgie;15.0;2.0;;19.0;;=;36.0
7314412000;HS10;Zingués;Iron or steel wire;Métallurgie;15.0;2.0;;19.0;;=;36.0
7314419000;HS10;Zingués - Autre;Iron or steel wire - Other;Métallurgie;15.0;2.0;;19.0;;=;36.0
731442;HS6;Recouverts de matières plastiques;Iron or steel wire;;;;;;;;
7314421000;HS10;Grillagestreillis plastifiés à mailles hexagonales;Grillagestreillis plastifiés à mailles hexagonales;Métallurgie;15.0;2.0;;19.0;;=;36.0
7314422000;HS10;Recouverts de matières plastiques;Iron or steel wire;Métallurgie;15.0;2.0;;19.0;;=;36.0
7314429000;HS10;Recouverts de matières plastiques - Autre;Iron or steel wire - Other;Métallurgie;15.0;2.0;;19.0;;=;36.0
731449;HS6;Autres;Iron or steel wire;;;;;;;;
7314491000;HS10;Autres toiles à mailles;Autres toiles à mailles;Métallurgie;15.0;2.0;;19.0;;=;36.0
7314492000;HS10;Autres;Iron or steel wire;Métallurgie;15.0;2.0;;19.0;;=;36.0
7314499000;HS10;Autres - Autre;Iron or steel wire - Other;Métallurgie;15.0;2.0;;19.0;;=;36.0
731450;HS6;Tôles et bandes déployées;Iron or steel;;;;;;;;
7314501000;HS10;Tôles et bandes déployées;Iron or steel;Métallurgie;15.0;2.0;;19.0;;=;36.0
7314502000;HS10;Tôles et bandes déployées;Iron or steel;Métallurgie;15.0;2.0;;19.0;;=;36.0
7314509000;HS10;Tôles et bandes déployées - Autre;Iron or steel - Other;Métallurgie;15.0;2.0;;19.0;;=;36.0
7315;RANGEE 15;Chain and parts thereof, of iron or steel;;;;;;;;;
731511;HS6;Chaînes à rouleaux;Chain;;;;;;;;
7315111000;HS10;Chaînes à rouleaux de transmission;Chaînes à rouleaux de transmission;Métallurgie;15.0;2.0;;19.0;;=;36.0
7315112000;HS10;Chaînes à rouleaux dancrage;Chaînes à rouleaux dancrage;Métallurgie;15.0;2.0;;19.0;;=;36.0
7315119000;HS10;Chaînes à rouleaux - Autre;Chain - Other;Métallurgie;15.0;2.0;;19.0;;=;36.0
731512;HS6;Chaînes à maillons à rouleaux;Roller chains;;;;;;;;
7315121000;HS10;Autres chaînes articulées de transmission;Autres chaînes articulées de transmission;Métallurgie;15.0;2.0;;19.0;;=;36.0
7315122000;HS10;Chaînes à maillons à rouleaux;Roller chains;Métallurgie;15.0;2.0;;19.0;;=;36.0
7315129000;HS10;Chaînes à maillons à rouleaux - Autre;Roller chains - Other;Métallurgie;15.0;2.0;;19.0;;=;36.0
731519;HS6;Parties;Chain;;;;;;;;
7315191000;HS10;Parties;Chain;Métallurgie;15.0;2.0;;19.0;;=;36.0
7315192000;HS10;Parties;Chain;Métallurgie;15.0;2.0;;19.0;;=;36.0
7315199000;HS10;Parties - Autre;Chain - Other;Métallurgie;15.0;2.0;;19.0;;=;36.0
731520;HS6;Chaînes antidérapantes;Chain;;;;;;;;
7315201000;HS10;Chaînes antidérapantes;Chain;Métallurgie;15.0;2.0;;19.0;;=;36.0
7315202000;HS10;Chaînes antidérapantes;Chain;Métallurgie;15.0;2.0;;19.0;;=;36.0
7315209000;HS10;Chaînes antidérapantes - Autre;Chain - Other;Métallurgie;15.0;2.0;;19.0;;=;36.0
731581;HS6;Chaînes à maillons soudés;Welded link chains;;;;;;;;
7315811000;HS10;Chaînes à maillons soudés;Welded link chains;Métallurgie;15.0;2.0;;19.0;;=;36.0
7315812000;HS10;Chaînes à maillons soudés;Welded link chains;Métallurgie;15.0;2.0;;19.0;;=;36.0
7315819000;HS10;Chaînes à maillons soudés - Autre;Welded link chains - Other;Métallurgie;15.0;2.0;;19.0;;=;36.0
731582;HS6;Autres chaînes;Chain;;;;;;;;
7315821000;HS10;Autres chaînes;Chain;Métallurgie;15.0;2.0;;19.0;;=;36.0
7315822000;HS10;Autres chaînes;Chain;Métallurgie;15.0;2.0;;19.0;;=;36.0
7315829000;HS10;Autres chaînes - Autre;Chain - Other;Métallurgie;15.0;2.0;;19.0;;=;36.0
731589;HS6;Autres;Chain;;;;;;;;
7315891000;HS10;Chaînes à grains ou à billes;Chaînes à grains ou à billes;Métallurgie;15.0;2.0;;19.0;;=;36.0
7315892000;HS10;Chaînes à mailles plates;Chaînes à mailles plates;Métallurgie;15.0;2.0;;19.0;;=;36.0
7315899000;HS10;Autres - Autre;Chain - Other;Métallurgie;15.0;2.0;;19.0;;=;36.0
731590;HS6;Autres parties;Chain;;;;;;;;
7315901000;HS10;Autres parties;Chain;Métallurgie;15.0;2.0;;19.0;;=;36.0
7315902000;HS10;Autres parties;Chain;Métallurgie;15.0;2.0;;19.0;;=;36.0
7315909000;HS10;Autres parties - Autre;Chain - Other;Métallurgie;15.0;2.0;;19.0;;=;36.0
7316;RANGEE 16;Anchors, grapnels and parts thereof, of iron or steel;;;;;;;;;
731600;HS6;Ancres et grappins en fer;Iron anchors and grapnels;;;;;;;;
7316001000;HS10;Ancres grappins et leurs parties 18 kg;Ancres grappins et leurs parties 18 kg;Métallurgie;15.0;2.0;;19.0;;=;36.0
7316002000;HS10;Ancres grappins et leurs parties 18 kg;Ancres grappins et leurs parties 18 kg;Métallurgie;15.0;2.0;;19.0;;=;36.0
7316009000;HS10;Ancres et grappins en fer - Autre;Iron anchors and grapnels - Other;Métallurgie;15.0;2.0;;19.0;;=;36.0
7317;RANGEE 17;Nails, tacks, drawing pins, corrugated nails, staples (not those of heading no. 8305) and the like, of iron or steel, with heads of other material or not, but excluding articles with heads of copper;;;;;;;;;
731700;HS6;Pointes et clous en fer;Iron nails and tacks;;;;;;;;
7317001000;HS10;Pointes et clous;Pointes et clous;Métallurgie;15.0;2.0;;19.0;;=;36.0
7317002000;HS10;Clous de semences;Clous de semences;Métallurgie;15.0;2.0;;19.0;;=;36.0
7317009000;HS10;Pointes et clous en fer - Autre;Iron nails and tacks - Other;Métallurgie;15.0;2.0;;19.0;;=;36.0
7318;RANGEE 18;Screws, bolts, nuts, coach screws, screw hooks, rivets, cotters, cotter-pins, washers (including spring washers) and similar articles, of iron or steel;;;;;;;;;
731811;HS6;Tire-fonds en fer;Iron coach screws;;;;;;;;
7318111000;HS10;Tire-fonds en fer;Iron coach screws;Métallurgie;15.0;2.0;;19.0;;=;36.0
7318112000;HS10;Tire-fonds en fer;Iron coach screws;Métallurgie;15.0;2.0;;19.0;;=;36.0
7318119000;HS10;Tire-fonds en fer - Autre;Iron coach screws - Other;Métallurgie;15.0;2.0;;19.0;;=;36.0
731812;HS6;Autres vis à bois;Iron or steel;;;;;;;;
7318121000;HS10;Autres vis à bois en aciers inoxydables;Autres vis à bois en aciers inoxydables;Métallurgie;15.0;2.0;;19.0;;=;36.0
7318122000;HS10;Autres vis à bois;Iron or steel;Métallurgie;15.0;2.0;;19.0;;=;36.0
7318129000;HS10;Autres vis à bois - Autre;Iron or steel - Other;Métallurgie;15.0;2.0;;19.0;;=;36.0
731813;HS6;Crochets et pitons à pas de vis;Iron or steel;;;;;;;;
7318131000;HS10;Crochets et pitons à pas de vis;Iron or steel;Métallurgie;15.0;2.0;;19.0;;=;36.0
7318132000;HS10;Crochets et pitons à pas de vis;Iron or steel;Métallurgie;15.0;2.0;;19.0;;=;36.0
7318139000;HS10;Crochets et pitons à pas de vis - Autre;Iron or steel - Other;Métallurgie;15.0;2.0;;19.0;;=;36.0
731814;HS6;Vis autotaraudeuses;Iron or steel;;;;;;;;
7318141000;HS10;Vis autotaraudeuses en aciers inoxydables;Vis autotaraudeuses en aciers inoxydables;Métallurgie;15.0;2.0;;19.0;;=;36.0
7318142000;HS10;Vis autotaraudeuses;Iron or steel;Métallurgie;15.0;2.0;;19.0;;=;36.0
7318149000;HS10;Vis autotaraudeuses - Autre;Iron or steel - Other;Métallurgie;15.0;2.0;;19.0;;=;36.0
731815;HS6;Vis à bois en fer;Iron wood screws;;;;;;;;
7318151000;HS10;Vis et boulons pour la fixation des voies ferrées;Vis et boulons pour la fixation des voies ferrées;Métallurgie;15.0;2.0;;19.0;;=;36.0
7318152000;HS10;Vis à bois en fer;Iron wood screws;Métallurgie;15.0;2.0;;19.0;;=;36.0
7318159000;HS10;Vis à bois en fer - Autre;Iron wood screws - Other;Métallurgie;15.0;2.0;;19.0;;=;36.0
731816;HS6;Écrous en fer;Iron nuts;;;;;;;;
7318161000;HS10;Écrous en aciers inoxydables;Écrous en aciers inoxydables;Métallurgie;15.0;2.0;;19.0;;=;36.0
7318162000;HS10;Écrous en fer;Iron nuts;Métallurgie;15.0;2.0;;19.0;;=;36.0
7318169000;HS10;Écrous en fer - Autre;Iron nuts - Other;Métallurgie;15.0;2.0;;19.0;;=;36.0
731819;HS6;Autres;Iron or steel;;;;;;;;
7318191000;HS10;Autres articles filetés en aciers inoxydables;Autres articles filetés en aciers inoxydables;Métallurgie;15.0;2.0;;19.0;;=;36.0
7318192000;HS10;Autres;Iron or steel;Métallurgie;15.0;2.0;;19.0;;=;36.0
7318199000;HS10;Autres - Autre;Iron or steel - Other;Métallurgie;15.0;2.0;;19.0;;=;36.0
731821;HS6;Rondelles destinées à faire ressort et autres rondelles de blocage;Iron or steel;;;;;;;;
7318211000;HS10;Rondelles destinées à faire ressort et autres rondelles de blocage;Iron or steel;Métallurgie;15.0;2.0;;19.0;;=;36.0
7318212000;HS10;Rondelles destinées à faire ressort et autres rondelles de blocage;Iron or steel;Métallurgie;15.0;2.0;;19.0;;=;36.0
7318219000;HS10;Rondelles destinées à faire ressort et autres rondelles de blocage - Autre;Iron or steel - Other;Métallurgie;15.0;2.0;;19.0;;=;36.0
731822;HS6;Autres rondelles;Iron or steel;;;;;;;;
7318221000;HS10;Autres rondelles;Iron or steel;Métallurgie;15.0;2.0;;19.0;;=;36.0
7318222000;HS10;Autres rondelles;Iron or steel;Métallurgie;15.0;2.0;;19.0;;=;36.0
7318229000;HS10;Autres rondelles - Autre;Iron or steel - Other;Métallurgie;15.0;2.0;;19.0;;=;36.0
731823;HS6;Rivets;Iron or steel;;;;;;;;
7318231000;HS10;Rivets;Iron or steel;Métallurgie;15.0;2.0;;19.0;;=;36.0
7318232000;HS10;Rivets;Iron or steel;Métallurgie;15.0;2.0;;19.0;;=;36.0
7318239000;HS10;Rivets - Autre;Iron or steel - Other;Métallurgie;15.0;2.0;;19.0;;=;36.0
731824;HS6;Goupilles et clavettes;Iron or steel;;;;;;;;
7318241000;HS10;Goupilles et clavettes;Iron or steel;Métallurgie;15.0;2.0;;19.0;;=;36.0
7318242000;HS10;Goupilles et clavettes;Iron or steel;Métallurgie;15.0;2.0;;19.0;;=;36.0
7318249000;HS10;Goupilles et clavettes - Autre;Iron or steel - Other;Métallurgie;15.0;2.0;;19.0;;=;36.0
731829;HS6;Autres;Iron or steel;;;;;;;;
7318291000;HS10;Bagues de butée circlips;Bagues de butée circlips;Métallurgie;15.0;2.0;;19.0;;=;36.0
7318292000;HS10;Autres articles non filetés;Autres articles non filetés;Métallurgie;15.0;2.0;;19.0;;=;36.0
7318299000;HS10;Autres - Autre;Iron or steel - Other;Métallurgie;15.0;2.0;;19.0;;=;36.0
7319;RANGEE 19;"Sewing and knitting needles, bodkins, crochet hooks, embroidery stilettos and similar articles, for use in the hand, of iron or steel; safety pins and other pins of iron or steel, not elsewhere specified or included";;;;;;;;;
731940;HS6;Epingles de sûreté et autres épingles;Safety pins and other pins;;;;;;;;
7319401000;HS10;Epingles de sûreté et autres épingles;Safety pins and other pins;Métallurgie;15.0;2.0;;19.0;;=;36.0
7319402000;HS10;Epingles de sûreté et autres épingles;Safety pins and other pins;Métallurgie;15.0;2.0;;19.0;;=;36.0
7319409000;HS10;Epingles de sûreté et autres épingles - Autre;Safety pins and other pins - Other;Métallurgie;15.0;2.0;;19.0;;=;36.0
731990;HS6;Autres;Sewing and knitting needles;;;;;;;;
7319901000;HS10;Autres aiguilles a coudre a ravauder ou a broder;Autres aiguilles a coudre a ravauder ou a broder;Métallurgie;15.0;2.0;;19.0;;=;36.0
7319902000;HS10;Autres;Sewing and knitting needles;Métallurgie;15.0;2.0;;19.0;;=;36.0
7319909000;HS10;Autres - Autre;Sewing and knitting needles - Other;Métallurgie;15.0;2.0;;19.0;;=;36.0
7320;RANGEE 20;Springs and leaves for springs, of iron or steel;;;;;;;;;
732010;HS6;Ressorts à lames et leurs lames;Iron or steel;;;;;;;;
7320101000;HS10;Ressorts a lames et leurs lames pour vehicules automobiles du chapitre 87;Ressorts a lames et leurs lames pour vehicules automobiles du chapitre 87;Métallurgie;15.0;2.0;;19.0;;=;36.0
7320102000;HS10;Ressorts a lames et leurs lames pour machines et appareils industriels;Ressorts a lames et leurs lames pour machines et appareils industriels;Métallurgie;15.0;2.0;;19.0;;=;36.0
7320109000;HS10;Ressorts à lames et leurs lames - Autre;Iron or steel - Other;Métallurgie;15.0;2.0;;19.0;;=;36.0
732020;HS6;Ressorts à hélice;Iron or steel;;;;;;;;
7320201000;HS10;Ressorts en helice pour vehicules automobiles du chapitre 87;Ressorts en helice pour vehicules automobiles du chapitre 87;Métallurgie;15.0;2.0;;19.0;;=;36.0
7320202000;HS10;Ressorts à hélice;Iron or steel;Métallurgie;15.0;2.0;;19.0;;=;36.0
7320209000;HS10;Ressorts à hélice - Autre;Iron or steel - Other;Métallurgie;15.0;2.0;;19.0;;=;36.0
732090;HS6;Autres;Iron or steel;;;;;;;;
7320901000;HS10;Autres ressorts spiraux plats;Autres ressorts spiraux plats;Métallurgie;15.0;2.0;;19.0;;=;36.0
7320902000;HS10;Autres ressorts ayant la forme de disques;Autres ressorts ayant la forme de disques;Métallurgie;15.0;2.0;;19.0;;=;36.0
7320909000;HS10;Autres - Autre;Iron or steel - Other;Métallurgie;15.0;2.0;;19.0;;=;36.0
7321;RANGEE 21;Stoves, ranges, grates, cookers (those with subsidiary boilers for central heating), barbecues, braziers, gas-rings, plate warmers and similar non-electric domestic appliances and parts, of iron or steel;;;;;;;;;
732111;HS6;A combustibles gazeux ou à gaz et autres combustibles;Cooking appliances and plate warmers;;;;;;;;
7321111000;HS10;Appareils de cuisson et chauffe plats a combustibles gazeux ou a gaz et autres combustibles collections dites ckd;Appareils de cuisson et chauffe plats a combustibles gazeux ou a gaz et autres combustibles collections dites ckd;Métallurgie;15.0;2.0;;19.0;;=;36.0
7321112000;HS10;Appareils de cuisson et chauffe plats a combustibles gazeux ou a gaz et autres combustibles collections destinees aux industries de montage;Appareils de cuisson et chauffe plats a combustibles gazeux ou a gaz et autres combustibles collections destinees aux industries de montage;Métallurgie;15.0;2.0;;19.0;;=;36.0
7321119000;HS10;A combustibles gazeux ou à gaz et autres combustibles - Autre;Cooking appliances and plate warmers - Other;Métallurgie;15.0;2.0;;19.0;;=;36.0
732112;HS6;A combustibles liquides;Cooking appliances and plate warmers;;;;;;;;
7321121000;HS10;Appareils de cuisson et chauffe plats a combustibles liquides cuisinieres;Appareils de cuisson et chauffe plats a combustibles liquides cuisinieres;Métallurgie;15.0;2.0;;19.0;;=;36.0
7321122000;HS10;A combustibles liquides;Cooking appliances and plate warmers;Métallurgie;15.0;2.0;;19.0;;=;36.0
7321129000;HS10;A combustibles liquides - Autre;Cooking appliances and plate warmers - Other;Métallurgie;15.0;2.0;;19.0;;=;36.0
732119;HS6;Autres;Cooking appliances and plate warmers;;;;;;;;
7321191000;HS10;Appareils de cuisson et chauffe plats autres y compris les appareils a combustibles solides barbecue;Appareils de cuisson et chauffe plats autres y compris les appareils a combustibles solides barbecue;Métallurgie;15.0;2.0;;19.0;;=;36.0
7321192000;HS10;Autres;Cooking appliances and plate warmers;Métallurgie;15.0;2.0;;19.0;;=;36.0
7321199000;HS10;Autres - Autre;Cooking appliances and plate warmers - Other;Métallurgie;15.0;2.0;;19.0;;=;36.0
732181;HS6;A combustibles gazeux ou à gaz et autres combustibles;Domestic appliances;;;;;;;;
7321811000;HS10;Autres appareils a combustibles gazeux ou a gaz et autres combustibles collections dites ckd;Autres appareils a combustibles gazeux ou a gaz et autres combustibles collections dites ckd;Métallurgie;15.0;2.0;;19.0;;=;36.0
7321812000;HS10;Autres appareils a combustibles gazeux ou a gaz et autres combustibles collections destinees aux industries de montage;Autres appareils a combustibles gazeux ou a gaz et autres combustibles collections destinees aux industries de montage;Métallurgie;15.0;2.0;;19.0;;=;36.0
7321819000;HS10;A combustibles gazeux ou à gaz et autres combustibles - Autre;Domestic appliances - Other;Métallurgie;15.0;2.0;;19.0;;=;36.0
732182;HS6;A combustibles liquides;Domestic appliances;;;;;;;;
7321821000;HS10;A combustibles liquides;Domestic appliances;Métallurgie;15.0;2.0;;19.0;;=;36.0
7321822000;HS10;A combustibles liquides;Domestic appliances;Métallurgie;15.0;2.0;;19.0;;=;36.0
7321829000;HS10;A combustibles liquides - Autre;Domestic appliances - Other;Métallurgie;15.0;2.0;;19.0;;=;36.0
732189;HS6;Autres;Domestic appliances;;;;;;;;
7321891000;HS10;Autres;Domestic appliances;Métallurgie;15.0;2.0;;19.0;;=;36.0
7321892000;HS10;Autres;Domestic appliances;Métallurgie;15.0;2.0;;19.0;;=;36.0
7321899000;HS10;Autres - Autre;Domestic appliances - Other;Métallurgie;15.0;2.0;;19.0;;=;36.0
732190;HS6;Parties;Domestic appliances;;;;;;;;
7321901000;HS10;Parties bruleurs pour cuisinieres ou rechauds;Parties bruleurs pour cuisinieres ou rechauds;Métallurgie;15.0;2.0;;19.0;;=;36.0
7321902000;HS10;Parties;Domestic appliances;Métallurgie;15.0;2.0;;19.0;;=;36.0
7321909000;HS10;Parties - Autre;Domestic appliances - Other;Métallurgie;15.0;2.0;;19.0;;=;36.0
7322;RANGEE 22;"Radiators for central heating, not electrically heated and parts thereof, of iron or steel; air heaters, hot air distributors not electrically heated, with motor fan or blower";;;;;;;;;
732211;HS6;En fonte;Radiators and parts thereof;;;;;;;;
7322111000;HS10;Radiateurs et leurs parties en fonte radiateurs en fonte;Radiateurs et leurs parties en fonte radiateurs en fonte;Métallurgie;15.0;2.0;;19.0;;=;36.0
7322112000;HS10;Radiateurs et leurs parties en fonte parties de radiateurs;Radiateurs et leurs parties en fonte parties de radiateurs;Métallurgie;15.0;2.0;;19.0;;=;36.0
7322119000;HS10;En fonte - Autre;Radiators and parts thereof - Other;Métallurgie;15.0;2.0;;19.0;;=;36.0
732219;HS6;Autres;Radiators and parts thereof;;;;;;;;
7322191000;HS10;Radiateurs et leurs parties autres radiateurs en fer ou en acier;Radiateurs et leurs parties autres radiateurs en fer ou en acier;Métallurgie;15.0;2.0;;19.0;;=;36.0
7322192000;HS10;Radiateurs et leurs parties autres parties de radiateurs en fer ou en acier;Radiateurs et leurs parties autres parties de radiateurs en fer ou en acier;Métallurgie;15.0;2.0;;19.0;;=;36.0
7322199000;HS10;Autres - Autre;Radiators and parts thereof - Other;Métallurgie;15.0;2.0;;19.0;;=;36.0
732290;HS6;Autres;Air heaters and hot air distributors;;;;;;;;
7322901000;HS10;Autres pour le chauffage des batiments;Autres pour le chauffage des batiments;Métallurgie;15.0;2.0;;19.0;;=;36.0
7322902000;HS10;Autres generateurs dair chaud industriels;Autres generateurs dair chaud industriels;Métallurgie;15.0;2.0;;19.0;;=;36.0
7322909000;HS10;Autres - Autre;Air heaters and hot air distributors - Other;Métallurgie;15.0;2.0;;19.0;;=;36.0
7323;RANGEE 23;"Table, kitchen, other household articles and parts, of iron or steel; iron or steel wool; pot scourers and scouring or polishing pads, gloves and the like, of iron or steel";;;;;;;;;
732310;HS6;Paille de fer ou d'acier;éponges;;;;;;;;
7323101000;HS10;Paille de fer ou dacier eponges torchons gants et articles similaires pour le recurage le polissage ou usages analogues paille de fer ou dacier;Paille de fer ou dacier eponges torchons gants et articles similaires pour le recurage le polissage ou usages analogues paille de fer ou dacier;Métallurgie;15.0;2.0;;19.0;;=;36.0
7323102000;HS10;Paille de fer ou dacier eponges torchons gants et articles similaires pour le recurage le polissage ou usages analogues eponges torchons gants et articles similaires pour le recurage le polissage ou usages analogues en fer ou en acier;Paille de fer ou dacier eponges torchons gants et articles similaires pour le recurage le polissage ou usages analogues eponges torchons gants et articles similaires pour le recurage le polissage ou usages analogues en fer ou en acier;Métallurgie;15.0;2.0;;19.0;;=;36.0
7323109000;HS10;Paille de fer ou d'acier - Autre;éponges - Other;Métallurgie;15.0;2.0;;19.0;;=;36.0
732391;HS6;En fonte;Cast iron;;;;;;;;
7323911000;HS10;Autres en fonte non emailles articles pour la cuisine ou pour le service de la table;Autres en fonte non emailles articles pour la cuisine ou pour le service de la table;Métallurgie;15.0;2.0;;19.0;;=;36.0
7323912000;HS10;En fonte;Cast iron;Métallurgie;15.0;2.0;;19.0;;=;36.0
7323919000;HS10;En fonte - Autre;Cast iron - Other;Métallurgie;15.0;2.0;;19.0;;=;36.0
732392;HS6;En fonte;Cast iron;;;;;;;;
7323921000;HS10;Autres en fonte emailles articles pour la cuisine ou pour le service de la table;Autres en fonte emailles articles pour la cuisine ou pour le service de la table;Métallurgie;15.0;2.0;;19.0;;=;36.0
7323922000;HS10;En fonte;Cast iron;Métallurgie;15.0;2.0;;19.0;;=;36.0
7323929000;HS10;En fonte - Autre;Cast iron - Other;Métallurgie;15.0;2.0;;19.0;;=;36.0
732393;HS6;En aciers inoxydables;Steel;;;;;;;;
7323931000;HS10;Autres en aciers inoxydables articles pour la cuisine ou pour le service de la table en aciers inoxydables;Autres en aciers inoxydables articles pour la cuisine ou pour le service de la table en aciers inoxydables;Métallurgie;15.0;2.0;;19.0;;=;36.0
7323932000;HS10;Autres en aciers inoxydables autres y compris les parties;Autres en aciers inoxydables autres y compris les parties;Métallurgie;15.0;2.0;;19.0;;=;36.0
7323939000;HS10;En aciers inoxydables - Autre;Steel - Other;Métallurgie;15.0;2.0;;19.0;;=;36.0
732394;HS6;En fer ou en acier;Iron (excluding cast) or steel;;;;;;;;
7323941000;HS10;Autres en fer ou en acier emailles articles pour la cuisine ou pour le service de la table;Autres en fer ou en acier emailles articles pour la cuisine ou pour le service de la table;Métallurgie;15.0;2.0;;19.0;;=;36.0
7323942000;HS10;En fer ou en acier;Iron (excluding cast) or steel;Métallurgie;15.0;2.0;;19.0;;=;36.0
7323949000;HS10;En fer ou en acier - Autre;Iron (excluding cast) or steel - Other;Métallurgie;15.0;2.0;;19.0;;=;36.0
732399;HS6;Autres;Iron or steel;;;;;;;;
7323991000;HS10;Autres autres articles pour la cuisine ou pour le service de la table;Autres autres articles pour la cuisine ou pour le service de la table;Métallurgie;15.0;2.0;;19.0;;=;36.0
7323992000;HS10;Autres;Iron or steel;Métallurgie;15.0;2.0;;19.0;;=;36.0
7323999000;HS10;Autres - Autre;Iron or steel - Other;Métallurgie;15.0;2.0;;19.0;;=;36.0
7324;RANGEE 24;Sanitary ware and parts thereof, of iron or steel;;;;;;;;;
732410;HS6;Eviers et lavabos en acier inoxydable;Steel;;;;;;;;
7324101000;HS10;Eviers et lavabos en acier inoxydable;Steel;Métallurgie;15.0;2.0;;19.0;;=;36.0
7324102000;HS10;Eviers et lavabos en acier inoxydable;Steel;Métallurgie;15.0;2.0;;19.0;;=;36.0
7324109000;HS10;Eviers et lavabos en acier inoxydable - Autre;Steel - Other;Métallurgie;15.0;2.0;;19.0;;=;36.0
732421;HS6;En fonte;Cast iron;;;;;;;;
7324211000;HS10;En fonte;Cast iron;Métallurgie;15.0;2.0;;19.0;;=;36.0
7324212000;HS10;En fonte;Cast iron;Métallurgie;15.0;2.0;;19.0;;=;36.0
7324219000;HS10;En fonte - Autre;Cast iron - Other;Métallurgie;15.0;2.0;;19.0;;=;36.0
732429;HS6;Autres;Iron (other than cast) or steel;;;;;;;;
7324291000;HS10;Baignoires autres en aciers inoxydables;Baignoires autres en aciers inoxydables;Métallurgie;15.0;2.0;;19.0;;=;36.0
7324292000;HS10;Autres;Iron (other than cast) or steel;Métallurgie;15.0;2.0;;19.0;;=;36.0
7324299000;HS10;Autres - Autre;Iron (other than cast) or steel - Other;Métallurgie;15.0;2.0;;19.0;;=;36.0
732490;HS6;Autres;Iron or steel;;;;;;;;
7324901000;HS10;Autres y compris les parties eviers et lavabos autre quen aciers inoxydables;Autres y compris les parties eviers et lavabos autre quen aciers inoxydables;Métallurgie;15.0;2.0;;19.0;;=;36.0
7324902000;HS10;Autres y compris les parties reservoirs de chasse meme equipes de leur mecanisme;Autres y compris les parties reservoirs de chasse meme equipes de leur mecanisme;Métallurgie;15.0;2.0;;19.0;;=;36.0
7324909000;HS10;Autres - Autre;Iron or steel - Other;Métallurgie;15.0;2.0;;19.0;;=;36.0
7325;RANGEE 25;"Iron or steel; cast articles";;;;;;;;;
732510;HS6;En fonte non malléable;Iron;;;;;;;;
7325101000;HS10;En fonte non malleable lingotiere;En fonte non malleable lingotiere;Métallurgie;15.0;2.0;;19.0;;=;36.0
7325102000;HS10;En fonte non malléable;Iron;Métallurgie;15.0;2.0;;19.0;;=;36.0
7325109000;HS10;En fonte non malléable - Autre;Iron - Other;Métallurgie;15.0;2.0;;19.0;;=;36.0
732591;HS6;Boulets et articles similaires pour broyeurs;Iron;;;;;;;;
7325911000;HS10;Boulets et articles similaires pour broyeurs;Iron;Métallurgie;15.0;2.0;;19.0;;=;36.0
7325912000;HS10;Boulets et articles similaires pour broyeurs;Iron;Métallurgie;15.0;2.0;;19.0;;=;36.0
7325919000;HS10;Boulets et articles similaires pour broyeurs - Autre;Iron - Other;Métallurgie;15.0;2.0;;19.0;;=;36.0
732599;HS6;Autres :;Iron or steel;;;;;;;;
7325991000;HS10;Autres autres en fonte malleable;Autres autres en fonte malleable;Métallurgie;15.0;2.0;;19.0;;=;36.0
7325992000;HS10;Autres :;Iron or steel;Métallurgie;15.0;2.0;;19.0;;=;36.0
7325999000;HS10;Autres : - Autre;Iron or steel - Other;Métallurgie;15.0;2.0;;19.0;;=;36.0
7326;RANGEE 26;"Iron or steel; articles, n.e.c. in chapter 73";;;;;;;;;
732611;HS6;Boulets et articles similaires pour broyeurs;Iron or steel;;;;;;;;
7326111000;HS10;Boulets et articles similaires pour broyeurs;Iron or steel;Métallurgie;15.0;2.0;;19.0;;=;36.0
7326112000;HS10;Boulets et articles similaires pour broyeurs;Iron or steel;Métallurgie;15.0;2.0;;19.0;;=;36.0
7326119000;HS10;Boulets et articles similaires pour broyeurs - Autre;Iron or steel - Other;Métallurgie;15.0;2.0;;19.0;;=;36.0
732619;HS6;Autres :;Iron or steel;;;;;;;;
7326191000;HS10;Forges ou estampes mais non autrement travailles autres tuiles metalliques;Forges ou estampes mais non autrement travailles autres tuiles metalliques;Métallurgie;15.0;2.0;;19.0;;=;36.0
7326192000;HS10;Autres :;Iron or steel;Métallurgie;15.0;2.0;;19.0;;=;36.0
7326199000;HS10;Autres : - Autre;Iron or steel - Other;Métallurgie;15.0;2.0;;19.0;;=;36.0
732620;HS6;Ouvrages en fils de fer ou d'acier;Iron or steel;;;;;;;;
7326201000;HS10;Ouvrages en fils de fer ou dacier tringles pour pneumatiques;Ouvrages en fils de fer ou dacier tringles pour pneumatiques;Métallurgie;15.0;2.0;;19.0;;=;36.0
7326202000;HS10;Ouvrages en fils de fer ou d'acier;Iron or steel;Métallurgie;15.0;2.0;;19.0;;=;36.0
7326209000;HS10;Ouvrages en fils de fer ou d'acier - Autre;Iron or steel - Other;Métallurgie;15.0;2.0;;19.0;;=;36.0
732690;HS6;Autres;Iron or steel;;;;;;;;
7326901000;HS10;Autres manches a balai;Autres manches a balai;Métallurgie;15.0;2.0;;19.0;;=;36.0
7326902000;HS10;Autres;Iron or steel;Métallurgie;15.0;2.0;;19.0;;=;36.0
7326909000;HS10;Autres - Autre;Iron or steel - Other;Métallurgie;15.0;2.0;;19.0;;=;36.0
CHAPITRE 74;CHAPITRE;Cuivre;;;;;;;;;
7401;RANGEE 01;"Copper mattes; cement copper (precipitated copper)";;;;;;;;;
740100;HS6;Mattes de cuivre;cuivre de cément (précipité de cuivre).;;;;;;;;
7401001000;HS10;Mattes de cuivre;Mattes de cuivre;Métallurgie;15.0;2.0;;19.0;;910 Déclaration d'Importation du Produit | 210 Autorisation de Libre Circulation;36.0
7401002000;HS10;Cuivre de cement precipite de cuivre;Cuivre de cement precipite de cuivre;Métallurgie;15.0;2.0;;19.0;;=;36.0
7401009000;HS10;Mattes de cuivre - Autre;cuivre de cément (précipité de cuivre). - Other;Métallurgie;15.0;2.0;;19.0;;=;36.0
7402;RANGEE 02;"Copper; unrefined, copper anodes for electrolytic refining";;;;;;;;;
740200;HS6;Cuivre non affiné;anodes en cuivre pour affinage électrolytique;;;;;;;;
7402001000;HS10;Cuivre non affine;Cuivre non affine;Métallurgie;15.0;2.0;;19.0;;=;36.0
7402002000;HS10;Anodes en cuivre pour affinage electrolytique;Anodes en cuivre pour affinage electrolytique;Métallurgie;15.0;2.0;;19.0;;=;36.0
7402009000;HS10;Cuivre non affiné - Autre;anodes en cuivre pour affinage électrolytique - Other;Métallurgie;15.0;2.0;;19.0;;=;36.0
7403;RANGEE 03;"Copper; refined and copper alloys, unwrought";;;;;;;;;
740311;HS6;Cathodes et sections de cathodes;Copper;;;;;;;;
7403111000;HS10;Cathodes et sections de cathodes;Copper;Métallurgie;15.0;2.0;;19.0;;=;36.0
7403112000;HS10;Cathodes et sections de cathodes;Copper;Métallurgie;15.0;2.0;;19.0;;=;36.0
7403119000;HS10;Cathodes et sections de cathodes - Autre;Copper - Other;Métallurgie;15.0;2.0;;19.0;;=;36.0
740312;HS6;Barres à fil (wire-bars);Copper;;;;;;;;
7403121000;HS10;Barres à fil (wire-bars);Copper;Métallurgie;15.0;2.0;;19.0;;=;36.0
7403122000;HS10;Barres à fil (wire-bars);Copper;Métallurgie;15.0;2.0;;19.0;;=;36.0
7403129000;HS10;Barres à fil (wire-bars) - Autre;Copper - Other;Métallurgie;15.0;2.0;;19.0;;=;36.0
740313;HS6;Billettes;Copper;;;;;;;;
7403131000;HS10;Billettes;Copper;Métallurgie;15.0;2.0;;19.0;;=;36.0
7403132000;HS10;Billettes;Copper;Métallurgie;15.0;2.0;;19.0;;=;36.0
7403139000;HS10;Billettes - Autre;Copper - Other;Métallurgie;15.0;2.0;;19.0;;=;36.0
740319;HS6;Autres;Copper;;;;;;;;
7403191000;HS10;Autres;Copper;Métallurgie;15.0;2.0;;19.0;;=;36.0
7403192000;HS10;Autres;Copper;Métallurgie;15.0;2.0;;19.0;;=;36.0
7403199000;HS10;Autres - Autre;Copper - Other;Métallurgie;15.0;2.0;;19.0;;=;36.0
740321;HS6;A base de cuivre-zinc (laiton);Copper;;;;;;;;
7403211000;HS10;Alliages de cuivre a base de cuivre zinc laiton lingots;Alliages de cuivre a base de cuivre zinc laiton lingots;Métallurgie;15.0;2.0;;19.0;;=;36.0
7403212000;HS10;A base de cuivre-zinc (laiton);Copper;Métallurgie;15.0;2.0;;19.0;;=;36.0
7403219000;HS10;A base de cuivre-zinc (laiton) - Autre;Copper - Other;Métallurgie;15.0;2.0;;19.0;;=;36.0
740322;HS6;A base de cuivre-étain (bronze);Copper;;;;;;;;
7403221000;HS10;Alliages de cuivre a base de cuivre etain bronze lingots;Alliages de cuivre a base de cuivre etain bronze lingots;Métallurgie;15.0;2.0;;19.0;;=;36.0
7403222000;HS10;A base de cuivre-étain (bronze);Copper;Métallurgie;15.0;2.0;;19.0;;=;36.0
7403229000;HS10;A base de cuivre-étain (bronze) - Autre;Copper - Other;Métallurgie;15.0;2.0;;19.0;;=;36.0
740329;HS6;Autres alliages de cuivre (à l'exception des alliages mères du n°74.05);Copper;;;;;;;;
7403291000;HS10;Autres alliages de cuivre (à l'exception des alliages mères du n°74.05);Copper;Métallurgie;15.0;2.0;;19.0;;=;36.0
7403292000;HS10;Alliages de cuivre autres alliages de cuivre a lexception des alliages meres du n 7405 a base de cuivre nickel cupronickel ou de cuivre nickel zinc maillechort;Alliages de cuivre autres alliages de cuivre a lexception des alliages meres du n 7405 a base de cuivre nickel cupronickel ou de cuivre nickel zinc maillechort;Métallurgie;15.0;2.0;;19.0;;=;36.0
7403299000;HS10;Autres alliages de cuivre (à l'exception des alliages mères du n°74.05) - Autre;Copper - Other;Métallurgie;15.0;2.0;;19.0;;=;36.0
7404;RANGEE 04;"Copper; waste and scrap";;;;;;;;;
740400;HS6;Déchets et débris de cuivre;Copper;;;;;;;;
7404001000;HS10;De cuivre affine;De cuivre affine;Métallurgie;15.0;2.0;;19.0;;=;36.0
7404002000;HS10;Déchets et débris de cuivre;Copper;Métallurgie;15.0;2.0;;19.0;;=;36.0
7404009000;HS10;Déchets et débris de cuivre - Autre;Copper - Other;Métallurgie;15.0;2.0;;19.0;;=;36.0
7405;RANGEE 05;"Copper; master alloys";;;;;;;;;
740500;HS6;Alliages mères de cuivre;Copper;;;;;;;;
7405001000;HS10;Alliages mères de cuivre phosphures 8 p 15;Alliages mères de cuivre phosphures 8 p 15;Métallurgie;15.0;2.0;;19.0;;=;36.0
7405002000;HS10;Alliages mères de cuivre;Copper;Métallurgie;15.0;2.0;;19.0;;=;36.0
7405009000;HS10;Alliages mères de cuivre - Autre;Copper - Other;Métallurgie;15.0;2.0;;19.0;;=;36.0
7406;RANGEE 06;"Copper; powders and flakes";;;;;;;;;
740610;HS6;Poudres à structure non lamellaire;Copper;;;;;;;;
7406101000;HS10;Poudres à structure non lamellaire;Copper;Métallurgie;15.0;2.0;;19.0;;=;36.0
7406102000;HS10;Poudres à structure non lamellaire;Copper;Métallurgie;15.0;2.0;;19.0;;=;36.0
7406109000;HS10;Poudres à structure non lamellaire - Autre;Copper - Other;Métallurgie;15.0;2.0;;19.0;;=;36.0
740620;HS6;Poudres à structure lamellaire;paillettes;;;;;;;;
7406201000;HS10;Poudres de cuivre structure lamellaire;Poudres de cuivre structure lamellaire;Métallurgie;15.0;2.0;;19.0;;=;36.0
7406202000;HS10;Paillettes de cuivre;Paillettes de cuivre;Métallurgie;15.0;2.0;;19.0;;=;36.0
7406209000;HS10;Poudres à structure lamellaire - Autre;paillettes - Other;Métallurgie;15.0;2.0;;19.0;;=;36.0
7407;RANGEE 07;"Copper; bars, rods and profiles";;;;;;;;;
740710;HS6;En cuivre affiné;Copper;;;;;;;;
7407101000;HS10;Profilés en cuivre affiné;Profilés en cuivre affiné;Métallurgie;15.0;2.0;;19.0;;=;36.0
7407102000;HS10;En cuivre affiné;Copper;Métallurgie;15.0;2.0;;19.0;;=;36.0
7407109000;HS10;En cuivre affiné - Autre;Copper - Other;Métallurgie;15.0;2.0;;19.0;;=;36.0
740721;HS6;A base de cuivre-zinc (laiton);Copper;;;;;;;;
7407211000;HS10;Barres en laiton alliage cuivre zinc;Barres en laiton alliage cuivre zinc;Métallurgie;15.0;2.0;;19.0;;=;36.0
7407212000;HS10;Profilés en laiton alliage cuivre zinc;Profilés en laiton alliage cuivre zinc;Métallurgie;15.0;2.0;;19.0;;=;36.0
7407219000;HS10;A base de cuivre-zinc (laiton) - Autre;Copper - Other;Métallurgie;15.0;2.0;;19.0;;=;36.0
740729;HS6;Autres;Copper;;;;;;;;
7407291000;HS10;Barres en autres alliages de cuivre;Barres en autres alliages de cuivre;Métallurgie;15.0;2.0;;19.0;;=;36.0
7407292000;HS10;Profilés en autres alliages de cuivre;Profilés en autres alliages de cuivre;Métallurgie;15.0;2.0;;19.0;;=;36.0
7407299000;HS10;Autres - Autre;Copper - Other;Métallurgie;15.0;2.0;;19.0;;=;36.0
7408;RANGEE 08;Copper wire;;;;;;;;;
740811;HS6;Dont la plus grande dimension de la section transversale excède 6 mm;Copper;;;;;;;;
7408111000;HS10;Fils de cuivre affiné section transversale 6 mm et 8 mm;Fils de cuivre affiné section transversale 6 mm et 8 mm;Métallurgie;15.0;2.0;;19.0;;=;36.0
7408112000;HS10;Fils de cuivre affiné section transversale 8 mm;Fils de cuivre affiné section transversale 8 mm;Métallurgie;15.0;2.0;;19.0;;=;36.0
7408119000;HS10;Dont la plus grande dimension de la section transversale excède 6 mm - Autre;Copper - Other;Métallurgie;15.0;2.0;;19.0;;=;36.0
740819;HS6;Autres;Copper;;;;;;;;
7408191000;HS10;Fils de cuivre affiné section transversale 05 mm et 6 mm;Fils de cuivre affiné section transversale 05 mm et 6 mm;Métallurgie;15.0;2.0;;19.0;;=;36.0
7408192000;HS10;Fils de cuivre affiné section transversale 05 mm;Fils de cuivre affiné section transversale 05 mm;Métallurgie;15.0;2.0;;19.0;;=;36.0
7408199000;HS10;Autres - Autre;Copper - Other;Métallurgie;15.0;2.0;;19.0;;=;36.0
740821;HS6;A base de cuivre-zinc (laiton);Copper;;;;;;;;
7408211000;HS10;A base de cuivre-zinc (laiton);Copper;Métallurgie;15.0;2.0;;19.0;;=;36.0
7408212000;HS10;A base de cuivre-zinc (laiton);Copper;Métallurgie;15.0;2.0;;19.0;;=;36.0
7408219000;HS10;A base de cuivre-zinc (laiton) - Autre;Copper - Other;Métallurgie;15.0;2.0;;19.0;;=;36.0
740822;HS6;A base de cuivre-nickel (cupronickel) ou de cuivre-nickel-zinc (maillechort);Copper;;;;;;;;
7408221000;HS10;A base de cuivre-nickel (cupronickel) ou de cuivre-nickel-zinc (maillechort);Copper;Métallurgie;15.0;2.0;;19.0;;=;36.0
7408222000;HS10;A base de cuivre-nickel (cupronickel) ou de cuivre-nickel-zinc (maillechort);Copper;Métallurgie;15.0;2.0;;19.0;;=;36.0
7408229000;HS10;A base de cuivre-nickel (cupronickel) ou de cuivre-nickel-zinc (maillechort) - Autre;Copper - Other;Métallurgie;15.0;2.0;;19.0;;=;36.0
740829;HS6;Autres;Copper;;;;;;;;
7408291000;HS10;Autres;Copper;Métallurgie;15.0;2.0;;19.0;;=;36.0
7408292000;HS10;Autres;Copper;Métallurgie;15.0;2.0;;19.0;;=;36.0
7408299000;HS10;Autres - Autre;Copper - Other;Métallurgie;15.0;2.0;;19.0;;=;36.0
7409;RANGEE 09;"Copper plates, sheets and strip; of a thickness exceeding 0.15mm";;;;;;;;;
740911;HS6;Enroulées;Copper;;;;;;;;
7409111000;HS10;Tôles et bandes en cuivre affiné ملفوفة 015 mm épaisseur 24 mm;Tôles et bandes en cuivre affiné ملفوفة 015 mm épaisseur 24 mm;Métallurgie;15.0;2.0;;19.0;;=;36.0
7409112000;HS10;Tôles et bandes en cuivre affiné ملفوفة épaisseur 24 mm;Tôles et bandes en cuivre affiné ملفوفة épaisseur 24 mm;Métallurgie;15.0;2.0;;19.0;;=;36.0
7409119000;HS10;Enroulées - Autre;Copper - Other;Métallurgie;15.0;2.0;;19.0;;=;36.0
740919;HS6;Autres;Copper;;;;;;;;
7409191000;HS10;Autres;Copper;Métallurgie;15.0;2.0;;19.0;;=;36.0
7409192000;HS10;Autres;Copper;Métallurgie;15.0;2.0;;19.0;;=;36.0
7409199000;HS10;Autres - Autre;Copper - Other;Métallurgie;15.0;2.0;;19.0;;=;36.0
740921;HS6;Enroulées;Copper;;;;;;;;
7409211000;HS10;Tôles et bandes de laiton ملفوفة 015 mm épaisseur 24 mm;Tôles et bandes de laiton ملفوفة 015 mm épaisseur 24 mm;Métallurgie;15.0;2.0;;19.0;;=;36.0
7409212000;HS10;Tôles et bandes de laiton ملفوفة épaisseur 24 mm;Tôles et bandes de laiton ملفوفة épaisseur 24 mm;Métallurgie;15.0;2.0;;19.0;;=;36.0
7409219000;HS10;Enroulées - Autre;Copper - Other;Métallurgie;15.0;2.0;;19.0;;=;36.0
740929;HS6;Autres;Copper;;;;;;;;
7409291000;HS10;Autres;Copper;Métallurgie;15.0;2.0;;19.0;;=;36.0
7409292000;HS10;Autres;Copper;Métallurgie;15.0;2.0;;19.0;;=;36.0
7409299000;HS10;Autres - Autre;Copper - Other;Métallurgie;15.0;2.0;;19.0;;=;36.0
740931;HS6;Enroulées;Copper;;;;;;;;
7409311000;HS10;Tôles et bandes de bronze ملفوفة 015 mm épaisseur 24 mm;Tôles et bandes de bronze ملفوفة 015 mm épaisseur 24 mm;Métallurgie;15.0;2.0;;19.0;;=;36.0
7409312000;HS10;Tôles et bandes de bronze ملفوفة épaisseur 24 mm;Tôles et bandes de bronze ملفوفة épaisseur 24 mm;Métallurgie;15.0;2.0;;19.0;;=;36.0
7409319000;HS10;Enroulées - Autre;Copper - Other;Métallurgie;15.0;2.0;;19.0;;=;36.0
740939;HS6;Autres;Copper;;;;;;;;
7409391000;HS10;Autres;Copper;Métallurgie;15.0;2.0;;19.0;;=;36.0
7409392000;HS10;Autres;Copper;Métallurgie;15.0;2.0;;19.0;;=;36.0
7409399000;HS10;Autres - Autre;Copper - Other;Métallurgie;15.0;2.0;;19.0;;=;36.0
740940;HS6;A base de cuivre-nickel (cupronickel) ou de cuivre-nickel-zinc (maillechort);Copper;;;;;;;;
7409401000;HS10;Tôlesbandes de cupronickelmaillechort 015 mm épaisseur 24 mm;Tôlesbandes de cupronickelmaillechort 015 mm épaisseur 24 mm;Métallurgie;15.0;2.0;;19.0;;=;36.0
7409402000;HS10;Tôlesbandes de cupronickelmaillechort épaisseur 24 mm;Tôlesbandes de cupronickelmaillechort épaisseur 24 mm;Métallurgie;15.0;2.0;;19.0;;=;36.0
7409409000;HS10;A base de cuivre-nickel (cupronickel) ou de cuivre-nickel-zinc (maillechort) - Autre;Copper - Other;Métallurgie;15.0;2.0;;19.0;;=;36.0
740990;HS6;En autres alliages de cuivre;Copper;;;;;;;;
7409901000;HS10;En autres alliages de cuivre;Copper;Métallurgie;15.0;2.0;;19.0;;=;36.0
7409902000;HS10;En autres alliages de cuivre;Copper;Métallurgie;15.0;2.0;;19.0;;=;36.0
7409909000;HS10;En autres alliages de cuivre - Autre;Copper - Other;Métallurgie;15.0;2.0;;19.0;;=;36.0
7410;RANGEE 10;Copper foil (whether or not printed or backed with paper, paperboard, plastics or similar backing materials) of a thickness (excluding any backing) not exceeding 0.15mm;;;;;;;;;
741011;HS6;En cuivre affiné;Copper;;;;;;;;
7410111000;HS10;Feuillesbandes minces de cuivre affiné sans support 0025 mm épaisseur 015 mm largeur 508 mm;Feuillesbandes minces de cuivre affiné sans support 0025 mm épaisseur 015 mm largeur 508 mm;Métallurgie;15.0;2.0;;19.0;;=;36.0
7410112000;HS10;En cuivre affiné;Copper;Métallurgie;15.0;2.0;;19.0;;=;36.0
7410119000;HS10;En cuivre affiné - Autre;Copper - Other;Métallurgie;15.0;2.0;;19.0;;=;36.0
741012;HS6;En alliages de cuivre;Copper;;;;;;;;
7410121000;HS10;Feuillesbandes minces dalliages de cuivre sans support 0025 mm épaisseur 015 mm largeur 508 mm;Feuillesbandes minces dalliages de cuivre sans support 0025 mm épaisseur 015 mm largeur 508 mm;Métallurgie;15.0;2.0;;19.0;;=;36.0
7410122000;HS10;En alliages de cuivre;Copper;Métallurgie;15.0;2.0;;19.0;;=;36.0
7410129000;HS10;En alliages de cuivre - Autre;Copper - Other;Métallurgie;15.0;2.0;;19.0;;=;36.0
741021;HS6;En cuivre affiné;Copper;;;;;;;;
7410211000;HS10;Feuillesbandes minces de cuivre affiné sur support papiercarton;Feuillesbandes minces de cuivre affiné sur support papiercarton;Métallurgie;15.0;2.0;;19.0;;=;36.0
7410212000;HS10;Feuillesbandes minces de cuivre affiné sur support plastique;Feuillesbandes minces de cuivre affiné sur support plastique;Métallurgie;15.0;2.0;;19.0;;=;36.0
7410219000;HS10;En cuivre affiné - Autre;Copper - Other;Métallurgie;15.0;2.0;;19.0;;=;36.0
741022;HS6;En alliages de cuivre;Copper;;;;;;;;
7410221000;HS10;Feuillesbandes minces dalliages de cuivre sur support papiercarton;Feuillesbandes minces dalliages de cuivre sur support papiercarton;Métallurgie;15.0;2.0;;19.0;;=;36.0
7410222000;HS10;Feuillesbandes minces dalliages de cuivre sur support plastique;Feuillesbandes minces dalliages de cuivre sur support plastique;Métallurgie;15.0;2.0;;19.0;;=;36.0
7410229000;HS10;En alliages de cuivre - Autre;Copper - Other;Métallurgie;15.0;2.0;;19.0;;=;36.0
7411;RANGEE 11;Copper tubes and pipes;;;;;;;;;
741110;HS6;En cuivre affiné;Copper;;;;;;;;
7411101000;HS10;Tubes et tuyaux en cuivre affiné pour plomberie;Tubes et tuyaux en cuivre affiné pour plomberie;Métallurgie;15.0;2.0;;19.0;;=;36.0
7411102000;HS10;Tubes et tuyaux en cuivre affiné pour réfrigérationclimatisation;Tubes et tuyaux en cuivre affiné pour réfrigérationclimatisation;Métallurgie;15.0;2.0;;19.0;;=;36.0
7411109000;HS10;En cuivre affiné - Autre;Copper - Other;Métallurgie;15.0;2.0;;19.0;;=;36.0
741121;HS6;A base de cuivre-zinc (laiton);Copper;;;;;;;;
7411211000;HS10;Tubes et tuyaux en laiton pour plomberie;Tubes et tuyaux en laiton pour plomberie;Métallurgie;15.0;2.0;;19.0;;=;36.0
7411212000;HS10;Tubes et tuyaux en laiton pour réfrigérationclimatisation;Tubes et tuyaux en laiton pour réfrigérationclimatisation;Métallurgie;15.0;2.0;;19.0;;=;36.0
7411219000;HS10;A base de cuivre-zinc (laiton) - Autre;Copper - Other;Métallurgie;15.0;2.0;;19.0;;=;36.0
741122;HS6;A base de cuivre-nickel (cupronickel) ou de cuivre-nickel-zinc (maillechort);Copper;;;;;;;;
7411221000;HS10;En alliages de cuivre a base de cuivre nickel cupronickel ou de cuivre nickel zinc maillechort pour plomberie eau et gaz;En alliages de cuivre a base de cuivre nickel cupronickel ou de cuivre nickel zinc maillechort pour plomberie eau et gaz;Métallurgie;15.0;2.0;;19.0;;=;36.0
7411222000;HS10;En alliages de cuivre a base de cuivre nickel cupronickel ou de cuivre nickel zinc maillechort pour refrigeration ou climatisation;En alliages de cuivre a base de cuivre nickel cupronickel ou de cuivre nickel zinc maillechort pour refrigeration ou climatisation;Métallurgie;15.0;2.0;;19.0;;=;36.0
7411229000;HS10;A base de cuivre-nickel (cupronickel) ou de cuivre-nickel-zinc (maillechort) - Autre;Copper - Other;Métallurgie;15.0;2.0;;19.0;;=;36.0
741129;HS6;Autres;Copper;;;;;;;;
7411291000;HS10;En alliages de cuivre autres pour plomberie eau et gaz;En alliages de cuivre autres pour plomberie eau et gaz;Métallurgie;15.0;2.0;;19.0;;=;36.0
7411292000;HS10;En alliages de cuivre autres pour refrigeration ou climatisation;En alliages de cuivre autres pour refrigeration ou climatisation;Métallurgie;15.0;2.0;;19.0;;=;36.0
7411299000;HS10;Autres - Autre;Copper - Other;Métallurgie;15.0;2.0;;19.0;;=;36.0
7412;RANGEE 12;"Copper; tube or pipe fittings (e.g. couplings, elbows, sleeves)";;;;;;;;;
741210;HS6;En cuivre affiné;Copper;;;;;;;;
7412101000;HS10;En cuivre affine brides;En cuivre affine brides;Métallurgie;15.0;2.0;;19.0;;=;36.0
7412102000;HS10;En cuivre affine coudes courbes et manchons filetes;En cuivre affine coudes courbes et manchons filetes;Métallurgie;15.0;2.0;;19.0;;=;36.0
7412109000;HS10;En cuivre affiné - Autre;Copper - Other;Métallurgie;15.0;2.0;;19.0;;=;36.0
741220;HS6;En alliages de cuivre;Copper;;;;;;;;
7412201000;HS10;En alliages de cuivre brides;En alliages de cuivre brides;Métallurgie;15.0;2.0;;19.0;;=;36.0
7412202000;HS10;En alliages de cuivre coudes courbes et manchons filetes;En alliages de cuivre coudes courbes et manchons filetes;Métallurgie;15.0;2.0;;19.0;;=;36.0
7412209000;HS10;En alliages de cuivre - Autre;Copper - Other;Métallurgie;15.0;2.0;;19.0;;=;36.0
7413;RANGEE 13;"Copper; stranded wire, cables, plaited bands and the like, not electrically insulated";;;;;;;;;
741300;HS6;Torons;Copper;;;;;;;;
7413001000;HS10;Torons et cables;Torons et cables;Métallurgie;15.0;2.0;;19.0;;=;36.0
7413002000;HS10;Torons;Copper;Métallurgie;15.0;2.0;;19.0;;=;36.0
7413009000;HS10;Torons - Autre;Copper - Other;Métallurgie;15.0;2.0;;19.0;;=;36.0
7415;RANGEE 15;"Copper, nails, tacks, drawing pins, staples (not those of heading no. 8305) and the like, of copper or iron or steel with heads of copper; screws bolts, nuts, screws hooks, rivets, cotters, washers";;;;;;;;;
741510;HS6;Pointes et clous;Copper;;;;;;;;
7415101000;HS10;Pointes et clous;Copper;Métallurgie;15.0;2.0;;19.0;;=;36.0
7415102000;HS10;Pointes et clous;Copper;Métallurgie;15.0;2.0;;19.0;;=;36.0
7415109000;HS10;Pointes et clous - Autre;Copper - Other;Métallurgie;15.0;2.0;;19.0;;=;36.0
741521;HS6;Rondelles (y compris les rondelles destinées à faire ressort);Copper;;;;;;;;
7415211000;HS10;Autres articles non filetes rondelles y compris les rondelles destinees a faire ressort destinees a la fixation du materiel orthopedique ou a des usages medicaux etou chirurgicaux;Autres articles non filetes rondelles y compris les rondelles destinees a faire ressort destinees a la fixation du materiel orthopedique ou a des usages medicaux etou chirurgicaux;Métallurgie;15.0;2.0;;19.0;;=;36.0
7415212000;HS10;Rondelles (y compris les rondelles destinées à faire ressort);Copper;Métallurgie;15.0;2.0;;19.0;;=;36.0
7415219000;HS10;Rondelles (y compris les rondelles destinées à faire ressort) - Autre;Copper - Other;Métallurgie;15.0;2.0;;19.0;;=;36.0
741529;HS6;Autres;Copper;;;;;;;;
7415291000;HS10;Autres articles non filetes autres destinees a la fixation du materiel orthopedique ou a des usages medicaux etou chirurgicaux;Autres articles non filetes autres destinees a la fixation du materiel orthopedique ou a des usages medicaux etou chirurgicaux;Métallurgie;15.0;2.0;;19.0;;=;36.0
7415292000;HS10;Autres;Copper;Métallurgie;15.0;2.0;;19.0;;=;36.0
7415299000;HS10;Autres - Autre;Copper - Other;Métallurgie;15.0;2.0;;19.0;;=;36.0
741533;HS6;Vis;boulons et écrous;;;;;;;;
7415331000;HS10;Autres articles filetes vis boulons et ecrous destinees a la fixation du materiel orthopedique ou a des usages medicaux etou chirurgicaux;Autres articles filetes vis boulons et ecrous destinees a la fixation du materiel orthopedique ou a des usages medicaux etou chirurgicaux;Métallurgie;15.0;2.0;;19.0;;=;36.0
7415332000;HS10;Vis;boulons et écrous;Métallurgie;15.0;2.0;;19.0;;=;36.0
7415339000;HS10;Vis - Autre;boulons et écrous - Other;Métallurgie;15.0;2.0;;19.0;;=;36.0
741539;HS6;Autres;Copper;;;;;;;;
7415391000;HS10;Autres articles filetes autres destinees a la fixation du materiel orthopedique ou a des usages medicaux etou chirurgicaux;Autres articles filetes autres destinees a la fixation du materiel orthopedique ou a des usages medicaux etou chirurgicaux;Métallurgie;15.0;2.0;;19.0;;=;36.0
7415392000;HS10;Autres;Copper;Métallurgie;15.0;2.0;;19.0;;=;36.0
7415399000;HS10;Autres - Autre;Copper - Other;Métallurgie;15.0;2.0;;19.0;;=;36.0
7418;RANGEE 18;"Copper; table, kitchen or other household articles and parts thereof; pot scourers, scouring, polishing pads, gloves and the like; sanitary ware and parts thereof";;;;;;;;;
741810;HS6;Articles de ménage ou d'économie domestique et leurs parties;éponges;;;;;;;;
7418101000;HS10;Articles de menage ou deconomie domestique et leurs parties eponges torchons gants et articles similaires pour le recurage le polissage ou usages analogues appareils non électriques de cuisson ou de chauffage des types servant a des usages domestiques et leurs parties;Articles de menage ou deconomie domestique et leurs parties eponges torchons gants et articles similaires pour le recurage le polissage ou usages analogues appareils non electriques de cuisson ou de chauffage des types servant a des usages domestiques et leurs parties;Métallurgie;15.0;2.0;;19.0;;=;36.0
7418102000;HS10;Articles de menage ou deconomie domestique et leurs parties eponges torchons gants et articles similaires pour le recurage le polissage ou usages analogues eponges torchons gants et articles similaires pour le recurage le polissage ou usages analogues;Articles de menage ou deconomie domestique et leurs parties eponges torchons gants et articles similaires pour le recurage le polissage ou usages analogues eponges torchons gants et articles similaires pour le recurage le polissage ou usages analogues;Métallurgie;15.0;2.0;;19.0;;=;36.0
7418109000;HS10;Articles de ménage ou d'économie domestique et leurs parties - Autre;éponges - Other;Métallurgie;15.0;2.0;;19.0;;=;36.0
741820;HS6;Articles d'hygiène ou de toilettes et leurs parties;Copper;;;;;;;;
7418201000;HS10;Articles dhygiene ou de toilette et leurs parties articles complets;Articles dhygiene ou de toilette et leurs parties articles complets;Métallurgie;15.0;2.0;;19.0;;=;36.0
7418202000;HS10;Articles dhygiene ou de toilette et leurs parties parties;Articles dhygiene ou de toilette et leurs parties parties;Métallurgie;15.0;2.0;;19.0;;=;36.0
7418209000;HS10;Articles d'hygiène ou de toilettes et leurs parties - Autre;Copper - Other;Métallurgie;15.0;2.0;;19.0;;=;36.0
7419;RANGEE 19;"Copper; articles thereof n.e.c. in chapter 74";;;;;;;;;
741920;HS6;Coulés;Copper;;;;;;;;
7419201000;HS10;Coules moules estampes ou forges mais non autrement travailles chaines chainettes et leurs parties;Coules moules estampes ou forges mais non autrement travailles chaines chainettes et leurs parties;Métallurgie;15.0;2.0;;19.0;;=;36.0
7419202000;HS10;Coulés;Copper;Métallurgie;15.0;2.0;;19.0;;=;36.0
7419209000;HS10;Coulés - Autre;Copper - Other;Métallurgie;15.0;2.0;;19.0;;=;36.0
741980;HS6;Autres;Copper;;;;;;;;
7419801000;HS10;Autres bonbonnieres boîtes a poudre ou a fard etuis a cigarette ou a cigares etc gaines dores ou argentes;Autres bonbonnieres boites a poudre ou a fard etuis a cigarette ou a cigares etc gaines dores ou argentes;Métallurgie;15.0;2.0;;19.0;;=;36.0
7419802000;HS10;Autres reservoirs foudres cuves etc;Autres reservoirs foudres cuves etc;Métallurgie;15.0;2.0;;19.0;;=;36.0
7419809000;HS10;Autres - Autre;Copper - Other;Métallurgie;15.0;2.0;;19.0;;=;36.0
CHAPITRE 75;CHAPITRE;Nickel;;;;;;;;;
7501;RANGEE 01;"Nickel mattes; nickel oxide sinters and other intermediate products of nickel metallurgy";;;;;;;;;
750110;HS6;Mattes de nickel;Nickel;;;;;;;;
7501101000;HS10;Mattes de nickel sous forme de plaques ou de blocs coules;Mattes de nickel sous forme de plaques ou de blocs coules;Métallurgie;15.0;2.0;;19.0;;910 Déclaration d'Importation du Produit | 210 Autorisation de Libre Circulation;36.0
7501102000;HS10;Mattes de nickel sous forme de granules ou de poudres;Mattes de nickel sous forme de granules ou de poudres;Métallurgie;15.0;2.0;;19.0;;=;36.0
7501109000;HS10;Mattes de nickel - Autre;Nickel - Other;Métallurgie;15.0;2.0;;19.0;;=;36.0
750120;HS6;Sinters d'oxydes de nickel et autres produits de la métallurgie du nickel;Nickel;;;;;;;;
7501201000;HS10;Sinters doxydes de nickel et autres produits intermediaires de la metallurgie du nickel sinters doxydes de nickel;Sinters doxydes de nickel et autres produits intermediaires de la metallurgie du nickel sinters doxydes de nickel;Métallurgie;15.0;2.0;;19.0;;=;36.0
7501202000;HS10;Sinters doxydes de nickel et autres produits intermediaires de la metallurgie du nickel autres produits intermediaires de la metallurgie du nickel;Sinters doxydes de nickel et autres produits intermediaires de la metallurgie du nickel autres produits intermediaires de la metallurgie du nickel;Métallurgie;15.0;2.0;;19.0;;=;36.0
7501209000;HS10;Sinters d'oxydes de nickel et autres produits de la métallurgie du nickel - Autre;Nickel - Other;Métallurgie;15.0;2.0;;19.0;;=;36.0
7502;RANGEE 02;"Nickel; unwrought";;;;;;;;;
750210;HS6;Nickel non allié;Nickel;;;;;;;;
7502101000;HS10;Nickel non allie cathodes;Nickel non allie cathodes;Métallurgie;15.0;2.0;;19.0;;=;36.0
7502102000;HS10;Nickel non allie lingots;Nickel non allie lingots;Métallurgie;15.0;2.0;;19.0;;=;36.0
7502109000;HS10;Nickel non allié - Autre;Nickel - Other;Métallurgie;15.0;2.0;;19.0;;=;36.0
750220;HS6;Alliages de nickel;Nickel;;;;;;;;
7502201000;HS10;Alliages de nickel cathodes;Alliages de nickel cathodes;Métallurgie;15.0;2.0;;19.0;;=;36.0
7502202000;HS10;Alliages de nickel lingots;Alliages de nickel lingots;Métallurgie;15.0;2.0;;19.0;;=;36.0
7502209000;HS10;Alliages de nickel - Autre;Nickel - Other;Métallurgie;15.0;2.0;;19.0;;=;36.0
7503;RANGEE 03;"Nickel; waste and scrap";;;;;;;;;
750300;HS6;Déchets et débris du nickel;Nickel;;;;;;;;
7503001000;HS10;De nickel non allie;De nickel non allie;Métallurgie;15.0;2.0;;19.0;;=;36.0
7503002000;HS10;Dalliages de nickel;Dalliages de nickel;Métallurgie;15.0;2.0;;19.0;;=;36.0
7503009000;HS10;Déchets et débris du nickel - Autre;Nickel - Other;Métallurgie;15.0;2.0;;19.0;;=;36.0
7504;RANGEE 04;"Nickel; powders and flakes";;;;;;;;;
750400;HS6;Poudres et paillettes de nickel;Nickel;;;;;;;;
7504001000;HS10;De nickel non allie;De nickel non allie;Métallurgie;15.0;2.0;;19.0;;=;36.0
7504002000;HS10;Dalliages de nickel;Dalliages de nickel;Métallurgie;15.0;2.0;;19.0;;=;36.0
7504009000;HS10;Poudres et paillettes de nickel - Autre;Nickel - Other;Métallurgie;15.0;2.0;;19.0;;=;36.0
7505;RANGEE 05;"Nickel; bars, rods, profiles and wire";;;;;;;;;
750511;HS6;En nickel non allié;Nickel;;;;;;;;
7505111000;HS10;Barres et profilés en nickel non allie profilés;Barres et profiles en nickel non allie profiles;Métallurgie;15.0;2.0;;19.0;;=;36.0
7505112000;HS10;Barres et profilés en nickel non allie barres;Barres et profiles en nickel non allie barres;Métallurgie;15.0;2.0;;19.0;;=;36.0
7505119000;HS10;En nickel non allié - Autre;Nickel - Other;Métallurgie;15.0;2.0;;19.0;;=;36.0
750512;HS6;En alliages de nickel;Nickel;;;;;;;;
7505121000;HS10;Barres et profilés en alliages de nickel profilés;Barres et profiles en alliages de nickel profiles;Métallurgie;15.0;2.0;;19.0;;=;36.0
7505122000;HS10;Barres et profilés en alliages de nickel barres;Barres et profiles en alliages de nickel barres;Métallurgie;15.0;2.0;;19.0;;=;36.0
7505129000;HS10;En alliages de nickel - Autre;Nickel - Other;Métallurgie;15.0;2.0;;19.0;;=;36.0
750521;HS6;En nickel non allié;Nickel;;;;;;;;
7505211000;HS10;Fils en nickel non allie non dores ni argentes;Fils en nickel non allie non dores ni argentes;Métallurgie;15.0;2.0;;19.0;;=;36.0
7505212000;HS10;Fils en nickel non allie dores ou argentes;Fils en nickel non allie dores ou argentes;Métallurgie;15.0;2.0;;19.0;;=;36.0
7505219000;HS10;En nickel non allié - Autre;Nickel - Other;Métallurgie;15.0;2.0;;19.0;;=;36.0
750522;HS6;En alliage de nickel;Nickel;;;;;;;;
7505221000;HS10;Fils en alliages de nickel non dores ni argentes;Fils en alliages de nickel non dores ni argentes;Métallurgie;15.0;2.0;;19.0;;=;36.0
7505222000;HS10;Fils en alliages de nickel dores ou argentes;Fils en alliages de nickel dores ou argentes;Métallurgie;15.0;2.0;;19.0;;=;36.0
7505229000;HS10;En alliage de nickel - Autre;Nickel - Other;Métallurgie;15.0;2.0;;19.0;;=;36.0
7506;RANGEE 06;"Nickel; plates, sheets, strip and foil";;;;;;;;;
750610;HS6;En nickel non allié;Nickel;;;;;;;;
7506101000;HS10;En nickel non allie dune épaisseur nexcedant pas 015 mm;En nickel non allie dune epaisseur nexcedant pas 015 mm;Métallurgie;15.0;2.0;;19.0;;=;36.0
7506102000;HS10;En nickel non allié;Nickel;Métallurgie;15.0;2.0;;19.0;;=;36.0
7506109000;HS10;En nickel non allié - Autre;Nickel - Other;Métallurgie;15.0;2.0;;19.0;;=;36.0
750620;HS6;En alliages de nickel;Nickel;;;;;;;;
7506201000;HS10;En alliages de nickel dune épaisseur nexcedant pas 015 mm;En alliages de nickel dune epaisseur nexcedant pas 015 mm;Métallurgie;15.0;2.0;;19.0;;=;36.0
7506202000;HS10;En alliages de nickel;Nickel;Métallurgie;15.0;2.0;;19.0;;=;36.0
7506209000;HS10;En alliages de nickel - Autre;Nickel - Other;Métallurgie;15.0;2.0;;19.0;;=;36.0
7507;RANGEE 07;"Nickel; tubes, pipes and tube or pipe fittings (e.g. couplings, elbows, sleeves)";;;;;;;;;
750711;HS6;En nickel non allié;Nickel;;;;;;;;
7507111000;HS10;En nickel non allié;Nickel;Métallurgie;15.0;2.0;;19.0;;=;36.0
7507112000;HS10;En nickel non allié;Nickel;Métallurgie;15.0;2.0;;19.0;;=;36.0
7507119000;HS10;En nickel non allié - Autre;Nickel - Other;Métallurgie;15.0;2.0;;19.0;;=;36.0
750712;HS6;En alliages de nickel;Nickel;;;;;;;;
7507121000;HS10;En alliages de nickel;Nickel;Métallurgie;15.0;2.0;;19.0;;=;36.0
7507122000;HS10;En alliages de nickel;Nickel;Métallurgie;15.0;2.0;;19.0;;=;36.0
7507129000;HS10;En alliages de nickel - Autre;Nickel - Other;Métallurgie;15.0;2.0;;19.0;;=;36.0
750720;HS6;Accessoires de tuyauterie;Nickel;;;;;;;;
7507201000;HS10;Accessoires de tuyauterie;Nickel;Métallurgie;15.0;2.0;;19.0;;=;36.0
7507202000;HS10;Accessoires de tuyauterie;Nickel;Métallurgie;15.0;2.0;;19.0;;=;36.0
7507209000;HS10;Accessoires de tuyauterie - Autre;Nickel - Other;Métallurgie;15.0;2.0;;19.0;;=;36.0
7508;RANGEE 08;"Nickel; articles thereof n.e.c. in chapter 75";;;;;;;;;
750810;HS6;Toiles métalliques et grillage;Nickel;;;;;;;;
7508101000;HS10;Toiles métalliques et grillage;Nickel;Métallurgie;15.0;2.0;;19.0;;=;36.0
7508102000;HS10;Toiles métalliques et grillage;Nickel;Métallurgie;15.0;2.0;;19.0;;=;36.0
7508109000;HS10;Toiles métalliques et grillage - Autre;Nickel - Other;Métallurgie;15.0;2.0;;19.0;;=;36.0
750890;HS6;Autres;Nickel;;;;;;;;
7508901000;HS10;Autres anodes pour nickelage y compris celles obtenues par electrolyse;Autres anodes pour nickelage y compris celles obtenues par electrolyse;Métallurgie;15.0;2.0;;19.0;;=;36.0
7508902000;HS10;Autres articles de menage dhygiene ou deconomie domestique;Autres articles de menage dhygiene ou deconomie domestique;Métallurgie;15.0;2.0;;19.0;;=;36.0
7508909000;HS10;Autres - Autre;Nickel - Other;Métallurgie;15.0;2.0;;19.0;;=;36.0
CHAPITRE 76;CHAPITRE;Aluminium;;;;;;;;;
7601;RANGEE 01;"Aluminium; unwrought";;;;;;;;;
760110;HS6;Aluminium non allié;Aluminium;;;;;;;;
7601101000;HS10;Aluminium non allie billettes;Aluminium non allie billettes;Métallurgie;15.0;2.0;;19.0;;910 Déclaration d'Importation du Produit | 210 Autorisation de Libre Circulation;36.0
7601102000;HS10;Aluminium non allie lingots;Aluminium non allie lingots;Métallurgie;15.0;2.0;;19.0;;=;36.0
7601109000;HS10;Aluminium non allié - Autre;Aluminium - Other;Métallurgie;15.0;2.0;;19.0;;=;36.0
760120;HS6;Alliages d'aluminium;Aluminium;;;;;;;;
7601201000;HS10;Alliages daluminium billettes;Alliages daluminium billettes;Métallurgie;15.0;2.0;;19.0;;=;36.0
7601202000;HS10;Alliages daluminium lingots;Alliages daluminium lingots;Métallurgie;15.0;2.0;;19.0;;=;36.0
7601209000;HS10;Alliages d'aluminium - Autre;Aluminium - Other;Métallurgie;15.0;2.0;;19.0;;=;36.0
7602;RANGEE 02;"Aluminium; waste and scrap";;;;;;;;;
760200;HS6;Déchets et débris d'aluminium;Aluminium;;;;;;;;
7602001000;HS10;Déchets et débris d'aluminium;Aluminium;Métallurgie;15.0;2.0;;19.0;;=;36.0
7602002000;HS10;Debris;Debris;Métallurgie;15.0;2.0;;19.0;;=;36.0
7602009000;HS10;Déchets et débris d'aluminium - Autre;Aluminium - Other;Métallurgie;15.0;2.0;;19.0;;=;36.0
7603;RANGEE 03;"Aluminium; powders and flakes";;;;;;;;;
760310;HS6;Poudres à structure non lamellaire;Aluminium;;;;;;;;
7603101000;HS10;Poudres à structure non lamellaire;Aluminium;Métallurgie;15.0;2.0;;19.0;;=;36.0
7603102000;HS10;Poudres à structure non lamellaire;Aluminium;Métallurgie;15.0;2.0;;19.0;;=;36.0
7603109000;HS10;Poudres à structure non lamellaire - Autre;Aluminium - Other;Métallurgie;15.0;2.0;;19.0;;=;36.0
760320;HS6;Poudres à structure lamellaire;paillettes;;;;;;;;
7603201000;HS10;Poudres a structure lamellaire paillettes poudres a structure lamellaire;Poudres a structure lamellaire paillettes poudres a structure lamellaire;Métallurgie;15.0;2.0;;19.0;;=;36.0
7603202000;HS10;Poudres a structure lamellaire paillettes paillettes;Poudres a structure lamellaire paillettes paillettes;Métallurgie;15.0;2.0;;19.0;;=;36.0
7603209000;HS10;Poudres à structure lamellaire - Autre;paillettes - Other;Métallurgie;15.0;2.0;;19.0;;=;36.0
7604;RANGEE 04;"Aluminium; bars, rods and profiles";;;;;;;;;
760410;HS6;En aluminium non allié;Aluminium;;;;;;;;
7604101000;HS10;En aluminium non allié;Aluminium;Métallurgie;15.0;2.0;;19.0;;=;36.0
7604102000;HS10;En aluminium non allié;Aluminium;Métallurgie;15.0;2.0;;19.0;;=;36.0
7604109000;HS10;En aluminium non allié - Autre;Aluminium - Other;Métallurgie;15.0;2.0;;19.0;;=;36.0
760421;HS6;Profilés creux;Aluminium;;;;;;;;
7604211000;HS10;Profilés creux;Aluminium;Métallurgie;15.0;2.0;;19.0;;=;36.0
7604212000;HS10;Profilés creux;Aluminium;Métallurgie;15.0;2.0;;19.0;;=;36.0
7604219000;HS10;Profilés creux - Autre;Aluminium - Other;Métallurgie;15.0;2.0;;19.0;;=;36.0
760429;HS6;Autres;Aluminium;;;;;;;;
7604291000;HS10;Autres;Aluminium;Métallurgie;15.0;2.0;;19.0;;=;36.0
7604292000;HS10;Autres;Aluminium;Métallurgie;15.0;2.0;;19.0;;=;36.0
7604299000;HS10;Autres - Autre;Aluminium - Other;Métallurgie;15.0;2.0;;19.0;;=;36.0
7605;RANGEE 05;Aluminium wire;;;;;;;;;
760511;HS6;Dont la plus grande dimension de la section transversale excède 7 mm;Aluminium;;;;;;;;
7605111000;HS10;En aluminium non allie dont la plus grande dimension de la section transversale excede 7 mm dont la plus grande dimension de la coupe transversale excede 7 mm mais nexcede pas 15 mm;En aluminium non allie dont la plus grande dimension de la section transversale excede 7 mm dont la plus grande dimension de la coupe transversale excede 7 mm mais nexcede pas 15 mm;Métallurgie;15.0;2.0;;19.0;;=;36.0
7605112000;HS10;En aluminium non allie dont la plus grande dimension de la section transversale excede 7 mm dont la plus grande dimension de la coupe transversale excede 15 mm;En aluminium non allie dont la plus grande dimension de la section transversale excede 7 mm dont la plus grande dimension de la coupe transversale excede 15 mm;Métallurgie;15.0;2.0;;19.0;;=;36.0
7605119000;HS10;Dont la plus grande dimension de la section transversale excède 7 mm - Autre;Aluminium - Other;Métallurgie;15.0;2.0;;19.0;;=;36.0
760519;HS6;Autres;Aluminium;;;;;;;;
7605191000;HS10;En aluminium non allie autres fils dont la plus grande dimension de la coupe transversale nexcede pas 6 mm;En aluminium non allie autres fils dont la plus grande dimension de la coupe transversale nexcede pas 6 mm;Métallurgie;15.0;2.0;;19.0;;=;36.0
7605192000;HS10;Autres;Aluminium;Métallurgie;15.0;2.0;;19.0;;=;36.0
7605199000;HS10;Autres - Autre;Aluminium - Other;Métallurgie;15.0;2.0;;19.0;;=;36.0
760521;HS6;Dont la plus grande dimension de la section transversale excède 7 mm;Aluminium;;;;;;;;
7605211000;HS10;En alliages daluminium dont la plus grande dimension de la section transversale excede 7 mm dont la plus grande dimension de la coupe transversale excede 7 mm mais nexcede pas 15 mm;En alliages daluminium dont la plus grande dimension de la section transversale excede 7 mm dont la plus grande dimension de la coupe transversale excede 7 mm mais nexcede pas 15 mm;Métallurgie;15.0;2.0;;19.0;;=;36.0
7605212000;HS10;En alliages daluminium dont la plus grande dimension de la section transversale excede 7 mm dont la plus grande dimension de la coupe transversale excede 15 mm;En alliages daluminium dont la plus grande dimension de la section transversale excede 7 mm dont la plus grande dimension de la coupe transversale excede 15 mm;Métallurgie;15.0;2.0;;19.0;;=;36.0
7605219000;HS10;Dont la plus grande dimension de la section transversale excède 7 mm - Autre;Aluminium - Other;Métallurgie;15.0;2.0;;19.0;;=;36.0
760529;HS6;Autres;Aluminium;;;;;;;;
7605291000;HS10;En alliages daluminium autres fils dont la plus grande dimension de la coupe transversale nexcede pas 6 mm;En alliages daluminium autres fils dont la plus grande dimension de la coupe transversale nexcede pas 6 mm;Métallurgie;15.0;2.0;;19.0;;=;36.0
7605292000;HS10;Autres;Aluminium;Métallurgie;15.0;2.0;;19.0;;=;36.0
7605299000;HS10;Autres - Autre;Aluminium - Other;Métallurgie;15.0;2.0;;19.0;;=;36.0
7606;RANGEE 06;"Aluminium; plates, sheets and strip, thickness exceeding 0.2mm";;;;;;;;;
760611;HS6;En aluminium non allié;Aluminium;;;;;;;;
7606111000;HS10;De forme carree ou rectangulaire en aluminium non allie peintes vernies ou revetues de matieres plastiques;De forme carree ou rectangulaire en aluminium non allie peintes vernies ou revetues de matieres plastiques;Métallurgie;15.0;2.0;;19.0;;=;36.0
7606112000;HS10;En aluminium non allié;Aluminium;Métallurgie;15.0;2.0;;19.0;;=;36.0
7606119000;HS10;En aluminium non allié - Autre;Aluminium - Other;Métallurgie;15.0;2.0;;19.0;;=;36.0
760612;HS6;En alliages d'aluminium;Aluminium;;;;;;;;
7606121000;HS10;De forme carree ou rectangulaire en alliages daluminium peintes vernies ou revetues de matieres plastiques;De forme carree ou rectangulaire en alliages daluminium peintes vernies ou revetues de matieres plastiques;Métallurgie;15.0;2.0;;19.0;;=;36.0
7606122000;HS10;En alliages d'aluminium;Aluminium;Métallurgie;15.0;2.0;;19.0;;=;36.0
7606129000;HS10;En alliages d'aluminium - Autre;Aluminium - Other;Métallurgie;15.0;2.0;;19.0;;=;36.0
760691;HS6;En aluminium non allié;Aluminium;;;;;;;;
7606911000;HS10;En aluminium non allié;Aluminium;Métallurgie;15.0;2.0;;19.0;;=;36.0
7606912000;HS10;En aluminium non allié;Aluminium;Métallurgie;15.0;2.0;;19.0;;=;36.0
7606919000;HS10;En aluminium non allié - Autre;Aluminium - Other;Métallurgie;15.0;2.0;;19.0;;=;36.0
760692;HS6;En alliages d'aluminium;Aluminium;;;;;;;;
7606921000;HS10;En alliages d'aluminium;Aluminium;Métallurgie;15.0;2.0;;19.0;;=;36.0
7606922000;HS10;En alliages d'aluminium;Aluminium;Métallurgie;15.0;2.0;;19.0;;=;36.0
7606929000;HS10;En alliages d'aluminium - Autre;Aluminium - Other;Métallurgie;15.0;2.0;;19.0;;=;36.0
7607;RANGEE 07;Aluminium foil (whether or not printed or backed with paper, paperboard, plastics or similar backing materials) of a thickness (excluding any backing) not exceeding 0.2mm;;;;;;;;;
760711;HS6;Simplement laminées;Aluminium;;;;;;;;
7607111000;HS10;Simplement laminées;Aluminium;Métallurgie;15.0;2.0;;19.0;;=;36.0
7607112000;HS10;Simplement laminées;Aluminium;Métallurgie;15.0;2.0;;19.0;;=;36.0
7607119000;HS10;Simplement laminées - Autre;Aluminium - Other;Métallurgie;15.0;2.0;;19.0;;=;36.0
760719;HS6;Autres;Aluminium;;;;;;;;
7607191000;HS10;Autres;Aluminium;Métallurgie;15.0;2.0;;19.0;;=;36.0
7607192000;HS10;Autres;Aluminium;Métallurgie;15.0;2.0;;19.0;;=;36.0
7607199000;HS10;Autres - Autre;Aluminium - Other;Métallurgie;15.0;2.0;;19.0;;=;36.0
760720;HS6;Sur support;Aluminium;;;;;;;;
7607201000;HS10;Sur support;Aluminium;Métallurgie;15.0;2.0;;19.0;;=;36.0
7607202000;HS10;Sur support;Aluminium;Métallurgie;15.0;2.0;;19.0;;=;36.0
7607209000;HS10;Sur support - Autre;Aluminium - Other;Métallurgie;15.0;2.0;;19.0;;=;36.0
7608;RANGEE 08;"Aluminium; tubes and pipes";;;;;;;;;
760810;HS6;En aluminium non allié;Aluminium;;;;;;;;
7608101000;HS10;En aluminium non allie revêtus;En aluminium non allie revetus;Métallurgie;15.0;2.0;;19.0;;=;36.0
7608102000;HS10;En aluminium non allié;Aluminium;Métallurgie;15.0;2.0;;19.0;;=;36.0
7608109000;HS10;En aluminium non allié - Autre;Aluminium - Other;Métallurgie;15.0;2.0;;19.0;;=;36.0
760820;HS6;En alliages d'aluminium;Aluminium;;;;;;;;
7608201000;HS10;En alliages daluminium revêtus;En alliages daluminium revetus;Métallurgie;15.0;2.0;;19.0;;=;36.0
7608202000;HS10;En alliages d'aluminium;Aluminium;Métallurgie;15.0;2.0;;19.0;;=;36.0
7608209000;HS10;En alliages d'aluminium - Autre;Aluminium - Other;Métallurgie;15.0;2.0;;19.0;;=;36.0
7609;RANGEE 09;"Aluminium; tube or pipe fittings (e.g. couplings, elbows, sleeves)";;;;;;;;;
760900;HS6;Accessoires de tuyauterie (raccords;Aluminium;;;;;;;;
7609001000;HS10;Brides;Brides;Métallurgie;15.0;2.0;;19.0;;=;36.0
7609002000;HS10;Coudes courbes et manchons filetes;Coudes courbes et manchons filetes;Métallurgie;15.0;2.0;;19.0;;=;36.0
7609009000;HS10;Accessoires de tuyauterie (raccords - Autre;Aluminium - Other;Métallurgie;15.0;2.0;;19.0;;=;36.0
7610;RANGEE 10;"Aluminium; structures (excluding prefabricated buildings of heading no. 9406) and parts (e.g. bridges and sections, towers, lattice masts, etc) plates, rods, profiles and tubes for structures";;;;;;;;;
761010;HS6;Portes;Aluminium;;;;;;;;
7610101000;HS10;Portes;Aluminium;Métallurgie;15.0;2.0;;19.0;;=;36.0
7610102000;HS10;Portes fenetre et leurs cadres chambranles et seuils fenetre et leurs cadres;Portes fenetre et leurs cadres chambranles et seuils fenetre et leurs cadres;Métallurgie;15.0;2.0;;19.0;;=;36.0
7610109000;HS10;Portes - Autre;Aluminium - Other;Métallurgie;15.0;2.0;;19.0;;=;36.0
761090;HS6;Autres;Aluminium;;;;;;;;
7610901000;HS10;Autres ponts et elements de ponts;Autres ponts et elements de ponts;Métallurgie;15.0;2.0;;19.0;;=;36.0
7610902000;HS10;Autres tours et pylones;Autres tours et pylones;Métallurgie;15.0;2.0;;19.0;;=;36.0
7610909000;HS10;Autres - Autre;Aluminium - Other;Métallurgie;15.0;2.0;;19.0;;=;36.0
7611;RANGEE 11;"Aluminium; reservoirs, tanks, vats and the like for material (not compressed or liquefied gas) of capacity over 300l, whether or not lined, heat-insulated, not fitted with mechanical, thermal equipment";;;;;;;;;
761100;HS6;Réservoirs;Aluminium;;;;;;;;
7611001000;HS10;Pour matieres gazeuse a lexception des gaz comprimes ou liquefies;Pour matieres gazeuse a lexception des gaz comprimes ou liquefies;Métallurgie;15.0;2.0;;19.0;;=;36.0
7611002000;HS10;Pour matieres liquides;Pour matieres liquides;Métallurgie;15.0;2.0;;19.0;;=;36.0
7611009000;HS10;Réservoirs - Autre;Aluminium - Other;Métallurgie;15.0;2.0;;19.0;;=;36.0
7612;RANGEE 12;Aluminium casks, drums, cans, boxes etc (including rigid, collapsible tubular containers), for materials other than compressed, liquefied gas, 300l capacity or less, lined, heat-insulated or not;;;;;;;;;
761210;HS6;Etuis tubulaires souples;Aluminium;;;;;;;;
7612101000;HS10;Etuis tubulaires souples;Aluminium;Métallurgie;15.0;2.0;;19.0;;=;36.0
7612102000;HS10;Etuis tubulaires souples;Aluminium;Métallurgie;15.0;2.0;;19.0;;=;36.0
7612109000;HS10;Etuis tubulaires souples - Autre;Aluminium - Other;Métallurgie;15.0;2.0;;19.0;;=;36.0
761290;HS6;Autres;Aluminium;;;;;;;;
7612901000;HS10;Autres pour lemballage des denrees alimentaires;Autres pour lemballage des denrees alimentaires;Métallurgie;15.0;2.0;;19.0;;=;36.0
7612902000;HS10;Autres pour lemballage de produits pharmaceutiques;Autres pour lemballage de produits pharmaceutiques;Métallurgie;15.0;2.0;;19.0;;=;36.0
7612909000;HS10;Autres - Autre;Aluminium - Other;Métallurgie;15.0;2.0;;19.0;;=;36.0
7613;RANGEE 13;"Aluminium; containers for compressed or liquefied gas";;;;;;;;;
761300;HS6;Récipients en aluminium pour gaz comprimés ou liquifiés;Aluminium;;;;;;;;
7613001000;HS10;Récipients en aluminium pour gaz comprimés ou liquifiés;Aluminium;Métallurgie;15.0;2.0;;19.0;;=;36.0
7613002000;HS10;Récipients en aluminium pour gaz comprimés ou liquifiés;Aluminium;Métallurgie;15.0;2.0;;19.0;;=;36.0
7613009000;HS10;Récipients en aluminium pour gaz comprimés ou liquifiés - Autre;Aluminium - Other;Métallurgie;15.0;2.0;;19.0;;=;36.0
7614;RANGEE 14;"Aluminium; stranded wire, cables, plaited bands and the like, (not electrically insulated)";;;;;;;;;
761410;HS6;Avec âme en acier;Aluminium;;;;;;;;
7614101000;HS10;Avec ame en acier torons et cables;Avec ame en acier torons et cables;Métallurgie;15.0;2.0;;19.0;;=;36.0
7614102000;HS10;Avec âme en acier;Aluminium;Métallurgie;15.0;2.0;;19.0;;=;36.0
7614109000;HS10;Avec âme en acier - Autre;Aluminium - Other;Métallurgie;15.0;2.0;;19.0;;=;36.0
761490;HS6;Autres;Aluminium;;;;;;;;
7614901000;HS10;Autres torons et cables;Autres torons et cables;Métallurgie;15.0;2.0;;19.0;;=;36.0
7614902000;HS10;Autres;Aluminium;Métallurgie;15.0;2.0;;19.0;;=;36.0
7614909000;HS10;Autres - Autre;Aluminium - Other;Métallurgie;15.0;2.0;;19.0;;=;36.0
7615;RANGEE 15;"Aluminium; table, kitchen or other household articles and parts thereof, pot scourers and scouring or polishing pads, gloves and the like, sanitary ware and parts thereof";;;;;;;;;
761510;HS6;Articles de ménage ou d'économie domestique et leurs parties;éponges;;;;;;;;
7615101000;HS10;Articles de menage ou deconomie domestique et leurs parties eponges torchons gants et articles similaires pour le recurage le polissage ou usages analogues eponges torchons gants et articles similaires pour le recurage le polissage ou usages analogues;Articles de menage ou deconomie domestique et leurs parties eponges torchons gants et articles similaires pour le recurage le polissage ou usages analogues eponges torchons gants et articles similaires pour le recurage le polissage ou usages analogues;Métallurgie;15.0;2.0;;19.0;;=;36.0
7615102000;HS10;Articles de menage ou deconomie domestique et leurs parties eponges torchons gants et articles similaires pour le recurage le polissage ou usages analogues rechauds et autres appareils pour la cuisson et le chauffageet leurs parties;Articles de menage ou deconomie domestique et leurs parties eponges torchons gants et articles similaires pour le recurage le polissage ou usages analogues rechauds et autres appareils pour la cuisson et le chauffageet leurs parties;Métallurgie;15.0;2.0;;19.0;;=;36.0
7615109000;HS10;Articles de ménage ou d'économie domestique et leurs parties - Autre;éponges - Other;Métallurgie;15.0;2.0;;19.0;;=;36.0
761520;HS6;Articles d'hygiène ou de toilette et leurs parties;Aluminium;;;;;;;;
7615201000;HS10;Articles dhygiene ou de toilette et leurs parties eviers et lavabos en aciers inoxydables;Articles dhygiene ou de toilette et leurs parties eviers et lavabos en aciers inoxydables;Métallurgie;15.0;2.0;;19.0;;=;36.0
7615202000;HS10;Articles dhygiene ou de toilette et leurs parties baignoires;Articles dhygiene ou de toilette et leurs parties baignoires;Métallurgie;15.0;2.0;;19.0;;=;36.0
7615209000;HS10;Articles d'hygiène ou de toilette et leurs parties - Autre;Aluminium - Other;Métallurgie;15.0;2.0;;19.0;;=;36.0
7616;RANGEE 16;"Aluminium; articles n.e.c. in chapter 76";;;;;;;;;
761610;HS6;Pointes;Aluminium;;;;;;;;
7616101000;HS10;Pointes clous crampons appointes vis boulons ecrous crochets a pas de vis rivets goupilles chevilles clavettes rondelles et articles similaires destines a la fixation du materiel orthopedique ou a des usages medicaux etou chirurgicaux;Pointes clous crampons appointes vis boulons ecrous crochets a pas de vis rivets goupilles chevilles clavettes rondelles et articles similaires destines a la fixation du materiel orthopedique ou a des usages medicaux etou chirurgicaux;Métallurgie;15.0;2.0;;19.0;;=;36.0
7616102000;HS10;Pointes clous crampons appointes vis boulons ecrous crochets a pas de vis rivets goupilles chevilles clavettes rondelles et articles similaires pour autres usages;Pointes clous crampons appointes vis boulons ecrous crochets a pas de vis rivets goupilles chevilles clavettes rondelles et articles similaires pour autres usages;Métallurgie;15.0;2.0;;19.0;;=;36.0
7616109000;HS10;Pointes - Autre;Aluminium - Other;Métallurgie;15.0;2.0;;19.0;;=;36.0
761691;HS6;Toiles métalliques;Aluminium;;;;;;;;
7616911000;HS10;Toiles métalliques;Aluminium;Métallurgie;15.0;2.0;;19.0;;=;36.0
7616912000;HS10;Toiles métalliques;Aluminium;Métallurgie;15.0;2.0;;19.0;;=;36.0
7616919000;HS10;Toiles métalliques - Autre;Aluminium - Other;Métallurgie;15.0;2.0;;19.0;;=;36.0
761699;HS6;Autres;Aluminium;;;;;;;;
7616991000;HS10;Autres autres poudriers bonbonnieres boîtes de poche etuis a fard etuis a cigarettes et articles similaires dores argentes ou emailles;Autres autres poudriers bonbonnieres boites de poche etuis a fard etuis a cigarettes et articles similaires dores argentes ou emailles;Métallurgie;15.0;2.0;;19.0;;=;36.0
7616992000;HS10;Autres autres toles et bandes deployees;Autres autres toles et bandes deployees;Métallurgie;15.0;2.0;;19.0;;=;36.0
7616999000;HS10;Autres - Autre;Aluminium - Other;Métallurgie;15.0;2.0;;19.0;;=;36.0
CHAPITRE 78;CHAPITRE;Plomb;;;;;;;;;
7801;RANGEE 01;"Lead; unwrought";;;;;;;;;
780110;HS6;Plomb affiné;Lead;;;;;;;;
7801101000;HS10;Plomb affine lingots;Plomb affine lingots;Métallurgie;15.0;2.0;;19.0;;910 Déclaration d'Importation du Produit | 210 Autorisation de Libre Circulation;36.0
7801102000;HS10;Plomb affiné;Lead;Métallurgie;15.0;2.0;;19.0;;=;36.0
7801109000;HS10;Plomb affiné - Autre;Lead - Other;Métallurgie;15.0;2.0;;19.0;;=;36.0
780191;HS6;Contenant de l'antimoine comme autre élément prédominant en poids;Lead;;;;;;;;
7801911000;HS10;Autres contenant de lantimoine comme autre element predominant en poids lingots;Autres contenant de lantimoine comme autre element predominant en poids lingots;Métallurgie;15.0;2.0;;19.0;;=;36.0
7801912000;HS10;Contenant de l'antimoine comme autre élément prédominant en poids;Lead;Métallurgie;15.0;2.0;;19.0;;=;36.0
7801919000;HS10;Contenant de l'antimoine comme autre élément prédominant en poids - Autre;Lead - Other;Métallurgie;15.0;2.0;;19.0;;=;36.0
780199;HS6;Autres;Lead;;;;;;;;
7801991000;HS10;Autres autres lingots;Autres autres lingots;Métallurgie;15.0;2.0;;19.0;;=;36.0
7801992000;HS10;Autres;Lead;Métallurgie;15.0;2.0;;19.0;;=;36.0
7801999000;HS10;Autres - Autre;Lead - Other;Métallurgie;15.0;2.0;;19.0;;=;36.0
7802;RANGEE 02;"Lead; waste and scrap";;;;;;;;;
780200;HS6;Déchets et débris de plomb;Lead;;;;;;;;
7802001000;HS10;Non tries ni classes;Non tries ni classes;Métallurgie;15.0;2.0;;19.0;;=;36.0
7802002000;HS10;Déchets et débris de plomb;Lead;Métallurgie;15.0;2.0;;19.0;;=;36.0
7802009000;HS10;Déchets et débris de plomb - Autre;Lead - Other;Métallurgie;15.0;2.0;;19.0;;=;36.0
7804;RANGEE 04;"Lead; plates, sheets, strip and foil, lead powders and flakes";;;;;;;;;
780411;HS6;Feuilles et bandes;Lead;;;;;;;;
7804111000;HS10;Toles feuilles et bandes feuilles et bandes dune épaisseur nexcedant pas 02 mm support non compris enroulees;Toles feuilles et bandes feuilles et bandes dune epaisseur nexcedant pas 02 mm support non compris enroulees;Métallurgie;15.0;2.0;;19.0;;=;36.0
7804112000;HS10;Feuilles et bandes;Lead;Métallurgie;15.0;2.0;;19.0;;=;36.0
7804119000;HS10;Feuilles et bandes - Autre;Lead - Other;Métallurgie;15.0;2.0;;19.0;;=;36.0
780419;HS6;Autres;Lead;;;;;;;;
7804191000;HS10;Toles feuilles et bandes autres enroulees;Toles feuilles et bandes autres enroulees;Métallurgie;15.0;2.0;;19.0;;=;36.0
7804192000;HS10;Autres;Lead;Métallurgie;15.0;2.0;;19.0;;=;36.0
7804199000;HS10;Autres - Autre;Lead - Other;Métallurgie;15.0;2.0;;19.0;;=;36.0
780420;HS6;Poudres et paillettes;Lead;;;;;;;;
7804201000;HS10;Poudres et paillettes poudres;Poudres et paillettes poudres;Métallurgie;15.0;2.0;;19.0;;=;36.0
7804202000;HS10;Poudres et paillettes paillettes;Poudres et paillettes paillettes;Métallurgie;15.0;2.0;;19.0;;=;36.0
7804209000;HS10;Poudres et paillettes - Autre;Lead - Other;Métallurgie;15.0;2.0;;19.0;;=;36.0
7806;RANGEE 06;"Lead; articles n.e.c. in chapter 78";;;;;;;;;
780600;HS6;Autres ouvrages en plomb;Lead;;;;;;;;
7806001000;HS10;Emballages en plomb contre les radiations radioactives;Emballages en plomb contre les radiations radioactives;Métallurgie;15.0;2.0;;19.0;;=;36.0
7806002000;HS10;Tubes souples demballage;Tubes souples demballage;Métallurgie;15.0;2.0;;19.0;;=;36.0
7806009000;HS10;Autres ouvrages en plomb - Autre;Lead - Other;Métallurgie;15.0;2.0;;19.0;;=;36.0
CHAPITRE 79;CHAPITRE;Zinc;;;;;;;;;
7901;RANGEE 01;"Zinc; unwrought";;;;;;;;;
790111;HS6;Contenant en poids 99;Zinc;;;;;;;;
7901111000;HS10;Contenant en poids 99;Zinc;Métallurgie;15.0;2.0;;19.0;;910 Déclaration d'Importation du Produit | 210 Autorisation de Libre Circulation;36.0
7901112000;HS10;Contenant en poids 99;Zinc;Métallurgie;15.0;2.0;;19.0;;=;36.0
7901119000;HS10;Contenant en poids 99 - Autre;Zinc - Other;Métallurgie;15.0;2.0;;19.0;;=;36.0
790112;HS6;Contenant en poids moins de 99;Zinc;;;;;;;;
7901121000;HS10;Zinc non allie contenant en poids moins de 9999 de zinc contenant en poids 9995 ou plus mais moins de 9999 de zinc;Zinc non allie contenant en poids moins de 9999 de zinc contenant en poids 9995 ou plus mais moins de 9999 de zinc;Métallurgie;15.0;2.0;;19.0;;=;36.0
7901122000;HS10;Zinc non allie contenant en poids moins de 9999 de zinc contenant en poids 985 ou plus mais moins de 9995 de zinc;Zinc non allie contenant en poids moins de 9999 de zinc contenant en poids 985 ou plus mais moins de 9995 de zinc;Métallurgie;15.0;2.0;;19.0;;=;36.0
7901129000;HS10;Contenant en poids moins de 99 - Autre;Zinc - Other;Métallurgie;15.0;2.0;;19.0;;=;36.0
790120;HS6;Alliages de zinc;Zinc;;;;;;;;
7901201000;HS10;Alliages de zinc contenant en poids 90 ou plus mais moins de 975 de zinc;Alliages de zinc contenant en poids 90 ou plus mais moins de 975 de zinc;Métallurgie;15.0;2.0;;19.0;;=;36.0
7901202000;HS10;Alliages de zinc contenant en poids moins de 90 de zinc;Alliages de zinc contenant en poids moins de 90 de zinc;Métallurgie;15.0;2.0;;19.0;;=;36.0
7901209000;HS10;Alliages de zinc - Autre;Zinc - Other;Métallurgie;15.0;2.0;;19.0;;=;36.0
7902;RANGEE 02;"Zinc; waste and scrap";;;;;;;;;
790200;HS6;Déchets et débris de zinc;Zinc;;;;;;;;
7902001000;HS10;Non tries ni classes;Non tries ni classes;Métallurgie;15.0;2.0;;19.0;;=;36.0
7902002000;HS10;Déchets et débris de zinc;Zinc;Métallurgie;15.0;2.0;;19.0;;=;36.0
7902009000;HS10;Déchets et débris de zinc - Autre;Zinc - Other;Métallurgie;15.0;2.0;;19.0;;=;36.0
7903;RANGEE 03;"Zinc; dust, powders and flakes";;;;;;;;;
790310;HS6;Poussières de zinc;Zinc dust;;;;;;;;
7903101000;HS10;Poussières de zinc;Zinc dust;Métallurgie;15.0;2.0;;19.0;;=;36.0
7903102000;HS10;Poussières de zinc;Zinc dust;Métallurgie;15.0;2.0;;19.0;;=;36.0
7903109000;HS10;Poussières de zinc - Autre;Zinc dust - Other;Métallurgie;15.0;2.0;;19.0;;=;36.0
790390;HS6;Autres;Zinc;;;;;;;;
7903901000;HS10;Autres poudres;Autres poudres;Métallurgie;15.0;2.0;;19.0;;=;36.0
7903902000;HS10;Autres paillettes;Autres paillettes;Métallurgie;15.0;2.0;;19.0;;=;36.0
7903909000;HS10;Autres - Autre;Zinc - Other;Métallurgie;15.0;2.0;;19.0;;=;36.0
7904;RANGEE 04;"Zinc; bars, rods, profiles and wire";;;;;;;;;
790400;HS6;Barres;Zinc;;;;;;;;
7904001000;HS10;Barres;Barres;Métallurgie;15.0;2.0;;19.0;;=;36.0
7904002000;HS10;Profilés;Profiles;Métallurgie;15.0;2.0;;19.0;;=;36.0
7904009000;HS10;Barres - Autre;Zinc - Other;Métallurgie;15.0;2.0;;19.0;;=;36.0
7905;RANGEE 05;"Zinc; plates, sheets, strip and foil";;;;;;;;;
790500;HS6;Tôles;Zinc;;;;;;;;
7905001000;HS10;Tôles;Zinc;Métallurgie;15.0;2.0;;19.0;;=;36.0
7905002000;HS10;Tôles;Zinc;Métallurgie;15.0;2.0;;19.0;;=;36.0
7905009000;HS10;Tôles - Autre;Zinc - Other;Métallurgie;15.0;2.0;;19.0;;=;36.0
7907;RANGEE 07;"Zinc; articles n.e.c. in chapter 79";;;;;;;;;
790700;HS6;Autres ouvrages en zinc;Zinc;;;;;;;;
7907001000;HS10;Tubes tuyaux et accessoires de tuyauterie;Tubes tuyaux et accessoires de tuyauterie;Métallurgie;15.0;2.0;;19.0;;=;36.0
7907002000;HS10;Reservoirs cuves et récipients similaires;Reservoirs cuves et recipients similaires;Métallurgie;15.0;2.0;;19.0;;=;36.0
7907009000;HS10;Autres ouvrages en zinc - Autre;Zinc - Other;Métallurgie;15.0;2.0;;19.0;;=;36.0
CHAPITRE 80;CHAPITRE;Étain;;;;;;;;;
8001;RANGEE 01;"Tin; unwrought";;;;;;;;;
800110;HS6;Etain non allié;Tin;;;;;;;;
8001101000;HS10;Etain non allié;Tin;Métallurgie;15.0;2.0;;19.0;;910 Déclaration d'Importation du Produit | 210 Autorisation de Libre Circulation;36.0
8001102000;HS10;Etain non allié;Tin;Métallurgie;15.0;2.0;;19.0;;=;36.0
8001109000;HS10;Etain non allié - Autre;Tin - Other;Métallurgie;15.0;2.0;;19.0;;=;36.0
800120;HS6;Alliages d'étain;Tin;;;;;;;;
8001201000;HS10;Alliages d'étain;Tin;Métallurgie;15.0;2.0;;19.0;;=;36.0
8001202000;HS10;Alliages d'étain;Tin;Métallurgie;15.0;2.0;;19.0;;=;36.0
8001209000;HS10;Alliages d'étain - Autre;Tin - Other;Métallurgie;15.0;2.0;;19.0;;=;36.0
8002;RANGEE 02;"Tin; waste and scrap";;;;;;;;;
800200;HS6;Déchets et débris d'étain;Tin;;;;;;;;
8002001000;HS10;Non tries ni classes;Non tries ni classes;Métallurgie;15.0;2.0;;19.0;;=;36.0
8002002000;HS10;Déchets et débris d'étain;Tin;Métallurgie;15.0;2.0;;19.0;;=;36.0
8002009000;HS10;Déchets et débris d'étain - Autre;Tin - Other;Métallurgie;15.0;2.0;;19.0;;=;36.0
8003;RANGEE 03;"Tin; bars, rods, profiles and wire";;;;;;;;;
800300;HS6;Barres;Tin;;;;;;;;
8003001000;HS10;Barres;Barres;Métallurgie;15.0;2.0;;19.0;;=;36.0
8003002000;HS10;Profilés;Profiles;Métallurgie;15.0;2.0;;19.0;;=;36.0
8003009000;HS10;Barres - Autre;Tin - Other;Métallurgie;15.0;2.0;;19.0;;=;36.0
8007;RANGEE 07;"Tin; articles n.e.c. in chapter 80";;;;;;;;;
800700;HS6;Autres ouvrages en étain;Tin;;;;;;;;
8007001000;HS10;Articles de menage;Articles de menage;Métallurgie;15.0;2.0;;19.0;;=;36.0
8007002000;HS10;Tubes souples demballage;Tubes souples demballage;Métallurgie;15.0;2.0;;19.0;;=;36.0
8007009000;HS10;Autres ouvrages en étain - Autre;Tin - Other;Métallurgie;15.0;2.0;;19.0;;=;36.0
