Code;Niveau;Description_FR;Description_EN;Groupe_Utilisation;D.D_%;PRCT_%;T.C.S_%;T.V.A_%;D.A.P.S_%;Formalites;Total_%
SECTION I;SECTION;Animaux vivants et produits du règne animal;Live animals and animal products;;;;;;;;
CHAPITRE 01;CHAPITRE;Animaux vivants;;;;;;;;;
0101;RANGEE 01;"Horses, asses, mules and hinnies; live";;;;;;;;;
010110;HS6;Chevaux reproducteurs de race pure;Pure-bred breeding horses;;;;;;;;
0101101000;HS10;Chevaux reproducteurs de race pure - Reproduction;Pure-bred breeding horses - Breeding;Élevage;5.0;2.0;3.0;9.0;;910 Déclaration d'Importation du Produit | 210 Autorisation de Libre Circulation | 902 Autorisation d'admission du produit | 216 Certificat Sanitaire Vétérinaire;19.0
0101109000;HS10;Chevaux reproducteurs de race pure - Boucherie;Pure-bred breeding horses - Slaughter;Élevage;30.0;2.0;3.0;9.0;;=;44.0
010121;HS6;Chevaux vivants (non reproducteurs);Live horses (non-breeding);;;;;;;;
0101210010;HS10;Chevaux vivants (non reproducteurs) - Usage spécifique;Live horses (non-breeding) - Specific use;Élevage;15.0;2.0;3.0;19.0;;=;39.0
0101210090;HS10;Chevaux vivants (non reproducteurs) - Autre usage;Live horses (non-breeding) - Other use;Élevage;15.0;2.0;3.0;19.0;;=;39.0
010129;HS6;Autres;Horses;;;;;;;;
0101291000;HS10;Chevaux autres de course;Chevaux autres de course;Élevage;15.0;2.0;3.0;19.0;;=;39.0
0101292000;HS10;Chevaux autres pour abattage;Chevaux autres pour abattage;Élevage;15.0;2.0;3.0;19.0;;=;39.0
0101299000;HS10;Autres - Autre;Horses - Other;Élevage;15.0;2.0;3.0;19.0;;=;39.0
010130;HS6;Ânes;Asses;;;;;;;;
0101301000;HS10;Ânes reproducteurs de race pure;Anes reproducteurs de race pure;Élevage;15.0;2.0;3.0;9.0;;=;29.0
0101302000;HS10;Ânes;Asses;Élevage;15.0;2.0;3.0;9.0;;=;29.0
0101309000;HS10;Ânes - Autre;Asses - Other;Élevage;15.0;2.0;3.0;9.0;;=;29.0
010190;HS6;Autres;Mules and hinnies;;;;;;;;
0101901000;HS10;Autres;Mules and hinnies;Élevage;15.0;2.0;3.0;9.0;;=;29.0
0101902000;HS10;Autres;Mules and hinnies;Élevage;15.0;2.0;3.0;9.0;;=;29.0
0101909000;HS10;Autres - Autre;Mules and hinnies - Other;Élevage;15.0;2.0;3.0;9.0;;=;29.0
0102;RANGEE 02;"Bovine animals; live";;;;;;;;;
010221;HS6;Bovins reproducteurs de race pure;Pure-bred breeding bovine animals;;;;;;;;
0102211000;HS10;Bovins reproducteurs de race pure - Reproduction;Pure-bred breeding bovine animals - Breeding;Élevage;5.0;2.0;3.0;9.0;;=;19.0
0102219000;HS10;Bovins reproducteurs de race pure - Boucherie;Pure-bred breeding bovine animals - Slaughter;Élevage;30.0;2.0;3.0;9.0;;=;44.0
010229;HS6;Autres;Cattle;;;;;;;;
0102291000;HS10;Bovins domestiques autres vaches laitieres;Bovins domestiques autres vaches laitieres;Élevage;15.0;2.0;3.0;9.0;;=;29.0
0102292000;HS10;Bovins domestiques autres genisses pleines et veles;Bovins domestiques autres genisses pleines et veles;Élevage;15.0;2.0;3.0;9.0;;=;29.0
0102299000;HS10;Autres - Autre;Cattle - Other;Élevage;15.0;2.0;3.0;9.0;;=;29.0
010231;HS6;Reproducteurs de race pure;Buffalo;;;;;;;;
0102311000;HS10;Reproducteurs de race pure;Buffalo;Élevage;15.0;2.0;3.0;9.0;;=;29.0
0102312000;HS10;Reproducteurs de race pure;Buffalo;Élevage;15.0;2.0;3.0;9.0;;=;29.0
0102319000;HS10;Reproducteurs de race pure - Autre;Buffalo - Other;Élevage;15.0;2.0;3.0;9.0;;=;29.0
010239;HS6;Autres;Buffalo;;;;;;;;
0102391000;HS10;Autres;Buffalo;Élevage;15.0;2.0;3.0;9.0;;=;29.0
0102392000;HS10;Autres;Buffalo;Élevage;15.0;2.0;3.0;9.0;;=;29.0
0102399000;HS10;Autres - Autre;Buffalo - Other;Élevage;15.0;2.0;3.0;9.0;;=;29.0
010290;HS6;Autres bovins vivants;Other live bovine animals;;;;;;;;
0102901000;HS10;Autres reproducteurs de race pure;Autres reproducteurs de race pure;Élevage;15.0;2.0;3.0;9.0;;=;29.0
0102902000;HS10;Autres bovins vivants;Other live bovine animals;Élevage;15.0;2.0;3.0;9.0;;=;29.0
0102909000;HS10;Autres bovins vivants - Autre;Other live bovine animals - Other;Élevage;15.0;2.0;3.0;9.0;;=;29.0
0103;RANGEE 03;"Swine; live";;;;;;;;;
010310;HS6;Porcins reproducteurs de race pure;Pure-bred breeding swine;;;;;;;;
0103101000;HS10;Porcins reproducteurs de race pure - Reproduction;Pure-bred breeding swine - Breeding;Élevage;5.0;2.0;3.0;9.0;;=;19.0
0103109000;HS10;Porcins reproducteurs de race pure - Boucherie;Pure-bred breeding swine - Slaughter;Élevage;30.0;2.0;3.0;9.0;;=;44.0
010391;HS6;Autres porcins < 50 kg;Other swine < 50 kg;;;;;;;;
010391;HS6-DIRECT;Autres porcins < 50 kg;Other swine < 50 kg;Élevage;15.0;2.0;3.0;9.0;;=;29.0
010392;HS6;D'un poids égal ou supérieur à 50 kg;Swine;;;;;;;;
0103921000;HS10;D'un poids égal ou supérieur à 50 kg;Swine;Élevage;15.0;2.0;3.0;9.0;;=;29.0
0103922000;HS10;D'un poids égal ou supérieur à 50 kg;Swine;Élevage;15.0;2.0;3.0;9.0;;=;29.0
0103929000;HS10;D'un poids égal ou supérieur à 50 kg - Autre;Swine - Other;Élevage;15.0;2.0;3.0;9.0;;=;29.0
0104;RANGEE 04;"Sheep and goats; live";;;;;;;;;
010410;HS6;Ovins vivants;Live sheep;;;;;;;;
0104101000;HS10;De lespece ovine reproducteurs de race pure;De lespece ovine reproducteurs de race pure;Élevage;15.0;2.0;3.0;9.0;;=;29.0
0104102000;HS10;Ovins vivants;Live sheep;Élevage;15.0;2.0;3.0;9.0;;=;29.0
0104109000;HS10;Ovins vivants - Autre;Live sheep - Other;Élevage;15.0;2.0;3.0;9.0;;=;29.0
010420;HS6;Caprins vivants;Live goats;;;;;;;;
0104201000;HS10;De lespece caprine reproducteurs de race pure;De lespece caprine reproducteurs de race pure;Élevage;15.0;2.0;3.0;9.0;;=;29.0
0104202000;HS10;Caprins vivants;Live goats;Élevage;15.0;2.0;3.0;9.0;;=;29.0
0104209000;HS10;Caprins vivants - Autre;Live goats - Other;Élevage;15.0;2.0;3.0;9.0;;=;29.0
0105;RANGEE 05;"Poultry; live, fowls of the species Gallus domesticus, ducks, geese, turkeys and guinea fowls";;;;;;;;;
010511;HS6;Volailles vivantes - coqs et poules ≤185g;Live poultry - fowls ≤185g;;;;;;;;
0105110010;HS10;Volailles vivantes - coqs et poules ≤185g - Usage spécifique;Live poultry - fowls ≤185g - Specific use;Élevage;15.0;2.0;3.0;19.0;;=;39.0
0105110090;HS10;Volailles vivantes - coqs et poules ≤185g - Autre usage;Live poultry - fowls ≤185g - Other use;Élevage;15.0;2.0;3.0;19.0;;=;39.0
010512;HS6;Dindes vivantes ≤185g;Live turkeys ≤185g;;;;;;;;
010512;HS6-DIRECT;Dindes vivantes ≤185g;Live turkeys ≤185g;Élevage;15.0;2.0;3.0;19.0;;=;39.0
010513;HS6;Canards;Poultry;;;;;;;;
0105131000;HS10;Canards dits dun jour moins de 185g destinés à la reproduction;Canards dits dun jour moins de 185g destinés à la reproduction;Élevage;15.0;2.0;3.0;19.0;;=;39.0
0105132000;HS10;Canards dits dun jour moins de 185g de race de chair;Canards dits dun jour moins de 185g de race de chair;Élevage;15.0;2.0;3.0;19.0;;=;39.0
0105139000;HS10;Canards - Autre;Poultry - Other;Élevage;15.0;2.0;3.0;19.0;;=;39.0
010514;HS6;Oies;Poultry;;;;;;;;
0105141000;HS10;Oies dites dun jour moins de 185g destinées à la reproduction;Oies dites dun jour moins de 185g destinées à la reproduction;Élevage;15.0;2.0;3.0;19.0;;=;39.0
0105142000;HS10;Oies dites dun jour moins de 185g de race de chair;Oies dites dun jour moins de 185g de race de chair;Élevage;15.0;2.0;3.0;19.0;;=;39.0
0105149000;HS10;Oies - Autre;Poultry - Other;Élevage;15.0;2.0;3.0;19.0;;=;39.0
010515;HS6;Pintades;Poultry;;;;;;;;
0105151000;HS10;Pintades dites dun jour moins de 185g destinées à la reproduction;Pintades dites dun jour moins de 185g destinées à la reproduction;Élevage;15.0;2.0;3.0;19.0;;=;39.0
0105152000;HS10;Pintades dites dun jour moins de 185g de race de chair;Pintades dites dun jour moins de 185g de race de chair;Élevage;15.0;2.0;3.0;19.0;;=;39.0
0105159000;HS10;Pintades - Autre;Poultry - Other;Élevage;15.0;2.0;3.0;19.0;;=;39.0
010594;HS6;Volailles vivantes autres (poulets >185g);Other live poultry (fowls >185g);;;;;;;;
0105940010;HS10;Volailles vivantes autres (poulets >185g) - Usage spécifique;Other live poultry (fowls >185g) - Specific use;Élevage;15.0;2.0;3.0;19.0;;=;39.0
0105940090;HS10;Volailles vivantes autres (poulets >185g) - Autre usage;Other live poultry (fowls >185g) - Other use;Élevage;15.0;2.0;3.0;19.0;;=;39.0
010599;HS6;autres;Poultry;;;;;;;;
0105991000;HS10;autres;Poultry;Élevage;15.0;2.0;3.0;19.0;;=;39.0
0105992000;HS10;autres;Poultry;Élevage;15.0;2.0;3.0;19.0;;=;39.0
0105999000;HS10;autres - Autre;Poultry - Other;Élevage;15.0;2.0;3.0;19.0;;=;39.0
0106;RANGEE 06;"Animals; live, n.e.c. in chapter 01";;;;;;;;;
010600;HS6;Autres animaux vivants;Autres animaux vivants;;;;;;;;
0106001000;HS10;Autres animaux vivants;Autres animaux vivants;Élevage;15.0;2.0;3.0;19.0;;=;39.0
0106002000;HS10;Autres animaux vivants;Autres animaux vivants;Élevage;15.0;2.0;3.0;19.0;;=;39.0
0106009000;HS10;Autres animaux vivants - Autre;Autres animaux vivants - Other;Élevage;15.0;2.0;3.0;19.0;;=;39.0
010611;HS6;Primates vivants;Live primates;;;;;;;;
010611;HS6-DIRECT;Primates vivants;Live primates;Élevage;15.0;2.0;3.0;19.0;;=;39.0
010612;HS6;Baleines;de lamantins et dugongs (mammifères de l'ordre Sirenia);;;;;;;;
0106121000;HS10;Baleines;de lamantins et dugongs (mammifères de l'ordre Sirenia);Élevage;15.0;2.0;3.0;19.0;;=;39.0
0106122000;HS10;Baleines;de lamantins et dugongs (mammifères de l'ordre Sirenia);Élevage;15.0;2.0;3.0;19.0;;=;39.0
0106129000;HS10;Baleines - Autre;de lamantins et dugongs (mammifères de l'ordre Sirenia) - Other;Élevage;15.0;2.0;3.0;19.0;;=;39.0
010613;HS6;Chameaux et autres camélidés (Camelidae);Mammals;;;;;;;;
0106131000;HS10;Mammiferes chameaux et autres camelides camelidae reproducteur de race pure;Mammiferes chameaux et autres camelides camelidae reproducteur de race pure;Élevage;15.0;2.0;3.0;19.0;;=;39.0
0106132000;HS10;Chameaux et autres camélidés (Camelidae);Mammals;Élevage;15.0;2.0;3.0;19.0;;=;39.0
0106139000;HS10;Chameaux et autres camélidés (Camelidae) - Autre;Mammals - Other;Élevage;15.0;2.0;3.0;19.0;;=;39.0
010614;HS6;Lapins et lièvres;Mammals;;;;;;;;
0106141000;HS10;Mammiferes lapins et lievres reproducteur de race pure;Mammiferes lapins et lievres reproducteur de race pure;Élevage;15.0;2.0;3.0;19.0;;=;39.0
0106142000;HS10;Lapins et lièvres;Mammals;Élevage;15.0;2.0;3.0;19.0;;=;39.0
0106149000;HS10;Lapins et lièvres - Autre;Mammals - Other;Élevage;15.0;2.0;3.0;19.0;;=;39.0
010619;HS6;Autres;Mammals;;;;;;;;
0106191000;HS10;Autres;Mammals;Élevage;15.0;2.0;3.0;19.0;;=;39.0
0106192000;HS10;Autres;Mammals;Élevage;15.0;2.0;3.0;19.0;;=;39.0
0106199000;HS10;Autres - Autre;Mammals - Other;Élevage;15.0;2.0;3.0;19.0;;=;39.0
010620;HS6;Reptiles (y compris les serpents et tortues de mer);Reptiles;;;;;;;;
0106201000;HS10;Reptiles y compris les serpents et les tortues de mer destines aux parcs zoologiques;Reptiles y compris les serpents et les tortues de mer destines aux parcs zoologiques;Élevage;15.0;2.0;3.0;19.0;;=;39.0
0106202000;HS10;Reptiles (y compris les serpents et tortues de mer);Reptiles;Élevage;15.0;2.0;3.0;19.0;;=;39.0
0106209000;HS10;Reptiles (y compris les serpents et tortues de mer) - Autre;Reptiles - Other;Élevage;15.0;2.0;3.0;19.0;;=;39.0
010631;HS6;Oiseaux de proie;Birds;;;;;;;;
0106311000;HS10;Oiseaux oiseaux de proie destines aux parcs zoologiques;Oiseaux oiseaux de proie destines aux parcs zoologiques;Élevage;15.0;2.0;3.0;19.0;;=;39.0
0106312000;HS10;Oiseaux de proie;Birds;Élevage;15.0;2.0;3.0;19.0;;=;39.0
0106319000;HS10;Oiseaux de proie - Autre;Birds - Other;Élevage;15.0;2.0;3.0;19.0;;=;39.0
010632;HS6;Psittaciformes (y compris les perroquets;Birds;;;;;;;;
0106321000;HS10;Oiseaux psittaciformes y compris les perroquets perruches aras et cacatoes destines aux parcs zoologiques;Oiseaux psittaciformes y compris les perroquets perruches aras et cacatoes destines aux parcs zoologiques;Élevage;15.0;2.0;3.0;19.0;;=;39.0
0106322000;HS10;Psittaciformes (y compris les perroquets;Birds;Élevage;15.0;2.0;3.0;19.0;;=;39.0
0106329000;HS10;Psittaciformes (y compris les perroquets - Autre;Birds - Other;Élevage;15.0;2.0;3.0;19.0;;=;39.0
010633;HS6;Autruches;emeus (Dromaius novahollandiae);;;;;;;;
0106331000;HS10;Oiseaux autruches emeus dromaius novaehollandiae destines aux parcs zoologiques;Oiseaux autruches emeus dromaius novaehollandiae destines aux parcs zoologiques;Élevage;15.0;2.0;3.0;19.0;;=;39.0
0106332000;HS10;Autruches;emeus (Dromaius novahollandiae);Élevage;15.0;2.0;3.0;19.0;;=;39.0
0106339000;HS10;Autruches - Autre;emeus (Dromaius novahollandiae) - Other;Élevage;15.0;2.0;3.0;19.0;;=;39.0
010639;HS6;Autres :;Birds;;;;;;;;
0106391000;HS10;Oiseaux autres destines aux parcs zoologiques;Oiseaux autres destines aux parcs zoologiques;Élevage;15.0;2.0;3.0;19.0;;=;39.0
0106392000;HS10;Autres :;Birds;Élevage;15.0;2.0;3.0;19.0;;=;39.0
0106399000;HS10;Autres : - Autre;Birds - Other;Élevage;15.0;2.0;3.0;19.0;;=;39.0
010641;HS6;Abeilles;Insects;;;;;;;;
0106411000;HS10;Abeilles;Insects;Élevage;15.0;2.0;3.0;19.0;;=;39.0
0106412000;HS10;Abeilles;Insects;Élevage;15.0;2.0;3.0;19.0;;=;39.0
0106419000;HS10;Abeilles - Autre;Insects - Other;Élevage;15.0;2.0;3.0;19.0;;=;39.0
010649;HS6;Autres;Insects;;;;;;;;
0106491000;HS10;Autres;Insects;Élevage;15.0;2.0;3.0;19.0;;=;39.0
0106492000;HS10;Autres;Insects;Élevage;15.0;2.0;3.0;19.0;;=;39.0
0106499000;HS10;Autres - Autre;Insects - Other;Élevage;15.0;2.0;3.0;19.0;;=;39.0
010690;HS6;Autres;Animals;;;;;;;;
0106901000;HS10;Autres destines aux parcs zoologiques;Autres destines aux parcs zoologiques;Élevage;15.0;2.0;3.0;19.0;;=;39.0
0106902000;HS10;Autres;Animals;Élevage;15.0;2.0;3.0;19.0;;=;39.0
0106909000;HS10;Autres - Autre;Animals - Other;Élevage;15.0;2.0;3.0;19.0;;=;39.0
CHAPITRE 02;CHAPITRE;Viandes et abats comestibles;;;;;;;;;
0201;RANGEE 01;"Meat of bovine animals; fresh or chilled";;;;;;;;;
020110;HS6;Carcasses ou demi-carcasses de bovins, fraîches;Bovine carcasses or half-carcasses, fresh;;;;;;;;
0201101000;HS10;Carcasses ou demi-carcasses de bovins, fraîches - Grade 1 / Premium;Bovine carcasses or half-carcasses, fresh - Grade 1 / Premium;Alimentation;30.0;2.0;3.0;19.0;30.0;910 Déclaration d'Importation du Produit | 210 Autorisation de Libre Circulation | 902 Autorisation d'admission du produit | 216 Certificat Sanitaire Vétérinaire;84.0
0201102000;HS10;Carcasses ou demi-carcasses de bovins, fraîches - Grade 2 / Standard;Bovine carcasses or half-carcasses, fresh - Grade 2 / Standard;Alimentation;30.0;2.0;3.0;19.0;30.0;=;84.0
0201109000;HS10;Carcasses ou demi-carcasses de bovins, fraîches - Autre;Bovine carcasses or half-carcasses, fresh - Other;Alimentation;30.0;2.0;3.0;19.0;30.0;=;84.0
020120;HS6;Morceaux de bovins non désossés, frais;Bovine cuts, bone-in, fresh;;;;;;;;
0201201000;HS10;Morceaux de bovins non désossés, frais - Grade 1 / Premium;Bovine cuts, bone-in, fresh - Grade 1 / Premium;Alimentation;30.0;2.0;3.0;19.0;30.0;=;84.0
0201202000;HS10;Morceaux de bovins non désossés, frais - Grade 2 / Standard;Bovine cuts, bone-in, fresh - Grade 2 / Standard;Alimentation;30.0;2.0;3.0;19.0;30.0;=;84.0
0201209000;HS10;Morceaux de bovins non désossés, frais - Autre;Bovine cuts, bone-in, fresh - Other;Alimentation;30.0;2.0;3.0;19.0;30.0;=;84.0
020130;HS6;Viande de bovins désossée;Bovine meat;;;;;;;;
0201301000;HS10;Viande de bovins désossée;Bovine meat;Alimentation;30.0;2.0;3.0;19.0;30.0;=;84.0
0201302000;HS10;Viande de bovins désossée;Bovine meat;Alimentation;30.0;2.0;3.0;19.0;30.0;=;84.0
0201309000;HS10;Viande de bovins désossée - Autre;Bovine meat - Other;Alimentation;30.0;2.0;3.0;19.0;30.0;=;84.0
0202;RANGEE 02;"Meat of bovine animals; frozen";;;;;;;;;
020210;HS6;Carcasses de bovins, congelées;Bovine carcasses, frozen;;;;;;;;
0202101000;HS10;Carcasses de bovins, congelées - Grade 1 / Premium;Bovine carcasses, frozen - Grade 1 / Premium;Alimentation;30.0;2.0;3.0;19.0;30.0;=;84.0
0202102000;HS10;Carcasses de bovins, congelées - Grade 2 / Standard;Bovine carcasses, frozen - Grade 2 / Standard;Alimentation;30.0;2.0;3.0;19.0;30.0;=;84.0
0202109000;HS10;Carcasses de bovins, congelées - Autre;Bovine carcasses, frozen - Other;Alimentation;30.0;2.0;3.0;19.0;30.0;=;84.0
020220;HS6;Morceaux de bovins non désossés, congelés;Bovine cuts, bone-in, frozen;;;;;;;;
020220;HS6-DIRECT;Morceaux de bovins non désossés, congelés;Bovine cuts, bone-in, frozen;Alimentation;30.0;2.0;3.0;19.0;30.0;=;84.0
020230;HS6;Viande de bovins désossée;Bovine meat;;;;;;;;
0202301000;HS10;Viande de bovins désossée;Bovine meat;Alimentation;30.0;2.0;3.0;19.0;30.0;=;84.0
0202302000;HS10;Viande de bovins désossée;Bovine meat;Alimentation;30.0;2.0;3.0;19.0;30.0;=;84.0
0202309000;HS10;Viande de bovins désossée - Autre;Bovine meat - Other;Alimentation;30.0;2.0;3.0;19.0;30.0;=;84.0
0203;RANGEE 03;"Meat of swine; fresh, chilled or frozen";;;;;;;;;
020311;HS6;Carcasses de porcins, fraîches;Swine carcasses, fresh;;;;;;;;
020311;HS6-DIRECT;Carcasses de porcins, fraîches;Swine carcasses, fresh;Alimentation;30.0;2.0;3.0;19.0;30.0;=;84.0
020312;HS6;Jambons et épaules de porcins;Hams and shoulders of swine;;;;;;;;
0203121000;HS10;Jambons et épaules de porcins;Hams and shoulders of swine;Alimentation;30.0;2.0;3.0;19.0;30.0;=;84.0
0203122000;HS10;Jambons et épaules de porcins;Hams and shoulders of swine;Alimentation;30.0;2.0;3.0;19.0;30.0;=;84.0
0203129000;HS10;Jambons et épaules de porcins - Autre;Hams and shoulders of swine - Other;Alimentation;30.0;2.0;3.0;19.0;30.0;=;84.0
020319;HS6;Viande de porcins, fraîche autre;Other fresh swine meat;;;;;;;;
020319;HS6-DIRECT;Viande de porcins, fraîche autre;Other fresh swine meat;Alimentation;30.0;2.0;3.0;19.0;30.0;=;84.0
020321;HS6;En carcasses ou demi-carcasses;Meat;;;;;;;;
0203211000;HS10;En carcasses ou demi-carcasses;Meat;Alimentation;30.0;2.0;3.0;19.0;30.0;=;84.0
0203212000;HS10;En carcasses ou demi-carcasses;Meat;Alimentation;30.0;2.0;3.0;19.0;30.0;=;84.0
0203219000;HS10;En carcasses ou demi-carcasses - Autre;Meat - Other;Alimentation;30.0;2.0;3.0;19.0;30.0;=;84.0
020322;HS6;Jambons;Meat;;;;;;;;
0203221000;HS10;Jambons;Meat;Alimentation;30.0;2.0;3.0;19.0;30.0;=;84.0
0203222000;HS10;Jambons;Meat;Alimentation;30.0;2.0;3.0;19.0;30.0;=;84.0
0203229000;HS10;Jambons - Autre;Meat - Other;Alimentation;30.0;2.0;3.0;19.0;30.0;=;84.0
020329;HS6;Autres;Meat;;;;;;;;
0203291000;HS10;Autres;Meat;Alimentation;30.0;2.0;3.0;19.0;30.0;=;84.0
0203292000;HS10;Autres;Meat;Alimentation;30.0;2.0;3.0;19.0;30.0;=;84.0
0203299000;HS10;Autres - Autre;Meat - Other;Alimentation;30.0;2.0;3.0;19.0;30.0;=;84.0
0204;RANGEE 04;"Meat of sheep or goats; fresh, chilled or frozen";;;;;;;;;
020410;HS6;Carcasses d'agneau, fraîches;Lamb carcasses, fresh;;;;;;;;
020410;HS6-DIRECT;Carcasses d'agneau, fraîches;Lamb carcasses, fresh;Alimentation;30.0;2.0;3.0;19.0;30.0;=;84.0
020421;HS6;Carcasses d'ovins, fraîches;Sheep carcasses, fresh;;;;;;;;
0204211000;HS10;Carcasses d'ovins, fraîches - Grade 1 / Premium;Sheep carcasses, fresh - Grade 1 / Premium;Alimentation;30.0;2.0;3.0;19.0;30.0;=;84.0
0204212000;HS10;Carcasses d'ovins, fraîches - Grade 2 / Standard;Sheep carcasses, fresh - Grade 2 / Standard;Alimentation;30.0;2.0;3.0;19.0;30.0;=;84.0
0204219000;HS10;Carcasses d'ovins, fraîches - Autre;Sheep carcasses, fresh - Other;Alimentation;30.0;2.0;3.0;19.0;30.0;=;84.0
020422;HS6;Morceaux d'ovins non désossés, frais;Sheep cuts, bone-in, fresh;;;;;;;;
020422;HS6-DIRECT;Morceaux d'ovins non désossés, frais;Sheep cuts, bone-in, fresh;Alimentation;30.0;2.0;3.0;19.0;30.0;=;84.0
020423;HS6;Morceaux d'ovins désossés, frais;Sheep cuts, boneless, fresh;;;;;;;;
020423;HS6-DIRECT;Morceaux d'ovins désossés, frais;Sheep cuts, boneless, fresh;Alimentation;30.0;2.0;3.0;19.0;30.0;=;84.0
020430;HS6;Carcasses de caprins;Goat carcasses;;;;;;;;
0204301000;HS10;Carcasses et demi carcasses dagneau congelees de lespece domestique;Carcasses et demi carcasses dagneau congelees de lespece domestique;Alimentation;30.0;2.0;3.0;19.0;30.0;=;84.0
0204302000;HS10;Carcasses de caprins;Goat carcasses;Alimentation;30.0;2.0;3.0;19.0;30.0;=;84.0
0204309000;HS10;Carcasses de caprins - Autre;Goat carcasses - Other;Alimentation;30.0;2.0;3.0;19.0;30.0;=;84.0
020441;HS6;En carcasses ou demi-carcasses;Meat;;;;;;;;
0204411000;HS10;Autres viandes des animaux de lespece ovine congelees en carcasses ou demi carcasses de lespece domestique;Autres viandes des animaux de lespece ovine congelees en carcasses ou demi carcasses de lespece domestique;Alimentation;30.0;2.0;3.0;19.0;30.0;=;84.0
0204412000;HS10;En carcasses ou demi-carcasses;Meat;Alimentation;30.0;2.0;3.0;19.0;30.0;=;84.0
0204419000;HS10;En carcasses ou demi-carcasses - Autre;Meat - Other;Alimentation;30.0;2.0;3.0;19.0;30.0;=;84.0
020442;HS6;En autres morceaux non désossés;Meat;;;;;;;;
0204421000;HS10;En autres morceaux non désossés;Meat;Alimentation;30.0;2.0;3.0;19.0;30.0;=;84.0
0204422000;HS10;En autres morceaux non désossés;Meat;Alimentation;30.0;2.0;3.0;19.0;30.0;=;84.0
0204429000;HS10;En autres morceaux non désossés - Autre;Meat - Other;Alimentation;30.0;2.0;3.0;19.0;30.0;=;84.0
020443;HS6;Désossées;Meat;;;;;;;;
0204431000;HS10;Désossées;Meat;Alimentation;30.0;2.0;3.0;19.0;30.0;=;84.0
0204432000;HS10;Désossées;Meat;Alimentation;30.0;2.0;3.0;19.0;30.0;=;84.0
0204439000;HS10;Désossées - Autre;Meat - Other;Alimentation;30.0;2.0;3.0;19.0;30.0;=;84.0
020450;HS6;Viande de chèvre;Goat meat;;;;;;;;
020450;HS6-DIRECT;Viande de chèvre;Goat meat;Alimentation;30.0;2.0;3.0;19.0;30.0;=;84.0
0205;RANGEE 05;"Meat; of horses, asses, mules or hinnies, fresh, chilled or frozen";;;;;;;;;
020500;HS6;Viande d'équidés (cheval, âne);Meat of horses, asses, mules;;;;;;;;
020500;HS6-DIRECT;Viande d'équidés (cheval, âne);Meat of horses, asses, mules;Alimentation;15.0;2.0;3.0;19.0;;=;39.0
0206;RANGEE 06;"Edible offal of bovine animals, swine, sheep, goats, horses, asses, mules or hinnies; fresh, chilled or frozen";;;;;;;;;
020610;HS6;Abats de bovins, frais;Bovine offal, fresh;;;;;;;;
0206101000;HS10;Abats de bovins, frais;Bovine offal, fresh;Alimentation;30.0;2.0;3.0;19.0;;=;54.0
0206102000;HS10;Abats de bovins, frais;Bovine offal, fresh;Alimentation;30.0;2.0;3.0;19.0;;=;54.0
0206109000;HS10;Abats de bovins, frais - Autre;Bovine offal, fresh - Other;Alimentation;30.0;2.0;3.0;19.0;;=;54.0
020621;HS6;Langues de bovins congelées;Bovine tongues;;;;;;;;
0206211000;HS10;Langues de bovins congelées;Bovine tongues;Alimentation;30.0;2.0;3.0;19.0;;=;54.0
0206212000;HS10;Langues de bovins congelées;Bovine tongues;Alimentation;30.0;2.0;3.0;19.0;;=;54.0
0206219000;HS10;Langues de bovins congelées - Autre;Bovine tongues - Other;Alimentation;30.0;2.0;3.0;19.0;;=;54.0
020622;HS6;Foies;Offal;;;;;;;;
0206221000;HS10;Foies;Offal;Alimentation;30.0;2.0;3.0;19.0;;=;54.0
0206222000;HS10;Foies;Offal;Alimentation;30.0;2.0;3.0;19.0;;=;54.0
0206229000;HS10;Foies - Autre;Offal - Other;Alimentation;30.0;2.0;3.0;19.0;;=;54.0
020629;HS6;Autres;Offal;;;;;;;;
0206291000;HS10;Autres;Offal;Alimentation;30.0;2.0;3.0;19.0;;=;54.0
0206292000;HS10;Autres;Offal;Alimentation;30.0;2.0;3.0;19.0;;=;54.0
0206299000;HS10;Autres - Autre;Offal - Other;Alimentation;30.0;2.0;3.0;19.0;;=;54.0
020630;HS6;De l'espèce porcine;Offal;;;;;;;;
0206301000;HS10;De l'espèce porcine;Offal;Alimentation;30.0;2.0;3.0;19.0;;=;54.0
0206302000;HS10;De l'espèce porcine;Offal;Alimentation;30.0;2.0;3.0;19.0;;=;54.0
0206309000;HS10;De l'espèce porcine - Autre;Offal - Other;Alimentation;30.0;2.0;3.0;19.0;;=;54.0
020641;HS6;Foies;Offal;;;;;;;;
0206411000;HS10;Foies;Offal;Alimentation;30.0;2.0;3.0;19.0;;=;54.0
0206412000;HS10;Foies;Offal;Alimentation;30.0;2.0;3.0;19.0;;=;54.0
0206419000;HS10;Foies - Autre;Offal - Other;Alimentation;30.0;2.0;3.0;19.0;;=;54.0
020649;HS6;Autres;Offal;;;;;;;;
0206491000;HS10;Autres;Offal;Alimentation;30.0;2.0;3.0;19.0;;=;54.0
0206492000;HS10;Autres;Offal;Alimentation;30.0;2.0;3.0;19.0;;=;54.0
0206499000;HS10;Autres - Autre;Offal - Other;Alimentation;30.0;2.0;3.0;19.0;;=;54.0
020680;HS6;Autres;Offal;;;;;;;;
0206801000;HS10;Autres;Offal;Alimentation;30.0;2.0;3.0;19.0;;=;54.0
0206802000;HS10;Autres;Offal;Alimentation;30.0;2.0;3.0;19.0;;=;54.0
0206809000;HS10;Autres - Autre;Offal - Other;Alimentation;30.0;2.0;3.0;19.0;;=;54.0
020690;HS6;Autres;Offal;;;;;;;;
0206901000;HS10;Autres;Offal;Alimentation;30.0;2.0;3.0;19.0;;=;54.0
0206902000;HS10;Autres;Offal;Alimentation;30.0;2.0;3.0;19.0;;=;54.0
0206909000;HS10;Autres - Autre;Offal - Other;Alimentation;30.0;2.0;3.0;19.0;;=;54.0
0207;RANGEE 07;"Meat and edible offal of poultry; of the poultry of heading no. 0105, (i.e. fowls of the species Gallus domesticus), fresh, chilled or frozen";;;;;;;;;
020711;HS6;Coqs et poules non découpés, frais;Fowls, not cut, fresh;;;;;;;;
020711;HS6-DIRECT;Coqs et poules non découpés, frais;Fowls, not cut, fresh;Alimentation;15.0;2.0;3.0;19.0;;=;39.0
020712;HS6;Coqs et poules non découpés, congelés;Fowls, not cut, frozen;;;;;;;;
020712;HS6-DIRECT;Coqs et poules non découpés, congelés;Fowls, not cut, frozen;Alimentation;15.0;2.0;3.0;19.0;;=;39.0
020713;HS6;Morceaux de volailles, frais;Poultry cuts, fresh;;;;;;;;
020713;HS6-DIRECT;Morceaux de volailles, frais;Poultry cuts, fresh;Alimentation;15.0;2.0;3.0;19.0;;=;39.0
020714;HS6;Morceaux de volailles congelés;Poultry cuts;;;;;;;;
0207141000;HS10;Morceaux de volailles congelés;Poultry cuts;Alimentation;15.0;2.0;3.0;19.0;;=;39.0
0207142000;HS10;Morceaux de volailles congelés;Poultry cuts;Alimentation;15.0;2.0;3.0;19.0;;=;39.0
0207149000;HS10;Morceaux de volailles congelés - Autre;Poultry cuts - Other;Alimentation;15.0;2.0;3.0;19.0;;=;39.0
020724;HS6;Non découpés en morceaux;Meat and edible offal;;;;;;;;
0207241000;HS10;Dindes 80 non découpées frais ou réfrigérés plumées vidées sans tête ni pattes avec cou cœur foie et gésier;Dindes 80 non découpées frais ou réfrigérés plumées vidées sans tête ni pattes avec cou cœur foie et gésier;Alimentation;15.0;2.0;3.0;19.0;;=;39.0
0207242000;HS10;Non découpés en morceaux;Meat and edible offal;Alimentation;15.0;2.0;3.0;19.0;;=;39.0
0207249000;HS10;Non découpés en morceaux - Autre;Meat and edible offal - Other;Alimentation;15.0;2.0;3.0;19.0;;=;39.0
020725;HS6;Non découpés en morceaux;Meat and edible offal;;;;;;;;
0207251000;HS10;Dindes 80 non découpées congelés plumées vidées sans tête ni pattes avec cou cœur foie et gésier;Dindes 80 non découpées congelés plumées vidées sans tête ni pattes avec cou cœur foie et gésier;Alimentation;15.0;2.0;3.0;19.0;;=;39.0
0207252000;HS10;Non découpés en morceaux;Meat and edible offal;Alimentation;15.0;2.0;3.0;19.0;;=;39.0
0207259000;HS10;Non découpés en morceaux - Autre;Meat and edible offal - Other;Alimentation;15.0;2.0;3.0;19.0;;=;39.0
020726;HS6;Morceaux et abats;Meat and edible offal;;;;;;;;
0207261000;HS10;Morceaux et abats;Meat and edible offal;Alimentation;15.0;2.0;3.0;19.0;;=;39.0
0207262000;HS10;Morceaux et abats;Meat and edible offal;Alimentation;15.0;2.0;3.0;19.0;;=;39.0
0207269000;HS10;Morceaux et abats - Autre;Meat and edible offal - Other;Alimentation;15.0;2.0;3.0;19.0;;=;39.0
020727;HS6;Dindes découpées, congelées;Turkey cuts, frozen;;;;;;;;
020727;HS6-DIRECT;Dindes découpées, congelées;Turkey cuts, frozen;Alimentation;15.0;2.0;3.0;19.0;;=;39.0
020741;HS6;Non découpés en morceaux;Meat and edible offal;;;;;;;;
0207411000;HS10;Canards 85 non découpés frais ou réfrigérés plumés saignés non vidés sans boyaux avec la tête et les pattes;Canards 85 non découpés frais ou réfrigérés plumés saignés non vidés sans boyaux avec la tête et les pattes;Alimentation;15.0;2.0;3.0;19.0;;=;39.0
0207412000;HS10;Canards 70 non découpés frais ou réfrigérés plumés vidés sans tête ni pattes avec cou cœur foie et gésier;Canards 70 non découpés frais ou réfrigérés plumés vidés sans tête ni pattes avec cou cœur foie et gésier;Alimentation;15.0;2.0;3.0;19.0;;=;39.0
0207419000;HS10;Non découpés en morceaux - Autre;Meat and edible offal - Other;Alimentation;15.0;2.0;3.0;19.0;;=;39.0
020742;HS6;Non découpés en morceaux;Meat and edible offal;;;;;;;;
0207421000;HS10;Canards 70 non découpés congelés plumés vidés sans tête ni pattes avec cou cœur foie et gésier;Canards 70 non découpés congelés plumés vidés sans tête ni pattes avec cou cœur foie et gésier;Alimentation;15.0;2.0;3.0;19.0;;=;39.0
0207422000;HS10;Non découpés en morceaux;Meat and edible offal;Alimentation;15.0;2.0;3.0;19.0;;=;39.0
0207429000;HS10;Non découpés en morceaux - Autre;Meat and edible offal - Other;Alimentation;15.0;2.0;3.0;19.0;;=;39.0
020743;HS6;Foies gras;Meat and edible offal;;;;;;;;
0207431000;HS10;Foies gras;Meat and edible offal;Alimentation;15.0;2.0;3.0;19.0;;=;39.0
0207432000;HS10;Foies gras;Meat and edible offal;Alimentation;15.0;2.0;3.0;19.0;;=;39.0
0207439000;HS10;Foies gras - Autre;Meat and edible offal - Other;Alimentation;15.0;2.0;3.0;19.0;;=;39.0
020744;HS6;Autres;Meat and edible offal;;;;;;;;
0207441000;HS10;Autres morceaux désossés de canard frais ou réfrigérés;Autres morceaux désossés de canard frais ou réfrigérés;Alimentation;15.0;2.0;3.0;19.0;;=;39.0
0207442000;HS10;Autres;Meat and edible offal;Alimentation;15.0;2.0;3.0;19.0;;=;39.0
0207449000;HS10;Autres - Autre;Meat and edible offal - Other;Alimentation;15.0;2.0;3.0;19.0;;=;39.0
020745;HS6;Autres;Meat and edible offal;;;;;;;;
0207451000;HS10;Autres morceaux désossés de canard congelés;Autres morceaux désossés de canard congelés;Alimentation;15.0;2.0;3.0;19.0;;=;39.0
0207452000;HS10;Autres;Meat and edible offal;Alimentation;15.0;2.0;3.0;19.0;;=;39.0
0207459000;HS10;Autres - Autre;Meat and edible offal - Other;Alimentation;15.0;2.0;3.0;19.0;;=;39.0
020751;HS6;Non découpés en morceaux;Meat and edible offal;;;;;;;;
0207511000;HS10;Oies 82 non découpées en morceaux fraîches ou réfrigérées;Oies 82 non découpées en morceaux fraîches ou réfrigérées;Alimentation;15.0;2.0;3.0;19.0;;=;39.0
0207512000;HS10;Non découpés en morceaux;Meat and edible offal;Alimentation;15.0;2.0;3.0;19.0;;=;39.0
0207519000;HS10;Non découpés en morceaux - Autre;Meat and edible offal - Other;Alimentation;15.0;2.0;3.0;19.0;;=;39.0
020752;HS6;Non découpés en morceaux;Meat and edible offal;;;;;;;;
0207521000;HS10;Oies 82 non découpées en morceaux congelées;Oies 82 non découpées en morceaux congelées;Alimentation;15.0;2.0;3.0;19.0;;=;39.0
0207522000;HS10;Non découpés en morceaux;Meat and edible offal;Alimentation;15.0;2.0;3.0;19.0;;=;39.0
0207529000;HS10;Non découpés en morceaux - Autre;Meat and edible offal - Other;Alimentation;15.0;2.0;3.0;19.0;;=;39.0
020753;HS6;Foies gras;Meat and edible offal;;;;;;;;
0207531000;HS10;Foies gras;Meat and edible offal;Alimentation;15.0;2.0;3.0;19.0;;=;39.0
0207532000;HS10;Foies gras;Meat and edible offal;Alimentation;15.0;2.0;3.0;19.0;;=;39.0
0207539000;HS10;Foies gras - Autre;Meat and edible offal - Other;Alimentation;15.0;2.0;3.0;19.0;;=;39.0
020754;HS6;Autres;Meat and edible offal;;;;;;;;
0207541000;HS10;Doies autres frais ou réfrigérés morceauxdesosses;Doies autres frais ou refrigeres morceauxdesosses;Alimentation;15.0;2.0;3.0;19.0;;=;39.0
0207542000;HS10;Autres;Meat and edible offal;Alimentation;15.0;2.0;3.0;19.0;;=;39.0
0207549000;HS10;Autres - Autre;Meat and edible offal - Other;Alimentation;15.0;2.0;3.0;19.0;;=;39.0
020755;HS6;Autres;Meat and edible offal;;;;;;;;
0207551000;HS10;Doies autres congeles morceauxdesosses;Doies autres congeles morceauxdesosses;Alimentation;15.0;2.0;3.0;19.0;;=;39.0
0207552000;HS10;Autres;Meat and edible offal;Alimentation;15.0;2.0;3.0;19.0;;=;39.0
0207559000;HS10;Autres - Autre;Meat and edible offal - Other;Alimentation;15.0;2.0;3.0;19.0;;=;39.0
020760;HS6;De pintades :;Meat and edible offal;;;;;;;;
0207601000;HS10;De pintades non decoupes en morceaux frais ou réfrigérés;De pintades non decoupes en morceaux frais ou refrigeres;Alimentation;15.0;2.0;3.0;19.0;;=;39.0
0207602000;HS10;De pintades non decoupes en morceaux congeles;De pintades non decoupes en morceaux congeles;Alimentation;15.0;2.0;3.0;19.0;;=;39.0
0207609000;HS10;De pintades : - Autre;Meat and edible offal - Other;Alimentation;15.0;2.0;3.0;19.0;;=;39.0
0208;RANGEE 08;"Meat and edible meat offal, n.e.c. in chapter 2; fresh, chilled or frozen";;;;;;;;;
020810;HS6;Viande de lapin fraîche;Fresh rabbit meat;;;;;;;;
020810;HS6-DIRECT;Viande de lapin fraîche;Fresh rabbit meat;Alimentation;15.0;2.0;3.0;19.0;;=;39.0
020830;HS6;Viande de primates;Primate meat;;;;;;;;
020830;HS6-DIRECT;Viande de primates;Primate meat;Alimentation;15.0;2.0;3.0;19.0;;=;39.0
020840;HS6;De baleines;de lamantins et dugongs (mammifères de l'ordre Sirenia);;;;;;;;
0208401000;HS10;De baleines;de lamantins et dugongs (mammifères de l'ordre Sirenia);Alimentation;15.0;2.0;3.0;19.0;;=;39.0
0208402000;HS10;De baleines;de lamantins et dugongs (mammifères de l'ordre Sirenia);Alimentation;15.0;2.0;3.0;19.0;;=;39.0
0208409000;HS10;De baleines - Autre;de lamantins et dugongs (mammifères de l'ordre Sirenia) - Other;Alimentation;15.0;2.0;3.0;19.0;;=;39.0
020850;HS6;De reptiles (y compris les serpents et tortues de mer);Meat and edible meat offal;;;;;;;;
0208501000;HS10;De reptiles y compris les serpents et les tortues de mer viandes fraiches ou refrigerees;De reptiles y compris les serpents et les tortues de mer viandes fraiches ou refrigerees;Alimentation;15.0;2.0;3.0;19.0;;=;39.0
0208502000;HS10;De reptiles y compris les serpents et les tortues de mer viandes congelees;De reptiles y compris les serpents et les tortues de mer viandes congelees;Alimentation;15.0;2.0;3.0;19.0;;=;39.0
0208509000;HS10;De reptiles (y compris les serpents et tortues de mer) - Autre;Meat and edible meat offal - Other;Alimentation;15.0;2.0;3.0;19.0;;=;39.0
020860;HS6;De chameaux et d'autres camélidés (Camelidae);Meat and edible meat offal;;;;;;;;
0208601000;HS10;De chameaux et d'autres camélidés (Camelidae);Meat and edible meat offal;Alimentation;15.0;2.0;3.0;19.0;;=;39.0
0208602000;HS10;De chameaux et d'autres camélidés (Camelidae);Meat and edible meat offal;Alimentation;15.0;2.0;3.0;19.0;;=;39.0
0208609000;HS10;De chameaux et d'autres camélidés (Camelidae) - Autre;Meat and edible meat offal - Other;Alimentation;15.0;2.0;3.0;19.0;;=;39.0
020890;HS6;Autres viandes (gibier, autruche);Other meat (game, ostrich);;;;;;;;
0208901000;HS10;Autres viandes (gibier, autruche) - Espèce 1;Other meat (game, ostrich) - Species 1;Alimentation;15.0;2.0;3.0;19.0;;=;39.0
0208902000;HS10;Autres viandes (gibier, autruche) - Espèce 2;Other meat (game, ostrich) - Species 2;Alimentation;15.0;2.0;3.0;19.0;;=;39.0
0208909000;HS10;Autres viandes (gibier, autruche) - Autre espèce;Other meat (game, ostrich) - Other species;Alimentation;15.0;2.0;3.0;19.0;;=;39.0
0209;RANGEE 09;Pig fat, free of lean meat, and poultry fat, not rendered or otherwise extracted, fresh, chilled, frozen, salted, in brine, dried or smoked;;;;;;;;;
020900;HS6;Graisse de porc et de volaille;Pig fat and poultry fat;;;;;;;;
0209001000;HS10;Graisse de porc et de volaille;Pig fat and poultry fat;Alimentation;15.0;2.0;3.0;19.0;;=;39.0
0209002000;HS10;Graisse de porc et de volaille;Pig fat and poultry fat;Alimentation;15.0;2.0;3.0;19.0;;=;39.0
0209009000;HS10;Graisse de porc et de volaille - Autre;Pig fat and poultry fat - Other;Alimentation;15.0;2.0;3.0;19.0;;=;39.0
020910;HS6;De porc;Fat;;;;;;;;
0209101000;HS10;De porc;Fat;Alimentation;15.0;2.0;3.0;19.0;;=;39.0
0209102000;HS10;De porc;Fat;Alimentation;15.0;2.0;3.0;19.0;;=;39.0
0209109000;HS10;De porc - Autre;Fat - Other;Alimentation;15.0;2.0;3.0;19.0;;=;39.0
020990;HS6;Autres;Fat;;;;;;;;
0209901000;HS10;Autres;Fat;Alimentation;15.0;2.0;3.0;19.0;;=;39.0
0209902000;HS10;Autres;Fat;Alimentation;15.0;2.0;3.0;19.0;;=;39.0
0209909000;HS10;Autres - Autre;Fat - Other;Alimentation;15.0;2.0;3.0;19.0;;=;39.0
0210;RANGEE 10;"Meat and edible meat offal; salted, in brine, dried or smoked; edible flours and meals of meat or meat offal";;;;;;;;;
021011;HS6;Jambons;Meat;;;;;;;;
0210111000;HS10;Viandes de lespece porcine jambons epaules et leurs morceaux non desosses sales ou en saumure;Viandes de lespece porcine jambons epaules et leurs morceaux non desosses sales ou en saumure;Alimentation;15.0;2.0;3.0;19.0;;=;39.0
0210112000;HS10;Viandes de lespece porcine jambons epaules et leurs morceaux non desosses séchés ou fumes;Viandes de lespece porcine jambons epaules et leurs morceaux non desosses seches ou fumes;Alimentation;15.0;2.0;3.0;19.0;;=;39.0
0210119000;HS10;Jambons - Autre;Meat - Other;Alimentation;15.0;2.0;3.0;19.0;;=;39.0
021012;HS6;Poitrines (entrelardées) et leurs morceaux;Meat;;;;;;;;
0210121000;HS10;Viandes de lespece porcine poitrines entrelardes et leurs morceaux sales ou en saumure;Viandes de lespece porcine poitrines entrelardes et leurs morceaux sales ou en saumure;Alimentation;15.0;2.0;3.0;19.0;;=;39.0
0210122000;HS10;Viandes de lespece porcine poitrines entrelardes et leurs morceaux séchés ou fumes;Viandes de lespece porcine poitrines entrelardes et leurs morceaux seches ou fumes;Alimentation;15.0;2.0;3.0;19.0;;=;39.0
0210129000;HS10;Poitrines (entrelardées) et leurs morceaux - Autre;Meat - Other;Alimentation;15.0;2.0;3.0;19.0;;=;39.0
021019;HS6;Autres;Meat;;;;;;;;
0210191000;HS10;Viandes de lespece porcine autres sales ou en saumure;Viandes de lespece porcine autres sales ou en saumure;Alimentation;15.0;2.0;3.0;19.0;;=;39.0
0210192000;HS10;Viandes de lespece porcine autres séchés ou fumes;Viandes de lespece porcine autres seches ou fumes;Alimentation;15.0;2.0;3.0;19.0;;=;39.0
0210199000;HS10;Autres - Autre;Meat - Other;Alimentation;15.0;2.0;3.0;19.0;;=;39.0
021020;HS6;Viandes de l'espèce bovine;Meat;;;;;;;;
0210201000;HS10;Viandes de l'espèce bovine;Meat;Alimentation;15.0;2.0;3.0;19.0;;=;39.0
0210202000;HS10;Viandes de l'espèce bovine;Meat;Alimentation;15.0;2.0;3.0;19.0;;=;39.0
0210209000;HS10;Viandes de l'espèce bovine - Autre;Meat - Other;Alimentation;15.0;2.0;3.0;19.0;;=;39.0
021091;HS6;De primates;Meat and edible meat offal;;;;;;;;
0210911000;HS10;De primates;Meat and edible meat offal;Alimentation;15.0;2.0;3.0;19.0;;=;39.0
0210912000;HS10;Abats de primates;Abats de primates;Alimentation;15.0;2.0;3.0;19.0;;=;39.0
0210919000;HS10;De primates - Autre;Meat and edible meat offal - Other;Alimentation;15.0;2.0;3.0;19.0;;=;39.0
021092;HS6;De baleines;de lamantins et dugongs (mammifères de l'ordre Sirenia);;;;;;;;
0210921000;HS10;De baleines;de lamantins et dugongs (mammifères de l'ordre Sirenia);Alimentation;15.0;2.0;3.0;19.0;;=;39.0
0210922000;HS10;De baleines;de lamantins et dugongs (mammifères de l'ordre Sirenia);Alimentation;15.0;2.0;3.0;19.0;;=;39.0
0210929000;HS10;De baleines - Autre;de lamantins et dugongs (mammifères de l'ordre Sirenia) - Other;Alimentation;15.0;2.0;3.0;19.0;;=;39.0
021093;HS6;De reptiles (y compris les serpents et tortues de mer);Meat and edible meat offal;;;;;;;;
0210931000;HS10;Viandes de reptiles y compris serpents et tortues de mer;Viandes de reptiles y compris serpents et tortues de mer;Alimentation;15.0;2.0;3.0;19.0;;=;39.0
0210932000;HS10;Abats de reptiles y compris serpents et tortues de mer;Abats de reptiles y compris serpents et tortues de mer;Alimentation;15.0;2.0;3.0;19.0;;=;39.0
0210939000;HS10;De reptiles (y compris les serpents et tortues de mer) - Autre;Meat and edible meat offal - Other;Alimentation;15.0;2.0;3.0;19.0;;=;39.0
021099;HS6;Autres;Meat and edible meat offal;;;;;;;;
0210991000;HS10;Autres;Meat and edible meat offal;Alimentation;15.0;2.0;3.0;19.0;;=;39.0
0210992000;HS10;Autres;Meat and edible meat offal;Alimentation;15.0;2.0;3.0;19.0;;=;39.0
0210999000;HS10;Autres - Autre;Meat and edible meat offal - Other;Alimentation;15.0;2.0;3.0;19.0;;=;39.0
CHAPITRE 03;CHAPITRE;Poissons et crustacés;;;;;;;;;
0301;RANGEE 01;"Fish; live";;;;;;;;;
030110;HS6;Poissons d'ornement vivants;Live ornamental fish;;;;;;;;
0301101000;HS10;Poissons d'ornement vivants;Live ornamental fish;Alimentation;15.0;2.0;3.0;19.0;;910 Déclaration d'Importation du Produit | 210 Autorisation de Libre Circulation | 902 Autorisation d'admission du produit | 216 Certificat Sanitaire Vétérinaire;39.0
0301102000;HS10;Poissons d'ornement vivants;Live ornamental fish;Alimentation;15.0;2.0;3.0;19.0;;=;39.0
0301109000;HS10;Poissons d'ornement vivants - Autre;Live ornamental fish - Other;Alimentation;15.0;2.0;3.0;19.0;;=;39.0
030111;HS6;Poissons d'ornement, eau douce;Ornamental fish, freshwater;;;;;;;;
030111;HS6-DIRECT;Poissons d'ornement, eau douce;Ornamental fish, freshwater;Alimentation;15.0;2.0;3.0;19.0;;=;39.0
030119;HS6;Poissons d'ornement, eau de mer;Ornamental fish, saltwater;;;;;;;;
030119;HS6-DIRECT;Poissons d'ornement, eau de mer;Ornamental fish, saltwater;Alimentation;15.0;2.0;3.0;19.0;;=;39.0
030191;HS6;Truites vivantes;Live trout;;;;;;;;
0301911000;HS10;Truites vivantes - Élevage;Live trout - Farmed;Alimentation;5.0;2.0;3.0;19.0;;=;29.0
0301919000;HS10;Truites vivantes - Sauvage;Live trout - Wild;Alimentation;15.0;2.0;3.0;19.0;;=;39.0
030192;HS6;Anguilles vivantes;Live eels;;;;;;;;
0301921000;HS10;Anguilles vivantes - Élevage;Live eels - Farmed;Alimentation;5.0;2.0;3.0;19.0;;=;29.0
0301929000;HS10;Anguilles vivantes - Sauvage;Live eels - Wild;Alimentation;15.0;2.0;3.0;19.0;;=;39.0
030193;HS6;Carpes vivantes;Live carp;;;;;;;;
0301931000;HS10;Carpes vivantes - Élevage;Live carp - Farmed;Alimentation;5.0;2.0;3.0;19.0;;=;29.0
0301939000;HS10;Carpes vivantes - Sauvage;Live carp - Wild;Alimentation;15.0;2.0;3.0;19.0;;=;39.0
030194;HS6;Thons rouges vivants;Live Atlantic bluefin tuna;;;;;;;;
030194;HS6-DIRECT;Thons rouges vivants;Live Atlantic bluefin tuna;Alimentation;15.0;2.0;3.0;19.0;;=;39.0
030195;HS6;Thons rouges du sud (Thunnus maccoyii);Fish;;;;;;;;
0301951000;HS10;Thons rouges du sud vivants destines a la reproduction;Thons rouges du sud vivants destines a la reproduction;Alimentation;15.0;2.0;3.0;19.0;;=;39.0
0301952000;HS10;Thons rouges du sud vivants destines a lelevage aquacole;Thons rouges du sud vivants destines a lelevage aquacole;Alimentation;15.0;2.0;3.0;19.0;;=;39.0
0301959000;HS10;Thons rouges du sud (Thunnus maccoyii) - Autre;Fish - Other;Alimentation;15.0;2.0;3.0;19.0;;=;39.0
030199;HS6;Autres poissons vivants;Other live fish;;;;;;;;
0301991000;HS10;Autres poissons vivants - Espèce 1;Other live fish - Species 1;Alimentation;15.0;2.0;3.0;19.0;;=;39.0
0301992000;HS10;Autres poissons vivants - Espèce 2;Other live fish - Species 2;Alimentation;15.0;2.0;3.0;19.0;;=;39.0
0301999000;HS10;Autres poissons vivants - Autre espèce;Other live fish - Other species;Alimentation;15.0;2.0;3.0;19.0;;=;39.0
0302;RANGEE 02;"Fish; fresh or chilled, excluding fish fillets and other fish meat of heading 0304";;;;;;;;;
030211;HS6;Truites fraîches/réfrigérées;Fresh/chilled trout;;;;;;;;
0302111000;HS10;Truites fraîches/réfrigérées - Élevage;Fresh/chilled trout - Farmed;Alimentation;5.0;2.0;3.0;19.0;;=;29.0
0302119000;HS10;Truites fraîches/réfrigérées - Sauvage;Fresh/chilled trout - Wild;Alimentation;15.0;2.0;3.0;19.0;;=;39.0
030212;HS6;Saumons du Pacifique frais;Pacific salmon;;;;;;;;
0302121000;HS10;Saumons du Pacifique frais;Pacific salmon;Alimentation;15.0;2.0;3.0;19.0;;=;39.0
0302122000;HS10;Saumons du Pacifique frais;Pacific salmon;Alimentation;15.0;2.0;3.0;19.0;;=;39.0
0302129000;HS10;Saumons du Pacifique frais - Autre;Pacific salmon - Other;Alimentation;15.0;2.0;3.0;19.0;;=;39.0
030213;HS6;Saumons du Pacifique frais;Fresh Pacific salmon;;;;;;;;
0302131000;HS10;Saumons du Pacifique frais - Espèce 1;Fresh Pacific salmon - Species 1;Alimentation;15.0;2.0;3.0;19.0;;=;39.0
0302132000;HS10;Saumons du Pacifique frais - Espèce 2;Fresh Pacific salmon - Species 2;Alimentation;15.0;2.0;3.0;19.0;;=;39.0
0302139000;HS10;Saumons du Pacifique frais - Autre espèce;Fresh Pacific salmon - Other species;Alimentation;15.0;2.0;3.0;19.0;;=;39.0
030214;HS6;Saumon atlantique frais;Fresh Atlantic salmon;;;;;;;;
0302141000;HS10;Saumon atlantique frais - Élevage;Fresh Atlantic salmon - Farmed;Alimentation;5.0;2.0;3.0;19.0;;=;29.0
0302149000;HS10;Saumon atlantique frais - Sauvage;Fresh Atlantic salmon - Wild;Alimentation;15.0;2.0;3.0;19.0;;=;39.0
030219;HS6;Autres;Fish;;;;;;;;
0302191000;HS10;Coregones poissons blancs;Coregones poissons blancs;Alimentation;15.0;2.0;3.0;19.0;;=;39.0
0302192000;HS10;Autres;Fish;Alimentation;15.0;2.0;3.0;19.0;;=;39.0
0302199000;HS10;Autres - Autre;Fish - Other;Alimentation;15.0;2.0;3.0;19.0;;=;39.0
030221;HS6;Flétan frais;Fresh halibut;;;;;;;;
030221;HS6-DIRECT;Flétan frais;Fresh halibut;Alimentation;15.0;2.0;3.0;19.0;;=;39.0
030222;HS6;Plie fraîche;Fresh plaice;;;;;;;;
030222;HS6-DIRECT;Plie fraîche;Fresh plaice;Alimentation;15.0;2.0;3.0;19.0;;=;39.0
030223;HS6;Sole fraîche;Fresh sole;;;;;;;;
030223;HS6-DIRECT;Sole fraîche;Fresh sole;Alimentation;15.0;2.0;3.0;19.0;;=;39.0
030224;HS6;Turbots (Psetta maxima);Fish;;;;;;;;
0302241000;HS10;Turbots (Psetta maxima);Fish;Alimentation;15.0;2.0;3.0;19.0;;=;39.0
0302242000;HS10;Turbots (Psetta maxima);Fish;Alimentation;15.0;2.0;3.0;19.0;;=;39.0
0302249000;HS10;Turbots (Psetta maxima) - Autre;Fish - Other;Alimentation;15.0;2.0;3.0;19.0;;=;39.0
030229;HS6;Autres;Fish;;;;;;;;
0302291000;HS10;Poissons plats pleuronectidae bothidae cynoglossidae soleidae scophthalmidae et citharidae a lexclusion des abats de poissons comestibles des ns 030291 a 030299 autres cardine lepidorhombus spp;Poissons plats pleuronectidae bothidae cynoglossidae soleidae scophthalmidae et citharidae a lexclusion des abats de poissons comestibles des ns 030291 a 030299 autres cardine lepidorhombus spp;Alimentation;15.0;2.0;3.0;19.0;;=;39.0
0302292000;HS10;Autres;Fish;Alimentation;15.0;2.0;3.0;19.0;;=;39.0
0302299000;HS10;Autres - Autre;Fish - Other;Alimentation;15.0;2.0;3.0;19.0;;=;39.0
030231;HS6;Tilapia frais;Fresh tilapia;;;;;;;;
0302311000;HS10;Tilapia frais - Élevage;Fresh tilapia - Farmed;Alimentation;5.0;2.0;3.0;19.0;;=;29.0
0302319000;HS10;Tilapia frais - Sauvage;Fresh tilapia - Wild;Alimentation;15.0;2.0;3.0;19.0;;=;39.0
030232;HS6;Poissons-chats (silures) frais;Fresh catfish;;;;;;;;
0302321000;HS10;Poissons-chats (silures) frais - Élevage;Fresh catfish - Farmed;Alimentation;5.0;2.0;3.0;19.0;;=;29.0
0302329000;HS10;Poissons-chats (silures) frais - Sauvage;Fresh catfish - Wild;Alimentation;15.0;2.0;3.0;19.0;;=;39.0
030233;HS6;Perche du Nil fraîche;Fresh Nile perch;;;;;;;;
0302331000;HS10;Perche du Nil fraîche - Élevage;Fresh Nile perch - Farmed;Alimentation;5.0;2.0;3.0;19.0;;=;29.0
0302339000;HS10;Perche du Nil fraîche - Sauvage;Fresh Nile perch - Wild;Alimentation;15.0;2.0;3.0;19.0;;=;39.0
030234;HS6;Thons obèses frais;Bigeye tuna;;;;;;;;
0302341000;HS10;Thons du genre thunnus listaos bonites a ventre raye katsuwonus pelamis a lexclusion des abats de poissons comestibles des ns 030291 a 030299 thons obeses thunnus obesus destines a la fabrication industrielle des produits relevant du n 1604;Thons du genre thunnus listaos bonites a ventre raye katsuwonus pelamis a lexclusion des abats de poissons comestibles des ns 030291 a 030299 thons obeses thunnus obesus destines a la fabrication industrielle des produits relevant du n 1604;Alimentation;15.0;2.0;3.0;19.0;;=;39.0
0302342000;HS10;Thons obèses frais;Bigeye tuna;Alimentation;15.0;2.0;3.0;19.0;;=;39.0
0302349000;HS10;Thons obèses frais - Autre;Bigeye tuna - Other;Alimentation;15.0;2.0;3.0;19.0;;=;39.0
030235;HS6;Thons rouges frais;Bluefin tuna;;;;;;;;
0302351000;HS10;Thons du genre thunnus listaos bonites a ventre raye katsuwonus pelamis a lexclusion des abats de poissons comestibles des ns 030291 a 030299 thons rouges de latlantique et du pacifique thunnus thynnus thunnus orientalis destines a la fabrication industrielle des produits relevant du n 1604;Thons du genre thunnus listaos bonites a ventre raye katsuwonus pelamis a lexclusion des abats de poissons comestibles des ns 030291 a 030299 thons rouges de latlantique et du pacifique thunnus thynnus thunnus orientalis destines a la fabrication industrielle des produits relevant du n 1604;Alimentation;15.0;2.0;3.0;19.0;;=;39.0
0302352000;HS10;Thons rouges frais;Bluefin tuna;Alimentation;15.0;2.0;3.0;19.0;;=;39.0
0302359000;HS10;Thons rouges frais - Autre;Bluefin tuna - Other;Alimentation;15.0;2.0;3.0;19.0;;=;39.0
030236;HS6;Thons rouges du sud (Thunnus maccoyii);Fish;;;;;;;;
0302361000;HS10;Thons du genre thunnus listaos bonites a ventre raye katsuwonus pelamis a lexclusion des abats de poissons comestibles des ns 030291 a 030299 thons rouges du sud thunnus maccoyii destines a la fabrication industrielle des produits relevant du n 1604;Thons du genre thunnus listaos bonites a ventre raye katsuwonus pelamis a lexclusion des abats de poissons comestibles des ns 030291 a 030299 thons rouges du sud thunnus maccoyii destines a la fabrication industrielle des produits relevant du n 1604;Alimentation;15.0;2.0;3.0;19.0;;=;39.0
0302362000;HS10;Thons rouges du sud (Thunnus maccoyii);Fish;Alimentation;15.0;2.0;3.0;19.0;;=;39.0
0302369000;HS10;Thons rouges du sud (Thunnus maccoyii) - Autre;Fish - Other;Alimentation;15.0;2.0;3.0;19.0;;=;39.0
030239;HS6;Autres;Fish;;;;;;;;
0302391000;HS10;Thons du genre thunnus listaos bonites a ventre raye katsuwonus pelamis a lexclusion des abats de poissons comestibles des ns 030291 a 030299 autres destines a la fabrication industrielle des produits relevant du n 1604;Thons du genre thunnus listaos bonites a ventre raye katsuwonus pelamis a lexclusion des abats de poissons comestibles des ns 030291 a 030299 autres destines a la fabrication industrielle des produits relevant du n 1604;Alimentation;15.0;2.0;3.0;19.0;;=;39.0
0302392000;HS10;Autres;Fish;Alimentation;15.0;2.0;3.0;19.0;;=;39.0
0302399000;HS10;Autres - Autre;Fish - Other;Alimentation;15.0;2.0;3.0;19.0;;=;39.0
030241;HS6;Harengs frais;Fresh herrings;;;;;;;;
030241;HS6-DIRECT;Harengs frais;Fresh herrings;Alimentation;15.0;2.0;3.0;19.0;;=;39.0
030242;HS6;Anchois frais;Fresh anchovies;;;;;;;;
030242;HS6-DIRECT;Anchois frais;Fresh anchovies;Alimentation;15.0;2.0;3.0;19.0;;=;39.0
030243;HS6;Sardines fraîches;Fresh sardines;;;;;;;;
030243;HS6-DIRECT;Sardines fraîches;Fresh sardines;Alimentation;15.0;2.0;3.0;19.0;;=;39.0
030244;HS6;Maquereaux frais;Fresh mackerel;;;;;;;;
0302441000;HS10;Maquereaux frais - Espèce 1;Fresh mackerel - Species 1;Alimentation;15.0;2.0;3.0;19.0;;=;39.0
0302442000;HS10;Maquereaux frais - Espèce 2;Fresh mackerel - Species 2;Alimentation;15.0;2.0;3.0;19.0;;=;39.0
0302449000;HS10;Maquereaux frais - Autre espèce;Fresh mackerel - Other species;Alimentation;15.0;2.0;3.0;19.0;;=;39.0
030245;HS6;Chinchards (Trachurus spp.);Fish;;;;;;;;
0302451000;HS10;Chinchards (Trachurus spp.);Fish;Alimentation;15.0;2.0;3.0;19.0;;=;39.0
0302452000;HS10;Chinchards (Trachurus spp.);Fish;Alimentation;15.0;2.0;3.0;19.0;;=;39.0
0302459000;HS10;Chinchards (Trachurus spp.) - Autre;Fish - Other;Alimentation;15.0;2.0;3.0;19.0;;=;39.0
030246;HS6;Mafous (Rachycentron canadum);Fish;;;;;;;;
0302461000;HS10;Mafous (Rachycentron canadum);Fish;Alimentation;15.0;2.0;3.0;19.0;;=;39.0
0302462000;HS10;Mafous (Rachycentron canadum);Fish;Alimentation;15.0;2.0;3.0;19.0;;=;39.0
0302469000;HS10;Mafous (Rachycentron canadum) - Autre;Fish - Other;Alimentation;15.0;2.0;3.0;19.0;;=;39.0
030247;HS6;Espadons (Xiphias gladius);Fish;;;;;;;;
0302471000;HS10;Espadons (Xiphias gladius);Fish;Alimentation;15.0;2.0;3.0;19.0;;=;39.0
0302472000;HS10;Espadons (Xiphias gladius);Fish;Alimentation;15.0;2.0;3.0;19.0;;=;39.0
0302479000;HS10;Espadons (Xiphias gladius) - Autre;Fish - Other;Alimentation;15.0;2.0;3.0;19.0;;=;39.0
030249;HS6;Autres;Fish;;;;;;;;
0302491000;HS10;Autres;Fish;Alimentation;15.0;2.0;3.0;19.0;;=;39.0
0302492000;HS10;Autres;Fish;Alimentation;15.0;2.0;3.0;19.0;;=;39.0
0302499000;HS10;Autres - Autre;Fish - Other;Alimentation;15.0;2.0;3.0;19.0;;=;39.0
030251;HS6;Morue fraîche;Fresh cod;;;;;;;;
030251;HS6-DIRECT;Morue fraîche;Fresh cod;Alimentation;15.0;2.0;3.0;19.0;;=;39.0
030252;HS6;Eglefins (Melanogrammus aeglefinus);Fish;;;;;;;;
0302521000;HS10;Eglefins (Melanogrammus aeglefinus);Fish;Alimentation;15.0;2.0;3.0;19.0;;=;39.0
0302522000;HS10;Eglefins (Melanogrammus aeglefinus);Fish;Alimentation;15.0;2.0;3.0;19.0;;=;39.0
0302529000;HS10;Eglefins (Melanogrammus aeglefinus) - Autre;Fish - Other;Alimentation;15.0;2.0;3.0;19.0;;=;39.0
030253;HS6;Lieus noirs (Pollachius virens);Fish;;;;;;;;
0302531000;HS10;Lieus noirs (Pollachius virens);Fish;Alimentation;15.0;2.0;3.0;19.0;;=;39.0
0302532000;HS10;Lieus noirs (Pollachius virens);Fish;Alimentation;15.0;2.0;3.0;19.0;;=;39.0
0302539000;HS10;Lieus noirs (Pollachius virens) - Autre;Fish - Other;Alimentation;15.0;2.0;3.0;19.0;;=;39.0
030254;HS6;Merlu frais;Fresh hake;;;;;;;;
030254;HS6-DIRECT;Merlu frais;Fresh hake;Alimentation;15.0;2.0;3.0;19.0;;=;39.0
030255;HS6;Lieus d'Alaska (Theragra chalcogramma);Fish;;;;;;;;
0302551000;HS10;Lieus d'Alaska (Theragra chalcogramma);Fish;Alimentation;15.0;2.0;3.0;19.0;;=;39.0
0302552000;HS10;Lieus d'Alaska (Theragra chalcogramma);Fish;Alimentation;15.0;2.0;3.0;19.0;;=;39.0
0302559000;HS10;Lieus d'Alaska (Theragra chalcogramma) - Autre;Fish - Other;Alimentation;15.0;2.0;3.0;19.0;;=;39.0
030256;HS6;Merlans bleus (Micromesistius poutassou;Fish;;;;;;;;
0302561000;HS10;Merlans bleus (Micromesistius poutassou;Fish;Alimentation;15.0;2.0;3.0;19.0;;=;39.0
0302562000;HS10;Merlans bleus (Micromesistius poutassou;Fish;Alimentation;15.0;2.0;3.0;19.0;;=;39.0
0302569000;HS10;Merlans bleus (Micromesistius poutassou - Autre;Fish - Other;Alimentation;15.0;2.0;3.0;19.0;;=;39.0
030259;HS6;Autres;Fish;;;;;;;;
0302591000;HS10;Autres;Fish;Alimentation;15.0;2.0;3.0;19.0;;=;39.0
0302592000;HS10;Autres;Fish;Alimentation;15.0;2.0;3.0;19.0;;=;39.0
0302599000;HS10;Autres - Autre;Fish - Other;Alimentation;15.0;2.0;3.0;19.0;;=;39.0
030271;HS6;Tilapia frais entier;Fresh whole tilapia;;;;;;;;
0302711000;HS10;Tilapia frais entier - Élevage;Fresh whole tilapia - Farmed;Alimentation;5.0;2.0;3.0;19.0;;=;29.0
0302719000;HS10;Tilapia frais entier - Sauvage;Fresh whole tilapia - Wild;Alimentation;15.0;2.0;3.0;19.0;;=;39.0
030272;HS6;Poissons-chats frais;Catfish;;;;;;;;
0302721000;HS10;Poissons-chats frais;Catfish;Alimentation;15.0;2.0;3.0;19.0;;=;39.0
0302722000;HS10;Poissons-chats frais;Catfish;Alimentation;15.0;2.0;3.0;19.0;;=;39.0
0302729000;HS10;Poissons-chats frais - Autre;Catfish - Other;Alimentation;15.0;2.0;3.0;19.0;;=;39.0
030273;HS6;Carpes (Cyprinus spp.;Fish;;;;;;;;
0302731000;HS10;Poissons des familles bregmacerotidae euclichthyidae gadidae macrouridae melanonidae merlucciidae moridae et muraenolepididae a lexclusion des abats de poissons comestibles des ns 030291 a 030299 carpes cyprinus spp carassius spp ctenopharyngodon idellus hypophthalmichthys spp cirrhinus spp mylopharyngodon piceus catla catla labeo spp osteochilus hasselti leptobarbus hoeveni megalobrama spp carpes des especes cyprinus spp carassius spp ctenopharyngodon idellus hypophthalmichthys spp cirrhinus spp mylopharyngodon piceus;Poissons des familles bregmacerotidae euclichthyidae gadidae macrouridae melanonidae merlucciidae moridae et muraenolepididae a lexclusion des abats de poissons comestibles des ns 030291 a 030299 carpes cyprinus spp carassius spp ctenopharyngodon idellus hypophthalmichthys spp cirrhinus spp mylopharyngodon piceus catla catla labeo spp osteochilus hasselti leptobarbus hoeveni megalobrama spp carpes des especes cyprinus spp carassius spp ctenopharyngodon idellus hypophthalmichthys spp cirrhinus spp mylopharyngodon piceus;Alimentation;15.0;2.0;3.0;19.0;;=;39.0
0302732000;HS10;Poissons des familles bregmacerotidae euclichthyidae gadidae macrouridae melanonidae merlucciidae moridae et muraenolepididae a lexclusion des abats de poissons comestibles des ns 030291 a 030299 carpes cyprinus spp carassius spp ctenopharyngodon idellus hypophthalmichthys spp cirrhinus spp mylopharyngodon piceus catla catla labeo spp osteochilus hasselti leptobarbus hoeveni megalobrama spp carpes des especes catla catla labeo spp osteochilus hasselti leptobarbus hoeveni megalobrama spp;Poissons des familles bregmacerotidae euclichthyidae gadidae macrouridae melanonidae merlucciidae moridae et muraenolepididae a lexclusion des abats de poissons comestibles des ns 030291 a 030299 carpes cyprinus spp carassius spp ctenopharyngodon idellus hypophthalmichthys spp cirrhinus spp mylopharyngodon piceus catla catla labeo spp osteochilus hasselti leptobarbus hoeveni megalobrama spp carpes des especes catla catla labeo spp osteochilus hasselti leptobarbus hoeveni megalobrama spp;Alimentation;15.0;2.0;3.0;19.0;;=;39.0
0302739000;HS10;Carpes (Cyprinus spp. - Autre;Fish - Other;Alimentation;15.0;2.0;3.0;19.0;;=;39.0
030274;HS6;Anguilles (Anguilla spp.);Fish;;;;;;;;
0302741000;HS10;Poissons des familles bregmacerotidae euclichthyidae gadidae macrouridae melanonidae merlucciidae moridae et muraenolepididae a lexclusion des abats de poissons comestibles des ns 030291 a 030299 anguilles anguilla spp civelles;Poissons des familles bregmacerotidae euclichthyidae gadidae macrouridae melanonidae merlucciidae moridae et muraenolepididae a lexclusion des abats de poissons comestibles des ns 030291 a 030299 anguilles anguilla spp civelles;Alimentation;15.0;2.0;3.0;19.0;;=;39.0
0302742000;HS10;Anguilles (Anguilla spp.);Fish;Alimentation;15.0;2.0;3.0;19.0;;=;39.0
0302749000;HS10;Anguilles (Anguilla spp.) - Autre;Fish - Other;Alimentation;15.0;2.0;3.0;19.0;;=;39.0
030279;HS6;Autres;Fish;;;;;;;;
0302791000;HS10;Poissons des familles bregmacerotidae euclichthyidae gadidae macrouridae melanonidae merlucciidae moridae et muraenolepididae a lexclusion des abats de poissons comestibles des ns 030291 a 030299 autres perches du nil lates niloticus;Poissons des familles bregmacerotidae euclichthyidae gadidae macrouridae melanonidae merlucciidae moridae et muraenolepididae a lexclusion des abats de poissons comestibles des ns 030291 a 030299 autres perches du nil lates niloticus;Alimentation;15.0;2.0;3.0;19.0;;=;39.0
0302792000;HS10;Poissons des familles bregmacerotidae euclichthyidae gadidae macrouridae melanonidae merlucciidae moridae et muraenolepididae a lexclusion des abats de poissons comestibles des ns 030291 a 030299 autres poissons tete de serpent channa spp;Poissons des familles bregmacerotidae euclichthyidae gadidae macrouridae melanonidae merlucciidae moridae et muraenolepididae a lexclusion des abats de poissons comestibles des ns 030291 a 030299 autres poissons tete de serpent channa spp;Alimentation;15.0;2.0;3.0;19.0;;=;39.0
0302799000;HS10;Autres - Autre;Fish - Other;Alimentation;15.0;2.0;3.0;19.0;;=;39.0
030281;HS6;Requins frais;Sharks;;;;;;;;
0302811000;HS10;Autres poissons a lexclusion des abats de poissons comestiblesdes ns 030291 a 030299 squales aiguillats squalus acanthias;Autres poissons a lexclusion des abats de poissons comestiblesdes ns 030291 a 030299 squales aiguillats squalus acanthias;Alimentation;15.0;2.0;3.0;19.0;;=;39.0
0302812000;HS10;Autres poissons a lexclusion des abats de poissons comestiblesdes ns 030291 a 030299 squales roussettes scyliorhinus spp;Autres poissons a lexclusion des abats de poissons comestiblesdes ns 030291 a 030299 squales roussettes scyliorhinus spp;Alimentation;15.0;2.0;3.0;19.0;;=;39.0
0302819000;HS10;Requins frais - Autre;Sharks - Other;Alimentation;15.0;2.0;3.0;19.0;;=;39.0
030282;HS6;Raies (Rajidae);Fish;;;;;;;;
0302821000;HS10;Raies (Rajidae);Fish;Alimentation;15.0;2.0;3.0;19.0;;=;39.0
0302822000;HS10;Raies (Rajidae);Fish;Alimentation;15.0;2.0;3.0;19.0;;=;39.0
0302829000;HS10;Raies (Rajidae) - Autre;Fish - Other;Alimentation;15.0;2.0;3.0;19.0;;=;39.0
030283;HS6;Légines (Dissostichus spp.);Fish;;;;;;;;
0302831000;HS10;Légines (Dissostichus spp.);Fish;Alimentation;15.0;2.0;3.0;19.0;;=;39.0
0302832000;HS10;Légines (Dissostichus spp.);Fish;Alimentation;15.0;2.0;3.0;19.0;;=;39.0
0302839000;HS10;Légines (Dissostichus spp.) - Autre;Fish - Other;Alimentation;15.0;2.0;3.0;19.0;;=;39.0
030284;HS6;Bars (Dicentrarchus spp.);Fish;;;;;;;;
0302841000;HS10;Bars (Dicentrarchus spp.);Fish;Alimentation;15.0;2.0;3.0;19.0;;=;39.0
0302842000;HS10;Bars (Dicentrarchus spp.);Fish;Alimentation;15.0;2.0;3.0;19.0;;=;39.0
0302849000;HS10;Bars (Dicentrarchus spp.) - Autre;Fish - Other;Alimentation;15.0;2.0;3.0;19.0;;=;39.0
030285;HS6;Dorades (Sparidés) (Sparidae);Fish;;;;;;;;
0302851000;HS10;Dorades (Sparidés) (Sparidae);Fish;Alimentation;15.0;2.0;3.0;19.0;;=;39.0
0302852000;HS10;Dorades (Sparidés) (Sparidae);Fish;Alimentation;15.0;2.0;3.0;19.0;;=;39.0
0302859000;HS10;Dorades (Sparidés) (Sparidae) - Autre;Fish - Other;Alimentation;15.0;2.0;3.0;19.0;;=;39.0
030289;HS6;Autres;Fish;;;;;;;;
0302891000;HS10;Autres poissons a lexclusion des abats de poissons comestiblesdes ns 030291 a 030299 autres sebastes perca;Autres poissons a lexclusion des abats de poissons comestiblesdes ns 030291 a 030299 autres sebastes perca;Alimentation;15.0;2.0;3.0;19.0;;=;39.0
0302892000;HS10;Autres poissons a lexclusion des abats de poissons comestiblesdes ns 030291 a 030299 autres morues lingues ophiodon elongatus;Autres poissons a lexclusion des abats de poissons comestiblesdes ns 030291 a 030299 autres morues lingues ophiodon elongatus;Alimentation;15.0;2.0;3.0;19.0;;=;39.0
0302899000;HS10;Autres - Autre;Fish - Other;Alimentation;15.0;2.0;3.0;19.0;;=;39.0
030291;HS6;Foies;Fish;;;;;;;;
0302911000;HS10;Foies oeufs laitances nageoires tetes queues vessies natatoires et autres abats de poissons comestibles foies oeufs et laitances foies;Foies oeufs laitances nageoires tetes queues vessies natatoires et autres abats de poissons comestibles foies oeufs et laitances foies;Alimentation;15.0;2.0;3.0;19.0;;=;39.0
0302912000;HS10;Foies oeufs laitances nageoires tetes queues vessies natatoires et autres abats de poissons comestibles foies oeufs et laitances oeufs et laitances;Foies oeufs laitances nageoires tetes queues vessies natatoires et autres abats de poissons comestibles foies oeufs et laitances oeufs et laitances;Alimentation;15.0;2.0;3.0;19.0;;=;39.0
0302919000;HS10;Foies - Autre;Fish - Other;Alimentation;15.0;2.0;3.0;19.0;;=;39.0
030292;HS6;Ailerons de requins;Fish;;;;;;;;
0302921000;HS10;Ailerons de requins;Fish;Alimentation;15.0;2.0;3.0;19.0;;=;39.0
0302922000;HS10;Ailerons de requins;Fish;Alimentation;15.0;2.0;3.0;19.0;;=;39.0
0302929000;HS10;Ailerons de requins - Autre;Fish - Other;Alimentation;15.0;2.0;3.0;19.0;;=;39.0
030299;HS6;Autres;Fish;;;;;;;;
0302991000;HS10;Foies oeufs laitances nageoires tetes queues vessies natatoires et autres abats de poissons comestibles autres de salmonides;Foies oeufs laitances nageoires tetes queues vessies natatoires et autres abats de poissons comestibles autres de salmonides;Alimentation;15.0;2.0;3.0;19.0;;=;39.0
0302992000;HS10;Foies oeufs laitances nageoires tetes queues vessies natatoires et autres abats de poissons comestibles autres de poissons plats;Foies oeufs laitances nageoires tetes queues vessies natatoires et autres abats de poissons comestibles autres de poissons plats;Alimentation;15.0;2.0;3.0;19.0;;=;39.0
0302999000;HS10;Autres - Autre;Fish - Other;Alimentation;15.0;2.0;3.0;19.0;;=;39.0
0303;RANGEE 03;"Fish; frozen, excluding fish fillets and other fish meat of heading 0304";;;;;;;;;
030311;HS6;Saumons du Pacifique congelés;Pacific salmon;;;;;;;;
0303111000;HS10;Saumons du Pacifique congelés;Pacific salmon;Alimentation;15.0;2.0;3.0;19.0;;=;39.0
0303112000;HS10;Saumons du Pacifique congelés;Pacific salmon;Alimentation;15.0;2.0;3.0;19.0;;=;39.0
0303119000;HS10;Saumons du Pacifique congelés - Autre;Pacific salmon - Other;Alimentation;15.0;2.0;3.0;19.0;;=;39.0
030312;HS6;Autres salmonidés congelés;Other salmonidae;;;;;;;;
0303121000;HS10;Salmonides a lexclusion des abats de poissons comestiblesdes ns 030391 a 030399 autres saumons du pacifique oncorhynchus gorbuscha oncorhynchus keta oncorhynchus tschawytscha oncorhynchus kisutch oncorhynchus masou et oncorhynchus rhodurus saumons keta oncorhynchus keta;Salmonides a lexclusion des abats de poissons comestiblesdes ns 030391 a 030399 autres saumons du pacifique oncorhynchus gorbuscha oncorhynchus keta oncorhynchus tschawytscha oncorhynchus kisutch oncorhynchus masou et oncorhynchus rhodurus saumons keta oncorhynchus keta;Alimentation;15.0;2.0;3.0;19.0;;=;39.0
0303122000;HS10;Salmonides a lexclusion des abats de poissons comestiblesdes ns 030391 a 030399 autres saumons du pacifique oncorhynchus gorbuscha oncorhynchus keta oncorhynchus tschawytscha oncorhynchus kisutch oncorhynchus masou et oncorhynchus rhodurus saumons coho oncorhynchus kisutch;Salmonides a lexclusion des abats de poissons comestiblesdes ns 030391 a 030399 autres saumons du pacifique oncorhynchus gorbuscha oncorhynchus keta oncorhynchus tschawytscha oncorhynchus kisutch oncorhynchus masou et oncorhynchus rhodurus saumons coho oncorhynchus kisutch;Alimentation;15.0;2.0;3.0;19.0;;=;39.0
0303129000;HS10;Autres salmonidés congelés - Autre;Other salmonidae - Other;Alimentation;15.0;2.0;3.0;19.0;;=;39.0
030313;HS6;Saumons de l'Atlantique (Salmo salar) et saumons du Danube (Hucho hucho);Fish;;;;;;;;
0303131000;HS10;Salmonides a lexclusion des abats de poissons comestiblesdes ns 030391 a 030399 saumons de latlantique salmo salar et saumons du danube hucho hucho saumons de latlantique salmo salar;Salmonides a lexclusion des abats de poissons comestiblesdes ns 030391 a 030399 saumons de latlantique salmo salar et saumons du danube hucho hucho saumons de latlantique salmo salar;Alimentation;15.0;2.0;3.0;19.0;;=;39.0
0303132000;HS10;Saumons de l'Atlantique (Salmo salar) et saumons du Danube (Hucho hucho);Fish;Alimentation;15.0;2.0;3.0;19.0;;=;39.0
0303139000;HS10;Saumons de l'Atlantique (Salmo salar) et saumons du Danube (Hucho hucho) - Autre;Fish - Other;Alimentation;15.0;2.0;3.0;19.0;;=;39.0
030314;HS6;Truites congelées;Trout;;;;;;;;
0303141000;HS10;Salmonides a lexclusion des abats de poissons comestiblesdes ns 030391 a 030399 truites salmo trutta oncorhynchus mykiss oncorhynchus clarki oncorhynchus aguabonita oncorhynchus gilae oncorhynchus apache et oncorhynchus chrysogaster des especes oncorhynchus apache et oncorhynchus chrysogaster;Salmonides a lexclusion des abats de poissons comestiblesdes ns 030391 a 030399 truites salmo trutta oncorhynchus mykiss oncorhynchus clarki oncorhynchus aguabonita oncorhynchus gilae oncorhynchus apache et oncorhynchus chrysogaster des especes oncorhynchus apache et oncorhynchus chrysogaster;Alimentation;15.0;2.0;3.0;19.0;;=;39.0
0303142000;HS10;Salmonides a lexclusion des abats de poissons comestiblesdes ns 030391 a 030399 truites salmo trutta oncorhynchus mykiss oncorhynchus clarki oncorhynchus aguabonita oncorhynchus gilae oncorhynchus apache et oncorhynchus chrysogaster de lespece oncorhynchus mykiss avec tete et branchies videes pesant plusde12 kg piece ou etetees et sans branchies videes pesant plus de 1 kg piece;Salmonides a lexclusion des abats de poissons comestiblesdes ns 030391 a 030399 truites salmo trutta oncorhynchus mykiss oncorhynchus clarki oncorhynchus aguabonita oncorhynchus gilae oncorhynchus apache et oncorhynchus chrysogaster de lespece oncorhynchus mykiss avec tete et branchies videes pesant plusde12 kg piece ou etetees et sans branchies videes pesant plus de 1 kg piece;Alimentation;15.0;2.0;3.0;19.0;;=;39.0
0303149000;HS10;Truites congelées - Autre;Trout - Other;Alimentation;15.0;2.0;3.0;19.0;;=;39.0
030319;HS6;Autres;Fish;;;;;;;;
0303191000;HS10;Coregones poissons blancs;Coregones poissons blancs;Alimentation;15.0;2.0;3.0;19.0;;=;39.0
0303192000;HS10;Autres;Fish;Alimentation;15.0;2.0;3.0;19.0;;=;39.0
0303199000;HS10;Autres - Autre;Fish - Other;Alimentation;15.0;2.0;3.0;19.0;;=;39.0
030323;HS6;Tilapias congelés;Tilapia;;;;;;;;
0303231000;HS10;Tilapias congelés;Tilapia;Alimentation;15.0;2.0;3.0;19.0;;=;39.0
0303232000;HS10;Tilapias congelés;Tilapia;Alimentation;15.0;2.0;3.0;19.0;;=;39.0
0303239000;HS10;Tilapias congelés - Autre;Tilapia - Other;Alimentation;15.0;2.0;3.0;19.0;;=;39.0
030324;HS6;Poissons-chats congelés;Catfish;;;;;;;;
0303241000;HS10;Poissons-chats congelés;Catfish;Alimentation;15.0;2.0;3.0;19.0;;=;39.0
0303242000;HS10;Poissons-chats congelés;Catfish;Alimentation;15.0;2.0;3.0;19.0;;=;39.0
0303249000;HS10;Poissons-chats congelés - Autre;Catfish - Other;Alimentation;15.0;2.0;3.0;19.0;;=;39.0
030325;HS6;Carpes (Cyprinus spp.;Fish;;;;;;;;
0303251000;HS10;Tilapias oreochromis spp silurides pangasius spp silurus spp clarias spp ictalurus spp carpes cyprinus spp carassius spp ctenopharyngodon idellus hypophthalmichthys spp cirrhinus spp mylopharyngodon piceus catla catla labeo spp osteochilus hasselti leptobarbus hoeveni megalobrama spp anguilles anguilla spp perches du nillates niloticus et poissons tete de carpes cyprinus spp carassius spp ctenopharyngodon idellus hypophthalmichthys spp cirrhinus spp mylopharyngodon piceus catla catla labeo spp osteochilus hasselti leptobarbus hoeveni megalobrama spp carpes des especes cyprinus carpio carassius carassius ctenopharyngodon idellus hypophthalmichthys spp cirrhinus spp mylopharyngodon piceus;Tilapias oreochromis spp silurides pangasius spp silurus spp clarias spp ictalurus spp carpes cyprinus spp carassius spp ctenopharyngodon idellus hypophthalmichthys spp cirrhinus spp mylopharyngodon piceus catla catla labeo spp osteochilus hasselti leptobarbus hoeveni megalobrama spp anguilles anguilla spp perches du nillates niloticus et poissons tete de carpes cyprinus spp carassius spp ctenopharyngodon idellus hypophthalmichthys spp cirrhinus spp mylopharyngodon piceus catla catla labeo spp osteochilus hasselti leptobarbus hoeveni megalobrama spp carpes des especes cyprinus carpio carassius carassius ctenopharyngodon idellus hypophthalmichthys spp cirrhinus spp mylopharyngodon piceus;Alimentation;15.0;2.0;3.0;19.0;;=;39.0
0303252000;HS10;Tilapias oreochromis spp silurides pangasius spp silurus spp clarias spp ictalurus spp carpes cyprinus spp carassius spp ctenopharyngodon idellus hypophthalmichthys spp cirrhinus spp mylopharyngodon piceus catla catla labeo spp osteochilus hasselti leptobarbus hoeveni megalobrama spp anguilles anguilla spp perches du nillates niloticus et poissons tete de carpes cyprinus spp carassius spp ctenopharyngodon idellus hypophthalmichthys spp cirrhinus spp mylopharyngodon piceus catla catla labeo spp osteochilus hasselti leptobarbus hoeveni megalobrama spp carpes des especes catla catla labeo spp osteochilus hasselti leptobarbus hoeveni megalobrama spp;Tilapias oreochromis spp silurides pangasius spp silurus spp clarias spp ictalurus spp carpes cyprinus spp carassius spp ctenopharyngodon idellus hypophthalmichthys spp cirrhinus spp mylopharyngodon piceus catla catla labeo spp osteochilus hasselti leptobarbus hoeveni megalobrama spp anguilles anguilla spp perches du nillates niloticus et poissons tete de carpes cyprinus spp carassius spp ctenopharyngodon idellus hypophthalmichthys spp cirrhinus spp mylopharyngodon piceus catla catla labeo spp osteochilus hasselti leptobarbus hoeveni megalobrama spp carpes des especes catla catla labeo spp osteochilus hasselti leptobarbus hoeveni megalobrama spp;Alimentation;15.0;2.0;3.0;19.0;;=;39.0
0303259000;HS10;Carpes (Cyprinus spp. - Autre;Fish - Other;Alimentation;15.0;2.0;3.0;19.0;;=;39.0
030326;HS6;Anguilles (Anguilla spp.);Fish;;;;;;;;
0303261000;HS10;Tilapias oreochromis spp silurides pangasius spp silurus spp clarias spp ictalurus spp carpes cyprinus spp carassius spp ctenopharyngodon idellus hypophthalmichthys spp cirrhinus spp mylopharyngodon piceus catla catla labeo spp osteochilus hasselti leptobarbus hoeveni megalobrama spp anguilles anguilla spp perches du nillates niloticus et poissons tete de anguilles anguilla spp civelles;Tilapias oreochromis spp silurides pangasius spp silurus spp clarias spp ictalurus spp carpes cyprinus spp carassius spp ctenopharyngodon idellus hypophthalmichthys spp cirrhinus spp mylopharyngodon piceus catla catla labeo spp osteochilus hasselti leptobarbus hoeveni megalobrama spp anguilles anguilla spp perches du nillates niloticus et poissons tete de anguilles anguilla spp civelles;Alimentation;15.0;2.0;3.0;19.0;;=;39.0
0303262000;HS10;Anguilles (Anguilla spp.);Fish;Alimentation;15.0;2.0;3.0;19.0;;=;39.0
0303269000;HS10;Anguilles (Anguilla spp.) - Autre;Fish - Other;Alimentation;15.0;2.0;3.0;19.0;;=;39.0
030329;HS6;Autres;Fish;;;;;;;;
0303291000;HS10;Tilapias oreochromis spp silurides pangasius spp silurus spp clarias spp ictalurus spp carpes cyprinus spp carassius spp ctenopharyngodon idellus hypophthalmichthys spp cirrhinus spp mylopharyngodon piceus catla catla labeo spp osteochilus hasselti leptobarbus hoeveni megalobrama spp anguilles anguilla spp perches du nillates niloticus et poissons tete de autres perches du nil lates niloticus;Tilapias oreochromis spp silurides pangasius spp silurus spp clarias spp ictalurus spp carpes cyprinus spp carassius spp ctenopharyngodon idellus hypophthalmichthys spp cirrhinus spp mylopharyngodon piceus catla catla labeo spp osteochilus hasselti leptobarbus hoeveni megalobrama spp anguilles anguilla spp perches du nillates niloticus et poissons tete de autres perches du nil lates niloticus;Alimentation;15.0;2.0;3.0;19.0;;=;39.0
0303292000;HS10;Autres;Fish;Alimentation;15.0;2.0;3.0;19.0;;=;39.0
0303299000;HS10;Autres - Autre;Fish - Other;Alimentation;15.0;2.0;3.0;19.0;;=;39.0
030331;HS6;Flétans congelés;Halibut;;;;;;;;
0303311000;HS10;Fletans noirs reinhardtius hippoglossoides;Fletans noirs reinhardtius hippoglossoides;Alimentation;15.0;2.0;3.0;19.0;;=;39.0
0303312000;HS10;Fletans atlantiques hippoglossus hippoglossus;Fletans atlantiques hippoglossus hippoglossus;Alimentation;15.0;2.0;3.0;19.0;;=;39.0
0303319000;HS10;Flétans congelés - Autre;Halibut - Other;Alimentation;15.0;2.0;3.0;19.0;;=;39.0
030332;HS6;Plies et carrelets (Pleuronectes platessa);Fish;;;;;;;;
0303321000;HS10;Plies et carrelets (Pleuronectes platessa);Fish;Alimentation;15.0;2.0;3.0;19.0;;=;39.0
0303322000;HS10;Plies et carrelets (Pleuronectes platessa);Fish;Alimentation;15.0;2.0;3.0;19.0;;=;39.0
0303329000;HS10;Plies et carrelets (Pleuronectes platessa) - Autre;Fish - Other;Alimentation;15.0;2.0;3.0;19.0;;=;39.0
030333;HS6;Soles (Solea spp.);Fish;;;;;;;;
0303331000;HS10;Soles (Solea spp.);Fish;Alimentation;15.0;2.0;3.0;19.0;;=;39.0
0303332000;HS10;Soles (Solea spp.);Fish;Alimentation;15.0;2.0;3.0;19.0;;=;39.0
0303339000;HS10;Soles (Solea spp.) - Autre;Fish - Other;Alimentation;15.0;2.0;3.0;19.0;;=;39.0
030334;HS6;Turbots (Psetta maxima);Fish;;;;;;;;
0303341000;HS10;Turbots (Psetta maxima);Fish;Alimentation;15.0;2.0;3.0;19.0;;=;39.0
0303342000;HS10;Turbots (Psetta maxima);Fish;Alimentation;15.0;2.0;3.0;19.0;;=;39.0
0303349000;HS10;Turbots (Psetta maxima) - Autre;Fish - Other;Alimentation;15.0;2.0;3.0;19.0;;=;39.0
030339;HS6;Autres;Fish;;;;;;;;
0303391000;HS10;Flets communs platichthys flesus;Flets communs platichthys flesus;Alimentation;15.0;2.0;3.0;19.0;;=;39.0
0303392000;HS10;Poisson du genre rhombosolea;Poisson du genre rhombosolea;Alimentation;15.0;2.0;3.0;19.0;;=;39.0
0303399000;HS10;Autres - Autre;Fish - Other;Alimentation;15.0;2.0;3.0;19.0;;=;39.0
030341;HS6;Thons albacores congelés;Albacore tuna;;;;;;;;
0303411000;HS10;Thons blancs ou germons thunnus alalunga destinés à la transformation;Thons blancs ou germons thunnus alalunga destinés à la transformation;Alimentation;15.0;2.0;3.0;19.0;;=;39.0
0303412000;HS10;Thons albacores congelés;Albacore tuna;Alimentation;15.0;2.0;3.0;19.0;;=;39.0
0303419000;HS10;Thons albacores congelés - Autre;Albacore tuna - Other;Alimentation;15.0;2.0;3.0;19.0;;=;39.0
030342;HS6;Thons à nageoires jaunes congelés;Yellowfin tuna;;;;;;;;
0303421000;HS10;Thons à nageoires jaunes thunnus albacares destinés à la fabrication industrielle n 1604;Thons à nageoires jaunes thunnus albacares destinés à la fabrication industrielle n 1604;Alimentation;15.0;2.0;3.0;19.0;;=;39.0
0303422000;HS10;Thons à nageoires jaunes congelés;Yellowfin tuna;Alimentation;15.0;2.0;3.0;19.0;;=;39.0
0303429000;HS10;Thons à nageoires jaunes congelés - Autre;Yellowfin tuna - Other;Alimentation;15.0;2.0;3.0;19.0;;=;39.0
030343;HS6;Listaos (bonites à ventre rayé) (Katsuwonus pelamis);Fish;;;;;;;;
0303431000;HS10;Listaos bonites à ventre rayé katsuwonus pelamis destinés à la fabrication industrielle n 1604;Listaos bonites à ventre rayé katsuwonus pelamis destinés à la fabrication industrielle n 1604;Alimentation;15.0;2.0;3.0;19.0;;=;39.0
0303432000;HS10;Listaos (bonites à ventre rayé) (Katsuwonus pelamis);Fish;Alimentation;15.0;2.0;3.0;19.0;;=;39.0
0303439000;HS10;Listaos (bonites à ventre rayé) (Katsuwonus pelamis) - Autre;Fish - Other;Alimentation;15.0;2.0;3.0;19.0;;=;39.0
030344;HS6;Thons obèses (Thunnus obesus);Fish;;;;;;;;
0303441000;HS10;Thons obèses thunnus obesus destinés à la fabrication industrielle n 1604;Thons obèses thunnus obesus destinés à la fabrication industrielle n 1604;Alimentation;15.0;2.0;3.0;19.0;;=;39.0
0303442000;HS10;Thons obèses (Thunnus obesus);Fish;Alimentation;15.0;2.0;3.0;19.0;;=;39.0
0303449000;HS10;Thons obèses (Thunnus obesus) - Autre;Fish - Other;Alimentation;15.0;2.0;3.0;19.0;;=;39.0
030345;HS6;Thons rouges de l'Atlantique et du Pacifique (Thunnus thynnus;Fish;;;;;;;;
0303451000;HS10;Thons rouges de latlantique et du pacifique thunnus thynnus thunnus orientalis destinés à la fabrication industrielle n 1604;Thons rouges de latlantique et du pacifique thunnus thynnus thunnus orientalis destinés à la fabrication industrielle n 1604;Alimentation;15.0;2.0;3.0;19.0;;=;39.0
0303452000;HS10;Thons rouges de l'Atlantique et du Pacifique (Thunnus thynnus;Fish;Alimentation;15.0;2.0;3.0;19.0;;=;39.0
0303459000;HS10;Thons rouges de l'Atlantique et du Pacifique (Thunnus thynnus - Autre;Fish - Other;Alimentation;15.0;2.0;3.0;19.0;;=;39.0
030346;HS6;Thons rouges du sud (Thunnus maccoyii);Fish;;;;;;;;
0303461000;HS10;Thons rouges du sud thunnus accoyii destinés à la fabrication industrielle n 1604;Thons rouges du sud thunnus accoyii destinés à la fabrication industrielle n 1604;Alimentation;15.0;2.0;3.0;19.0;;=;39.0
0303462000;HS10;Thons rouges du sud (Thunnus maccoyii);Fish;Alimentation;15.0;2.0;3.0;19.0;;=;39.0
0303469000;HS10;Thons rouges du sud (Thunnus maccoyii) - Autre;Fish - Other;Alimentation;15.0;2.0;3.0;19.0;;=;39.0
030349;HS6;Autres;Fish;;;;;;;;
0303491000;HS10;Autres thons et listaos congelés destinés à la fabrication industrielle n 1604;Autres thons et listaos congelés destinés à la fabrication industrielle n 1604;Alimentation;15.0;2.0;3.0;19.0;;=;39.0
0303492000;HS10;Autres;Fish;Alimentation;15.0;2.0;3.0;19.0;;=;39.0
0303499000;HS10;Autres - Autre;Fish - Other;Alimentation;15.0;2.0;3.0;19.0;;=;39.0
030351;HS6;Harengs congelés;Herrings;;;;;;;;
0303511000;HS10;Harengs congelés;Herrings;Alimentation;15.0;2.0;3.0;19.0;;=;39.0
0303512000;HS10;Harengs congelés;Herrings;Alimentation;15.0;2.0;3.0;19.0;;=;39.0
0303519000;HS10;Harengs congelés - Autre;Herrings - Other;Alimentation;15.0;2.0;3.0;19.0;;=;39.0
030353;HS6;Sardines congelées;Sardines;;;;;;;;
0303531000;HS10;Sardines sardina pilchardus sardinops spp;Sardines sardina pilchardus sardinops spp;Alimentation;15.0;2.0;3.0;19.0;;=;39.0
0303532000;HS10;Sardinelles sardinella spp;Sardinelles sardinella spp;Alimentation;15.0;2.0;3.0;19.0;;=;39.0
0303539000;HS10;Sardines congelées - Autre;Sardines - Other;Alimentation;15.0;2.0;3.0;19.0;;=;39.0
030354;HS6;Maquereaux congelés;Mackerel;;;;;;;;
0303541000;HS10;Maquereaux des espèces scomber scombrus et scomber japonicus;Maquereaux des espèces scomber scombrus et scomber japonicus;Alimentation;15.0;2.0;3.0;19.0;;=;39.0
0303542000;HS10;Maquereaux des espèces scomber australasicus;Maquereaux des espèces scomber australasicus;Alimentation;15.0;2.0;3.0;19.0;;=;39.0
0303549000;HS10;Maquereaux congelés - Autre;Mackerel - Other;Alimentation;15.0;2.0;3.0;19.0;;=;39.0
030355;HS6;Chinchards (Trachurus spp.);Fish;;;;;;;;
0303551000;HS10;Chinchards (Trachurus spp.);Fish;Alimentation;15.0;2.0;3.0;19.0;;=;39.0
0303552000;HS10;Chinchards (Trachurus spp.);Fish;Alimentation;15.0;2.0;3.0;19.0;;=;39.0
0303559000;HS10;Chinchards (Trachurus spp.) - Autre;Fish - Other;Alimentation;15.0;2.0;3.0;19.0;;=;39.0
030356;HS6;Mafous (Rachycentron canadum);Fish;;;;;;;;
0303561000;HS10;Mafous (Rachycentron canadum);Fish;Alimentation;15.0;2.0;3.0;19.0;;=;39.0
0303562000;HS10;Mafous (Rachycentron canadum);Fish;Alimentation;15.0;2.0;3.0;19.0;;=;39.0
0303569000;HS10;Mafous (Rachycentron canadum) - Autre;Fish - Other;Alimentation;15.0;2.0;3.0;19.0;;=;39.0
030357;HS6;Espadons (Xiphias gladius);Fish;;;;;;;;
0303571000;HS10;Espadons (Xiphias gladius);Fish;Alimentation;15.0;2.0;3.0;19.0;;=;39.0
0303572000;HS10;Espadons (Xiphias gladius);Fish;Alimentation;15.0;2.0;3.0;19.0;;=;39.0
0303579000;HS10;Espadons (Xiphias gladius) - Autre;Fish - Other;Alimentation;15.0;2.0;3.0;19.0;;=;39.0
030359;HS6;Autres;Fish;;;;;;;;
0303591000;HS10;Autres;Fish;Alimentation;15.0;2.0;3.0;19.0;;=;39.0
0303592000;HS10;Autres;Fish;Alimentation;15.0;2.0;3.0;19.0;;=;39.0
0303599000;HS10;Autres - Autre;Fish - Other;Alimentation;15.0;2.0;3.0;19.0;;=;39.0
030363;HS6;Morues congelées;Cod;;;;;;;;
0303631000;HS10;Morues congelées;Cod;Alimentation;15.0;2.0;3.0;19.0;;=;39.0
0303632000;HS10;Morues congelées;Cod;Alimentation;15.0;2.0;3.0;19.0;;=;39.0
0303639000;HS10;Morues congelées - Autre;Cod - Other;Alimentation;15.0;2.0;3.0;19.0;;=;39.0
030364;HS6;Eglefins (Melanogrammus aeglefinus);Fish;;;;;;;;
0303641000;HS10;Eglefins (Melanogrammus aeglefinus);Fish;Alimentation;15.0;2.0;3.0;19.0;;=;39.0
0303642000;HS10;Eglefins (Melanogrammus aeglefinus);Fish;Alimentation;15.0;2.0;3.0;19.0;;=;39.0
0303649000;HS10;Eglefins (Melanogrammus aeglefinus) - Autre;Fish - Other;Alimentation;15.0;2.0;3.0;19.0;;=;39.0
030365;HS6;Lieus noirs (Pollachius virens);Fish;;;;;;;;
0303651000;HS10;Lieus noirs (Pollachius virens);Fish;Alimentation;15.0;2.0;3.0;19.0;;=;39.0
0303652000;HS10;Lieus noirs (Pollachius virens);Fish;Alimentation;15.0;2.0;3.0;19.0;;=;39.0
0303659000;HS10;Lieus noirs (Pollachius virens) - Autre;Fish - Other;Alimentation;15.0;2.0;3.0;19.0;;=;39.0
030366;HS6;Merlus (Merluccius spp.;Fish;;;;;;;;
0303661000;HS10;Merlus (Merluccius spp.;Fish;Alimentation;15.0;2.0;3.0;19.0;;=;39.0
0303662000;HS10;Merlus (Merluccius spp.;Fish;Alimentation;15.0;2.0;3.0;19.0;;=;39.0
0303669000;HS10;Merlus (Merluccius spp. - Autre;Fish - Other;Alimentation;15.0;2.0;3.0;19.0;;=;39.0
030367;HS6;Lieus d'Alaska (Theragra chalcogramma);Fish;;;;;;;;
0303671000;HS10;Lieus d'Alaska (Theragra chalcogramma);Fish;Alimentation;15.0;2.0;3.0;19.0;;=;39.0
0303672000;HS10;Lieus d'Alaska (Theragra chalcogramma);Fish;Alimentation;15.0;2.0;3.0;19.0;;=;39.0
0303679000;HS10;Lieus d'Alaska (Theragra chalcogramma) - Autre;Fish - Other;Alimentation;15.0;2.0;3.0;19.0;;=;39.0
030368;HS6;Merlans bleus (Micromesistius poutassou;Fish;;;;;;;;
0303681000;HS10;Merlans bleus (Micromesistius poutassou;Fish;Alimentation;15.0;2.0;3.0;19.0;;=;39.0
0303682000;HS10;Merlans bleus (Micromesistius poutassou;Fish;Alimentation;15.0;2.0;3.0;19.0;;=;39.0
0303689000;HS10;Merlans bleus (Micromesistius poutassou - Autre;Fish - Other;Alimentation;15.0;2.0;3.0;19.0;;=;39.0
030369;HS6;Autres;Fish;;;;;;;;
0303691000;HS10;Autres;Fish;Alimentation;15.0;2.0;3.0;19.0;;=;39.0
0303692000;HS10;Autres;Fish;Alimentation;15.0;2.0;3.0;19.0;;=;39.0
0303699000;HS10;Autres - Autre;Fish - Other;Alimentation;15.0;2.0;3.0;19.0;;=;39.0
030381;HS6;Squales;Fish;;;;;;;;
0303811000;HS10;Aiguillats squalus acanthias;Aiguillats squalus acanthias;Alimentation;15.0;2.0;3.0;19.0;;=;39.0
0303812000;HS10;Roussettes scyliorhinus spp;Roussettes scyliorhinus spp;Alimentation;15.0;2.0;3.0;19.0;;=;39.0
0303819000;HS10;Squales - Autre;Fish - Other;Alimentation;15.0;2.0;3.0;19.0;;=;39.0
030382;HS6;Raies (Rajidae);Fish;;;;;;;;
0303821000;HS10;Raies (Rajidae);Fish;Alimentation;15.0;2.0;3.0;19.0;;=;39.0
0303822000;HS10;Raies (Rajidae);Fish;Alimentation;15.0;2.0;3.0;19.0;;=;39.0
0303829000;HS10;Raies (Rajidae) - Autre;Fish - Other;Alimentation;15.0;2.0;3.0;19.0;;=;39.0
030383;HS6;Légines (Dissostichus spp.);Fish;;;;;;;;
0303831000;HS10;Légines (Dissostichus spp.);Fish;Alimentation;15.0;2.0;3.0;19.0;;=;39.0
0303832000;HS10;Légines (Dissostichus spp.);Fish;Alimentation;15.0;2.0;3.0;19.0;;=;39.0
0303839000;HS10;Légines (Dissostichus spp.) - Autre;Fish - Other;Alimentation;15.0;2.0;3.0;19.0;;=;39.0
030384;HS6;Bars (Dicentrarchus spp.);Fish;;;;;;;;
0303841000;HS10;Bars (Dicentrarchus spp.);Fish;Alimentation;15.0;2.0;3.0;19.0;;=;39.0
0303842000;HS10;Bars (Dicentrarchus spp.);Fish;Alimentation;15.0;2.0;3.0;19.0;;=;39.0
0303849000;HS10;Bars (Dicentrarchus spp.) - Autre;Fish - Other;Alimentation;15.0;2.0;3.0;19.0;;=;39.0
030389;HS6;Autres poissons congelés;Other fish;;;;;;;;
0303891000;HS10;Sebastes du pacifique sebastes alutus;Sebastes du pacifique sebastes alutus;Alimentation;15.0;2.0;3.0;19.0;;=;39.0
0303892000;HS10;Morues charbonnieres anoplopma fimbria;Morues charbonnieres anoplopma fimbria;Alimentation;15.0;2.0;3.0;19.0;;=;39.0
0303899000;HS10;Autres poissons congelés - Autre;Other fish - Other;Alimentation;15.0;2.0;3.0;19.0;;=;39.0
030391;HS6;Foies;Fish;;;;;;;;
0303911000;HS10;Foies;Fish;Alimentation;15.0;2.0;3.0;19.0;;=;39.0
0303912000;HS10;Foies;Fish;Alimentation;15.0;2.0;3.0;19.0;;=;39.0
0303919000;HS10;Foies - Autre;Fish - Other;Alimentation;15.0;2.0;3.0;19.0;;=;39.0
030392;HS6;Ailerons de requins;Fish;;;;;;;;
0303921000;HS10;Ailerons de requins;Fish;Alimentation;15.0;2.0;3.0;19.0;;=;39.0
0303922000;HS10;Ailerons de requins;Fish;Alimentation;15.0;2.0;3.0;19.0;;=;39.0
0303929000;HS10;Ailerons de requins - Autre;Fish - Other;Alimentation;15.0;2.0;3.0;19.0;;=;39.0
030399;HS6;Autres;Fish;;;;;;;;
0303991000;HS10;Autres abats de salmonidés têtes queues vessies natatoires etc congelés;Autres abats de salmonidés têtes queues vessies natatoires etc congelés;Alimentation;15.0;2.0;3.0;19.0;;=;39.0
0303992000;HS10;Autres abats de tilapias silures carpes anguilles perches du nil ou poissons tête de serpent congelés;Autres abats de tilapias silures carpes anguilles perches du nil ou poissons tête de serpent congelés;Alimentation;15.0;2.0;3.0;19.0;;=;39.0
0303999000;HS10;Autres - Autre;Fish - Other;Alimentation;15.0;2.0;3.0;19.0;;=;39.0
0304;RANGEE 04;"Fish fillets and other fish meat (whether or not minced); fresh, chilled or frozen";;;;;;;;;
030410;HS6;Filets de poissons frais;Fish fillets;;;;;;;;
0304101000;HS10;Filets de poissons frais;Fish fillets;Alimentation;15.0;2.0;3.0;19.0;;=;39.0
0304102000;HS10;Filets de poissons frais;Fish fillets;Alimentation;15.0;2.0;3.0;19.0;;=;39.0
0304109000;HS10;Filets de poissons frais - Autre;Fish fillets - Other;Alimentation;15.0;2.0;3.0;19.0;;=;39.0
030420;HS6;Filets de poissons congelés;Fish fillets;;;;;;;;
0304201000;HS10;Filets de poissons congelés;Fish fillets;Alimentation;15.0;2.0;3.0;19.0;;=;39.0
0304202000;HS10;Filets de poissons congelés;Fish fillets;Alimentation;15.0;2.0;3.0;19.0;;=;39.0
0304209000;HS10;Filets de poissons congelés - Autre;Fish fillets - Other;Alimentation;15.0;2.0;3.0;19.0;;=;39.0
030431;HS6;Tilapias (Oreochromis spp.);Fish fillets;;;;;;;;
0304311000;HS10;Tilapias (Oreochromis spp.);Fish fillets;Alimentation;15.0;2.0;3.0;19.0;;=;39.0
0304312000;HS10;Tilapias (Oreochromis spp.);Fish fillets;Alimentation;15.0;2.0;3.0;19.0;;=;39.0
0304319000;HS10;Tilapias (Oreochromis spp.) - Autre;Fish fillets - Other;Alimentation;15.0;2.0;3.0;19.0;;=;39.0
030432;HS6;Siluridés (Pangasius spp.;Fish fillets;;;;;;;;
0304321000;HS10;Siluridés (Pangasius spp.;Fish fillets;Alimentation;15.0;2.0;3.0;19.0;;=;39.0
0304322000;HS10;Siluridés (Pangasius spp.;Fish fillets;Alimentation;15.0;2.0;3.0;19.0;;=;39.0
0304329000;HS10;Siluridés (Pangasius spp. - Autre;Fish fillets - Other;Alimentation;15.0;2.0;3.0;19.0;;=;39.0
030433;HS6;Perches du Nil (Lates niloticus);Fish fillets;;;;;;;;
0304331000;HS10;Perches du Nil (Lates niloticus);Fish fillets;Alimentation;15.0;2.0;3.0;19.0;;=;39.0
0304332000;HS10;Perches du Nil (Lates niloticus);Fish fillets;Alimentation;15.0;2.0;3.0;19.0;;=;39.0
0304339000;HS10;Perches du Nil (Lates niloticus) - Autre;Fish fillets - Other;Alimentation;15.0;2.0;3.0;19.0;;=;39.0
030439;HS6;Autres;Fish fillets;;;;;;;;
0304391000;HS10;Autres;Fish fillets;Alimentation;15.0;2.0;3.0;19.0;;=;39.0
0304392000;HS10;Filets danguilles anguilla spp frais réfrigérés ou congelés;Filets danguilles anguilla spp frais réfrigérés ou congelés;Alimentation;15.0;2.0;3.0;19.0;;=;39.0
0304399000;HS10;Autres - Autre;Fish fillets - Other;Alimentation;15.0;2.0;3.0;19.0;;=;39.0
030441;HS6;Saumons du Pacifique (Oncorhynchus nerka;Fish fillets;;;;;;;;
0304411000;HS10;Saumons du Pacifique (Oncorhynchus nerka;Fish fillets;Alimentation;15.0;2.0;3.0;19.0;;=;39.0
0304412000;HS10;Saumons du Pacifique (Oncorhynchus nerka;Fish fillets;Alimentation;15.0;2.0;3.0;19.0;;=;39.0
0304419000;HS10;Saumons du Pacifique (Oncorhynchus nerka - Autre;Fish fillets - Other;Alimentation;15.0;2.0;3.0;19.0;;=;39.0
030442;HS6;Truites (Salmo trutta;Fish fillets;;;;;;;;
0304421000;HS10;Truites (Salmo trutta;Fish fillets;Alimentation;15.0;2.0;3.0;19.0;;=;39.0
0304422000;HS10;Truites (Salmo trutta;Fish fillets;Alimentation;15.0;2.0;3.0;19.0;;=;39.0
0304429000;HS10;Truites (Salmo trutta - Autre;Fish fillets - Other;Alimentation;15.0;2.0;3.0;19.0;;=;39.0
030443;HS6;Poissons plats (Pleuronectidae;Fish fillets;;;;;;;;
0304431000;HS10;Filets de turbots psetta maxima scophthalmidae frais ou réfrigérés;Filets de turbots psetta maxima scophthalmidae frais ou réfrigérés;Alimentation;15.0;2.0;3.0;19.0;;=;39.0
0304432000;HS10;Filets de soles solea spp frais ou réfrigérés;Filets de soles solea spp frais ou réfrigérés;Alimentation;15.0;2.0;3.0;19.0;;=;39.0
0304439000;HS10;Poissons plats (Pleuronectidae - Autre;Fish fillets - Other;Alimentation;15.0;2.0;3.0;19.0;;=;39.0
030444;HS6;Poissons des familles Bregmacerotidae;Fish fillets;;;;;;;;
0304441000;HS10;Filets de morues gadus morhua gadus ogac gadus macrocephalus frais ou réfrigérés;Filets de morues gadus morhua gadus ogac gadus macrocephalus frais ou réfrigérés;Alimentation;15.0;2.0;3.0;19.0;;=;39.0
0304442000;HS10;Filets déglefins melanogrammus aeglefinus frais ou réfrigérés;Filets déglefins melanogrammus aeglefinus frais ou réfrigérés;Alimentation;15.0;2.0;3.0;19.0;;=;39.0
0304449000;HS10;Poissons des familles Bregmacerotidae - Autre;Fish fillets - Other;Alimentation;15.0;2.0;3.0;19.0;;=;39.0
030445;HS6;Espadons (Xiphias gladius);Fish fillets;;;;;;;;
0304451000;HS10;Espadons (Xiphias gladius);Fish fillets;Alimentation;15.0;2.0;3.0;19.0;;=;39.0
0304452000;HS10;Espadons (Xiphias gladius);Fish fillets;Alimentation;15.0;2.0;3.0;19.0;;=;39.0
0304459000;HS10;Espadons (Xiphias gladius) - Autre;Fish fillets - Other;Alimentation;15.0;2.0;3.0;19.0;;=;39.0
030446;HS6;Légines (Dissostichus spp.);Fish fillets;;;;;;;;
0304461000;HS10;Légines (Dissostichus spp.);Fish fillets;Alimentation;15.0;2.0;3.0;19.0;;=;39.0
0304462000;HS10;Légines (Dissostichus spp.);Fish fillets;Alimentation;15.0;2.0;3.0;19.0;;=;39.0
0304469000;HS10;Légines (Dissostichus spp.) - Autre;Fish fillets - Other;Alimentation;15.0;2.0;3.0;19.0;;=;39.0
030447;HS6;Squales;Fish fillets;;;;;;;;
0304471000;HS10;Squales;Fish fillets;Alimentation;15.0;2.0;3.0;19.0;;=;39.0
0304472000;HS10;Squales;Fish fillets;Alimentation;15.0;2.0;3.0;19.0;;=;39.0
0304479000;HS10;Squales - Autre;Fish fillets - Other;Alimentation;15.0;2.0;3.0;19.0;;=;39.0
030448;HS6;Raies (Rajidae);Fish fillets;;;;;;;;
0304481000;HS10;Raies (Rajidae);Fish fillets;Alimentation;15.0;2.0;3.0;19.0;;=;39.0
0304482000;HS10;Raies (Rajidae);Fish fillets;Alimentation;15.0;2.0;3.0;19.0;;=;39.0
0304489000;HS10;Raies (Rajidae) - Autre;Fish fillets - Other;Alimentation;15.0;2.0;3.0;19.0;;=;39.0
030449;HS6;Autres;Fish fillets;;;;;;;;
0304491000;HS10;Autres filets de poissons deau douce frais ou réfrigérés;Autres filets de poissons deau douce frais ou réfrigérés;Alimentation;15.0;2.0;3.0;19.0;;=;39.0
0304492000;HS10;Autres;Fish fillets;Alimentation;15.0;2.0;3.0;19.0;;=;39.0
0304499000;HS10;Autres - Autre;Fish fillets - Other;Alimentation;15.0;2.0;3.0;19.0;;=;39.0
030451;HS6;Tilapias (Oreochromis spp.);Fish meat;;;;;;;;
0304511000;HS10;Chair de tilapias oreochromis spp fraîche ou réfrigérée sauf filets;Chair de tilapias oreochromis spp fraîche ou réfrigérée sauf filets;Alimentation;15.0;2.0;3.0;19.0;;=;39.0
0304512000;HS10;Chair de silurides pangasius spp silurus spp clarias spp ictalurus spp fraîche ou réfrigérée sauf filets;Chair de silurides pangasius spp silurus spp clarias spp ictalurus spp fraîche ou réfrigérée sauf filets;Alimentation;15.0;2.0;3.0;19.0;;=;39.0
0304519000;HS10;Tilapias (Oreochromis spp.) - Autre;Fish meat - Other;Alimentation;15.0;2.0;3.0;19.0;;=;39.0
030452;HS6;Salmonidés;Fish meat;;;;;;;;
0304521000;HS10;Salmonidés;Fish meat;Alimentation;15.0;2.0;3.0;19.0;;=;39.0
0304522000;HS10;Salmonidés;Fish meat;Alimentation;15.0;2.0;3.0;19.0;;=;39.0
0304529000;HS10;Salmonidés - Autre;Fish meat - Other;Alimentation;15.0;2.0;3.0;19.0;;=;39.0
030453;HS6;Poissons des familles Bregmacerotidae;Fish meat;;;;;;;;
0304531000;HS10;Poissons des familles Bregmacerotidae;Fish meat;Alimentation;15.0;2.0;3.0;19.0;;=;39.0
0304532000;HS10;Poissons des familles Bregmacerotidae;Fish meat;Alimentation;15.0;2.0;3.0;19.0;;=;39.0
0304539000;HS10;Poissons des familles Bregmacerotidae - Autre;Fish meat - Other;Alimentation;15.0;2.0;3.0;19.0;;=;39.0
030454;HS6;Espadons (Xiphias gladius);Fish meat;;;;;;;;
0304541000;HS10;Espadons (Xiphias gladius);Fish meat;Alimentation;15.0;2.0;3.0;19.0;;=;39.0
0304542000;HS10;Espadons (Xiphias gladius);Fish meat;Alimentation;15.0;2.0;3.0;19.0;;=;39.0
0304549000;HS10;Espadons (Xiphias gladius) - Autre;Fish meat - Other;Alimentation;15.0;2.0;3.0;19.0;;=;39.0
030455;HS6;Légines (Dissostichus spp.);Fish meat;;;;;;;;
0304551000;HS10;Légines (Dissostichus spp.);Fish meat;Alimentation;15.0;2.0;3.0;19.0;;=;39.0
0304552000;HS10;Légines (Dissostichus spp.);Fish meat;Alimentation;15.0;2.0;3.0;19.0;;=;39.0
0304559000;HS10;Légines (Dissostichus spp.) - Autre;Fish meat - Other;Alimentation;15.0;2.0;3.0;19.0;;=;39.0
030456;HS6;Squales;Fish meat;;;;;;;;
0304561000;HS10;Squales;Fish meat;Alimentation;15.0;2.0;3.0;19.0;;=;39.0
0304562000;HS10;Squales;Fish meat;Alimentation;15.0;2.0;3.0;19.0;;=;39.0
0304569000;HS10;Squales - Autre;Fish meat - Other;Alimentation;15.0;2.0;3.0;19.0;;=;39.0
030457;HS6;Raies (Rajidae);Fish meat;;;;;;;;
0304571000;HS10;Raies (Rajidae);Fish meat;Alimentation;15.0;2.0;3.0;19.0;;=;39.0
0304572000;HS10;Raies (Rajidae);Fish meat;Alimentation;15.0;2.0;3.0;19.0;;=;39.0
0304579000;HS10;Raies (Rajidae) - Autre;Fish meat - Other;Alimentation;15.0;2.0;3.0;19.0;;=;39.0
030459;HS6;Autres;Fish meat;;;;;;;;
0304591000;HS10;Autres;Fish meat;Alimentation;15.0;2.0;3.0;19.0;;=;39.0
0304592000;HS10;Autres;Fish meat;Alimentation;15.0;2.0;3.0;19.0;;=;39.0
0304599000;HS10;Autres - Autre;Fish meat - Other;Alimentation;15.0;2.0;3.0;19.0;;=;39.0
030461;HS6;Tilapias (Oreochromis spp.);Fish fillets;;;;;;;;
0304611000;HS10;Tilapias (Oreochromis spp.);Fish fillets;Alimentation;15.0;2.0;3.0;19.0;;=;39.0
0304612000;HS10;Tilapias (Oreochromis spp.);Fish fillets;Alimentation;15.0;2.0;3.0;19.0;;=;39.0
0304619000;HS10;Tilapias (Oreochromis spp.) - Autre;Fish fillets - Other;Alimentation;15.0;2.0;3.0;19.0;;=;39.0
030462;HS6;Siluridés (Pangasius spp.;Fish fillets;;;;;;;;
0304621000;HS10;Siluridés (Pangasius spp.;Fish fillets;Alimentation;15.0;2.0;3.0;19.0;;=;39.0
0304622000;HS10;Siluridés (Pangasius spp.;Fish fillets;Alimentation;15.0;2.0;3.0;19.0;;=;39.0
0304629000;HS10;Siluridés (Pangasius spp. - Autre;Fish fillets - Other;Alimentation;15.0;2.0;3.0;19.0;;=;39.0
030463;HS6;Perches du Nil (Lates niloticus);Fish fillets;;;;;;;;
0304631000;HS10;Perches du Nil (Lates niloticus);Fish fillets;Alimentation;15.0;2.0;3.0;19.0;;=;39.0
0304632000;HS10;Perches du Nil (Lates niloticus);Fish fillets;Alimentation;15.0;2.0;3.0;19.0;;=;39.0
0304639000;HS10;Perches du Nil (Lates niloticus) - Autre;Fish fillets - Other;Alimentation;15.0;2.0;3.0;19.0;;=;39.0
030469;HS6;Autres;Fish fillets;;;;;;;;
0304691000;HS10;Filets de tilapias oreochromis spp silurides pangasius spp silurus spp clarias spp ictalurus spp carpes cyprinus spp carassius spp ctenopharyngodon idellus hypophthalmichthys spp cirrhinus spp mylopharyngodon piceus catla catla labeo spp osteochilus hasselti leptobarbus hoeveni megalobrama spp anguilles anguilla spp perches du nil lates niloticus et de autres carpes cyprinus carpio carassius carassius ctenopharyngodon idellus hypophthalmichthys spp cirrhinus spp mylopharyngodon piceus;Filets de tilapias oreochromis spp silurides pangasius spp silurus spp clarias spp ictalurus spp carpes cyprinus spp carassius spp ctenopharyngodon idellus hypophthalmichthys spp cirrhinus spp mylopharyngodon piceus catla catla labeo spp osteochilus hasselti leptobarbus hoeveni megalobrama spp anguilles anguilla spp perches du nil lates niloticus et de autres carpes cyprinus carpio carassius carassius ctenopharyngodon idellus hypophthalmichthys spp cirrhinus spp mylopharyngodon piceus;Alimentation;15.0;2.0;3.0;19.0;;=;39.0
0304692000;HS10;Filets de tilapias oreochromis spp silurides pangasius spp silurus spp clarias spp ictalurus spp carpes cyprinus spp carassius spp ctenopharyngodon idellus hypophthalmichthys spp cirrhinus spp mylopharyngodon piceus catla catla labeo spp osteochilus hasselti leptobarbus hoeveni megalobrama spp anguilles anguilla spp perches du nil lates niloticus et de autres anguilles anguilla spp;Filets de tilapias oreochromis spp silurides pangasius spp silurus spp clarias spp ictalurus spp carpes cyprinus spp carassius spp ctenopharyngodon idellus hypophthalmichthys spp cirrhinus spp mylopharyngodon piceus catla catla labeo spp osteochilus hasselti leptobarbus hoeveni megalobrama spp anguilles anguilla spp perches du nil lates niloticus et de autres anguilles anguilla spp;Alimentation;15.0;2.0;3.0;19.0;;=;39.0
0304699000;HS10;Autres - Autre;Fish fillets - Other;Alimentation;15.0;2.0;3.0;19.0;;=;39.0
030471;HS6;Morues (Gadus morhua;Fish fillets;;;;;;;;
0304711000;HS10;Morues (Gadus morhua;Fish fillets;Alimentation;15.0;2.0;3.0;19.0;;=;39.0
0304712000;HS10;Morues (Gadus morhua;Fish fillets;Alimentation;15.0;2.0;3.0;19.0;;=;39.0
0304719000;HS10;Morues (Gadus morhua - Autre;Fish fillets - Other;Alimentation;15.0;2.0;3.0;19.0;;=;39.0
030472;HS6;Eglefins (Melanogrammus aeglefinus);Fish fillets;;;;;;;;
0304721000;HS10;Eglefins (Melanogrammus aeglefinus);Fish fillets;Alimentation;15.0;2.0;3.0;19.0;;=;39.0
0304722000;HS10;Eglefins (Melanogrammus aeglefinus);Fish fillets;Alimentation;15.0;2.0;3.0;19.0;;=;39.0
0304729000;HS10;Eglefins (Melanogrammus aeglefinus) - Autre;Fish fillets - Other;Alimentation;15.0;2.0;3.0;19.0;;=;39.0
030473;HS6;Lieus noirs (Pollachius virens);Fish fillets;;;;;;;;
0304731000;HS10;Lieus noirs (Pollachius virens);Fish fillets;Alimentation;15.0;2.0;3.0;19.0;;=;39.0
0304732000;HS10;Lieus noirs (Pollachius virens);Fish fillets;Alimentation;15.0;2.0;3.0;19.0;;=;39.0
0304739000;HS10;Lieus noirs (Pollachius virens) - Autre;Fish fillets - Other;Alimentation;15.0;2.0;3.0;19.0;;=;39.0
030474;HS6;Merlus (Merluccius spp.;Fish fillets;;;;;;;;
0304741000;HS10;Merlus (Merluccius spp.;Fish fillets;Alimentation;15.0;2.0;3.0;19.0;;=;39.0
0304742000;HS10;Merlus (Merluccius spp.;Fish fillets;Alimentation;15.0;2.0;3.0;19.0;;=;39.0
0304749000;HS10;Merlus (Merluccius spp. - Autre;Fish fillets - Other;Alimentation;15.0;2.0;3.0;19.0;;=;39.0
030475;HS6;Lieus d'Alaska (Theragra chalcogramma);Fish fillets;;;;;;;;
0304751000;HS10;Lieus d'Alaska (Theragra chalcogramma);Fish fillets;Alimentation;15.0;2.0;3.0;19.0;;=;39.0
0304752000;HS10;Lieus d'Alaska (Theragra chalcogramma);Fish fillets;Alimentation;15.0;2.0;3.0;19.0;;=;39.0
0304759000;HS10;Lieus d'Alaska (Theragra chalcogramma) - Autre;Fish fillets - Other;Alimentation;15.0;2.0;3.0;19.0;;=;39.0
030479;HS6;Autres;Fish fillets;;;;;;;;
0304791000;HS10;Autres;Fish fillets;Alimentation;15.0;2.0;3.0;19.0;;=;39.0
0304792000;HS10;Autres;Fish fillets;Alimentation;15.0;2.0;3.0;19.0;;=;39.0
0304799000;HS10;Autres - Autre;Fish fillets - Other;Alimentation;15.0;2.0;3.0;19.0;;=;39.0
030481;HS6;Saumons du Pacifique (Oncorhynchus nerka;Fish fillets;;;;;;;;
0304811000;HS10;Filetsdautres poissons congeles saumons du pacifique oncorhynchus nerka oncorhynchus gorbuscha oncorhynchus keta oncorhynchus tschawytscha oncorhynchus kisutch oncorhynchus masou et oncorhynchus rhodurus saumons de latlantique salmo salar et saumons du danube hucho hucho saumons du pacifique oncorhynchus nerka oncorhynchus gorbuscha oncorhynchus keta oncorhynchus tschawytscha oncorhynchus kisutch oncorhynchus masou et oncorhynchus rhodurus;Filetsdautres poissons congeles saumons du pacifique oncorhynchus nerka oncorhynchus gorbuscha oncorhynchus keta oncorhynchus tschawytscha oncorhynchus kisutch oncorhynchus masou et oncorhynchus rhodurus saumons de latlantique salmo salar et saumons du danube hucho hucho saumons du pacifique oncorhynchus nerka oncorhynchus gorbuscha oncorhynchus keta oncorhynchus tschawytscha oncorhynchus kisutch oncorhynchus masou et oncorhynchus rhodurus;Alimentation;15.0;2.0;3.0;19.0;;=;39.0
0304812000;HS10;Filetsdautres poissons congeles saumons du pacifique oncorhynchus nerka oncorhynchus gorbuscha oncorhynchus keta oncorhynchus tschawytscha oncorhynchus kisutch oncorhynchus masou et oncorhynchus rhodurus saumons de latlantique salmo salar et saumons du danube hucho hucho saumons de latlantique salmo salar;Filetsdautres poissons congeles saumons du pacifique oncorhynchus nerka oncorhynchus gorbuscha oncorhynchus keta oncorhynchus tschawytscha oncorhynchus kisutch oncorhynchus masou et oncorhynchus rhodurus saumons de latlantique salmo salar et saumons du danube hucho hucho saumons de latlantique salmo salar;Alimentation;15.0;2.0;3.0;19.0;;=;39.0
0304819000;HS10;Saumons du Pacifique (Oncorhynchus nerka - Autre;Fish fillets - Other;Alimentation;15.0;2.0;3.0;19.0;;=;39.0
030482;HS6;Truites (Salmo trutta;Fish fillets;;;;;;;;
0304821000;HS10;Truites (Salmo trutta;Fish fillets;Alimentation;15.0;2.0;3.0;19.0;;=;39.0
0304822000;HS10;Truites (Salmo trutta;Fish fillets;Alimentation;15.0;2.0;3.0;19.0;;=;39.0
0304829000;HS10;Truites (Salmo trutta - Autre;Fish fillets - Other;Alimentation;15.0;2.0;3.0;19.0;;=;39.0
030483;HS6;Poissons plats (Pleuronectidae;Fish fillets;;;;;;;;
0304831000;HS10;Filetsdautres poissons congeles poissons plats pleuronectidae bothidae cynoglossidae soleidae scophthalmidae et citharidae fletans de latlantique hippoglossus hippoglossus;Filetsdautres poissons congeles poissons plats pleuronectidae bothidae cynoglossidae soleidae scophthalmidae et citharidae fletans de latlantique hippoglossus hippoglossus;Alimentation;15.0;2.0;3.0;19.0;;=;39.0
0304832000;HS10;Filetsdautres poissons congeles poissons plats pleuronectidae bothidae cynoglossidae soleidae scophthalmidae et citharidae fletans du pacifique hippoglossus stenolepis;Filetsdautres poissons congeles poissons plats pleuronectidae bothidae cynoglossidae soleidae scophthalmidae et citharidae fletans du pacifique hippoglossus stenolepis;Alimentation;15.0;2.0;3.0;19.0;;=;39.0
0304839000;HS10;Poissons plats (Pleuronectidae - Autre;Fish fillets - Other;Alimentation;15.0;2.0;3.0;19.0;;=;39.0
030484;HS6;Espadons (Xiphias gladius);Fish fillets;;;;;;;;
0304841000;HS10;Espadons (Xiphias gladius);Fish fillets;Alimentation;15.0;2.0;3.0;19.0;;=;39.0
0304842000;HS10;Espadons (Xiphias gladius);Fish fillets;Alimentation;15.0;2.0;3.0;19.0;;=;39.0
0304849000;HS10;Espadons (Xiphias gladius) - Autre;Fish fillets - Other;Alimentation;15.0;2.0;3.0;19.0;;=;39.0
030485;HS6;Légines (Dissostichus spp.);Fish fillets;;;;;;;;
0304851000;HS10;Légines (Dissostichus spp.);Fish fillets;Alimentation;15.0;2.0;3.0;19.0;;=;39.0
0304852000;HS10;Légines (Dissostichus spp.);Fish fillets;Alimentation;15.0;2.0;3.0;19.0;;=;39.0
0304859000;HS10;Légines (Dissostichus spp.) - Autre;Fish fillets - Other;Alimentation;15.0;2.0;3.0;19.0;;=;39.0
030486;HS6;Harengs (Clupea harengus;Fish fillets;;;;;;;;
0304861000;HS10;Harengs (Clupea harengus;Fish fillets;Alimentation;15.0;2.0;3.0;19.0;;=;39.0
0304862000;HS10;Harengs (Clupea harengus;Fish fillets;Alimentation;15.0;2.0;3.0;19.0;;=;39.0
0304869000;HS10;Harengs (Clupea harengus - Autre;Fish fillets - Other;Alimentation;15.0;2.0;3.0;19.0;;=;39.0
030487;HS6;Thons (du genre Thunnus);Fish fillets;;;;;;;;
0304871000;HS10;Filetsdautres poissons congeles thons du genre thunnus listaos ou bonites a ventre raye euthynnus katsuwonus pelamis thons du genre thunnus;Filetsdautres poissons congeles thons du genre thunnus listaos ou bonites a ventre raye euthynnus katsuwonus pelamis thons du genre thunnus;Alimentation;15.0;2.0;3.0;19.0;;=;39.0
0304872000;HS10;Filetsdautres poissons congeles thons du genre thunnus listaos ou bonites a ventre raye euthynnus katsuwonus pelamis listaos bonites a ventre raye katsuwonus pelamis;Filetsdautres poissons congeles thons du genre thunnus listaos ou bonites a ventre raye euthynnus katsuwonus pelamis listaos bonites a ventre raye katsuwonus pelamis;Alimentation;15.0;2.0;3.0;19.0;;=;39.0
0304879000;HS10;Thons (du genre Thunnus) - Autre;Fish fillets - Other;Alimentation;15.0;2.0;3.0;19.0;;=;39.0
030488;HS6;Squales;Fish fillets;;;;;;;;
0304881000;HS10;Squales;Fish fillets;Alimentation;15.0;2.0;3.0;19.0;;=;39.0
0304882000;HS10;Squales;Fish fillets;Alimentation;15.0;2.0;3.0;19.0;;=;39.0
0304889000;HS10;Squales - Autre;Fish fillets - Other;Alimentation;15.0;2.0;3.0;19.0;;=;39.0
030489;HS6;Autres;Fish fillets;;;;;;;;
0304891000;HS10;Filetsdautres poissons congeles autres maquereaux scomber scombrus scomber australasius scomber japonicus;Filetsdautres poissons congeles autres maquereaux scomber scombrus scomber australasius scomber japonicus;Alimentation;15.0;2.0;3.0;19.0;;=;39.0
0304892000;HS10;Filetsdautres poissons congeles autres autres salmonides;Filetsdautres poissons congeles autres autres salmonides;Alimentation;15.0;2.0;3.0;19.0;;=;39.0
0304899000;HS10;Autres - Autre;Fish fillets - Other;Alimentation;15.0;2.0;3.0;19.0;;=;39.0
030491;HS6;Espadons (Xiphias Gladius);Fish meat;;;;;;;;
0304911000;HS10;Espadons (Xiphias Gladius);Fish meat;Alimentation;15.0;2.0;3.0;19.0;;=;39.0
0304912000;HS10;Espadons (Xiphias Gladius);Fish meat;Alimentation;15.0;2.0;3.0;19.0;;=;39.0
0304919000;HS10;Espadons (Xiphias Gladius) - Autre;Fish meat - Other;Alimentation;15.0;2.0;3.0;19.0;;=;39.0
030492;HS6;Légines (Dissostichus spp.);Fish meat;;;;;;;;
0304921000;HS10;Légines (Dissostichus spp.);Fish meat;Alimentation;15.0;2.0;3.0;19.0;;=;39.0
0304922000;HS10;Légines (Dissostichus spp.);Fish meat;Alimentation;15.0;2.0;3.0;19.0;;=;39.0
0304929000;HS10;Légines (Dissostichus spp.) - Autre;Fish meat - Other;Alimentation;15.0;2.0;3.0;19.0;;=;39.0
030493;HS6;Tilapias (Oreochromis spp.);Fish meat;;;;;;;;
0304931000;HS10;Autres congeles tilapias oreochromis spp silurides pangasius spp silurus spp clarias spp ictalurus spp carpes cyprinus spp carassius spp ctenopharyngodon idellus hypophthalmichthys spp cirrhinus spp mylopharyngodon piceus catla catla labeo spp osteochilus hasselti leptobarbus hoeveni megalobrama spp anguilles anguilla spp perches du nil lates niloticus et poissons tilapias oreochromis spp;Autres congeles tilapias oreochromis spp silurides pangasius spp silurus spp clarias spp ictalurus spp carpes cyprinus spp carassius spp ctenopharyngodon idellus hypophthalmichthys spp cirrhinus spp mylopharyngodon piceus catla catla labeo spp osteochilus hasselti leptobarbus hoeveni megalobrama spp anguilles anguilla spp perches du nil lates niloticus et poissons tilapias oreochromis spp;Alimentation;15.0;2.0;3.0;19.0;;=;39.0
0304932000;HS10;Autres congeles tilapias oreochromis spp silurides pangasius spp silurus spp clarias spp ictalurus spp carpes cyprinus spp carassius spp ctenopharyngodon idellus hypophthalmichthys spp cirrhinus spp mylopharyngodon piceus catla catla labeo spp osteochilus hasselti leptobarbus hoeveni megalobrama spp anguilles anguilla spp perches du nil lates niloticus et poissons silurides pangasius spp silurus spp clarias spp ictalurus spp;Autres congeles tilapias oreochromis spp silurides pangasius spp silurus spp clarias spp ictalurus spp carpes cyprinus spp carassius spp ctenopharyngodon idellus hypophthalmichthys spp cirrhinus spp mylopharyngodon piceus catla catla labeo spp osteochilus hasselti leptobarbus hoeveni megalobrama spp anguilles anguilla spp perches du nil lates niloticus et poissons silurides pangasius spp silurus spp clarias spp ictalurus spp;Alimentation;15.0;2.0;3.0;19.0;;=;39.0
0304939000;HS10;Tilapias (Oreochromis spp.) - Autre;Fish meat - Other;Alimentation;15.0;2.0;3.0;19.0;;=;39.0
030494;HS6;Lieus d'Alaska (Theragra chalcogramma);Fish meat;;;;;;;;
0304941000;HS10;Lieus d'Alaska (Theragra chalcogramma);Fish meat;Alimentation;15.0;2.0;3.0;19.0;;=;39.0
0304942000;HS10;Lieus d'Alaska (Theragra chalcogramma);Fish meat;Alimentation;15.0;2.0;3.0;19.0;;=;39.0
0304949000;HS10;Lieus d'Alaska (Theragra chalcogramma) - Autre;Fish meat - Other;Alimentation;15.0;2.0;3.0;19.0;;=;39.0
030495;HS6;Poissons des familles Bregmacerotidae;Fish meat;;;;;;;;
0304951000;HS10;Autres congeles poissons des familles bregmacerotidae euclichthyidae gadidae macrouridae melanonidae merlucciidae moridae et muraenolepididae autres que les lieus dalaska theragra chalcogramma morues gadus morhua gadus ogac gadus macrocephalus;Autres congeles poissons des familles bregmacerotidae euclichthyidae gadidae macrouridae melanonidae merlucciidae moridae et muraenolepididae autres que les lieus dalaska theragra chalcogramma morues gadus morhua gadus ogac gadus macrocephalus;Alimentation;15.0;2.0;3.0;19.0;;=;39.0
0304952000;HS10;Autres congeles poissons des familles bregmacerotidae euclichthyidae gadidae macrouridae melanonidae merlucciidae moridae et muraenolepididae autres que les lieus dalaska theragra chalcogramma eglefins melanogrammus aeglefinus;Autres congeles poissons des familles bregmacerotidae euclichthyidae gadidae macrouridae melanonidae merlucciidae moridae et muraenolepididae autres que les lieus dalaska theragra chalcogramma eglefins melanogrammus aeglefinus;Alimentation;15.0;2.0;3.0;19.0;;=;39.0
0304959000;HS10;Poissons des familles Bregmacerotidae - Autre;Fish meat - Other;Alimentation;15.0;2.0;3.0;19.0;;=;39.0
030496;HS6;Squales;Fish meat;;;;;;;;
0304961000;HS10;Squales;Fish meat;Alimentation;15.0;2.0;3.0;19.0;;=;39.0
0304962000;HS10;Squales;Fish meat;Alimentation;15.0;2.0;3.0;19.0;;=;39.0
0304969000;HS10;Squales - Autre;Fish meat - Other;Alimentation;15.0;2.0;3.0;19.0;;=;39.0
030497;HS6;Raies (Rajidae);Fish meat;;;;;;;;
0304971000;HS10;Raies (Rajidae);Fish meat;Alimentation;15.0;2.0;3.0;19.0;;=;39.0
0304972000;HS10;Raies (Rajidae);Fish meat;Alimentation;15.0;2.0;3.0;19.0;;=;39.0
0304979000;HS10;Raies (Rajidae) - Autre;Fish meat - Other;Alimentation;15.0;2.0;3.0;19.0;;=;39.0
030499;HS6;Autres :;Fish meat;;;;;;;;
0304991000;HS10;Autres congeles autres surimi;Autres congeles autres surimi;Alimentation;15.0;2.0;3.0;19.0;;=;39.0
0304992000;HS10;Autres congeles autres fletans hippoglossus hippoglossus hippoglossus stenolepis;Autres congeles autres fletans hippoglossus hippoglossus hippoglossus stenolepis;Alimentation;15.0;2.0;3.0;19.0;;=;39.0
0304999000;HS10;Autres : - Autre;Fish meat - Other;Alimentation;15.0;2.0;3.0;19.0;;=;39.0
0305;RANGEE 05;"Fish, dried, salted or in brine; smoked fish, whether or not cooked before, or during the smoking process";;;;;;;;;
030520;HS6;Foies et œufs de poissons séchés;Fish livers and roes;;;;;;;;
0305201000;HS10;Foies oeufs et laitances de poissons séchés fumes sales ou en saumure foies;Foies oeufs et laitances de poissons seches fumes sales ou en saumure foies;Alimentation;15.0;2.0;3.0;19.0;;=;39.0
0305202000;HS10;Foies oeufs et laitances de poissons séchés fumes sales ou en saumure oeufs et laitances;Foies oeufs et laitances de poissons seches fumes sales ou en saumure oeufs et laitances;Alimentation;15.0;2.0;3.0;19.0;;=;39.0
0305209000;HS10;Foies et œufs de poissons séchés - Autre;Fish livers and roes - Other;Alimentation;15.0;2.0;3.0;19.0;;=;39.0
030531;HS6;Filets de tilapia séchés;Dried tilapia fillets;;;;;;;;
0305311000;HS10;Filets de poissons séchés sales ou en saumure mais non fumes tilapias oreochromis spp silurides pangasius spp silurus spp clarias spp ictalurus spp carpes cyprinus spp carassius spp ctenopharyngodon idellus hypophthalmichthys spp cirrhinus spp mylopharyngodon piceus catla catla labeo spp osteochilus hasselti leptobarbus hoeveni megalobrama spp anguilles anguilla spp perches du nil lates niloticus et poissons tilapias oreochromis spp;Filets de poissons seches sales ou en saumure mais non fumes tilapias oreochromis spp silurides pangasius spp silurus spp clarias spp ictalurus spp carpes cyprinus spp carassius spp ctenopharyngodon idellus hypophthalmichthys spp cirrhinus spp mylopharyngodon piceus catla catla labeo spp osteochilus hasselti leptobarbus hoeveni megalobrama spp anguilles anguilla spp perches du nil lates niloticus et poissons tilapias oreochromis spp;Alimentation;15.0;2.0;3.0;19.0;;=;39.0
0305312000;HS10;Filets de poissons séchés sales ou en saumure mais non fumes tilapias oreochromis spp silurides pangasius spp silurus spp clarias spp ictalurus spp carpes cyprinus spp carassius spp ctenopharyngodon idellus hypophthalmichthys spp cirrhinus spp mylopharyngodon piceus catla catla labeo spp osteochilus hasselti leptobarbus hoeveni megalobrama spp anguilles anguilla spp perches du nil lates niloticus et poissons silurides pangasius spp silurus spp clarias spp ictalurus spp;Filets de poissons seches sales ou en saumure mais non fumes tilapias oreochromis spp silurides pangasius spp silurus spp clarias spp ictalurus spp carpes cyprinus spp carassius spp ctenopharyngodon idellus hypophthalmichthys spp cirrhinus spp mylopharyngodon piceus catla catla labeo spp osteochilus hasselti leptobarbus hoeveni megalobrama spp anguilles anguilla spp perches du nil lates niloticus et poissons silurides pangasius spp silurus spp clarias spp ictalurus spp;Alimentation;15.0;2.0;3.0;19.0;;=;39.0
0305319000;HS10;Filets de tilapia séchés - Autre;Dried tilapia fillets - Other;Alimentation;15.0;2.0;3.0;19.0;;=;39.0
030532;HS6;Poissons des familles Bregmacerotidae;Fish fillets;;;;;;;;
0305321000;HS10;Poissons des familles Bregmacerotidae;Fish fillets;Alimentation;15.0;2.0;3.0;19.0;;=;39.0
0305322000;HS10;Poissons des familles Bregmacerotidae;Fish fillets;Alimentation;15.0;2.0;3.0;19.0;;=;39.0
0305329000;HS10;Poissons des familles Bregmacerotidae - Autre;Fish fillets - Other;Alimentation;15.0;2.0;3.0;19.0;;=;39.0
030539;HS6;Autres;Fish fillets;;;;;;;;
0305391000;HS10;Filets de poissons séchés sales ou en saumure mais non fumes autres filet de sandre;Filets de poissons seches sales ou en saumure mais non fumes autres filet de sandre;Alimentation;15.0;2.0;3.0;19.0;;=;39.0
0305392000;HS10;Autres;Fish fillets;Alimentation;15.0;2.0;3.0;19.0;;=;39.0
0305399000;HS10;Autres - Autre;Fish fillets - Other;Alimentation;15.0;2.0;3.0;19.0;;=;39.0
030541;HS6;Saumons fumés;Smoked salmon;;;;;;;;
0305411000;HS10;Poissons fumes y compris les filets autres que les abats de poissons comestibles saumons du pacifique oncorhynchus nerka oncorhynchus gorbuscha oncorhynchus keta oncorhynchus tschawytscha oncorhynchus kisutch oncorhynchus masou et oncorhynchus rhodurus saumons de latlantique salmo salar et saumons du danube hucho hucho saumons du pacifique oncorhynchus nerka oncorhynchus gorbuscha oncorhynchus keta oncorhynchus tschawytscha oncorhynchus kisutch oncorhynchus masou et oncorhynchus rhodurus;Poissons fumes y compris les filets autres que les abats de poissons comestibles saumons du pacifique oncorhynchus nerka oncorhynchus gorbuscha oncorhynchus keta oncorhynchus tschawytscha oncorhynchus kisutch oncorhynchus masou et oncorhynchus rhodurus saumons de latlantique salmo salar et saumons du danube hucho hucho saumons du pacifique oncorhynchus nerka oncorhynchus gorbuscha oncorhynchus keta oncorhynchus tschawytscha oncorhynchus kisutch oncorhynchus masou et oncorhynchus rhodurus;Alimentation;15.0;2.0;3.0;19.0;;=;39.0
0305412000;HS10;Poissons fumes y compris les filets autres que les abats de poissons comestibles saumons du pacifique oncorhynchus nerka oncorhynchus gorbuscha oncorhynchus keta oncorhynchus tschawytscha oncorhynchus kisutch oncorhynchus masou et oncorhynchus rhodurus saumons de latlantique salmo salar et saumons du danube hucho hucho saumons de latlantique salmo salar;Poissons fumes y compris les filets autres que les abats de poissons comestibles saumons du pacifique oncorhynchus nerka oncorhynchus gorbuscha oncorhynchus keta oncorhynchus tschawytscha oncorhynchus kisutch oncorhynchus masou et oncorhynchus rhodurus saumons de latlantique salmo salar et saumons du danube hucho hucho saumons de latlantique salmo salar;Alimentation;15.0;2.0;3.0;19.0;;=;39.0
0305419000;HS10;Saumons fumés - Autre;Smoked salmon - Other;Alimentation;15.0;2.0;3.0;19.0;;=;39.0
030542;HS6;Harengs fumés;Smoked herrings;;;;;;;;
0305421000;HS10;Harengs fumés;Smoked herrings;Alimentation;15.0;2.0;3.0;19.0;;=;39.0
0305422000;HS10;Harengs fumés;Smoked herrings;Alimentation;15.0;2.0;3.0;19.0;;=;39.0
0305429000;HS10;Harengs fumés - Autre;Smoked herrings - Other;Alimentation;15.0;2.0;3.0;19.0;;=;39.0
030543;HS6;Truites (Salmo trutta;Fish;;;;;;;;
0305431000;HS10;Truites (Salmo trutta;Fish;Alimentation;15.0;2.0;3.0;19.0;;=;39.0
0305432000;HS10;Truites (Salmo trutta;Fish;Alimentation;15.0;2.0;3.0;19.0;;=;39.0
0305439000;HS10;Truites (Salmo trutta - Autre;Fish - Other;Alimentation;15.0;2.0;3.0;19.0;;=;39.0
030544;HS6;Tilapias (Oreochromis spp.);Fish;;;;;;;;
0305441000;HS10;Poissons fumes y compris les filets autres que les abats de poissons comestibles tilapias oreochromis spp silurides pangasius spp silurus spp clarias spp ictalurus spp carpes cyprinus spp carassius spp ctenopharyngodon idellus hypophthalmichthys spp cirrhinus spp mylopharyngodon piceus catla catla labeo spp osteochilus hasselti leptobarbus hoeveni megalobrama spp anguilles anguilla spp perches du nil lates niloticus et poissons tilapias oreochromis spp;Poissons fumes y compris les filets autres que les abats de poissons comestibles tilapias oreochromis spp silurides pangasius spp silurus spp clarias spp ictalurus spp carpes cyprinus spp carassius spp ctenopharyngodon idellus hypophthalmichthys spp cirrhinus spp mylopharyngodon piceus catla catla labeo spp osteochilus hasselti leptobarbus hoeveni megalobrama spp anguilles anguilla spp perches du nil lates niloticus et poissons tilapias oreochromis spp;Alimentation;15.0;2.0;3.0;19.0;;=;39.0
0305442000;HS10;Poissons fumes y compris les filets autres que les abats de poissons comestibles tilapias oreochromis spp silurides pangasius spp silurus spp clarias spp ictalurus spp carpes cyprinus spp carassius spp ctenopharyngodon idellus hypophthalmichthys spp cirrhinus spp mylopharyngodon piceus catla catla labeo spp osteochilus hasselti leptobarbus hoeveni megalobrama spp anguilles anguilla spp perches du nil lates niloticus et poissons silurides pangasius spp silurus spp clarias spp ictalurus spp;Poissons fumes y compris les filets autres que les abats de poissons comestibles tilapias oreochromis spp silurides pangasius spp silurus spp clarias spp ictalurus spp carpes cyprinus spp carassius spp ctenopharyngodon idellus hypophthalmichthys spp cirrhinus spp mylopharyngodon piceus catla catla labeo spp osteochilus hasselti leptobarbus hoeveni megalobrama spp anguilles anguilla spp perches du nil lates niloticus et poissons silurides pangasius spp silurus spp clarias spp ictalurus spp;Alimentation;15.0;2.0;3.0;19.0;;=;39.0
0305449000;HS10;Tilapias (Oreochromis spp.) - Autre;Fish - Other;Alimentation;15.0;2.0;3.0;19.0;;=;39.0
030549;HS6;Autres;Fish;;;;;;;;
0305491000;HS10;Poissons fumes y compris les filets autres que les abats de poissons comestibles autres filets de morues;Poissons fumes y compris les filets autres que les abats de poissons comestibles autres filets de morues;Alimentation;15.0;2.0;3.0;19.0;;=;39.0
0305492000;HS10;Autres;Fish;Alimentation;15.0;2.0;3.0;19.0;;=;39.0
0305499000;HS10;Autres - Autre;Fish - Other;Alimentation;15.0;2.0;3.0;19.0;;=;39.0
030551;HS6;Morues séchées;Dried cod;;;;;;;;
0305511000;HS10;Poissons séchés autres que les abats de poissons comestibles meme sales mais non fumes morues gadus morhua gadus ogac gadus macrocephalus sechees non salees;Poissons seches autres que les abats de poissons comestibles meme sales mais non fumes morues gadus morhua gadus ogac gadus macrocephalus sechees non salees;Alimentation;15.0;2.0;3.0;19.0;;=;39.0
0305512000;HS10;Poissons séchés autres que les abats de poissons comestibles meme sales mais non fumes morues gadus morhua gadus ogac gadus macrocephalus sechees et salees;Poissons seches autres que les abats de poissons comestibles meme sales mais non fumes morues gadus morhua gadus ogac gadus macrocephalus sechees et salees;Alimentation;15.0;2.0;3.0;19.0;;=;39.0
0305519000;HS10;Morues séchées - Autre;Dried cod - Other;Alimentation;15.0;2.0;3.0;19.0;;=;39.0
030552;HS6;Tilapias (Oreochromis spp.);Fish;;;;;;;;
0305521000;HS10;Poissons séchés autres que les abats de poissons comestibles meme sales mais non fumes tilapias oreochromis spp silurides pangasius spp silurus spp clarias spp ictalurus spp carpes cyprinus spp carassius spp ctenopharyngodon idellus hypophthalmichthys spp cirrhinus spp mylopharyngodon piceus catla catla labeo spp osteochilus hasselti leptobarbus hoeveni megalobrama spp anguilles anguilla spp perches du nil lates niloticus et poissons sechees non salees;Poissons seches autres que les abats de poissons comestibles meme sales mais non fumes tilapias oreochromis spp silurides pangasius spp silurus spp clarias spp ictalurus spp carpes cyprinus spp carassius spp ctenopharyngodon idellus hypophthalmichthys spp cirrhinus spp mylopharyngodon piceus catla catla labeo spp osteochilus hasselti leptobarbus hoeveni megalobrama spp anguilles anguilla spp perches du nil lates niloticus et poissons sechees non salees;Alimentation;15.0;2.0;3.0;19.0;;=;39.0
0305522000;HS10;Poissons séchés autres que les abats de poissons comestibles meme sales mais non fumes tilapias oreochromis spp silurides pangasius spp silurus spp clarias spp ictalurus spp carpes cyprinus spp carassius spp ctenopharyngodon idellus hypophthalmichthys spp cirrhinus spp mylopharyngodon piceus catla catla labeo spp osteochilus hasselti leptobarbus hoeveni megalobrama spp anguilles anguilla spp perches du nil lates niloticus et poissons sechees et salees;Poissons seches autres que les abats de poissons comestibles meme sales mais non fumes tilapias oreochromis spp silurides pangasius spp silurus spp clarias spp ictalurus spp carpes cyprinus spp carassius spp ctenopharyngodon idellus hypophthalmichthys spp cirrhinus spp mylopharyngodon piceus catla catla labeo spp osteochilus hasselti leptobarbus hoeveni megalobrama spp anguilles anguilla spp perches du nil lates niloticus et poissons sechees et salees;Alimentation;15.0;2.0;3.0;19.0;;=;39.0
0305529000;HS10;Tilapias (Oreochromis spp.) - Autre;Fish - Other;Alimentation;15.0;2.0;3.0;19.0;;=;39.0
030553;HS6;Poissons des familles Bregmacerotidae;Fish;;;;;;;;
0305531000;HS10;Poissons séchés autres que les abats de poissons comestibles meme sales mais non fumes poissons des familles bregmacerotidae euclichthyidae gadidae macrouridae melanonidae merlucciidae moridae et muraenolepididae autres que morues gadus morhua gadus ogac gadus macrocephalus sechees non salees;Poissons seches autres que les abats de poissons comestibles meme sales mais non fumes poissons des familles bregmacerotidae euclichthyidae gadidae macrouridae melanonidae merlucciidae moridae et muraenolepididae autres que morues gadus morhua gadus ogac gadus macrocephalus sechees non salees;Alimentation;15.0;2.0;3.0;19.0;;=;39.0
0305532000;HS10;Poissons séchés autres que les abats de poissons comestibles meme sales mais non fumes poissons des familles bregmacerotidae euclichthyidae gadidae macrouridae melanonidae merlucciidae moridae et muraenolepididae autres que morues gadus morhua gadus ogac gadus macrocephalus sechees et salees;Poissons seches autres que les abats de poissons comestibles meme sales mais non fumes poissons des familles bregmacerotidae euclichthyidae gadidae macrouridae melanonidae merlucciidae moridae et muraenolepididae autres que morues gadus morhua gadus ogac gadus macrocephalus sechees et salees;Alimentation;15.0;2.0;3.0;19.0;;=;39.0
0305539000;HS10;Poissons des familles Bregmacerotidae - Autre;Fish - Other;Alimentation;15.0;2.0;3.0;19.0;;=;39.0
030554;HS6;Harengs (Clupea harengus;Dried herrings;;;;;;;;
0305541000;HS10;Poissons séchés autres que les abats de poissons comestibles meme sales mais non fumes harengs clupea harengus clupea pallasii anchois engraulis spp sardines sardina pilchardus sardinops spp sardinelles sardinella spp sprats ou esprots sprattus sprattus maquereaux scomber scombrus scomber australasicus scomber japonicus maquereaux indo pacifiquesrastrelliger spp thazardsscomberomorus spp chinchardstrachurus spp carangues caranx spp mafous sechees non salees;Poissons seches autres que les abats de poissons comestibles meme sales mais non fumes harengs clupea harengus clupea pallasii anchois engraulis spp sardines sardina pilchardus sardinops spp sardinelles sardinella spp sprats ou esprots sprattus sprattus maquereaux scomber scombrus scomber australasicus scomber japonicus maquereaux indo pacifiquesrastrelliger spp thazardsscomberomorus spp chinchardstrachurus spp carangues caranx spp mafous sechees non salees;Alimentation;15.0;2.0;3.0;19.0;;=;39.0
0305542000;HS10;Poissons séchés autres que les abats de poissons comestibles meme sales mais non fumes harengs clupea harengus clupea pallasii anchois engraulis spp sardines sardina pilchardus sardinops spp sardinelles sardinella spp sprats ou esprots sprattus sprattus maquereaux scomber scombrus scomber australasicus scomber japonicus maquereaux indo pacifiquesrastrelliger spp thazardsscomberomorus spp chinchardstrachurus spp carangues caranx spp mafous sechees et salees;Poissons seches autres que les abats de poissons comestibles meme sales mais non fumes harengs clupea harengus clupea pallasii anchois engraulis spp sardines sardina pilchardus sardinops spp sardinelles sardinella spp sprats ou esprots sprattus sprattus maquereaux scomber scombrus scomber australasicus scomber japonicus maquereaux indo pacifiquesrastrelliger spp thazardsscomberomorus spp chinchardstrachurus spp carangues caranx spp mafous sechees et salees;Alimentation;15.0;2.0;3.0;19.0;;=;39.0
0305549000;HS10;Harengs (Clupea harengus - Autre;Dried herrings - Other;Alimentation;15.0;2.0;3.0;19.0;;=;39.0
030559;HS6;Autres;Fish;;;;;;;;
0305591000;HS10;Poissons séchés autres que les abats de poissons comestibles meme sales mais non fumes autres sechees non salees;Poissons seches autres que les abats de poissons comestibles meme sales mais non fumes autres sechees non salees;Alimentation;15.0;2.0;3.0;19.0;;=;39.0
0305592000;HS10;Poissons séchés autres que les abats de poissons comestibles meme sales mais non fumes autres sechees et salees;Poissons seches autres que les abats de poissons comestibles meme sales mais non fumes autres sechees et salees;Alimentation;15.0;2.0;3.0;19.0;;=;39.0
0305599000;HS10;Autres - Autre;Fish - Other;Alimentation;15.0;2.0;3.0;19.0;;=;39.0
030561;HS6;Harengs salés;Salted herrings;;;;;;;;
0305611000;HS10;Harengs salés;Salted herrings;Alimentation;15.0;2.0;3.0;19.0;;=;39.0
0305612000;HS10;Harengs salés;Salted herrings;Alimentation;15.0;2.0;3.0;19.0;;=;39.0
0305619000;HS10;Harengs salés - Autre;Salted herrings - Other;Alimentation;15.0;2.0;3.0;19.0;;=;39.0
030562;HS6;Morues (Gardus morhua;Fish;;;;;;;;
0305621000;HS10;Morues (Gardus morhua;Fish;Alimentation;15.0;2.0;3.0;19.0;;=;39.0
0305622000;HS10;Morues (Gardus morhua;Fish;Alimentation;15.0;2.0;3.0;19.0;;=;39.0
0305629000;HS10;Morues (Gardus morhua - Autre;Fish - Other;Alimentation;15.0;2.0;3.0;19.0;;=;39.0
030563;HS6;Anchois (Engraulis spp.);Fish;;;;;;;;
0305631000;HS10;Anchois (Engraulis spp.);Fish;Alimentation;15.0;2.0;3.0;19.0;;=;39.0
0305632000;HS10;Anchois (Engraulis spp.);Fish;Alimentation;15.0;2.0;3.0;19.0;;=;39.0
0305639000;HS10;Anchois (Engraulis spp.) - Autre;Fish - Other;Alimentation;15.0;2.0;3.0;19.0;;=;39.0
030564;HS6;Tilapias (Oreochromis spp.);Fish;;;;;;;;
0305641000;HS10;Poissons sales mais non séchés ni fumes et poissons en saumure autres que les abats de poissons comestibles tilapias oreochromis spp silurides pangasius spp silurus spp clarias spp ictalurus spp carpes cyprinus spp carassius spp ctenopharyngodon idellus hypophthalmichthys spp cirrhinus spp mylopharyngodon piceus catla catla labeo spp osteochilus hasselti leptobarbus hoeveni megalobrama spp anguilles anguilla spp perches du nil lates niloticus et poissons tilapias oreochromis spp;Poissons sales mais non seches ni fumes et poissons en saumure autres que les abats de poissons comestibles tilapias oreochromis spp silurides pangasius spp silurus spp clarias spp ictalurus spp carpes cyprinus spp carassius spp ctenopharyngodon idellus hypophthalmichthys spp cirrhinus spp mylopharyngodon piceus catla catla labeo spp osteochilus hasselti leptobarbus hoeveni megalobrama spp anguilles anguilla spp perches du nil lates niloticus et poissons tilapias oreochromis spp;Alimentation;15.0;2.0;3.0;19.0;;=;39.0
0305642000;HS10;Poissons sales mais non séchés ni fumes et poissons en saumure autres que les abats de poissons comestibles tilapias oreochromis spp silurides pangasius spp silurus spp clarias spp ictalurus spp carpes cyprinus spp carassius spp ctenopharyngodon idellus hypophthalmichthys spp cirrhinus spp mylopharyngodon piceus catla catla labeo spp osteochilus hasselti leptobarbus hoeveni megalobrama spp anguilles anguilla spp perches du nil lates niloticus et poissons silurides pangasius spp silurus spp clarias spp ictalurus spp;Poissons sales mais non seches ni fumes et poissons en saumure autres que les abats de poissons comestibles tilapias oreochromis spp silurides pangasius spp silurus spp clarias spp ictalurus spp carpes cyprinus spp carassius spp ctenopharyngodon idellus hypophthalmichthys spp cirrhinus spp mylopharyngodon piceus catla catla labeo spp osteochilus hasselti leptobarbus hoeveni megalobrama spp anguilles anguilla spp perches du nil lates niloticus et poissons silurides pangasius spp silurus spp clarias spp ictalurus spp;Alimentation;15.0;2.0;3.0;19.0;;=;39.0
0305649000;HS10;Tilapias (Oreochromis spp.) - Autre;Fish - Other;Alimentation;15.0;2.0;3.0;19.0;;=;39.0
030569;HS6;Autres;Fish;;;;;;;;
0305691000;HS10;Autres;Fish;Alimentation;15.0;2.0;3.0;19.0;;=;39.0
0305692000;HS10;Autres;Fish;Alimentation;15.0;2.0;3.0;19.0;;=;39.0
0305699000;HS10;Autres - Autre;Fish - Other;Alimentation;15.0;2.0;3.0;19.0;;=;39.0
030571;HS6;Ailerons de requins;Shark fins;;;;;;;;
0305711000;HS10;Nageoires tetes queues vessies natatoires et autres abats de poissons comestibles ailerons de requins traités ou trnsformes;Nageoires tetes queues vessies natatoires et autres abats de poissons comestibles ailerons de requins traites ou trnsformes;Alimentation;15.0;2.0;3.0;19.0;;=;39.0
0305712000;HS10;Ailerons de requins;Shark fins;Alimentation;15.0;2.0;3.0;19.0;;=;39.0
0305719000;HS10;Ailerons de requins - Autre;Shark fins - Other;Alimentation;15.0;2.0;3.0;19.0;;=;39.0
030572;HS6;Têtes;Fish;;;;;;;;
0305721000;HS10;Têtes;Fish;Alimentation;15.0;2.0;3.0;19.0;;=;39.0
0305722000;HS10;Nageoires tetes queues vessies natatoires et autres abats de poissons comestibles tetes queues et vessies natatoires de poissons danchois engraulis spp sales mais non séchés ni fumes ou en saumure;Nageoires tetes queues vessies natatoires et autres abats de poissons comestibles tetes queues et vessies natatoires de poissons danchois engraulis spp sales mais non seches ni fumes ou en saumure;Alimentation;15.0;2.0;3.0;19.0;;=;39.0
0305729000;HS10;Têtes - Autre;Fish - Other;Alimentation;15.0;2.0;3.0;19.0;;=;39.0
030579;HS6;Autres;Fish;;;;;;;;
0305791000;HS10;Autres;Fish;Alimentation;15.0;2.0;3.0;19.0;;=;39.0
0305792000;HS10;Nageoires tetes queues vessies natatoires et autres abats de poissons comestibles autres danchois engraulis spp sales mais non séchés ni fumes ou en saumure;Nageoires tetes queues vessies natatoires et autres abats de poissons comestibles autres danchois engraulis spp sales mais non seches ni fumes ou en saumure;Alimentation;15.0;2.0;3.0;19.0;;=;39.0
0305799000;HS10;Autres - Autre;Fish - Other;Alimentation;15.0;2.0;3.0;19.0;;=;39.0
0306;RANGEE 06;"Crustaceans; in shell or not, live, fresh, chilled, frozen, dried, salted or in brine; smoked, cooked or not before or during smoking; in shell, steamed or boiled, whether or not chilled, frozen, dried, salted or in brine";;;;;;;;;
030611;HS6;Langoustes congelées;Frozen rock lobster;;;;;;;;
0306111000;HS10;Congeles langoustes palinurus spp panulirus spp jasus spp sechees salees ou en saumure;Congeles langoustes palinurus spp panulirus spp jasus spp sechees salees ou en saumure;Alimentation;15.0;2.0;3.0;19.0;;=;39.0
0306112000;HS10;Congeles langoustes palinurus spp panulirus spp jasus spp fumées meme cuites avant ou pendant le fumage;Congeles langoustes palinurus spp panulirus spp jasus spp fumees meme cuites avant ou pendant le fumage;Alimentation;15.0;2.0;3.0;19.0;;=;39.0
0306119000;HS10;Langoustes congelées - Autre;Frozen rock lobster - Other;Alimentation;15.0;2.0;3.0;19.0;;=;39.0
030612;HS6;Homards congelés;Frozen lobsters;;;;;;;;
0306121000;HS10;Congeles homards homarus spp séchés sales ou en saumure;Congeles homards homarus spp seches sales ou en saumure;Alimentation;15.0;2.0;3.0;19.0;;=;39.0
0306122000;HS10;Congeles homards homarus spp fumes meme cuits avant ou pendant le fumage;Congeles homards homarus spp fumes meme cuits avant ou pendant le fumage;Alimentation;15.0;2.0;3.0;19.0;;=;39.0
0306129000;HS10;Homards congelés - Autre;Frozen lobsters - Other;Alimentation;15.0;2.0;3.0;19.0;;=;39.0
030614;HS6;Crabes congelés;Frozen crabs;;;;;;;;
0306141000;HS10;Congeles crabes séchés sales ou en saumure;Congeles crabes seches sales ou en saumure;Alimentation;15.0;2.0;3.0;19.0;;=;39.0
0306142000;HS10;Congeles crabes fumes meme cuits avant ou pendant le fumage;Congeles crabes fumes meme cuits avant ou pendant le fumage;Alimentation;15.0;2.0;3.0;19.0;;=;39.0
0306149000;HS10;Crabes congelés - Autre;Frozen crabs - Other;Alimentation;15.0;2.0;3.0;19.0;;=;39.0
030615;HS6;Langoustines (Nephrops norvegicus);Crustaceans;;;;;;;;
0306151000;HS10;Congeles langoustines nephrops norvegicus fumes meme cuits avant ou pendant le fumage;Congeles langoustines nephrops norvegicus fumes meme cuits avant ou pendant le fumage;Alimentation;15.0;2.0;3.0;19.0;;=;39.0
0306152000;HS10;Langoustines (Nephrops norvegicus);Crustaceans;Alimentation;15.0;2.0;3.0;19.0;;=;39.0
0306159000;HS10;Langoustines (Nephrops norvegicus) - Autre;Crustaceans - Other;Alimentation;15.0;2.0;3.0;19.0;;=;39.0
030616;HS6;Crevettes congelées;Frozen shrimps;;;;;;;;
0306161000;HS10;Congeles crevettesdeau froide pandalus spp crangon crangon fumes meme cuits avant ou pendant le fumage;Congeles crevettesdeau froide pandalus spp crangon crangon fumes meme cuits avant ou pendant le fumage;Alimentation;15.0;2.0;3.0;19.0;;=;39.0
0306162000;HS10;Crevettes congelées;Frozen shrimps;Alimentation;15.0;2.0;3.0;19.0;;=;39.0
0306169000;HS10;Crevettes congelées - Autre;Frozen shrimps - Other;Alimentation;15.0;2.0;3.0;19.0;;=;39.0
030617;HS6;Autres crevettes congelées;Other frozen shrimps;;;;;;;;
0306171000;HS10;Congeles autres crevettes fumes meme cuits avant ou pendant le fumage;Congeles autres crevettes fumes meme cuits avant ou pendant le fumage;Alimentation;15.0;2.0;3.0;19.0;;=;39.0
0306172000;HS10;Autres crevettes congelées;Other frozen shrimps;Alimentation;15.0;2.0;3.0;19.0;;=;39.0
0306179000;HS10;Autres crevettes congelées - Autre;Other frozen shrimps - Other;Alimentation;15.0;2.0;3.0;19.0;;=;39.0
030619;HS6;Autres;Crustaceans;;;;;;;;
0306191000;HS10;Autres;Crustaceans;Alimentation;15.0;2.0;3.0;19.0;;=;39.0
0306192000;HS10;Congeles autres ecrevisses;Congeles autres ecrevisses;Alimentation;15.0;2.0;3.0;19.0;;=;39.0
0306199000;HS10;Autres - Autre;Crustaceans - Other;Alimentation;15.0;2.0;3.0;19.0;;=;39.0
030631;HS6;Langoustes vivantes;Live rock lobster;;;;;;;;
0306311000;HS10;Vivants frais ou réfrigérés langoustes palinurus spp panulirus spp jasus spp vivantes;Vivants frais ou refrigeres langoustes palinurus spp panulirus spp jasus spp vivantes;Alimentation;15.0;2.0;3.0;19.0;;=;39.0
0306312000;HS10;Vivants frais ou réfrigérés langoustes palinurus spp panulirus spp jasus spp fraiches ou refrigerees;Vivants frais ou refrigeres langoustes palinurus spp panulirus spp jasus spp fraiches ou refrigerees;Alimentation;15.0;2.0;3.0;19.0;;=;39.0
0306319000;HS10;Langoustes vivantes - Autre;Live rock lobster - Other;Alimentation;15.0;2.0;3.0;19.0;;=;39.0
030632;HS6;Homards vivants;Live lobsters;;;;;;;;
0306321000;HS10;Vivants frais ou réfrigérés homards homarus spp vivants;Vivants frais ou refrigeres homards homarus spp vivants;Alimentation;15.0;2.0;3.0;19.0;;=;39.0
0306322000;HS10;Vivants frais ou réfrigérés homards homarus spp frais ou réfrigérés;Vivants frais ou refrigeres homards homarus spp frais ou refrigeres;Alimentation;15.0;2.0;3.0;19.0;;=;39.0
0306329000;HS10;Homards vivants - Autre;Live lobsters - Other;Alimentation;15.0;2.0;3.0;19.0;;=;39.0
030633;HS6;Crabes;Crustaceans;;;;;;;;
0306331000;HS10;Vivants frais ou réfrigérés vivans;Vivants frais ou refrigeres vivans;Alimentation;15.0;2.0;3.0;19.0;;=;39.0
0306332000;HS10;Vivants frais ou réfrigérés frais ou réfrigérés;Vivants frais ou refrigeres frais ou refrigeres;Alimentation;15.0;2.0;3.0;19.0;;=;39.0
0306339000;HS10;Crabes - Autre;Crustaceans - Other;Alimentation;15.0;2.0;3.0;19.0;;=;39.0
030634;HS6;Langoustines (Nephrops norvegicus);Crustaceans;;;;;;;;
0306341000;HS10;Vivants frais ou réfrigérés langoustines nephrops norvegicus vivantes;Vivants frais ou refrigeres langoustines nephrops norvegicus vivantes;Alimentation;15.0;2.0;3.0;19.0;;=;39.0
0306342000;HS10;Vivants frais ou réfrigérés langoustines nephrops norvegicus fraiches ou refrigerees;Vivants frais ou refrigeres langoustines nephrops norvegicus fraiches ou refrigerees;Alimentation;15.0;2.0;3.0;19.0;;=;39.0
0306349000;HS10;Langoustines (Nephrops norvegicus) - Autre;Crustaceans - Other;Alimentation;15.0;2.0;3.0;19.0;;=;39.0
030635;HS6;Crevettes d'eau froide (Pandalus spp.;Crustaceans;;;;;;;;
0306351000;HS10;Crevettes d'eau froide (Pandalus spp.;Crustaceans;Alimentation;15.0;2.0;3.0;19.0;;=;39.0
0306352000;HS10;Vivants frais ou réfrigérés crevettes deau froide pandalus spp crangon crangon fraiches ou refrigerees;Vivants frais ou refrigeres crevettes deau froide pandalus spp crangon crangon fraiches ou refrigerees;Alimentation;15.0;2.0;3.0;19.0;;=;39.0
0306359000;HS10;Crevettes d'eau froide (Pandalus spp. - Autre;Crustaceans - Other;Alimentation;15.0;2.0;3.0;19.0;;=;39.0
030636;HS6;Autres crevettes;Crustaceans;;;;;;;;
0306361000;HS10;Autres crevettes;Crustaceans;Alimentation;15.0;2.0;3.0;19.0;;=;39.0
0306362000;HS10;Autres crevettes;Crustaceans;Alimentation;15.0;2.0;3.0;19.0;;=;39.0
0306369000;HS10;Autres crevettes - Autre;Crustaceans - Other;Alimentation;15.0;2.0;3.0;19.0;;=;39.0
030639;HS6;Autres;Crustaceans;;;;;;;;
0306391000;HS10;Autres;Crustaceans;Alimentation;15.0;2.0;3.0;19.0;;=;39.0
0306392000;HS10;Autres;Crustaceans;Alimentation;15.0;2.0;3.0;19.0;;=;39.0
0306399000;HS10;Autres - Autre;Crustaceans - Other;Alimentation;15.0;2.0;3.0;19.0;;=;39.0
030691;HS6;Langoustes (Palinurus spp. Panulirus spp. Jasus spp.);Crustaceans;;;;;;;;
0306911000;HS10;Autres langoustes palinurus spp panulirus spp jasus spp fumées meme cuites avant ou pendant le fumage;Autres langoustes palinurus spp panulirus spp jasus spp fumees meme cuites avant ou pendant le fumage;Alimentation;15.0;2.0;3.0;19.0;;=;39.0
0306912000;HS10;Autres langoustes palinurus spp panulirus spp jasus spp autres;Autres langoustes palinurus spp panulirus spp jasus spp autres;Alimentation;15.0;2.0;3.0;19.0;;=;39.0
0306919000;HS10;Langoustes (Palinurus spp. Panulirus spp. Jasus spp.) - Autre;Crustaceans - Other;Alimentation;15.0;2.0;3.0;19.0;;=;39.0
030692;HS6;Homards (Homarus spp.);Crustaceans;;;;;;;;
0306921000;HS10;Autres homards homarus spp fumes meme cuits avant ou pendant le fumage;Autres homards homarus spp fumes meme cuits avant ou pendant le fumage;Alimentation;15.0;2.0;3.0;19.0;;=;39.0
0306922000;HS10;Autres homards homarus spp autres;Autres homards homarus spp autres;Alimentation;15.0;2.0;3.0;19.0;;=;39.0
0306929000;HS10;Homards (Homarus spp.) - Autre;Crustaceans - Other;Alimentation;15.0;2.0;3.0;19.0;;=;39.0
030693;HS6;Crabes;Crustaceans;;;;;;;;
0306931000;HS10;Autres crabes fumées meme cuites avant ou pendant le fumage;Autres crabes fumees meme cuites avant ou pendant le fumage;Alimentation;15.0;2.0;3.0;19.0;;=;39.0
0306932000;HS10;Autres crabes autres;Autres crabes autres;Alimentation;15.0;2.0;3.0;19.0;;=;39.0
0306939000;HS10;Crabes - Autre;Crustaceans - Other;Alimentation;15.0;2.0;3.0;19.0;;=;39.0
030694;HS6;Langoustines (Nephrops norvegicus);Crustaceans;;;;;;;;
0306941000;HS10;Autres langoustines nephrops norvegicus fumées meme cuites avant ou pendant le fumage;Autres langoustines nephrops norvegicus fumees meme cuites avant ou pendant le fumage;Alimentation;15.0;2.0;3.0;19.0;;=;39.0
0306942000;HS10;Autres langoustines nephrops norvegicus autres;Autres langoustines nephrops norvegicus autres;Alimentation;15.0;2.0;3.0;19.0;;=;39.0
0306949000;HS10;Langoustines (Nephrops norvegicus) - Autre;Crustaceans - Other;Alimentation;15.0;2.0;3.0;19.0;;=;39.0
030695;HS6;Crevettes;Crustaceans;;;;;;;;
0306951000;HS10;Crevettes;Crustaceans;Alimentation;15.0;2.0;3.0;19.0;;=;39.0
0306952000;HS10;Crevettes;Crustaceans;Alimentation;15.0;2.0;3.0;19.0;;=;39.0
0306959000;HS10;Crevettes - Autre;Crustaceans - Other;Alimentation;15.0;2.0;3.0;19.0;;=;39.0
030699;HS6;Autres;Crustaceans;;;;;;;;
0306991000;HS10;Autres;Crustaceans;Alimentation;15.0;2.0;3.0;19.0;;=;39.0
0306992000;HS10;Autres;Crustaceans;Alimentation;15.0;2.0;3.0;19.0;;=;39.0
0306999000;HS10;Autres - Autre;Crustaceans - Other;Alimentation;15.0;2.0;3.0;19.0;;=;39.0
0307;RANGEE 07;"Molluscs; whether in shell or not, live, fresh, chilled, frozen, dried, salted or in brine; smoked molluscs, whether in shell or not, whether or not cooked before or during the smoking process";;;;;;;;;
030711;HS6;Huîtres vivantes;Live oysters;;;;;;;;
0307111000;HS10;Huîtres vivantes;Live oysters;Alimentation;15.0;2.0;3.0;19.0;;=;39.0
0307112000;HS10;Huîtres vivantes;Live oysters;Alimentation;15.0;2.0;3.0;19.0;;=;39.0
0307119000;HS10;Huîtres vivantes - Autre;Live oysters - Other;Alimentation;15.0;2.0;3.0;19.0;;=;39.0
030712;HS6;Congelées;Molluscs;;;;;;;;
0307121000;HS10;Congelées;Molluscs;Alimentation;15.0;2.0;3.0;19.0;;=;39.0
0307122000;HS10;Congelées;Molluscs;Alimentation;15.0;2.0;3.0;19.0;;=;39.0
0307129000;HS10;Congelées - Autre;Molluscs - Other;Alimentation;15.0;2.0;3.0;19.0;;=;39.0
030719;HS6;Autres;Molluscs;;;;;;;;
0307191000;HS10;Fumes meme cuits avant ou pendant le fumage huitres;Fumes meme cuits avant ou pendant le fumage huitres;Alimentation;15.0;2.0;3.0;19.0;;=;39.0
0307192000;HS10;Sechees sales ou en saumure huitres;Sechees sales ou en saumure huitres;Alimentation;15.0;2.0;3.0;19.0;;=;39.0
0307199000;HS10;Autres - Autre;Molluscs - Other;Alimentation;15.0;2.0;3.0;19.0;;=;39.0
030721;HS6;Coquilles Saint-Jacques vivantes;Live scallops;;;;;;;;
0307211000;HS10;Vivants coquilles st jacques;Vivants coquilles st jacques;Alimentation;15.0;2.0;3.0;19.0;;=;39.0
0307212000;HS10;Frais ou réfrigérés coquilles st jacques;Frais ou refrigeres coquilles st jacques;Alimentation;15.0;2.0;3.0;19.0;;=;39.0
0307219000;HS10;Coquilles Saint-Jacques vivantes - Autre;Live scallops - Other;Alimentation;15.0;2.0;3.0;19.0;;=;39.0
030722;HS6;Congelés;Molluscs;;;;;;;;
0307221000;HS10;Congelés;Molluscs;Alimentation;15.0;2.0;3.0;19.0;;=;39.0
0307222000;HS10;Congelés;Molluscs;Alimentation;15.0;2.0;3.0;19.0;;=;39.0
0307229000;HS10;Congelés - Autre;Molluscs - Other;Alimentation;15.0;2.0;3.0;19.0;;=;39.0
030729;HS6;Autres;Molluscs;;;;;;;;
0307291000;HS10;Fumes meme cuits avant ou pendant le fumage coquilles st jacques;Fumes meme cuits avant ou pendant le fumage coquilles st jacques;Alimentation;15.0;2.0;3.0;19.0;;=;39.0
0307292000;HS10;Séchés sales ou en saumure coquilles st jacques;Seches sales ou en saumure coquilles st jacques;Alimentation;15.0;2.0;3.0;19.0;;=;39.0
0307299000;HS10;Autres - Autre;Molluscs - Other;Alimentation;15.0;2.0;3.0;19.0;;=;39.0
030731;HS6;Moules vivantes;Live mussels;;;;;;;;
0307311000;HS10;Moules vivantes;Live mussels;Alimentation;15.0;2.0;3.0;19.0;;=;39.0
0307312000;HS10;Moules vivantes;Live mussels;Alimentation;15.0;2.0;3.0;19.0;;=;39.0
0307319000;HS10;Moules vivantes - Autre;Live mussels - Other;Alimentation;15.0;2.0;3.0;19.0;;=;39.0
030732;HS6;Congelées;Molluscs;;;;;;;;
0307321000;HS10;Congelées;Molluscs;Alimentation;15.0;2.0;3.0;19.0;;=;39.0
0307322000;HS10;Congelées;Molluscs;Alimentation;15.0;2.0;3.0;19.0;;=;39.0
0307329000;HS10;Congelées - Autre;Molluscs - Other;Alimentation;15.0;2.0;3.0;19.0;;=;39.0
030739;HS6;Autres;Molluscs;;;;;;;;
0307391000;HS10;Fumées meme cuites avant ou pendant le fumage moules;Fumees meme cuites avant ou pendant le fumage moules;Alimentation;15.0;2.0;3.0;19.0;;=;39.0
0307392000;HS10;Séchés sales ou en saumure moules;Seches sales ou en saumure moules;Alimentation;15.0;2.0;3.0;19.0;;=;39.0
0307399000;HS10;Autres - Autre;Molluscs - Other;Alimentation;15.0;2.0;3.0;19.0;;=;39.0
030741;HS6;Seiches vivantes;Live cuttlefish;;;;;;;;
0307411000;HS10;Seiches vivantes;Live cuttlefish;Alimentation;15.0;2.0;3.0;19.0;;=;39.0
0307412000;HS10;Seiches vivantes;Live cuttlefish;Alimentation;15.0;2.0;3.0;19.0;;=;39.0
0307419000;HS10;Seiches vivantes - Autre;Live cuttlefish - Other;Alimentation;15.0;2.0;3.0;19.0;;=;39.0
030742;HS6;Vivants;Molluscs;;;;;;;;
0307421000;HS10;Vivants;Molluscs;Alimentation;15.0;2.0;3.0;19.0;;=;39.0
0307422000;HS10;Vivants;Molluscs;Alimentation;15.0;2.0;3.0;19.0;;=;39.0
0307429000;HS10;Vivants - Autre;Molluscs - Other;Alimentation;15.0;2.0;3.0;19.0;;=;39.0
030743;HS6;Congelés;Molluscs;;;;;;;;
0307431000;HS10;Congeles seiches;Congeles seiches;Alimentation;15.0;2.0;3.0;19.0;;=;39.0
0307432000;HS10;Congeles sepioles;Congeles sepioles;Alimentation;15.0;2.0;3.0;19.0;;=;39.0
0307439000;HS10;Congelés - Autre;Molluscs - Other;Alimentation;15.0;2.0;3.0;19.0;;=;39.0
030749;HS6;Autres;Molluscs;;;;;;;;
0307491000;HS10;Autres;Molluscs;Alimentation;15.0;2.0;3.0;19.0;;=;39.0
0307492000;HS10;Autres;Molluscs;Alimentation;15.0;2.0;3.0;19.0;;=;39.0
0307499000;HS10;Autres - Autre;Molluscs - Other;Alimentation;15.0;2.0;3.0;19.0;;=;39.0
030751;HS6;Poulpes vivants;Live octopus;;;;;;;;
0307511000;HS10;Vivants poulpes ou pieuvres;Vivants poulpes ou pieuvres;Alimentation;15.0;2.0;3.0;19.0;;=;39.0
0307512000;HS10;Frais ou réfrigérés poulpes ou pieuvres;Frais ou refrigeres poulpes ou pieuvres;Alimentation;15.0;2.0;3.0;19.0;;=;39.0
0307519000;HS10;Poulpes vivants - Autre;Live octopus - Other;Alimentation;15.0;2.0;3.0;19.0;;=;39.0
030752;HS6;Congelés;Molluscs;;;;;;;;
0307521000;HS10;Congelés;Molluscs;Alimentation;15.0;2.0;3.0;19.0;;=;39.0
0307522000;HS10;Congelés;Molluscs;Alimentation;15.0;2.0;3.0;19.0;;=;39.0
0307529000;HS10;Congelés - Autre;Molluscs - Other;Alimentation;15.0;2.0;3.0;19.0;;=;39.0
030759;HS6;Poulpes congelés;Frozen octopus;;;;;;;;
0307591000;HS10;Fumes meme cuits avant ou pendant le fumage poulpes ou pieuvres;Fumes meme cuits avant ou pendant le fumage poulpes ou pieuvres;Alimentation;15.0;2.0;3.0;19.0;;=;39.0
0307592000;HS10;Séchés sales ou en saumure poulpes ou pieuvres;Seches sales ou en saumure poulpes ou pieuvres;Alimentation;15.0;2.0;3.0;19.0;;=;39.0
0307599000;HS10;Poulpes congelés - Autre;Frozen octopus - Other;Alimentation;15.0;2.0;3.0;19.0;;=;39.0
030760;HS6;Escargots autres que de mer;Molluscs;;;;;;;;
0307601000;HS10;Vivants escargots autres que de mer;Vivants escargots autres que de mer;Alimentation;15.0;2.0;3.0;19.0;;=;39.0
0307602000;HS10;Frais ou réfrigérés escargots autres que de mer;Frais ou refrigeres escargots autres que de mer;Alimentation;15.0;2.0;3.0;19.0;;=;39.0
0307609000;HS10;Escargots autres que de mer - Autre;Molluscs - Other;Alimentation;15.0;2.0;3.0;19.0;;=;39.0
030771;HS6;Vivants;Molluscs;;;;;;;;
0307711000;HS10;Vivants;Molluscs;Alimentation;15.0;2.0;3.0;19.0;;=;39.0
0307712000;HS10;Vivants;Molluscs;Alimentation;15.0;2.0;3.0;19.0;;=;39.0
0307719000;HS10;Vivants - Autre;Molluscs - Other;Alimentation;15.0;2.0;3.0;19.0;;=;39.0
030772;HS6;Congelés;Molluscs;;;;;;;;
0307721000;HS10;Congelés;Molluscs;Alimentation;15.0;2.0;3.0;19.0;;=;39.0
0307722000;HS10;Congelés;Molluscs;Alimentation;15.0;2.0;3.0;19.0;;=;39.0
0307729000;HS10;Congelés - Autre;Molluscs - Other;Alimentation;15.0;2.0;3.0;19.0;;=;39.0
030779;HS6;Autres;Molluscs;;;;;;;;
0307791000;HS10;Autres;Molluscs;Alimentation;15.0;2.0;3.0;19.0;;=;39.0
0307792000;HS10;Autres;Molluscs;Alimentation;15.0;2.0;3.0;19.0;;=;39.0
0307799000;HS10;Autres - Autre;Molluscs - Other;Alimentation;15.0;2.0;3.0;19.0;;=;39.0
030781;HS6;Ormeaux (Haliotis spp.) vivants;Molluscs;;;;;;;;
0307811000;HS10;Vivants ormeaux;Vivants ormeaux;Alimentation;15.0;2.0;3.0;19.0;;=;39.0
0307812000;HS10;Frais ou réfrigérés ormeaux;Frais ou refrigeres ormeaux;Alimentation;15.0;2.0;3.0;19.0;;=;39.0
0307819000;HS10;Ormeaux (Haliotis spp.) vivants - Autre;Molluscs - Other;Alimentation;15.0;2.0;3.0;19.0;;=;39.0
030782;HS6;Strombes (Strombus spp.) vivants;Molluscs;;;;;;;;
0307821000;HS10;Vivants strombes;Vivants strombes;Alimentation;15.0;2.0;3.0;19.0;;=;39.0
0307822000;HS10;Frais ou réfrigérés strombes;Frais ou refrigeres strombes;Alimentation;15.0;2.0;3.0;19.0;;=;39.0
0307829000;HS10;Strombes (Strombus spp.) vivants - Autre;Molluscs - Other;Alimentation;15.0;2.0;3.0;19.0;;=;39.0
030783;HS6;Ormeaux (Haliotis spp.) Congelés;Molluscs;;;;;;;;
0307831000;HS10;Ormeaux (Haliotis spp.) Congelés;Molluscs;Alimentation;15.0;2.0;3.0;19.0;;=;39.0
0307832000;HS10;Ormeaux (Haliotis spp.) Congelés;Molluscs;Alimentation;15.0;2.0;3.0;19.0;;=;39.0
0307839000;HS10;Ormeaux (Haliotis spp.) Congelés - Autre;Molluscs - Other;Alimentation;15.0;2.0;3.0;19.0;;=;39.0
030784;HS6;Strombes (Strombus spp.) congelés;Molluscs;;;;;;;;
0307841000;HS10;Strombes (Strombus spp.) congelés;Molluscs;Alimentation;15.0;2.0;3.0;19.0;;=;39.0
0307842000;HS10;Strombes (Strombus spp.) congelés;Molluscs;Alimentation;15.0;2.0;3.0;19.0;;=;39.0
0307849000;HS10;Strombes (Strombus spp.) congelés - Autre;Molluscs - Other;Alimentation;15.0;2.0;3.0;19.0;;=;39.0
030787;HS6;Autres ormeaux (Haliotis spp.);Molluscs;;;;;;;;
0307871000;HS10;Fumes meme cuits avant ou pendant le fumage ormeaux;Fumes meme cuits avant ou pendant le fumage ormeaux;Alimentation;15.0;2.0;3.0;19.0;;=;39.0
0307872000;HS10;Séchés sales ou en saumure ormeaux;Seches sales ou en saumure ormeaux;Alimentation;15.0;2.0;3.0;19.0;;=;39.0
0307879000;HS10;Autres ormeaux (Haliotis spp.) - Autre;Molluscs - Other;Alimentation;15.0;2.0;3.0;19.0;;=;39.0
030788;HS6;Autres strombes (Strombus spp.);Molluscs;;;;;;;;
0307881000;HS10;Fumes meme cuits avant ou pendant le fumage strombes;Fumes meme cuits avant ou pendant le fumage strombes;Alimentation;15.0;2.0;3.0;19.0;;=;39.0
0307882000;HS10;Séchés sales ou en saumure strombes;Seches sales ou en saumure strombes;Alimentation;15.0;2.0;3.0;19.0;;=;39.0
0307889000;HS10;Autres strombes (Strombus spp.) - Autre;Molluscs - Other;Alimentation;15.0;2.0;3.0;19.0;;=;39.0
030791;HS6;Autres mollusques vivants;Other live molluscs;;;;;;;;
0307911000;HS10;Vivants autres mollusques;Vivants autres mollusques;Alimentation;15.0;2.0;3.0;19.0;;=;39.0
0307912000;HS10;Autres mollusques vivants;Other live molluscs;Alimentation;15.0;2.0;3.0;19.0;;=;39.0
0307919000;HS10;Autres mollusques vivants - Autre;Other live molluscs - Other;Alimentation;15.0;2.0;3.0;19.0;;=;39.0
030792;HS6;Congelés;Molluscs;;;;;;;;
0307921000;HS10;Congelés;Molluscs;Alimentation;15.0;2.0;3.0;19.0;;=;39.0
0307922000;HS10;Congelés;Molluscs;Alimentation;15.0;2.0;3.0;19.0;;=;39.0
0307929000;HS10;Congelés - Autre;Molluscs - Other;Alimentation;15.0;2.0;3.0;19.0;;=;39.0
030799;HS6;Autres;Molluscs;;;;;;;;
0307991000;HS10;Fumes meme cuits avant ou pendant le fumage autres mollusques;Fumes meme cuits avant ou pendant le fumage autres mollusques;Alimentation;15.0;2.0;3.0;19.0;;=;39.0
0307992000;HS10;Autres;Molluscs;Alimentation;15.0;2.0;3.0;19.0;;=;39.0
0307999000;HS10;Autres - Autre;Molluscs - Other;Alimentation;15.0;2.0;3.0;19.0;;=;39.0
0308;RANGEE 08;"Aquatic invertebrates other than crustaceans and molluscs, live, fresh, chilled, frozen, dried, salted or in brine; smoked aquatic invertebrates other than crustaceans and molluscs, whether or not cooked before or during the smoking process";;;;;;;;;
030811;HS6;Vivants;Aquatic invertebrates;;;;;;;;
0308111000;HS10;Vivantes beches de mer;Vivantes beches de mer;Alimentation;15.0;2.0;3.0;19.0;;=;39.0
0308112000;HS10;Fraiches ou refrigerees beches de mer;Fraiches ou refrigerees beches de mer;Alimentation;15.0;2.0;3.0;19.0;;=;39.0
0308119000;HS10;Vivants - Autre;Aquatic invertebrates - Other;Alimentation;15.0;2.0;3.0;19.0;;=;39.0
030812;HS6;Congelées;Aquatic invertebrates;;;;;;;;
0308121000;HS10;Congelées;Aquatic invertebrates;Alimentation;15.0;2.0;3.0;19.0;;=;39.0
0308122000;HS10;Congelées;Aquatic invertebrates;Alimentation;15.0;2.0;3.0;19.0;;=;39.0
0308129000;HS10;Congelées - Autre;Aquatic invertebrates - Other;Alimentation;15.0;2.0;3.0;19.0;;=;39.0
030819;HS6;Autres;Aquatic invertebrates;;;;;;;;
0308191000;HS10;Fumes meme cuits avant ou pendant le fumage beches de mer;Fumes meme cuits avant ou pendant le fumage beches de mer;Alimentation;15.0;2.0;3.0;19.0;;=;39.0
0308192000;HS10;Autres;Aquatic invertebrates;Alimentation;15.0;2.0;3.0;19.0;;=;39.0
0308199000;HS10;Autres - Autre;Aquatic invertebrates - Other;Alimentation;15.0;2.0;3.0;19.0;;=;39.0
030821;HS6;Vivants;Aquatic invertebrates;;;;;;;;
0308211000;HS10;Vivants oursins;Vivants oursins;Alimentation;15.0;2.0;3.0;19.0;;=;39.0
0308212000;HS10;Frais ou réfrigérés oursins;Frais ou refrigeres oursins;Alimentation;15.0;2.0;3.0;19.0;;=;39.0
0308219000;HS10;Vivants - Autre;Aquatic invertebrates - Other;Alimentation;15.0;2.0;3.0;19.0;;=;39.0
030822;HS6;Aquatic invertebrates;Aquatic invertebrates;;;;;;;;
0308221000;HS10;Aquatic invertebrates;Aquatic invertebrates;Alimentation;15.0;2.0;3.0;19.0;;=;39.0
0308222000;HS10;Aquatic invertebrates;Aquatic invertebrates;Alimentation;15.0;2.0;3.0;19.0;;=;39.0
0308229000;HS10;Aquatic invertebrates - Autre;Aquatic invertebrates - Other;Alimentation;15.0;2.0;3.0;19.0;;=;39.0
030829;HS6;Autres;Aquatic invertebrates;;;;;;;;
0308291000;HS10;Fumes meme cuits avant ou pendant le fumage oursins;Fumes meme cuits avant ou pendant le fumage oursins;Alimentation;15.0;2.0;3.0;19.0;;=;39.0
0308292000;HS10;Autres;Aquatic invertebrates;Alimentation;15.0;2.0;3.0;19.0;;=;39.0
0308299000;HS10;Autres - Autre;Aquatic invertebrates - Other;Alimentation;15.0;2.0;3.0;19.0;;=;39.0
030830;HS6;Méduses (Rhopilema spp.);Aquatic invertebrates;;;;;;;;
0308301000;HS10;Meduses rhopilema spp fumes meme cuits avant ou pendant le fumage;Meduses rhopilema spp fumes meme cuits avant ou pendant le fumage;Alimentation;15.0;2.0;3.0;19.0;;=;39.0
0308302000;HS10;Méduses (Rhopilema spp.);Aquatic invertebrates;Alimentation;15.0;2.0;3.0;19.0;;=;39.0
0308309000;HS10;Méduses (Rhopilema spp.) - Autre;Aquatic invertebrates - Other;Alimentation;15.0;2.0;3.0;19.0;;=;39.0
030890;HS6;Autres;Aquatic invertebrates;;;;;;;;
0308901000;HS10;Autres fumes meme cuits avant ou pendant le fumage;Autres fumes meme cuits avant ou pendant le fumage;Alimentation;15.0;2.0;3.0;19.0;;=;39.0
0308902000;HS10;Autres;Aquatic invertebrates;Alimentation;15.0;2.0;3.0;19.0;;=;39.0
0308909000;HS10;Autres - Autre;Aquatic invertebrates - Other;Alimentation;15.0;2.0;3.0;19.0;;=;39.0
0309;RANGEE 09;Flours, meals and pellets of fish, crustaceans, molluscs and other aquatic invertebrates, fit for human consumption;;;;;;;;;
030910;HS6;De poisson;Flours;;;;;;;;
0309101000;HS10;De poisson;Flours;Alimentation;15.0;2.0;3.0;19.0;;=;39.0
0309102000;HS10;De poisson;Flours;Alimentation;15.0;2.0;3.0;19.0;;=;39.0
0309109000;HS10;De poisson - Autre;Flours - Other;Alimentation;15.0;2.0;3.0;19.0;;=;39.0
030990;HS6;Autres :;Flours;;;;;;;;
0309901000;HS10;Farines poudres et pellets de crustaces comestibles;Farines poudres et pellets de crustaces comestibles;Alimentation;15.0;2.0;3.0;19.0;;=;39.0
0309902000;HS10;Farines poudres et pellets de mollusques comestibles;Farines poudres et pellets de mollusques comestibles;Alimentation;15.0;2.0;3.0;19.0;;=;39.0
0309909000;HS10;Autres : - Autre;Flours - Other;Alimentation;15.0;2.0;3.0;19.0;;=;39.0
CHAPITRE 04;CHAPITRE;Lait, oeufs, miel;;;;;;;;;
0401;RANGEE 01;"Milk and cream; not concentrated, not containing added sugar or other sweetening matter";;;;;;;;;
040110;HS6;Lait écrémé en poudre;Skimmed milk powder;;;;;;;;
0401101000;HS10;Lait écrémé en poudre - Production locale;Skimmed milk powder - Local production;Alimentation;30.0;2.0;3.0;9.0;;910 Déclaration d'Importation du Produit | 210 Autorisation de Libre Circulation | 902 Autorisation d'admission du produit | 216 Certificat Sanitaire Vétérinaire;44.0
0401109000;HS10;Lait écrémé en poudre - Importé;Skimmed milk powder - Imported;Alimentation;30.0;2.0;3.0;9.0;;=;44.0
040120;HS6;Lait entier en poudre;Whole milk powder;;;;;;;;
0401201000;HS10;Lait entier en poudre - Production locale;Whole milk powder - Local production;Alimentation;30.0;2.0;3.0;9.0;;=;44.0
0401209000;HS10;Lait entier en poudre - Importé;Whole milk powder - Imported;Alimentation;30.0;2.0;3.0;9.0;;=;44.0
040130;HS6;Lait concentré non sucré;Unsweetened concentrated milk;;;;;;;;
040130;HS6-DIRECT;Lait concentré non sucré;Unsweetened concentrated milk;Alimentation;30.0;2.0;3.0;9.0;;=;44.0
040140;HS6;Lait concentré sucré;Sweetened concentrated milk;;;;;;;;
040140;HS6-DIRECT;Lait concentré sucré;Sweetened concentrated milk;Alimentation;30.0;2.0;3.0;9.0;;=;44.0
040150;HS6;Lait et crème concentrés;Concentrated milk and cream;;;;;;;;
0401501000;HS10;Lait et crème concentrés;Concentrated milk and cream;Alimentation;30.0;2.0;3.0;9.0;;=;44.0
0401502000;HS10;Lait et crème concentrés;Concentrated milk and cream;Alimentation;30.0;2.0;3.0;9.0;;=;44.0
0401509000;HS10;Lait et crème concentrés - Autre;Concentrated milk and cream - Other;Alimentation;30.0;2.0;3.0;9.0;;=;44.0
0402;RANGEE 02;"Milk and cream; concentrated or containing added sugar or other sweetening matter";;;;;;;;;
040210;HS6;Lait en poudre teneur MG ≤1.5%;Milk powder fat content ≤1.5%;;;;;;;;
0402101000;HS10;Lait en poudre teneur MG ≤1.5% - Production locale;Milk powder fat content ≤1.5% - Local production;Alimentation;30.0;2.0;3.0;9.0;;=;44.0
0402109000;HS10;Lait en poudre teneur MG ≤1.5% - Importé;Milk powder fat content ≤1.5% - Imported;Alimentation;30.0;2.0;3.0;9.0;;=;44.0
040220;HS6;En poudre;En poudre;;;;;;;;
0402201000;HS10;En poudre;En poudre;Alimentation;30.0;2.0;3.0;19.0;;=;54.0
0402202000;HS10;En poudre;En poudre;Alimentation;30.0;2.0;3.0;19.0;;=;54.0
0402209000;HS10;En poudre - Autre;En poudre - Other;Alimentation;30.0;2.0;3.0;19.0;;=;54.0
040221;HS6;Lait en poudre sans sucre >1.5% MG;Milk powder unsweetened >1.5% fat;;;;;;;;
0402211000;HS10;Lait en poudre sans sucre >1.5% MG - Production locale;Milk powder unsweetened >1.5% fat - Local production;Alimentation;30.0;2.0;3.0;9.0;;=;44.0
0402219000;HS10;Lait en poudre sans sucre >1.5% MG - Importé;Milk powder unsweetened >1.5% fat - Imported;Alimentation;30.0;2.0;3.0;9.0;;=;44.0
040229;HS6;Lait en poudre sucré >1.5% MG;Milk powder sweetened >1.5% fat;;;;;;;;
0402291000;HS10;Lait en poudre sucré >1.5% MG - Production locale;Milk powder sweetened >1.5% fat - Local production;Alimentation;30.0;2.0;3.0;9.0;;=;44.0
0402299000;HS10;Lait en poudre sucré >1.5% MG - Importé;Milk powder sweetened >1.5% fat - Imported;Alimentation;30.0;2.0;3.0;9.0;;=;44.0
040291;HS6;Autres laits concentrés non sucrés;Other concentrated milk;;;;;;;;
0402911000;HS10;Autres laits concentrés non sucrés;Other concentrated milk;Alimentation;30.0;2.0;3.0;9.0;;=;44.0
0402912000;HS10;Autres sans addition de sucre ou dautres edulcorants lait sous forme pateux;Autres sans addition de sucre ou dautres edulcorants lait sous forme pateux;Alimentation;30.0;2.0;3.0;9.0;;=;44.0
0402919000;HS10;Autres laits concentrés non sucrés - Autre;Other concentrated milk - Other;Alimentation;30.0;2.0;3.0;9.0;;=;44.0
040299;HS6;Autres laits concentrés sucrés;Other concentrated milk;;;;;;;;
0402991000;HS10;Autres laits concentrés sucrés;Other concentrated milk;Alimentation;30.0;2.0;3.0;9.0;;=;44.0
0402992000;HS10;Autres autres lait sous forme pateux;Autres autres lait sous forme pateux;Alimentation;30.0;2.0;3.0;9.0;;=;44.0
0402999000;HS10;Autres laits concentrés sucrés - Autre;Other concentrated milk - Other;Alimentation;30.0;2.0;3.0;9.0;;=;44.0
0403;RANGEE 03;"Yogurt; buttermilk, curdled milk and cream, kephir and other fermented or acidified milk and cream, whether or not concentrated or containing added sugar or other sweetening matter or flavoured or containing added fruit, nuts or cocoa.";;;;;;;;;
040310;HS6;Yaourt;Yogurt;;;;;;;;
0403101000;HS10;Yaourt;Yogurt;Alimentation;30.0;2.0;3.0;19.0;;=;54.0
0403102000;HS10;Yaourt;Yogurt;Alimentation;30.0;2.0;3.0;19.0;;=;54.0
0403109000;HS10;Yaourt - Autre;Yogurt - Other;Alimentation;30.0;2.0;3.0;19.0;;=;54.0
040320;HS6;Yoghourt;Dairy produce;;;;;;;;
0403201000;HS10;Yoghourt;Dairy produce;Alimentation;30.0;2.0;3.0;19.0;;=;54.0
0403202000;HS10;Yoghourt;Dairy produce;Alimentation;30.0;2.0;3.0;19.0;;=;54.0
0403209000;HS10;Yoghourt - Autre;Dairy produce - Other;Alimentation;30.0;2.0;3.0;19.0;;=;54.0
040390;HS6;Babeurre, lait caillé;Buttermilk, curdled milk;;;;;;;;
040390;HS6-DIRECT;Babeurre, lait caillé;Buttermilk, curdled milk;Alimentation;30.0;2.0;3.0;19.0;;=;54.0
0404;RANGEE 04;"Whey and products consisting of natural milk constituents; whether or not containing added sugar or other sweetening matter, not elsewhere specified or included";;;;;;;;;
040410;HS6;Lactosérum;Whey;;;;;;;;
0404101000;HS10;Lactoserum modifie ou non meme concentré ou additionne de sucre ou dautres edulcorants destine pour lindustrie;Lactoserum modifie ou non meme concentre ou additionne de sucre ou dautres edulcorants destine pour lindustrie;Alimentation;30.0;2.0;3.0;19.0;;=;54.0
0404102000;HS10;Lactosérum;Whey;Alimentation;30.0;2.0;3.0;19.0;;=;54.0
0404109000;HS10;Lactosérum - Autre;Whey - Other;Alimentation;30.0;2.0;3.0;19.0;;=;54.0
040490;HS6;Produits lactés autres;Other dairy products;;;;;;;;
0404901000;HS10;Autres destine pour lindustrie;Autres destine pour lindustrie;Alimentation;30.0;2.0;3.0;19.0;;=;54.0
0404902000;HS10;Produits lactés autres;Other dairy products;Alimentation;30.0;2.0;3.0;19.0;;=;54.0
0404909000;HS10;Produits lactés autres - Autre;Other dairy products - Other;Alimentation;30.0;2.0;3.0;19.0;;=;54.0
0405;RANGEE 05;"Butter and other fats and oils derived from milk; dairy spreads";;;;;;;;;
040510;HS6;Beurre;Butter;;;;;;;;
0405101000;HS10;Beurre - Production locale;Butter - Local production;Alimentation;30.0;2.0;3.0;19.0;120.0;=;174.0
0405109000;HS10;Beurre - Importé;Butter - Imported;Alimentation;30.0;2.0;3.0;19.0;120.0;=;174.0
040520;HS6;Pâtes à tartiner laitières;Dairy spreads;;;;;;;;
040520;HS6-DIRECT;Pâtes à tartiner laitières;Dairy spreads;Alimentation;30.0;2.0;3.0;19.0;120.0;=;174.0
040590;HS6;Matières grasses du lait autres;Other milk fats;;;;;;;;
0405901000;HS10;Autres matieres grasses du lait anhydre;Autres matieres grasses du lait anhydre;Alimentation;30.0;2.0;3.0;19.0;120.0;=;174.0
0405902000;HS10;Matières grasses du lait autres;Other milk fats;Alimentation;30.0;2.0;3.0;19.0;120.0;=;174.0
0405909000;HS10;Matières grasses du lait autres - Autre;Other milk fats - Other;Alimentation;30.0;2.0;3.0;19.0;120.0;=;174.0
0406;RANGEE 06;Cheese and curd;;;;;;;;;
040610;HS6;Fromages frais non affinés;Fresh unripened cheese;;;;;;;;
0406101000;HS10;Fromages frais non affines y compris le fromage de lactoserum et caillebotte dune teneur en poids de matieres grasses inférieure ou egale a 85;Fromages frais non affines y compris le fromage de lactoserum et caillebotte dune teneur en poids de matieres grasses inferieure ou egale a 85;Alimentation;30.0;2.0;3.0;19.0;;=;54.0
0406102000;HS10;Fromages frais non affinés;Fresh unripened cheese;Alimentation;30.0;2.0;3.0;19.0;;=;54.0
0406109000;HS10;Fromages frais non affinés - Autre;Fresh unripened cheese - Other;Alimentation;30.0;2.0;3.0;19.0;;=;54.0
040620;HS6;Fromages râpés ou en poudre;Grated or powdered cheese;;;;;;;;
040620;HS6-DIRECT;Fromages râpés ou en poudre;Grated or powdered cheese;Alimentation;30.0;2.0;3.0;19.0;;=;54.0
040630;HS6;Fromages fondus;Processed cheese;;;;;;;;
0406301000;HS10;Fromages fondus;Processed cheese;Alimentation;30.0;2.0;3.0;19.0;;=;54.0
0406302000;HS10;Fromages fondus;Processed cheese;Alimentation;30.0;2.0;3.0;19.0;;=;54.0
0406309000;HS10;Fromages fondus - Autre;Processed cheese - Other;Alimentation;30.0;2.0;3.0;19.0;;=;54.0
040640;HS6;Fromages à pâte persillée;Blue-veined cheese;;;;;;;;
040640;HS6-DIRECT;Fromages à pâte persillée;Blue-veined cheese;Alimentation;30.0;2.0;3.0;19.0;;=;54.0
040690;HS6;Autres fromages;Other cheese;;;;;;;;
0406901000;HS10;Autres fromages;Other cheese;Alimentation;30.0;2.0;3.0;19.0;;=;54.0
0406902000;HS10;Autres fromages fromages de fonte pour la transformation;Autres fromages fromages de fonte pour la transformation;Alimentation;30.0;2.0;3.0;19.0;;=;54.0
0406909000;HS10;Autres fromages - Autre;Other cheese - Other;Alimentation;30.0;2.0;3.0;19.0;;=;54.0
0407;RANGEE 07;"Birds' eggs, in shell; fresh, preserved or cooked";;;;;;;;;
040700;HS6;Oeufs en coquille;Eggs in shell;;;;;;;;
0407000010;HS10;Oeufs en coquille - Usage spécifique;Eggs in shell - Specific use;Alimentation;30.0;2.0;3.0;19.0;;=;54.0
0407000090;HS10;Oeufs en coquille - Autre usage;Eggs in shell - Other use;Alimentation;30.0;2.0;3.0;19.0;;=;54.0
040711;HS6;De volaille de l'espèce Gallus domesticus;Birds' eggs;;;;;;;;
0407111000;HS10;De volaille de l'espèce Gallus domesticus;Birds' eggs;Alimentation;30.0;2.0;3.0;19.0;;=;54.0
0407112000;HS10;De volaille de l'espèce Gallus domesticus;Birds' eggs;Alimentation;30.0;2.0;3.0;19.0;;=;54.0
0407119000;HS10;De volaille de l'espèce Gallus domesticus - Autre;Birds' eggs - Other;Alimentation;30.0;2.0;3.0;19.0;;=;54.0
040719;HS6;Autres;Birds' eggs;;;;;;;;
0407191000;HS10;Oeufs fertilises destines a lincubation autres oeufs de gibier;Oeufs fertilises destines a lincubation autres oeufs de gibier;Alimentation;30.0;2.0;3.0;19.0;;=;54.0
0407192000;HS10;Autres;Birds' eggs;Alimentation;30.0;2.0;3.0;19.0;;=;54.0
0407199000;HS10;Autres - Autre;Birds' eggs - Other;Alimentation;30.0;2.0;3.0;19.0;;=;54.0
040721;HS6;De volailles de l'espèce Gallus domesticus;Birds' eggs;;;;;;;;
0407211000;HS10;De volailles de l'espèce Gallus domesticus;Birds' eggs;Alimentation;30.0;2.0;3.0;19.0;;=;54.0
0407212000;HS10;De volailles de l'espèce Gallus domesticus;Birds' eggs;Alimentation;30.0;2.0;3.0;19.0;;=;54.0
0407219000;HS10;De volailles de l'espèce Gallus domesticus - Autre;Birds' eggs - Other;Alimentation;30.0;2.0;3.0;19.0;;=;54.0
040729;HS6;Autres;Birds' eggs;;;;;;;;
0407291000;HS10;Autres oeufs frais autres oeufs de gibier;Autres oeufs frais autres oeufs de gibier;Alimentation;30.0;2.0;3.0;19.0;;=;54.0
0407292000;HS10;Autres;Birds' eggs;Alimentation;30.0;2.0;3.0;19.0;;=;54.0
0407299000;HS10;Autres - Autre;Birds' eggs - Other;Alimentation;30.0;2.0;3.0;19.0;;=;54.0
040790;HS6;Autres;Birds' eggs;;;;;;;;
0407901000;HS10;Autres oeufs de gibier;Autres oeufs de gibier;Alimentation;30.0;2.0;3.0;19.0;;=;54.0
0407902000;HS10;Autres;Birds' eggs;Alimentation;30.0;2.0;3.0;19.0;;=;54.0
0407909000;HS10;Autres - Autre;Birds' eggs - Other;Alimentation;30.0;2.0;3.0;19.0;;=;54.0
0408;RANGEE 08;"Birds' eggs, not in shell; egg yolks, fresh, dried, cooked by steaming or boiling in water, moulded, frozen or otherwise preserved, whether or not containing added sugar or other sweetening matter";;;;;;;;;
040811;HS6;Jaunes d'oeufs séchés;Dried egg yolks;;;;;;;;
040811;HS6-DIRECT;Jaunes d'oeufs séchés;Dried egg yolks;Alimentation;30.0;2.0;3.0;19.0;;=;54.0
040819;HS6;Jaunes d'oeufs autres;Other egg yolks;;;;;;;;
040819;HS6-DIRECT;Jaunes d'oeufs autres;Other egg yolks;Alimentation;30.0;2.0;3.0;19.0;;=;54.0
040891;HS6;Oeufs séchés sans coquille;Dried eggs, not in shell;;;;;;;;
040891;HS6-DIRECT;Oeufs séchés sans coquille;Dried eggs, not in shell;Alimentation;30.0;2.0;3.0;19.0;;=;54.0
040899;HS6;Oeufs autres;Other eggs;;;;;;;;
0408991000;HS10;Autres autres propres a des usages alimentaires;Autres autres propres a des usages alimentaires;Alimentation;30.0;2.0;3.0;19.0;;=;54.0
0408992000;HS10;Oeufs autres;Other eggs;Alimentation;30.0;2.0;3.0;19.0;;=;54.0
0408999000;HS10;Oeufs autres - Autre;Other eggs - Other;Alimentation;30.0;2.0;3.0;19.0;;=;54.0
0409;RANGEE 09;"Honey; natural";;;;;;;;;
040900;HS6;Miel naturel;Natural honey;;;;;;;;
0409001000;HS10;Conditionne pour la vente au detail;Conditionne pour la vente au detail;Alimentation;30.0;2.0;3.0;19.0;;=;54.0
0409002000;HS10;Miel naturel;Natural honey;Alimentation;30.0;2.0;3.0;19.0;;=;54.0
0409009000;HS10;Miel naturel - Autre;Natural honey - Other;Alimentation;30.0;2.0;3.0;19.0;;=;54.0
0410;RANGEE 10;"Animal products; insects and other edible products of animal origin, not elsewhere specified or included";;;;;;;;;
041010;HS6;Insectes;Animal products;;;;;;;;
0410101000;HS10;Insectes;Animal products;Alimentation;30.0;2.0;3.0;19.0;;=;54.0
0410102000;HS10;Insectes;Animal products;Alimentation;30.0;2.0;3.0;19.0;;=;54.0
0410109000;HS10;Insectes - Autre;Animal products - Other;Alimentation;30.0;2.0;3.0;19.0;;=;54.0
041090;HS6;Autres;Animal products;;;;;;;;
0410901000;HS10;Autres eufs de tortues;Autres eufs de tortues;Alimentation;30.0;2.0;3.0;19.0;;=;54.0
0410902000;HS10;Autres nids de salanganes;Autres nids de salanganes;Alimentation;30.0;2.0;3.0;19.0;;=;54.0
0410909000;HS10;Autres - Autre;Animal products - Other;Alimentation;30.0;2.0;3.0;19.0;;=;54.0
CHAPITRE 05;CHAPITRE;Autres produits d'origine animale;;;;;;;;;
0501;RANGEE 01;"Human hair; unworked, whether or not washed or scoured; waste of human hair";;;;;;;;;
050100;HS6;Cheveux bruts;déchets de cheveux;;;;;;;;
0501001000;HS10;Cheveux bruts meme laves ou degraisses;Cheveux bruts meme laves ou degraisses;Industrie;15.0;2.0;3.0;19.0;;910 Déclaration d'Importation du Produit | 210 Autorisation de Libre Circulation | 902 Autorisation d'admission du produit | 216 Certificat Sanitaire Vétérinaire;39.0
0501002000;HS10;Déchets de cheveux;Dechets de cheveux;Industrie;15.0;2.0;3.0;19.0;;=;39.0
0501009000;HS10;Cheveux bruts - Autre;déchets de cheveux - Other;Industrie;15.0;2.0;3.0;19.0;;=;39.0
0502;RANGEE 02;"Pigs', hogs' or boars' bristles and hair; and waste thereof";;;;;;;;;
050210;HS6;Soies de porc ou de sanglier et déchets de ces soies;Animal products;;;;;;;;
0502101000;HS10;Soies de porc ou de sanglier et déchets de ces soies;Animal products;Industrie;15.0;2.0;3.0;19.0;;=;39.0
0502102000;HS10;Soies de porc ou de sanglier et déchets de ces soies;Animal products;Industrie;15.0;2.0;3.0;19.0;;=;39.0
0502109000;HS10;Soies de porc ou de sanglier et déchets de ces soies - Autre;Animal products - Other;Industrie;15.0;2.0;3.0;19.0;;=;39.0
050290;HS6;Autres;Animal products;;;;;;;;
0502901000;HS10;Autres;Animal products;Industrie;15.0;2.0;3.0;19.0;;=;39.0
0502902000;HS10;Autres;Animal products;Industrie;15.0;2.0;3.0;19.0;;=;39.0
0502909000;HS10;Autres - Autre;Animal products - Other;Industrie;15.0;2.0;3.0;19.0;;=;39.0
0504;RANGEE 04;"Guts, bladders and stomachs of animals (other than fish); whole and pieces thereof, fresh, chilled, frozen, salted, in brine, dried or smoked";;;;;;;;;
050400;HS6;Boyaux, vessies, estomacs d'animaux;Guts, bladders, stomachs of animals;;;;;;;;
0504001000;HS10;Boyaux, vessies, estomacs d'animaux - Espèce 1;Guts, bladders, stomachs of animals - Species 1;Industrie;15.0;2.0;3.0;19.0;;=;39.0
0504002000;HS10;Boyaux, vessies, estomacs d'animaux - Espèce 2;Guts, bladders, stomachs of animals - Species 2;Industrie;15.0;2.0;3.0;19.0;;=;39.0
0504009000;HS10;Boyaux, vessies, estomacs d'animaux - Autre espèce;Guts, bladders, stomachs of animals - Other species;Industrie;15.0;2.0;3.0;19.0;;=;39.0
0505;RANGEE 05;"Skins and other parts of birds with feathers, down; feathers, down and parts thereof; not further worked than cleaned, disinfected, treated for preservation; powder, waste and parts of feathers";;;;;;;;;
050510;HS6;Plumes pour literie;Feathers for stuffing;;;;;;;;
050510;HS6-DIRECT;Plumes pour literie;Feathers for stuffing;Industrie;15.0;2.0;3.0;19.0;;=;39.0
050590;HS6;Autres plumes et duvet;Other feathers and down;;;;;;;;
0505901000;HS10;Autres peaux et autres partiesdoiseaux revetues de leurs plumes ou de leur duvet;Autres peaux et autres partiesdoiseaux revetues de leurs plumes ou de leur duvet;Industrie;15.0;2.0;3.0;19.0;;=;39.0
0505902000;HS10;Autres poudres et déchets de plumes ou de parties de plumes;Autres poudres et dechets de plumes ou de parties de plumes;Industrie;15.0;2.0;3.0;19.0;;=;39.0
0505909000;HS10;Autres plumes et duvet - Autre;Other feathers and down - Other;Industrie;15.0;2.0;3.0;19.0;;=;39.0
0506;RANGEE 06;"Bones and horn-cores, unworked, defatted, simply prepared (but not cut to shape), treated with acid or degelatinised; powder and waste of these products";;;;;;;;;
050610;HS6;Osséine et os traités à l'acide;Ossein and acid-treated bones;;;;;;;;
050610;HS6-DIRECT;Osséine et os traités à l'acide;Ossein and acid-treated bones;Industrie;15.0;2.0;3.0;19.0;;=;39.0
050690;HS6;Os et cornillons non travaillés;Unworked bones and horn-cores;;;;;;;;
050690;HS6-DIRECT;Os et cornillons non travaillés;Unworked bones and horn-cores;Industrie;15.0;2.0;3.0;19.0;;=;39.0
0507;RANGEE 07;"Ivory, tortoise-shell, whalebone and whalebone hair, horns, antlers, hooves, nails, claws and beaks unworked or simply prepared, not cut to shape; waste and powder of these products";;;;;;;;;
050710;HS6;Ivoire brut;Raw ivory;;;;;;;;
050710;HS6-DIRECT;Ivoire brut;Raw ivory;Industrie;15.0;2.0;3.0;19.0;;=;39.0
050790;HS6;Corne, bois de cervidés;Horn, antlers;;;;;;;;
0507901000;HS10;Autres ecaille de tortue;Autres ecaille de tortue;Industrie;15.0;2.0;3.0;19.0;;=;39.0
0507902000;HS10;Autres fanons y compris les barbes de baleine ou dautres mammiferes marins;Autres fanons y compris les barbes de baleine ou dautres mammiferes marins;Industrie;15.0;2.0;3.0;19.0;;=;39.0
0507909000;HS10;Corne, bois de cervidés - Autre;Horn, antlers - Other;Industrie;15.0;2.0;3.0;19.0;;=;39.0
0508;RANGEE 08;Coral and similar materials, unworked or simply prepared, shells of molluscs, crustaceans or echinoderms and cuttle-bone, not cut to shape powder and waste thereof;;;;;;;;;
050800;HS6;Corail et matières similaires;Coral and similar materials;;;;;;;;
050800;HS6-DIRECT;Corail et matières similaires;Coral and similar materials;Industrie;15.0;2.0;3.0;19.0;;=;39.0
0509;RANGEE 09;;;;;;;;;;
050900;HS6;Éponges naturelles;Natural sponges;;;;;;;;
0509001000;HS10;Éponges naturelles;Natural sponges;Industrie;15.0;2.0;3.0;19.0;;=;39.0
0509002000;HS10;Éponges naturelles;Natural sponges;Industrie;15.0;2.0;3.0;19.0;;=;39.0
0509009000;HS10;Éponges naturelles - Autre;Natural sponges - Other;Industrie;15.0;2.0;3.0;19.0;;=;39.0
0510;RANGEE 10;"Ambergris, castoreum, civet and musk; cantharides; bile, dried or not glands, other animal products used in preparation of pharmaceutical products, fresh chilled, frozen or otherwise provisionally preserved";;;;;;;;;
051000;HS6;Ambre gris, castoréum, civette;Ambergris, castoreum, civet;;;;;;;;
0510001000;HS10;Ambre gris, castoréum, civette;Ambergris, castoreum, civet;Industrie;15.0;2.0;3.0;19.0;;=;39.0
0510002000;HS10;Ambre gris, castoréum, civette;Ambergris, castoreum, civet;Industrie;15.0;2.0;3.0;19.0;;=;39.0
0510009000;HS10;Ambre gris, castoréum, civette - Autre;Ambergris, castoreum, civet - Other;Industrie;15.0;2.0;3.0;19.0;;=;39.0
0511;RANGEE 11;"Animal products not elsewhere specified or included; dead animals of chapter 1 or 3, unfit for human consumption";;;;;;;;;
051110;HS6;Sperme de bovins;Bovine semen;;;;;;;;
051110;HS6-DIRECT;Sperme de bovins;Bovine semen;Industrie;15.0;2.0;3.0;19.0;;=;39.0
051191;HS6;Produits de poissons (laitances);Fish products (roes);;;;;;;;
0511911000;HS10;Produits de poissons (laitances) - Espèce 1;Fish products (roes) - Species 1;Industrie;15.0;2.0;3.0;19.0;;=;39.0
0511912000;HS10;Produits de poissons (laitances) - Espèce 2;Fish products (roes) - Species 2;Industrie;15.0;2.0;3.0;19.0;;=;39.0
0511919000;HS10;Produits de poissons (laitances) - Autre espèce;Fish products (roes) - Other species;Industrie;15.0;2.0;3.0;19.0;;=;39.0
051199;HS6;Autres produits d'origine animale;Other products of animal origin;;;;;;;;
0511991000;HS10;Eponges naturelles dorigine animale sous forme brute;Eponges naturelles dorigine animale sous forme brute;Industrie;15.0;2.0;3.0;19.0;;=;39.0
0511992000;HS10;Autres produits d'origine animale;Other products of animal origin;Industrie;15.0;2.0;3.0;19.0;;=;39.0
0511999000;HS10;Autres produits d'origine animale - Autre;Other products of animal origin - Other;Industrie;15.0;2.0;3.0;19.0;;=;39.0
SECTION II;SECTION;Produits du règne végétal;Vegetable products;;;;;;;;
CHAPITRE 06;CHAPITRE;Plantes vivantes et fleurs;;;;;;;;;
0601;RANGEE 01;"Bulbs, tubers, tuberous roots, corms, crowns and rhizomes; dormant, in growth or in flower; chicory plants and roots other than roots of heading no. 1212";;;;;;;;;
060110;HS6;Bulbes, oignons, tubercules en repos;Bulbs, tubers in dormant state;;;;;;;;
0601101000;HS10;Bulbes, oignons, tubercules en repos - Espèce 1;Bulbs, tubers in dormant state - Species 1;Agriculture;15.0;2.0;3.0;19.0;;910 Déclaration d'Importation du Produit | 210 Autorisation de Libre Circulation | 902 Autorisation d'admission du produit | 215 Certificat Phytosanitaire du Pays d'Origine;39.0
0601102000;HS10;Bulbes, oignons, tubercules en repos - Espèce 2;Bulbs, tubers in dormant state - Species 2;Agriculture;15.0;2.0;3.0;19.0;;=;39.0
0601109000;HS10;Bulbes, oignons, tubercules en repos - Autre espèce;Bulbs, tubers in dormant state - Other species;Agriculture;15.0;2.0;3.0;19.0;;=;39.0
060120;HS6;Bulbes, oignons en végétation;Bulbs, tubers in growth;;;;;;;;
0601201000;HS10;Bulbes, oignons en végétation - Espèce 1;Bulbs, tubers in growth - Species 1;Agriculture;15.0;2.0;3.0;19.0;;=;39.0
0601202000;HS10;Bulbes, oignons en végétation - Espèce 2;Bulbs, tubers in growth - Species 2;Agriculture;15.0;2.0;3.0;19.0;;=;39.0
0601209000;HS10;Bulbes, oignons en végétation - Autre espèce;Bulbs, tubers in growth - Other species;Agriculture;15.0;2.0;3.0;19.0;;=;39.0
0602;RANGEE 02;"Plants, live; n.e.c. in heading no. 0601, (including their roots) cuttings and slips; mushroom spawn";;;;;;;;;
060210;HS6;Boutures non racinées, greffons;Unrooted cuttings, slips;;;;;;;;
0602101000;HS10;Boutures non racinées, greffons - Espèce 1;Unrooted cuttings, slips - Species 1;Agriculture;15.0;2.0;3.0;19.0;;=;39.0
0602102000;HS10;Boutures non racinées, greffons - Espèce 2;Unrooted cuttings, slips - Species 2;Agriculture;15.0;2.0;3.0;19.0;;=;39.0
0602109000;HS10;Boutures non racinées, greffons - Autre espèce;Unrooted cuttings, slips - Other species;Agriculture;15.0;2.0;3.0;19.0;;=;39.0
060220;HS6;Arbres et arbustes fruitiers;Fruit trees and shrubs;;;;;;;;
0602201000;HS10;Arbres et arbustes fruitiers - Espèce 1;Fruit trees and shrubs - Species 1;Agriculture;15.0;2.0;3.0;19.0;;=;39.0
0602202000;HS10;Arbres et arbustes fruitiers - Espèce 2;Fruit trees and shrubs - Species 2;Agriculture;15.0;2.0;3.0;19.0;;=;39.0
0602209000;HS10;Arbres et arbustes fruitiers - Autre espèce;Fruit trees and shrubs - Other species;Agriculture;15.0;2.0;3.0;19.0;;=;39.0
060230;HS6;Rhododendrons et azalées;Rhododendrons and azaleas;;;;;;;;
060230;HS6-DIRECT;Rhododendrons et azalées;Rhododendrons and azaleas;Agriculture;15.0;2.0;3.0;19.0;;=;39.0
060240;HS6;Rosiers greffés ou non;Roses, grafted or not;;;;;;;;
0602401000;HS10;Rosiers greffes ou non fleuris ou en boutons;Rosiers greffes ou non fleuris ou en boutons;Agriculture;15.0;2.0;3.0;19.0;;=;39.0
0602402000;HS10;Rosiers greffés ou non;Roses, grafted or not;Agriculture;15.0;2.0;3.0;19.0;;=;39.0
0602409000;HS10;Rosiers greffés ou non - Autre;Roses, grafted or not - Other;Agriculture;15.0;2.0;3.0;19.0;;=;39.0
060290;HS6;Autres plantes vivantes;Other live plants;;;;;;;;
0602901000;HS10;Autres plantes vivantes - Espèce 1;Other live plants - Species 1;Agriculture;15.0;2.0;3.0;19.0;;=;39.0
0602902000;HS10;Autres plantes vivantes - Espèce 2;Other live plants - Species 2;Agriculture;15.0;2.0;3.0;19.0;;=;39.0
0602909000;HS10;Autres plantes vivantes - Autre espèce;Other live plants - Other species;Agriculture;15.0;2.0;3.0;19.0;;=;39.0
0603;RANGEE 03;"Flowers; cut flowers and flower buds of a kind suitable for bouquets or for ornamental purposes, fresh, dried, dyed, bleached, impregnated or otherwise prepared";;;;;;;;;
060311;HS6;Roses;Flowers;;;;;;;;
0603111000;HS10;Roses;Flowers;Agriculture;15.0;2.0;3.0;19.0;;=;39.0
0603112000;HS10;Roses;Flowers;Agriculture;15.0;2.0;3.0;19.0;;=;39.0
0603119000;HS10;Roses - Autre;Flowers - Other;Agriculture;15.0;2.0;3.0;19.0;;=;39.0
060312;HS6;Oeillets frais;Fresh carnations;;;;;;;;
0603121000;HS10;Oeillets frais - Grade 1 / Premium;Fresh carnations - Grade 1 / Premium;Agriculture;15.0;2.0;3.0;19.0;;=;39.0
0603122000;HS10;Oeillets frais - Grade 2 / Standard;Fresh carnations - Grade 2 / Standard;Agriculture;15.0;2.0;3.0;19.0;;=;39.0
0603129000;HS10;Oeillets frais - Autre;Fresh carnations - Other;Agriculture;15.0;2.0;3.0;19.0;;=;39.0
060313;HS6;Orchidées fraîches;Fresh orchids;;;;;;;;
0603131000;HS10;Orchidées fraîches - Grade 1 / Premium;Fresh orchids - Grade 1 / Premium;Agriculture;15.0;2.0;3.0;19.0;;=;39.0
0603132000;HS10;Orchidées fraîches - Grade 2 / Standard;Fresh orchids - Grade 2 / Standard;Agriculture;15.0;2.0;3.0;19.0;;=;39.0
0603139000;HS10;Orchidées fraîches - Autre;Fresh orchids - Other;Agriculture;15.0;2.0;3.0;19.0;;=;39.0
060314;HS6;Chrysanthèmes frais;Fresh chrysanthemums;;;;;;;;
0603141000;HS10;Chrysanthèmes frais - Grade 1 / Premium;Fresh chrysanthemums - Grade 1 / Premium;Agriculture;15.0;2.0;3.0;19.0;;=;39.0
0603142000;HS10;Chrysanthèmes frais - Grade 2 / Standard;Fresh chrysanthemums - Grade 2 / Standard;Agriculture;15.0;2.0;3.0;19.0;;=;39.0
0603149000;HS10;Chrysanthèmes frais - Autre;Fresh chrysanthemums - Other;Agriculture;15.0;2.0;3.0;19.0;;=;39.0
060315;HS6;Lis frais;Fresh lilies;;;;;;;;
0603151000;HS10;Lis frais - Grade 1 / Premium;Fresh lilies - Grade 1 / Premium;Agriculture;15.0;2.0;3.0;19.0;;=;39.0
0603152000;HS10;Lis frais - Grade 2 / Standard;Fresh lilies - Grade 2 / Standard;Agriculture;15.0;2.0;3.0;19.0;;=;39.0
0603159000;HS10;Lis frais - Autre;Fresh lilies - Other;Agriculture;15.0;2.0;3.0;19.0;;=;39.0
060319;HS6;Autres fleurs coupées fraîches;Other fresh cut flowers;;;;;;;;
0603191000;HS10;Autres fleurs coupées fraîches - Espèce 1;Other fresh cut flowers - Species 1;Agriculture;15.0;2.0;3.0;19.0;;=;39.0
0603192000;HS10;Autres fleurs coupées fraîches - Espèce 2;Other fresh cut flowers - Species 2;Agriculture;15.0;2.0;3.0;19.0;;=;39.0
0603199000;HS10;Autres fleurs coupées fraîches - Autre espèce;Other fresh cut flowers - Other species;Agriculture;15.0;2.0;3.0;19.0;;=;39.0
060390;HS6;Fleurs coupées séchées;Dried cut flowers;;;;;;;;
0603901000;HS10;Fleurs coupées séchées - Espèce 1;Dried cut flowers - Species 1;Agriculture;15.0;2.0;3.0;19.0;;=;39.0
0603902000;HS10;Fleurs coupées séchées - Espèce 2;Dried cut flowers - Species 2;Agriculture;15.0;2.0;3.0;19.0;;=;39.0
0603909000;HS10;Fleurs coupées séchées - Autre espèce;Dried cut flowers - Other species;Agriculture;15.0;2.0;3.0;19.0;;=;39.0
0604;RANGEE 04;"Foliage, branches and other parts of plants, without flowers or flower buds, and grasses, mosses and lichens; suitable for bouquets or for ornamental purposes, fresh, dried, dyed, bleached, impregnated etc.";;;;;;;;;
060410;HS6;Mousses et lichens;Mosses and lichens;;;;;;;;
060410;HS6-DIRECT;Mousses et lichens;Mosses and lichens;Agriculture;15.0;2.0;3.0;19.0;;=;39.0
060420;HS6;Feuillages frais;Fresh foliage;;;;;;;;
0604201000;HS10;Feuillages frais - Espèce 1;Fresh foliage - Species 1;Agriculture;15.0;2.0;3.0;19.0;;=;39.0
0604202000;HS10;Feuillages frais - Espèce 2;Fresh foliage - Species 2;Agriculture;15.0;2.0;3.0;19.0;;=;39.0
0604209000;HS10;Feuillages frais - Autre espèce;Fresh foliage - Other species;Agriculture;15.0;2.0;3.0;19.0;;=;39.0
060490;HS6;Feuillages, branches séchés;Dried foliage, branches;;;;;;;;
0604901000;HS10;Mousses et lichens non frais;Mousses et lichens non frais;Agriculture;15.0;2.0;3.0;19.0;;=;39.0
0604902000;HS10;Feuillages dasparagus setaceus non frais;Feuillages dasparagus setaceus non frais;Agriculture;15.0;2.0;3.0;19.0;;=;39.0
0604909000;HS10;Feuillages, branches séchés - Autre;Dried foliage, branches - Other;Agriculture;15.0;2.0;3.0;19.0;;=;39.0
CHAPITRE 07;CHAPITRE;Légumes, plantes, racines;;;;;;;;;
0701;RANGEE 01;"Potatoes; fresh or chilled";;;;;;;;;
070110;HS6;Pommes de terre de semence;Seed potatoes;;;;;;;;
0701101000;HS10;Pommes de terre de semence - Variété 1;Seed potatoes - Variety 1;Alimentation;30.0;2.0;3.0;19.0;70.0;910 Déclaration d'Importation du Produit | 210 Autorisation de Libre Circulation | 902 Autorisation d'admission du produit | 215 Certificat Phytosanitaire du Pays d'Origine;124.0
0701102000;HS10;Pommes de terre de semence - Variété 2;Seed potatoes - Variety 2;Alimentation;30.0;2.0;3.0;19.0;70.0;=;124.0
0701109000;HS10;Pommes de terre de semence - Autre;Seed potatoes - Other;Alimentation;30.0;2.0;3.0;19.0;70.0;=;124.0
070190;HS6;Pommes de terre autres;Other potatoes;;;;;;;;
0701901000;HS10;Pommes de terre autres - Variété 1;Other potatoes - Variety 1;Alimentation;30.0;2.0;3.0;19.0;70.0;=;124.0
0701902000;HS10;Pommes de terre autres - Variété 2;Other potatoes - Variety 2;Alimentation;30.0;2.0;3.0;19.0;70.0;=;124.0
0701909000;HS10;Pommes de terre autres - Autre;Other potatoes - Other;Alimentation;30.0;2.0;3.0;19.0;70.0;=;124.0
0702;RANGEE 02;"Tomatoes; fresh or chilled";;;;;;;;;
070200;HS6;Tomates fraîches ou réfrigérées;Fresh or chilled tomatoes;;;;;;;;
0702001000;HS10;Tomates a letat frais ou refrigere destinees pour la transformation;Tomates a letat frais ou refrigere destinees pour la transformation;Alimentation;30.0;2.0;3.0;19.0;70.0;=;124.0
0702002000;HS10;Tomates fraîches ou réfrigérées;Fresh or chilled tomatoes;Alimentation;30.0;2.0;3.0;19.0;70.0;=;124.0
0702009000;HS10;Tomates fraîches ou réfrigérées - Autre;Fresh or chilled tomatoes - Other;Alimentation;30.0;2.0;3.0;19.0;70.0;=;124.0
0703;RANGEE 03;"Onions, shallots, garlic, leeks and other alliaceous vegetables; fresh or chilled";;;;;;;;;
070310;HS6;Oignons et échalotes;Onions and shallots;;;;;;;;
0703101000;HS10;Oignons et echalotes de semence a letat frais ou refrigere;Oignons et echalotes de semence a letat frais ou refrigere;Alimentation;30.0;2.0;3.0;19.0;70.0;=;124.0
0703102000;HS10;Oignons et échalotes;Onions and shallots;Alimentation;30.0;2.0;3.0;19.0;70.0;=;124.0
0703109000;HS10;Oignons et échalotes - Autre;Onions and shallots - Other;Alimentation;30.0;2.0;3.0;19.0;70.0;=;124.0
070320;HS6;Ail;Garlic;;;;;;;;
0703201000;HS10;Ail - Variété 1;Garlic - Variety 1;Alimentation;30.0;2.0;3.0;19.0;70.0;=;124.0
0703202000;HS10;Ail - Variété 2;Garlic - Variety 2;Alimentation;30.0;2.0;3.0;19.0;70.0;=;124.0
0703209000;HS10;Ail - Autre;Garlic - Other;Alimentation;30.0;2.0;3.0;19.0;70.0;=;124.0
070390;HS6;Poireaux et autres alliacées;Leeks and other alliaceous vegetables;;;;;;;;
0703901000;HS10;Poireaux et autres alliacées - Espèce 1;Leeks and other alliaceous vegetables - Species 1;Alimentation;30.0;2.0;3.0;19.0;70.0;=;124.0
0703902000;HS10;Poireaux et autres alliacées - Espèce 2;Leeks and other alliaceous vegetables - Species 2;Alimentation;30.0;2.0;3.0;19.0;70.0;=;124.0
0703909000;HS10;Poireaux et autres alliacées - Autre espèce;Leeks and other alliaceous vegetables - Other species;Alimentation;30.0;2.0;3.0;19.0;70.0;=;124.0
0704;RANGEE 04;"Cabbages, cauliflowers, kohlrabi, kale and similar edible brassicas; fresh or chilled";;;;;;;;;
070410;HS6;Choux-fleurs et brocolis;Cauliflowers and broccoli;;;;;;;;
070410;HS6-DIRECT;Choux-fleurs et brocolis;Cauliflowers and broccoli;Alimentation;30.0;2.0;3.0;19.0;70.0;=;124.0
070420;HS6;Choux de Bruxelles;Brussels sprouts;;;;;;;;
0704201000;HS10;Choux de Bruxelles;Brussels sprouts;Alimentation;30.0;2.0;3.0;19.0;70.0;=;124.0
0704202000;HS10;Choux de Bruxelles;Brussels sprouts;Alimentation;30.0;2.0;3.0;19.0;70.0;=;124.0
0704209000;HS10;Choux de Bruxelles - Autre;Brussels sprouts - Other;Alimentation;30.0;2.0;3.0;19.0;70.0;=;124.0
070490;HS6;Autres choux;Other cabbages;;;;;;;;
0704901000;HS10;Autres choux - Variété 1;Other cabbages - Variety 1;Alimentation;30.0;2.0;3.0;19.0;70.0;=;124.0
0704902000;HS10;Autres choux - Variété 2;Other cabbages - Variety 2;Alimentation;30.0;2.0;3.0;19.0;70.0;=;124.0
0704909000;HS10;Autres choux - Autre;Other cabbages - Other;Alimentation;30.0;2.0;3.0;19.0;70.0;=;124.0
0705;RANGEE 05;Lettuce (lactuca sativa) and chicory (cichorium spp.) fresh or chilled;;;;;;;;;
070511;HS6;Laitues pommées;Head lettuce;;;;;;;;
0705111000;HS10;Laitues pommées;Head lettuce;Alimentation;30.0;2.0;3.0;19.0;70.0;=;124.0
0705112000;HS10;Laitues pommées;Head lettuce;Alimentation;30.0;2.0;3.0;19.0;70.0;=;124.0
0705119000;HS10;Laitues pommées - Autre;Head lettuce - Other;Alimentation;30.0;2.0;3.0;19.0;70.0;=;124.0
070519;HS6;Autres laitues;Other lettuce;;;;;;;;
0705191000;HS10;Autres laitues;Other lettuce;Alimentation;30.0;2.0;3.0;19.0;70.0;=;124.0
0705192000;HS10;Autres laitues;Other lettuce;Alimentation;30.0;2.0;3.0;19.0;70.0;=;124.0
0705199000;HS10;Autres laitues - Autre;Other lettuce - Other;Alimentation;30.0;2.0;3.0;19.0;70.0;=;124.0
070521;HS6;Chicorées witloof;Witloof chicory;;;;;;;;
0705211000;HS10;Chicorées witloof;Witloof chicory;Alimentation;30.0;2.0;3.0;19.0;70.0;=;124.0
0705212000;HS10;Chicorées witloof;Witloof chicory;Alimentation;30.0;2.0;3.0;19.0;70.0;=;124.0
0705219000;HS10;Chicorées witloof - Autre;Witloof chicory - Other;Alimentation;30.0;2.0;3.0;19.0;70.0;=;124.0
070529;HS6;Autres chicorées;Other chicory;;;;;;;;
0705291000;HS10;Chicorees scaroles cichorium endivia var latifolia a letat frais ou refrigere;Chicorees scaroles cichorium endivia var latifolia a letat frais ou refrigere;Alimentation;30.0;2.0;3.0;19.0;70.0;=;124.0
0705292000;HS10;Chicorees frisees cichorium endivia var crispa a letat frais ou refrigere;Chicorees frisees cichorium endivia var crispa a letat frais ou refrigere;Alimentation;30.0;2.0;3.0;19.0;70.0;=;124.0
0705299000;HS10;Autres chicorées - Autre;Other chicory - Other;Alimentation;30.0;2.0;3.0;19.0;70.0;=;124.0
0706;RANGEE 06;"Carrots, turnips, salad beetroot, salsify, celeriac, radishes and similar edible roots; fresh or chilled";;;;;;;;;
070610;HS6;Carottes et navets;Carrots and turnips;;;;;;;;
0706101000;HS10;Carottes et navets - Variété 1;Carrots and turnips - Variety 1;Alimentation;30.0;2.0;3.0;19.0;70.0;=;124.0
0706102000;HS10;Carottes et navets - Variété 2;Carrots and turnips - Variety 2;Alimentation;30.0;2.0;3.0;19.0;70.0;=;124.0
0706109000;HS10;Carottes et navets - Autre;Carrots and turnips - Other;Alimentation;30.0;2.0;3.0;19.0;70.0;=;124.0
070690;HS6;Autres racines comestibles;Other edible roots;;;;;;;;
0706901000;HS10;Betteraves a salades a letat frais ou refrigere;Betteraves a salades a letat frais ou refrigere;Alimentation;30.0;2.0;3.0;19.0;70.0;=;124.0
0706902000;HS10;Celeris raves a letat frais ou refrigere;Celeris raves a letat frais ou refrigere;Alimentation;30.0;2.0;3.0;19.0;70.0;=;124.0
0706909000;HS10;Autres racines comestibles - Autre;Other edible roots - Other;Alimentation;30.0;2.0;3.0;19.0;70.0;=;124.0
0707;RANGEE 07;"Cucumbers and gherkins; fresh or chilled";;;;;;;;;
070700;HS6;Concombres et cornichons;Cucumbers and gherkins;;;;;;;;
0707001000;HS10;Concombres;Concombres;Alimentation;30.0;2.0;3.0;19.0;70.0;=;124.0
0707002000;HS10;Cornichons;Cornichons;Alimentation;30.0;2.0;3.0;19.0;70.0;=;124.0
0707009000;HS10;Concombres et cornichons - Autre;Cucumbers and gherkins - Other;Alimentation;30.0;2.0;3.0;19.0;70.0;=;124.0
0708;RANGEE 08;"Leguminous vegetables; shelled or unshelled, fresh or chilled";;;;;;;;;
070810;HS6;Pois (frais ou réfrigérés);Peas (fresh or chilled);;;;;;;;
0708101000;HS10;Pois (frais ou réfrigérés) - Variété 1;Peas (fresh or chilled) - Variety 1;Alimentation;30.0;2.0;3.0;19.0;70.0;=;124.0
0708102000;HS10;Pois (frais ou réfrigérés) - Variété 2;Peas (fresh or chilled) - Variety 2;Alimentation;30.0;2.0;3.0;19.0;70.0;=;124.0
0708109000;HS10;Pois (frais ou réfrigérés) - Autre;Peas (fresh or chilled) - Other;Alimentation;30.0;2.0;3.0;19.0;70.0;=;124.0
070820;HS6;Haricots (frais ou réfrigérés);Beans (fresh or chilled);;;;;;;;
0708201000;HS10;Haricots (frais ou réfrigérés) - Variété 1;Beans (fresh or chilled) - Variety 1;Alimentation;30.0;2.0;3.0;19.0;70.0;=;124.0
0708202000;HS10;Haricots (frais ou réfrigérés) - Variété 2;Beans (fresh or chilled) - Variety 2;Alimentation;30.0;2.0;3.0;19.0;70.0;=;124.0
0708209000;HS10;Haricots (frais ou réfrigérés) - Autre;Beans (fresh or chilled) - Other;Alimentation;30.0;2.0;3.0;19.0;70.0;=;124.0
070890;HS6;Autres légumineuses fraîches;Other fresh leguminous;;;;;;;;
0708901000;HS10;Autres légumineuses fraîches;Other fresh leguminous;Alimentation;30.0;2.0;3.0;19.0;70.0;=;124.0
0708902000;HS10;Autres légumes a cosse pois chiches;Autres legumes a cosse pois chiches;Alimentation;30.0;2.0;3.0;19.0;70.0;=;124.0
0708909000;HS10;Autres légumineuses fraîches - Autre;Other fresh leguminous - Other;Alimentation;30.0;2.0;3.0;19.0;70.0;=;124.0
0709;RANGEE 09;"Vegetables; n.e.c. in chapter 07, fresh or chilled";;;;;;;;;
070920;HS6;Asperges fraîches;Fresh asparagus;;;;;;;;
0709201000;HS10;Asperges fraîches;Fresh asparagus;Alimentation;30.0;2.0;3.0;19.0;70.0;=;124.0
0709202000;HS10;Asperges fraîches;Fresh asparagus;Alimentation;30.0;2.0;3.0;19.0;70.0;=;124.0
0709209000;HS10;Asperges fraîches - Autre;Fresh asparagus - Other;Alimentation;30.0;2.0;3.0;19.0;70.0;=;124.0
070930;HS6;Aubergines;Eggplants (aubergines);;;;;;;;
0709301000;HS10;Aubergines - Variété 1;Eggplants (aubergines) - Variety 1;Alimentation;30.0;2.0;3.0;19.0;70.0;=;124.0
0709302000;HS10;Aubergines - Variété 2;Eggplants (aubergines) - Variety 2;Alimentation;30.0;2.0;3.0;19.0;70.0;=;124.0
0709309000;HS10;Aubergines - Autre;Eggplants (aubergines) - Other;Alimentation;30.0;2.0;3.0;19.0;70.0;=;124.0
070940;HS6;Céleris frais;Fresh celery;;;;;;;;
0709401000;HS10;Céleris frais;Fresh celery;Alimentation;30.0;2.0;3.0;19.0;70.0;=;124.0
0709402000;HS10;Céleris frais;Fresh celery;Alimentation;30.0;2.0;3.0;19.0;70.0;=;124.0
0709409000;HS10;Céleris frais - Autre;Fresh celery - Other;Alimentation;30.0;2.0;3.0;19.0;70.0;=;124.0
070951;HS6;Champignons frais;Fresh mushrooms;;;;;;;;
0709511000;HS10;Champignons frais - Espèce 1;Fresh mushrooms - Species 1;Alimentation;30.0;2.0;3.0;19.0;70.0;=;124.0
0709512000;HS10;Champignons frais - Espèce 2;Fresh mushrooms - Species 2;Alimentation;30.0;2.0;3.0;19.0;70.0;=;124.0
0709519000;HS10;Champignons frais - Autre espèce;Fresh mushrooms - Other species;Alimentation;30.0;2.0;3.0;19.0;70.0;=;124.0
070952;HS6;Champignons du genre Boletus;Vegetables;;;;;;;;
0709521000;HS10;Champignons du genre Boletus;Vegetables;Alimentation;30.0;2.0;3.0;19.0;70.0;=;124.0
0709522000;HS10;Champignons du genre Boletus;Vegetables;Alimentation;30.0;2.0;3.0;19.0;70.0;=;124.0
0709529000;HS10;Champignons du genre Boletus - Autre;Vegetables - Other;Alimentation;30.0;2.0;3.0;19.0;70.0;=;124.0
070953;HS6;Champignons du genre Cantharellus;Vegetables;;;;;;;;
0709531000;HS10;Champignons du genre Cantharellus;Vegetables;Alimentation;15.0;2.0;3.0;19.0;;=;39.0
0709532000;HS10;Champignons du genre Cantharellus;Vegetables;Alimentation;15.0;2.0;3.0;19.0;;=;39.0
0709539000;HS10;Champignons du genre Cantharellus - Autre;Vegetables - Other;Alimentation;15.0;2.0;3.0;19.0;;=;39.0
070954;HS6;Champignons du genre Shiitake (Lentinus edodes);Vegetables;;;;;;;;
0709541000;HS10;Champignons du genre Shiitake (Lentinus edodes);Vegetables;Alimentation;15.0;2.0;3.0;19.0;;=;39.0
0709542000;HS10;Champignons du genre Shiitake (Lentinus edodes);Vegetables;Alimentation;15.0;2.0;3.0;19.0;;=;39.0
0709549000;HS10;Champignons du genre Shiitake (Lentinus edodes) - Autre;Vegetables - Other;Alimentation;15.0;2.0;3.0;19.0;;=;39.0
070955;HS6;Champignons du genre Matsutake (Tricholoma matsutake;Vegetables;;;;;;;;
0709551000;HS10;Champignons du genre Matsutake (Tricholoma matsutake;Vegetables;Alimentation;15.0;2.0;3.0;19.0;;=;39.0
0709552000;HS10;Champignons du genre Matsutake (Tricholoma matsutake;Vegetables;Alimentation;15.0;2.0;3.0;19.0;;=;39.0
0709559000;HS10;Champignons du genre Matsutake (Tricholoma matsutake - Autre;Vegetables - Other;Alimentation;15.0;2.0;3.0;19.0;;=;39.0
070956;HS6;Truffes (Tuber spp.);Vegetables;;;;;;;;
0709561000;HS10;Truffes (Tuber spp.);Vegetables;Alimentation;15.0;2.0;3.0;19.0;;=;39.0
0709562000;HS10;Truffes (Tuber spp.);Vegetables;Alimentation;15.0;2.0;3.0;19.0;;=;39.0
0709569000;HS10;Truffes (Tuber spp.) - Autre;Vegetables - Other;Alimentation;15.0;2.0;3.0;19.0;;=;39.0
070959;HS6;Autres champignons frais;Other fresh mushrooms;;;;;;;;
0709591000;HS10;Autres champignons frais;Other fresh mushrooms;Alimentation;30.0;2.0;3.0;19.0;70.0;=;124.0
0709592000;HS10;Autres champignons frais;Other fresh mushrooms;Alimentation;30.0;2.0;3.0;19.0;70.0;=;124.0
0709599000;HS10;Autres champignons frais - Autre;Other fresh mushrooms - Other;Alimentation;30.0;2.0;3.0;19.0;70.0;=;124.0
070960;HS6;Piments doux ou poivrons;Sweet peppers;;;;;;;;
0709601000;HS10;Piments doux ou poivrons - Variété 1;Sweet peppers - Variety 1;Alimentation;30.0;2.0;3.0;19.0;70.0;=;124.0
0709602000;HS10;Piments doux ou poivrons - Variété 2;Sweet peppers - Variety 2;Alimentation;30.0;2.0;3.0;19.0;70.0;=;124.0
0709609000;HS10;Piments doux ou poivrons - Autre;Sweet peppers - Other;Alimentation;30.0;2.0;3.0;19.0;70.0;=;124.0
070970;HS6;Épinards frais;Fresh spinach;;;;;;;;
0709701000;HS10;Épinards frais;Fresh spinach;Alimentation;30.0;2.0;3.0;19.0;70.0;=;124.0
0709702000;HS10;Épinards frais;Fresh spinach;Alimentation;30.0;2.0;3.0;19.0;70.0;=;124.0
0709709000;HS10;Épinards frais - Autre;Fresh spinach - Other;Alimentation;30.0;2.0;3.0;19.0;70.0;=;124.0
070991;HS6;Artichauts frais;Fresh artichokes;;;;;;;;
0709911000;HS10;Artichauts frais;Fresh artichokes;Alimentation;30.0;2.0;3.0;19.0;70.0;=;124.0
0709912000;HS10;Artichauts frais;Fresh artichokes;Alimentation;30.0;2.0;3.0;19.0;70.0;=;124.0
0709919000;HS10;Artichauts frais - Autre;Fresh artichokes - Other;Alimentation;30.0;2.0;3.0;19.0;70.0;=;124.0
070992;HS6;Olives;Vegetables;;;;;;;;
0709921000;HS10;Olives;Vegetables;Alimentation;30.0;2.0;3.0;19.0;70.0;=;124.0
0709922000;HS10;Olives;Vegetables;Alimentation;30.0;2.0;3.0;19.0;70.0;=;124.0
0709929000;HS10;Olives - Autre;Vegetables - Other;Alimentation;30.0;2.0;3.0;19.0;70.0;=;124.0
070993;HS6;Courges, potirons;Pumpkins, squash;;;;;;;;
0709931000;HS10;Courges, potirons - Variété 1;Pumpkins, squash - Variety 1;Alimentation;30.0;2.0;3.0;19.0;70.0;=;124.0
0709932000;HS10;Courges, potirons - Variété 2;Pumpkins, squash - Variety 2;Alimentation;30.0;2.0;3.0;19.0;70.0;=;124.0
0709939000;HS10;Courges, potirons - Autre;Pumpkins, squash - Other;Alimentation;30.0;2.0;3.0;19.0;70.0;=;124.0
070999;HS6;Autres légumes frais;Other fresh vegetables;;;;;;;;
0709991000;HS10;Autres autres capres;Autres autres capres;Alimentation;30.0;2.0;3.0;19.0;70.0;=;124.0
0709992000;HS10;Autres autres cardes et cardons;Autres autres cardes et cardons;Alimentation;30.0;2.0;3.0;19.0;70.0;=;124.0
0709999000;HS10;Autres légumes frais - Autre;Other fresh vegetables - Other;Alimentation;30.0;2.0;3.0;19.0;70.0;=;124.0
0710;RANGEE 10;"Vegetables (uncooked or cooked by steaming or boiling in water); frozen";;;;;;;;;
071010;HS6;Pommes de terre congelées;Frozen potatoes;;;;;;;;
0710101000;HS10;Pommes de terre non cuites;Pommes de terre non cuites;Alimentation;15.0;2.0;3.0;19.0;;=;39.0
0710102000;HS10;Pommes de terre cuites a leau ou a la vapeur;Pommes de terre cuites a leau ou a la vapeur;Alimentation;15.0;2.0;3.0;19.0;;=;39.0
0710109000;HS10;Pommes de terre congelées - Autre;Frozen potatoes - Other;Alimentation;15.0;2.0;3.0;19.0;;=;39.0
071021;HS6;Pois (Pisum sativum);Vegetables;;;;;;;;
0710211000;HS10;Légumes a cosse ecosses ou non pois pisum sativum non cuits;Legumes a cosse ecosses ou non pois pisum sativum non cuits;Alimentation;15.0;2.0;3.0;19.0;;=;39.0
0710212000;HS10;Légumes a cosse ecosses ou non pois pisum sativum cuits a leau ou a la vapeur;Legumes a cosse ecosses ou non pois pisum sativum cuits a leau ou a la vapeur;Alimentation;15.0;2.0;3.0;19.0;;=;39.0
0710219000;HS10;Pois (Pisum sativum) - Autre;Vegetables - Other;Alimentation;15.0;2.0;3.0;19.0;;=;39.0
071022;HS6;Haricots (Vigna spp.;Vegetables;;;;;;;;
0710221000;HS10;Légumes a cosse ecosses ou non haricots vigna spp phaseolus spp non cuits;Legumes a cosse ecosses ou non haricots vigna spp phaseolus spp non cuits;Alimentation;15.0;2.0;3.0;19.0;;=;39.0
0710222000;HS10;Légumes a cosse ecosses ou non haricots vigna spp phaseolus spp cuits a leau ou a la vapeur;Legumes a cosse ecosses ou non haricots vigna spp phaseolus spp cuits a leau ou a la vapeur;Alimentation;15.0;2.0;3.0;19.0;;=;39.0
0710229000;HS10;Haricots (Vigna spp. - Autre;Vegetables - Other;Alimentation;15.0;2.0;3.0;19.0;;=;39.0
071029;HS6;Autres;Vegetables;;;;;;;;
0710291000;HS10;Autres;Vegetables;Alimentation;15.0;2.0;3.0;19.0;;=;39.0
0710292000;HS10;Autres;Vegetables;Alimentation;15.0;2.0;3.0;19.0;;=;39.0
0710299000;HS10;Autres - Autre;Vegetables - Other;Alimentation;15.0;2.0;3.0;19.0;;=;39.0
071030;HS6;Epinards;Vegetables;;;;;;;;
0710301000;HS10;Epinards tetragones epinards de nouvelle zelande et arroches epinards geants non cuits;Epinards tetragones epinards de nouvelle zelande et arroches epinards geants non cuits;Alimentation;15.0;2.0;3.0;19.0;;=;39.0
0710302000;HS10;Epinards tetragones epinards de nouvelle zelande et arroches epinards geants cuits a leau ou a la vapeur;Epinards tetragones epinards de nouvelle zelande et arroches epinards geants cuits a leau ou a la vapeur;Alimentation;15.0;2.0;3.0;19.0;;=;39.0
0710309000;HS10;Epinards - Autre;Vegetables - Other;Alimentation;15.0;2.0;3.0;19.0;;=;39.0
071040;HS6;Maïs doux;Vegetables;;;;;;;;
0710401000;HS10;Mais doux non cuits;Mais doux non cuits;Alimentation;15.0;2.0;3.0;19.0;;=;39.0
0710402000;HS10;Mais doux cuits a leau ou a la vapeur;Mais doux cuits a leau ou a la vapeur;Alimentation;15.0;2.0;3.0;19.0;;=;39.0
0710409000;HS10;Maïs doux - Autre;Vegetables - Other;Alimentation;15.0;2.0;3.0;19.0;;=;39.0
071080;HS6;autres légumes;Vegetables;;;;;;;;
0710801000;HS10;autres légumes;Vegetables;Alimentation;15.0;2.0;3.0;19.0;;=;39.0
0710802000;HS10;autres légumes;Vegetables;Alimentation;15.0;2.0;3.0;19.0;;=;39.0
0710809000;HS10;autres légumes - Autre;Vegetables - Other;Alimentation;15.0;2.0;3.0;19.0;;=;39.0
071090;HS6;Mélanges de légumes;Vegetable mixtures;;;;;;;;
0710901000;HS10;Mélanges de légumes non cuits;Melanges de legumes non cuits;Alimentation;15.0;2.0;3.0;19.0;;=;39.0
0710902000;HS10;Mélanges de légumes cuits a leau ou a la vapeur;Melanges de legumes cuits a leau ou a la vapeur;Alimentation;15.0;2.0;3.0;19.0;;=;39.0
0710909000;HS10;Mélanges de légumes - Autre;Vegetable mixtures - Other;Alimentation;15.0;2.0;3.0;19.0;;=;39.0
0711;RANGEE 11;Vegetables provisionally preserved, but unsuitable in that state for immediate consumption;;;;;;;;;
071120;HS6;Olives;Vegetables;;;;;;;;
0711201000;HS10;Olives conserves au moyen de gaz sulfureux;Olives conserves au moyen de gaz sulfureux;Alimentation;15.0;2.0;3.0;19.0;;=;39.0
0711202000;HS10;Olives conserves dans leau salee soufree ou additionnee dautres substances;Olives conserves dans leau salee soufree ou additionnee dautres substances;Alimentation;15.0;2.0;3.0;19.0;;=;39.0
0711209000;HS10;Olives - Autre;Vegetables - Other;Alimentation;15.0;2.0;3.0;19.0;;=;39.0
071140;HS6;Concombres et cornichons;Vegetables;;;;;;;;
0711401000;HS10;Concombres et cornichons conserves au moyen de gaz sulfureux;Concombres et cornichons conserves au moyen de gaz sulfureux;Alimentation;15.0;2.0;3.0;19.0;;=;39.0
0711402000;HS10;Concombres et cornichons conserves dans leau salee soufree ou additionnee dautres substances;Concombres et cornichons conserves dans leau salee soufree ou additionnee dautres substances;Alimentation;15.0;2.0;3.0;19.0;;=;39.0
0711409000;HS10;Concombres et cornichons - Autre;Vegetables - Other;Alimentation;15.0;2.0;3.0;19.0;;=;39.0
071151;HS6;Champignons du genre Agaricus;Vegetables;;;;;;;;
0711511000;HS10;Champignons et truffes champignons du genre agaricus conserves au moyen de gaz sulfureux;Champignons et truffes champignons du genre agaricus conserves au moyen de gaz sulfureux;Alimentation;15.0;2.0;3.0;19.0;;=;39.0
0711512000;HS10;Champignons et truffes champignons du genre agaricus conserves dans leau salee soufree ou additionnee dautres substances;Champignons et truffes champignons du genre agaricus conserves dans leau salee soufree ou additionnee dautres substances;Alimentation;15.0;2.0;3.0;19.0;;=;39.0
0711519000;HS10;Champignons du genre Agaricus - Autre;Vegetables - Other;Alimentation;15.0;2.0;3.0;19.0;;=;39.0
071159;HS6;Autres;Vegetables;;;;;;;;
0711591000;HS10;Champignons et truffes autres conserves au moyen de gaz sulfureux;Champignons et truffes autres conserves au moyen de gaz sulfureux;Alimentation;15.0;2.0;3.0;19.0;;=;39.0
0711592000;HS10;Champignons et truffes autres conserves dans leau salee soufree ou additionnee dautres substances;Champignons et truffes autres conserves dans leau salee soufree ou additionnee dautres substances;Alimentation;15.0;2.0;3.0;19.0;;=;39.0
0711599000;HS10;Autres - Autre;Vegetables - Other;Alimentation;15.0;2.0;3.0;19.0;;=;39.0
071190;HS6;Autres légumes;mélanges de légumes;;;;;;;;
0711901000;HS10;Autres légumes;mélanges de légumes;Alimentation;15.0;2.0;3.0;19.0;;=;39.0
0711902000;HS10;Autres légumes;mélanges de légumes;Alimentation;15.0;2.0;3.0;19.0;;=;39.0
0711909000;HS10;Autres légumes - Autre;mélanges de légumes - Other;Alimentation;15.0;2.0;3.0;19.0;;=;39.0
0712;RANGEE 12;"Vegetables, dried; whole, cut, sliced, broken or in powder, but not further prepared";;;;;;;;;
071220;HS6;Oignons;Vegetables;;;;;;;;
0712201000;HS10;Oignons;Vegetables;Alimentation;30.0;2.0;3.0;19.0;70.0;=;124.0
0712202000;HS10;Oignons;Vegetables;Alimentation;30.0;2.0;3.0;19.0;70.0;=;124.0
0712209000;HS10;Oignons - Autre;Vegetables - Other;Alimentation;30.0;2.0;3.0;19.0;70.0;=;124.0
071231;HS6;Champignons du genre Agaricus;Vegetables;;;;;;;;
0712311000;HS10;Champignons du genre Agaricus;Vegetables;Alimentation;30.0;2.0;3.0;19.0;70.0;=;124.0
0712312000;HS10;Champignons du genre Agaricus;Vegetables;Alimentation;30.0;2.0;3.0;19.0;70.0;=;124.0
0712319000;HS10;Champignons du genre Agaricus - Autre;Vegetables - Other;Alimentation;30.0;2.0;3.0;19.0;70.0;=;124.0
071232;HS6;Oreilles-de-judas (Auricularia spp.);Vegetables;;;;;;;;
0712321000;HS10;Oreilles-de-judas (Auricularia spp.);Vegetables;Alimentation;30.0;2.0;3.0;19.0;70.0;=;124.0
0712322000;HS10;Oreilles-de-judas (Auricularia spp.);Vegetables;Alimentation;30.0;2.0;3.0;19.0;70.0;=;124.0
0712329000;HS10;Oreilles-de-judas (Auricularia spp.) - Autre;Vegetables - Other;Alimentation;30.0;2.0;3.0;19.0;70.0;=;124.0
071233;HS6;Trémelles (Tremella spp.);Vegetables;;;;;;;;
0712331000;HS10;Trémelles (Tremella spp.);Vegetables;Alimentation;30.0;2.0;3.0;19.0;70.0;=;124.0
0712332000;HS10;Trémelles (Tremella spp.);Vegetables;Alimentation;30.0;2.0;3.0;19.0;70.0;=;124.0
0712339000;HS10;Trémelles (Tremella spp.) - Autre;Vegetables - Other;Alimentation;30.0;2.0;3.0;19.0;70.0;=;124.0
071234;HS6;Shiitake (Lentinus edodes);Vegetables;;;;;;;;
0712341000;HS10;Shiitake (Lentinus edodes);Vegetables;Alimentation;30.0;2.0;3.0;19.0;70.0;=;124.0
0712342000;HS10;Shiitake (Lentinus edodes);Vegetables;Alimentation;30.0;2.0;3.0;19.0;70.0;=;124.0
0712349000;HS10;Shiitake (Lentinus edodes) - Autre;Vegetables - Other;Alimentation;30.0;2.0;3.0;19.0;70.0;=;124.0
071239;HS6;Autres;Vegetables;;;;;;;;
0712391000;HS10;Champignons oreilles de juda auricularia spp tremelles tremella spp et truffes autres truffes;Champignons oreilles de juda auricularia spp tremelles tremella spp et truffes autres truffes;Alimentation;30.0;2.0;3.0;19.0;70.0;=;124.0
0712392000;HS10;Autres;Vegetables;Alimentation;30.0;2.0;3.0;19.0;70.0;=;124.0
0712399000;HS10;Autres - Autre;Vegetables - Other;Alimentation;30.0;2.0;3.0;19.0;70.0;=;124.0
071290;HS6;Autres légumes;mélanges de légumes;;;;;;;;
0712901000;HS10;Pommes de terre séchées même coupées ou pulvérisées;Pommes de terre séchées même coupées ou pulvérisées;Alimentation;30.0;2.0;3.0;19.0;70.0;=;124.0
0712902000;HS10;Légumes secs destinés à lassaisonnement;Légumes secs destinés à lassaisonnement;Alimentation;30.0;2.0;3.0;19.0;70.0;=;124.0
0712909000;HS10;Autres légumes - Autre;mélanges de légumes - Other;Alimentation;30.0;2.0;3.0;19.0;70.0;=;124.0
0713;RANGEE 13;"Vegetables, leguminous; shelled, whether or not skinned or split, dried";;;;;;;;;
071310;HS6;Pois (Pisum sativum);Vegetables;;;;;;;;
0713101000;HS10;Pois secs pisum sativum pour semis;Pois secs pisum sativum pour semis;Alimentation;15.0;2.0;3.0;19.0;;=;39.0
0713102000;HS10;Pois (Pisum sativum);Vegetables;Alimentation;15.0;2.0;3.0;19.0;;=;39.0
0713109000;HS10;Pois (Pisum sativum) - Autre;Vegetables - Other;Alimentation;15.0;2.0;3.0;19.0;;=;39.0
071320;HS6;Pois chiches secs;Dried chickpeas;;;;;;;;
0713201000;HS10;Pois chiches secs - Variété 1;Dried chickpeas - Variety 1;Alimentation;15.0;2.0;3.0;19.0;;=;39.0
0713202000;HS10;Pois chiches secs - Variété 2;Dried chickpeas - Variety 2;Alimentation;15.0;2.0;3.0;19.0;;=;39.0
0713209000;HS10;Pois chiches secs - Autre;Dried chickpeas - Other;Alimentation;15.0;2.0;3.0;19.0;;=;39.0
071331;HS6;Haricots des espèces Vigna mungo (L.) ou Vigna radiata (L.) Wilczek;Vegetables;;;;;;;;
0713311000;HS10;Haricots vigna mungoradiata mungoharicot vert de semence;Haricots vigna mungoradiata mungoharicot vert de semence;Alimentation;15.0;2.0;3.0;19.0;;=;39.0
0713312000;HS10;Haricots des espèces Vigna mungo (L.) ou Vigna radiata (L.) Wilczek;Vegetables;Alimentation;15.0;2.0;3.0;19.0;;=;39.0
0713319000;HS10;Haricots des espèces Vigna mungo (L.) ou Vigna radiata (L.) Wilczek - Autre;Vegetables - Other;Alimentation;15.0;2.0;3.0;19.0;;=;39.0
071332;HS6;Haricots petits rouges (haricots Adzuki) (Phaseolus ou Vigna angularis);Vegetables;;;;;;;;
0713321000;HS10;Haricots adzuki petits rouges de semence;Haricots adzuki petits rouges de semence;Alimentation;15.0;2.0;3.0;19.0;;=;39.0
0713322000;HS10;Haricots petits rouges (haricots Adzuki) (Phaseolus ou Vigna angularis);Vegetables;Alimentation;15.0;2.0;3.0;19.0;;=;39.0
0713329000;HS10;Haricots petits rouges (haricots Adzuki) (Phaseolus ou Vigna angularis) - Autre;Vegetables - Other;Alimentation;15.0;2.0;3.0;19.0;;=;39.0
071333;HS6;Haricots communs secs;Dried kidney beans;;;;;;;;
0713331000;HS10;Haricots communs secs - Variété 1;Dried kidney beans - Variety 1;Alimentation;15.0;2.0;3.0;19.0;;=;39.0
0713332000;HS10;Haricots communs secs - Variété 2;Dried kidney beans - Variety 2;Alimentation;15.0;2.0;3.0;19.0;;=;39.0
0713339000;HS10;Haricots communs secs - Autre;Dried kidney beans - Other;Alimentation;15.0;2.0;3.0;19.0;;=;39.0
071334;HS6;Pois Bambara (Pois de terre) (Vigna subterranea ou Voandzeia subterranea);Vegetables;;;;;;;;
0713341000;HS10;Pois bambara pois de terre de semence;Pois bambara pois de terre de semence;Alimentation;15.0;2.0;3.0;19.0;;=;39.0
0713342000;HS10;Pois Bambara (Pois de terre) (Vigna subterranea ou Voandzeia subterranea);Vegetables;Alimentation;15.0;2.0;3.0;19.0;;=;39.0
0713349000;HS10;Pois Bambara (Pois de terre) (Vigna subterranea ou Voandzeia subterranea) - Autre;Vegetables - Other;Alimentation;15.0;2.0;3.0;19.0;;=;39.0
071335;HS6;Niébé (Vigna unguiculata);Cowpeas (Vigna unguiculata);;;;;;;;
0713351000;HS10;Niébé (Vigna unguiculata) - Variété 1;Cowpeas (Vigna unguiculata) - Variety 1;Alimentation;15.0;2.0;3.0;19.0;;=;39.0
0713352000;HS10;Niébé (Vigna unguiculata) - Variété 2;Cowpeas (Vigna unguiculata) - Variety 2;Alimentation;15.0;2.0;3.0;19.0;;=;39.0
0713359000;HS10;Niébé (Vigna unguiculata) - Autre;Cowpeas (Vigna unguiculata) - Other;Alimentation;15.0;2.0;3.0;19.0;;=;39.0
071339;HS6;Autres;Vegetables;;;;;;;;
0713391000;HS10;Autres haricots secs vigna spp phaseolus spp pour semis;Autres haricots secs vigna spp phaseolus spp pour semis;Alimentation;15.0;2.0;3.0;19.0;;=;39.0
0713392000;HS10;Autres;Vegetables;Alimentation;15.0;2.0;3.0;19.0;;=;39.0
0713399000;HS10;Autres - Autre;Vegetables - Other;Alimentation;15.0;2.0;3.0;19.0;;=;39.0
071340;HS6;Lentilles sèches;Dried lentils;;;;;;;;
0713401000;HS10;Lentilles sèches - Variété 1;Dried lentils - Variety 1;Alimentation;15.0;2.0;3.0;19.0;;=;39.0
0713402000;HS10;Lentilles sèches - Variété 2;Dried lentils - Variety 2;Alimentation;15.0;2.0;3.0;19.0;;=;39.0
0713409000;HS10;Lentilles sèches - Autre;Dried lentils - Other;Alimentation;15.0;2.0;3.0;19.0;;=;39.0
071350;HS6;Fèves (Vicia faba var. major) et féveroles (Vicia faba var. equina;Vegetables;;;;;;;;
0713501000;HS10;Fèves et féveroles de semence;Fèves et féveroles de semence;Alimentation;15.0;2.0;3.0;19.0;;=;39.0
0713502000;HS10;Fèves (Vicia faba var. major) et féveroles (Vicia faba var. equina;Vegetables;Alimentation;15.0;2.0;3.0;19.0;;=;39.0
0713509000;HS10;Fèves (Vicia faba var. major) et féveroles (Vicia faba var. equina - Autre;Vegetables - Other;Alimentation;15.0;2.0;3.0;19.0;;=;39.0
071360;HS6;Pois d'Ambrevade ou pois d'Angole (Cajanus cajan);Vegetables;;;;;;;;
0713601000;HS10;Pois dangole pois cajan de semence;Pois dangole pois cajan de semence;Alimentation;15.0;2.0;3.0;19.0;;=;39.0
0713602000;HS10;Pois d'Ambrevade ou pois d'Angole (Cajanus cajan);Vegetables;Alimentation;15.0;2.0;3.0;19.0;;=;39.0
0713609000;HS10;Pois d'Ambrevade ou pois d'Angole (Cajanus cajan) - Autre;Vegetables - Other;Alimentation;15.0;2.0;3.0;19.0;;=;39.0
071390;HS6;Autres;Vegetables;;;;;;;;
0713901000;HS10;Autres légumes à cosse secs pour semis;Autres légumes à cosse secs pour semis;Alimentation;15.0;2.0;3.0;19.0;;=;39.0
0713902000;HS10;Autres;Vegetables;Alimentation;15.0;2.0;3.0;19.0;;=;39.0
0713909000;HS10;Autres - Autre;Vegetables - Other;Alimentation;15.0;2.0;3.0;19.0;;=;39.0
0714;RANGEE 14;"Manioc, arrowroot, salep, Jerusalem artichokes, sweet potatoes and similar roots and tubers with high starch or inulin content; fresh, chilled, frozen or dried, whether or not sliced or in the form of pellets; sago pith";;;;;;;;;
071410;HS6;Manioc (cassava);Manioc (cassava);;;;;;;;
0714101000;HS10;Racines de manioc fraîches ou réfrigérées;Racines de manioc fraîches ou réfrigérées;Alimentation;15.0;2.0;3.0;19.0;;=;39.0
0714102000;HS10;Racines de manioc congelées;Racines de manioc congelées;Alimentation;15.0;2.0;3.0;19.0;;=;39.0
0714109000;HS10;Manioc (cassava) - Autre;Manioc (cassava) - Other;Alimentation;15.0;2.0;3.0;19.0;;=;39.0
071420;HS6;Patates douces;Sweet potatoes;;;;;;;;
0714201000;HS10;Patates douces - Variété 1;Sweet potatoes - Variety 1;Alimentation;15.0;2.0;3.0;19.0;;=;39.0
0714202000;HS10;Patates douces - Variété 2;Sweet potatoes - Variety 2;Alimentation;15.0;2.0;3.0;19.0;;=;39.0
0714209000;HS10;Patates douces - Autre;Sweet potatoes - Other;Alimentation;15.0;2.0;3.0;19.0;;=;39.0
071430;HS6;Ignames (Dioscorea spp.);Yams (Dioscorea spp.);;;;;;;;
0714301000;HS10;Ignames (Dioscorea spp.) - Variété 1;Yams (Dioscorea spp.) - Variety 1;Alimentation;15.0;2.0;3.0;19.0;;=;39.0
0714302000;HS10;Ignames (Dioscorea spp.) - Variété 2;Yams (Dioscorea spp.) - Variety 2;Alimentation;15.0;2.0;3.0;19.0;;=;39.0
0714309000;HS10;Ignames (Dioscorea spp.) - Autre;Yams (Dioscorea spp.) - Other;Alimentation;15.0;2.0;3.0;19.0;;=;39.0
071440;HS6;Colocases (Colocasia spp.);Vegetable roots and tubers;;;;;;;;
0714401000;HS10;Colocases colocasia spp fraîches ou réfrigérées;Colocases colocasia spp fraîches ou réfrigérées;Alimentation;15.0;2.0;3.0;19.0;;=;39.0
0714402000;HS10;Colocases colocasia spp congelées;Colocases colocasia spp congelées;Alimentation;15.0;2.0;3.0;19.0;;=;39.0
0714409000;HS10;Colocases (Colocasia spp.) - Autre;Vegetable roots and tubers - Other;Alimentation;15.0;2.0;3.0;19.0;;=;39.0
071450;HS6;Yautias (Xanthosoma spp.);Vegetable roots and tubers;;;;;;;;
0714501000;HS10;Yautias malangatannia frais ou réfrigérés;Yautias malangatannia frais ou réfrigérés;Alimentation;15.0;2.0;3.0;19.0;;=;39.0
0714502000;HS10;Yautias xanthosoma spp congelées;Yautias xanthosoma spp congelées;Alimentation;15.0;2.0;3.0;19.0;;=;39.0
0714509000;HS10;Yautias (Xanthosoma spp.) - Autre;Vegetable roots and tubers - Other;Alimentation;15.0;2.0;3.0;19.0;;=;39.0
071490;HS6;Autres;Vegetable roots and tubers;;;;;;;;
0714901000;HS10;Autres racines et tubercules amylacés frais ou réfrigérés;Autres racines et tubercules amylacés frais ou réfrigérés;Alimentation;15.0;2.0;3.0;19.0;;=;39.0
0714902000;HS10;Autres racines et tubercules amylacés congelés;Autres racines et tubercules amylacés congelés;Alimentation;15.0;2.0;3.0;19.0;;=;39.0
0714909000;HS10;Autres - Autre;Vegetable roots and tubers - Other;Alimentation;15.0;2.0;3.0;19.0;;=;39.0
CHAPITRE 08;CHAPITRE;Fruits comestibles, agrumes;;;;;;;;;
0801;RANGEE 01;"Nuts, edible; coconuts, Brazil nuts and cashew nuts, fresh or dried, whether or not shelled or peeled";;;;;;;;;
080111;HS6;Noix de coco desséchées;Desiccated coconuts;;;;;;;;
0801111000;HS10;Noix de coco desséchées;Desiccated coconuts;Alimentation;15.0;2.0;3.0;19.0;;910 Déclaration d'Importation du Produit | 210 Autorisation de Libre Circulation | 902 Autorisation d'admission du produit | 215 Certificat Phytosanitaire du Pays d'Origine;39.0
0801112000;HS10;Noix de coco desséchées;Desiccated coconuts;Alimentation;15.0;2.0;3.0;19.0;;=;39.0
0801119000;HS10;Noix de coco desséchées - Autre;Desiccated coconuts - Other;Alimentation;15.0;2.0;3.0;19.0;;=;39.0
080112;HS6;Noix de coco fraîches;Fresh coconuts;;;;;;;;
0801121000;HS10;Noix de coco fraîches;Fresh coconuts;Alimentation;15.0;2.0;3.0;19.0;;=;39.0
0801122000;HS10;Noix de coco fraîches;Fresh coconuts;Alimentation;15.0;2.0;3.0;19.0;;=;39.0
0801129000;HS10;Noix de coco fraîches - Autre;Fresh coconuts - Other;Alimentation;15.0;2.0;3.0;19.0;;=;39.0
080119;HS6;Noix de coco fraîches;Fresh coconuts;;;;;;;;
0801191000;HS10;Noix de coco fraîches;Fresh coconuts;Alimentation;15.0;2.0;3.0;19.0;;=;39.0
0801192000;HS10;Noix de coco fraîches;Fresh coconuts;Alimentation;15.0;2.0;3.0;19.0;;=;39.0
0801199000;HS10;Noix de coco fraîches - Autre;Fresh coconuts - Other;Alimentation;15.0;2.0;3.0;19.0;;=;39.0
080121;HS6;Noix du Brésil en coques;Brazil nuts;;;;;;;;
0801211000;HS10;Noix du brésil fraîches en coques;Noix du brésil fraîches en coques;Alimentation;15.0;2.0;3.0;19.0;;=;39.0
0801212000;HS10;Noix du brésil sèches en coques;Noix du brésil sèches en coques;Alimentation;15.0;2.0;3.0;19.0;;=;39.0
0801219000;HS10;Noix du Brésil en coques - Autre;Brazil nuts - Other;Alimentation;15.0;2.0;3.0;19.0;;=;39.0
080122;HS6;Noix du Brésil décortiquées;Shelled Brazil nuts;;;;;;;;
0801221000;HS10;Noix du Brésil décortiquées;Shelled Brazil nuts;Alimentation;15.0;2.0;3.0;19.0;;=;39.0
0801222000;HS10;Noix du Brésil décortiquées;Shelled Brazil nuts;Alimentation;15.0;2.0;3.0;19.0;;=;39.0
0801229000;HS10;Noix du Brésil décortiquées - Autre;Shelled Brazil nuts - Other;Alimentation;15.0;2.0;3.0;19.0;;=;39.0
080131;HS6;Noix de cajou en coques;Cashew nuts;;;;;;;;
0801311000;HS10;Noix de cajou fraîches en coques;Noix de cajou fraîches en coques;Alimentation;15.0;2.0;3.0;19.0;;=;39.0
0801312000;HS10;Noix de cajou sèches en coques;Noix de cajou sèches en coques;Alimentation;15.0;2.0;3.0;19.0;;=;39.0
0801319000;HS10;Noix de cajou en coques - Autre;Cashew nuts - Other;Alimentation;15.0;2.0;3.0;19.0;;=;39.0
080132;HS6;Noix de cajou décortiquées;Shelled cashew nuts;;;;;;;;
0801321000;HS10;Noix de cajou décortiquées;Shelled cashew nuts;Alimentation;15.0;2.0;3.0;19.0;;=;39.0
0801322000;HS10;Noix de cajou décortiquées;Shelled cashew nuts;Alimentation;15.0;2.0;3.0;19.0;;=;39.0
0801329000;HS10;Noix de cajou décortiquées - Autre;Shelled cashew nuts - Other;Alimentation;15.0;2.0;3.0;19.0;;=;39.0
0802;RANGEE 02;"Nuts (excluding coconuts, Brazils and cashew nuts); fresh or dried, whether or not shelled or peeled";;;;;;;;;
080211;HS6;Amandes en coques;Almonds;;;;;;;;
0802111000;HS10;Amandes en coques;Almonds;Alimentation;15.0;2.0;3.0;19.0;;=;39.0
0802112000;HS10;Amandes en coques;Almonds;Alimentation;15.0;2.0;3.0;19.0;;=;39.0
0802119000;HS10;Amandes en coques - Autre;Almonds - Other;Alimentation;15.0;2.0;3.0;19.0;;=;39.0
080212;HS6;Amandes décortiquées;Shelled almonds;;;;;;;;
0802121000;HS10;Amandes décortiquées - Grade 1 / Premium;Shelled almonds - Grade 1 / Premium;Alimentation;15.0;2.0;3.0;19.0;;=;39.0
0802122000;HS10;Amandes décortiquées - Grade 2 / Standard;Shelled almonds - Grade 2 / Standard;Alimentation;15.0;2.0;3.0;19.0;;=;39.0
0802129000;HS10;Amandes décortiquées - Autre;Shelled almonds - Other;Alimentation;15.0;2.0;3.0;19.0;;=;39.0
080221;HS6;Noisettes en coques;Hazelnuts;;;;;;;;
0802211000;HS10;Noisettes fraîches en coques;Noisettes fraîches en coques;Alimentation;15.0;2.0;3.0;19.0;;=;39.0
0802212000;HS10;Noisettes sèches en coques;Noisettes sèches en coques;Alimentation;15.0;2.0;3.0;19.0;;=;39.0
0802219000;HS10;Noisettes en coques - Autre;Hazelnuts - Other;Alimentation;15.0;2.0;3.0;19.0;;=;39.0
080222;HS6;Noisettes décortiquées;Shelled hazelnuts;;;;;;;;
0802221000;HS10;Noisettes décortiquées;Shelled hazelnuts;Alimentation;15.0;2.0;3.0;19.0;;=;39.0
0802222000;HS10;Noisettes décortiquées;Shelled hazelnuts;Alimentation;15.0;2.0;3.0;19.0;;=;39.0
0802229000;HS10;Noisettes décortiquées - Autre;Shelled hazelnuts - Other;Alimentation;15.0;2.0;3.0;19.0;;=;39.0
080231;HS6;Noix en coques;Walnuts;;;;;;;;
0802311000;HS10;Noix communes fraîches en coques;Noix communes fraîches en coques;Alimentation;15.0;2.0;3.0;19.0;;=;39.0
0802312000;HS10;Noix communes sèches en coques;Noix communes sèches en coques;Alimentation;15.0;2.0;3.0;19.0;;=;39.0
0802319000;HS10;Noix en coques - Autre;Walnuts - Other;Alimentation;15.0;2.0;3.0;19.0;;=;39.0
080232;HS6;Noix décortiquées;Shelled walnuts;;;;;;;;
0802321000;HS10;Noix décortiquées;Shelled walnuts;Alimentation;15.0;2.0;3.0;19.0;;=;39.0
0802322000;HS10;Noix décortiquées;Shelled walnuts;Alimentation;15.0;2.0;3.0;19.0;;=;39.0
0802329000;HS10;Noix décortiquées - Autre;Shelled walnuts - Other;Alimentation;15.0;2.0;3.0;19.0;;=;39.0
080241;HS6;Châtaignes en coques;Chestnuts;;;;;;;;
0802411000;HS10;Châtaignesmarrons frais en coques;Châtaignesmarrons frais en coques;Alimentation;15.0;2.0;3.0;19.0;;=;39.0
0802412000;HS10;Châtaignesmarrons secs en coques;Châtaignesmarrons secs en coques;Alimentation;15.0;2.0;3.0;19.0;;=;39.0
0802419000;HS10;Châtaignes en coques - Autre;Chestnuts - Other;Alimentation;15.0;2.0;3.0;19.0;;=;39.0
080242;HS6;Châtaignes décortiquées;Shelled chestnuts;;;;;;;;
0802421000;HS10;Châtaignes décortiquées;Shelled chestnuts;Alimentation;15.0;2.0;3.0;19.0;;=;39.0
0802422000;HS10;Châtaignes décortiquées;Shelled chestnuts;Alimentation;15.0;2.0;3.0;19.0;;=;39.0
0802429000;HS10;Châtaignes décortiquées - Autre;Shelled chestnuts - Other;Alimentation;15.0;2.0;3.0;19.0;;=;39.0
080251;HS6;Pistaches en coques;Pistachios;;;;;;;;
0802511000;HS10;Pistaches fraîches en coques;Pistaches fraîches en coques;Alimentation;15.0;2.0;3.0;19.0;;=;39.0
0802512000;HS10;Pistaches sèches en coques;Pistaches sèches en coques;Alimentation;15.0;2.0;3.0;19.0;;=;39.0
0802519000;HS10;Pistaches en coques - Autre;Pistachios - Other;Alimentation;15.0;2.0;3.0;19.0;;=;39.0
080252;HS6;Pistaches décortiquées;Shelled pistachios;;;;;;;;
0802521000;HS10;Pistaches décortiquées;Shelled pistachios;Alimentation;15.0;2.0;3.0;19.0;;=;39.0
0802522000;HS10;Pistaches décortiquées;Shelled pistachios;Alimentation;15.0;2.0;3.0;19.0;;=;39.0
0802529000;HS10;Pistaches décortiquées - Autre;Shelled pistachios - Other;Alimentation;15.0;2.0;3.0;19.0;;=;39.0
080261;HS6;Noix de macadamia en coques;Macadamia nuts in shell;;;;;;;;
0802611000;HS10;Noix de macadamia en coques - Grade 1 / Premium;Macadamia nuts in shell - Grade 1 / Premium;Alimentation;15.0;2.0;3.0;19.0;;=;39.0
0802612000;HS10;Noix de macadamia en coques - Grade 2 / Standard;Macadamia nuts in shell - Grade 2 / Standard;Alimentation;15.0;2.0;3.0;19.0;;=;39.0
0802619000;HS10;Noix de macadamia en coques - Autre;Macadamia nuts in shell - Other;Alimentation;15.0;2.0;3.0;19.0;;=;39.0
080262;HS6;Noix de macadamia décortiquées;Shelled macadamia nuts;;;;;;;;
0802621000;HS10;Noix de macadamia décortiquées - Grade 1 / Premium;Shelled macadamia nuts - Grade 1 / Premium;Alimentation;15.0;2.0;3.0;19.0;;=;39.0
0802622000;HS10;Noix de macadamia décortiquées - Grade 2 / Standard;Shelled macadamia nuts - Grade 2 / Standard;Alimentation;15.0;2.0;3.0;19.0;;=;39.0
0802629000;HS10;Noix de macadamia décortiquées - Autre;Shelled macadamia nuts - Other;Alimentation;15.0;2.0;3.0;19.0;;=;39.0
080270;HS6;Noix de cola (Cola spp.);Nuts;;;;;;;;
0802701000;HS10;Noix de cola cola spp fraîches;Noix de cola cola spp fraîches;Alimentation;15.0;2.0;3.0;19.0;;=;39.0
0802702000;HS10;Noix de cola cola spp sèches;Noix de cola cola spp sèches;Alimentation;15.0;2.0;3.0;19.0;;=;39.0
0802709000;HS10;Noix de cola (Cola spp.) - Autre;Nuts - Other;Alimentation;15.0;2.0;3.0;19.0;;=;39.0
080280;HS6;Noix d'arec;Nuts;;;;;;;;
0802801000;HS10;Noix darec fraîches;Noix darec fraîches;Alimentation;15.0;2.0;3.0;19.0;;=;39.0
0802802000;HS10;Noix darec sèches;Noix darec sèches;Alimentation;15.0;2.0;3.0;19.0;;=;39.0
0802809000;HS10;Noix d'arec - Autre;Nuts - Other;Alimentation;15.0;2.0;3.0;19.0;;=;39.0
080290;HS6;Autres fruits à coques;Other nuts;;;;;;;;
0802901000;HS10;Autres fruits à coques;Other nuts;Alimentation;15.0;2.0;3.0;19.0;;=;39.0
0802902000;HS10;Autres fruits à coques;Other nuts;Alimentation;15.0;2.0;3.0;19.0;;=;39.0
0802909000;HS10;Autres fruits à coques - Autre;Other nuts - Other;Alimentation;15.0;2.0;3.0;19.0;;=;39.0
080291;HS6;Pignons;Nuts;;;;;;;;
0802911000;HS10;Pignons;Nuts;Alimentation;15.0;2.0;3.0;19.0;;=;39.0
0802912000;HS10;Pignons;Nuts;Alimentation;15.0;2.0;3.0;19.0;;=;39.0
0802919000;HS10;Pignons - Autre;Nuts - Other;Alimentation;15.0;2.0;3.0;19.0;;=;39.0
080292;HS6;Pignons;Nuts;;;;;;;;
0802921000;HS10;Pignons;Nuts;Alimentation;15.0;2.0;3.0;19.0;;=;39.0
0802922000;HS10;Pignons;Nuts;Alimentation;15.0;2.0;3.0;19.0;;=;39.0
0802929000;HS10;Pignons - Autre;Nuts - Other;Alimentation;15.0;2.0;3.0;19.0;;=;39.0
080299;HS6;Autres;Nuts;;;;;;;;
0802991000;HS10;Autres;Nuts;Alimentation;15.0;2.0;3.0;19.0;;=;39.0
0802992000;HS10;Autres;Nuts;Alimentation;15.0;2.0;3.0;19.0;;=;39.0
0802999000;HS10;Autres - Autre;Nuts - Other;Alimentation;15.0;2.0;3.0;19.0;;=;39.0
0803;RANGEE 03;"Bananas, including plantains; fresh or dried";;;;;;;;;
080310;HS6;Bananes plantains;Plantains;;;;;;;;
0803101000;HS10;Bananes plantains - Variété 1;Plantains - Variety 1;Alimentation;15.0;2.0;3.0;19.0;;=;39.0
0803102000;HS10;Bananes plantains - Variété 2;Plantains - Variety 2;Alimentation;15.0;2.0;3.0;19.0;;=;39.0
0803109000;HS10;Bananes plantains - Autre;Plantains - Other;Alimentation;15.0;2.0;3.0;19.0;;=;39.0
080390;HS6;Autres bananes fraîches;Other fresh bananas;;;;;;;;
0803901000;HS10;Autres bananes bananes dessert fraîches;Autres bananes bananes dessert fraîches;Alimentation;15.0;2.0;3.0;19.0;;=;39.0
0803902000;HS10;Autres bananes bananes dessert sèches;Autres bananes bananes dessert sèches;Alimentation;15.0;2.0;3.0;19.0;;=;39.0
0803909000;HS10;Autres bananes fraîches - Autre;Other fresh bananas - Other;Alimentation;15.0;2.0;3.0;19.0;;=;39.0
0804;RANGEE 04;"Dates, figs, pineapples, avocados, guavas, mangoes and mangosteens; fresh or dried";;;;;;;;;
080410;HS6;Dattes fraîches ou sèches;Fresh or dried dates;;;;;;;;
0804101000;HS10;Deglet Nour premium;Premium Deglet Nour;Alimentation;0.0;2.0;3.0;19.0;30.0;=;54.0
0804102000;HS10;Deglet Nour standard;Standard Deglet Nour;Alimentation;0.0;2.0;3.0;19.0;30.0;=;54.0
0804109000;HS10;Autres dattes;Other dates;Alimentation;0.0;2.0;3.0;19.0;30.0;=;54.0
080420;HS6;Figues fraîches ou sèches;Fresh or dried figs;;;;;;;;
0804201000;HS10;Figues fraiches;Figues fraiches;Alimentation;15.0;2.0;3.0;19.0;;=;39.0
0804202000;HS10;Figues séchés;Figues seches;Alimentation;15.0;2.0;3.0;19.0;;=;39.0
0804209000;HS10;Figues fraîches ou sèches - Autre;Fresh or dried figs - Other;Alimentation;15.0;2.0;3.0;19.0;;=;39.0
080430;HS6;Ananas frais ou secs;Fresh or dried pineapples;;;;;;;;
0804301000;HS10;Ananas frais ou secs - Variété 1;Fresh or dried pineapples - Variety 1;Alimentation;15.0;2.0;3.0;19.0;;=;39.0
0804302000;HS10;Ananas frais ou secs - Variété 2;Fresh or dried pineapples - Variety 2;Alimentation;15.0;2.0;3.0;19.0;;=;39.0
0804309000;HS10;Ananas frais ou secs - Autre;Fresh or dried pineapples - Other;Alimentation;15.0;2.0;3.0;19.0;;=;39.0
080440;HS6;Avocats frais ou secs;Fresh or dried avocados;;;;;;;;
0804401000;HS10;Avocats frais ou secs - Variété 1;Fresh or dried avocados - Variety 1;Alimentation;15.0;2.0;3.0;19.0;;=;39.0
0804402000;HS10;Avocats frais ou secs - Variété 2;Fresh or dried avocados - Variety 2;Alimentation;15.0;2.0;3.0;19.0;;=;39.0
0804409000;HS10;Avocats frais ou secs - Autre;Fresh or dried avocados - Other;Alimentation;15.0;2.0;3.0;19.0;;=;39.0
080450;HS6;Goyaves, mangues et mangoustans;Guavas, mangoes and mangosteens;;;;;;;;
0804501000;HS10;Goyaves, mangues et mangoustans - Espèce 1;Guavas, mangoes and mangosteens - Species 1;Alimentation;15.0;2.0;3.0;19.0;;=;39.0
0804502000;HS10;Goyaves, mangues et mangoustans - Espèce 2;Guavas, mangoes and mangosteens - Species 2;Alimentation;15.0;2.0;3.0;19.0;;=;39.0
0804509000;HS10;Goyaves, mangues et mangoustans - Autre espèce;Guavas, mangoes and mangosteens - Other species;Alimentation;15.0;2.0;3.0;19.0;;=;39.0
0805;RANGEE 05;"Citrus fruit; fresh or dried";;;;;;;;;
080510;HS6;Oranges fraîches ou sèches;Fresh or dried oranges;;;;;;;;
0805101000;HS10;Oranges fraiches;Oranges fraiches;Alimentation;30.0;2.0;3.0;19.0;50.0;=;104.0
0805102000;HS10;Oranges séchés;Oranges seches;Alimentation;30.0;2.0;3.0;19.0;50.0;=;104.0
0805109000;HS10;Oranges fraîches ou sèches - Autre;Fresh or dried oranges - Other;Alimentation;30.0;2.0;3.0;19.0;50.0;=;104.0
080520;HS6;Mandarines;Mandarins;;;;;;;;
0805201000;HS10;Mandarines;Mandarins;Alimentation;30.0;2.0;3.0;19.0;50.0;=;104.0
0805202000;HS10;Mandarines;Mandarins;Alimentation;30.0;2.0;3.0;19.0;50.0;=;104.0
0805209000;HS10;Mandarines - Autre;Mandarins - Other;Alimentation;30.0;2.0;3.0;19.0;50.0;=;104.0
080521;HS6;Mandarines (y compris les tangerines et satsumas);Fruit;;;;;;;;
0805211000;HS10;Mandarines tangerines et satsumas fraiches;Mandarines tangerines et satsumas fraiches;Alimentation;30.0;2.0;3.0;19.0;50.0;=;104.0
0805212000;HS10;Mandarines tangerines et satsumas séchés;Mandarines tangerines et satsumas seches;Alimentation;30.0;2.0;3.0;19.0;50.0;=;104.0
0805219000;HS10;Mandarines (y compris les tangerines et satsumas) - Autre;Fruit - Other;Alimentation;30.0;2.0;3.0;19.0;50.0;=;104.0
080522;HS6;Clémentines;Fruit;;;;;;;;
0805221000;HS10;Clementines fraiches;Clementines fraiches;Alimentation;30.0;2.0;3.0;19.0;50.0;=;104.0
0805222000;HS10;Clementines séchés;Clementines seches;Alimentation;30.0;2.0;3.0;19.0;50.0;=;104.0
0805229000;HS10;Clémentines - Autre;Fruit - Other;Alimentation;30.0;2.0;3.0;19.0;50.0;=;104.0
080529;HS6;Autres;Fruit;;;;;;;;
0805291000;HS10;Autres;Fruit;Alimentation;30.0;2.0;3.0;19.0;50.0;=;104.0
0805292000;HS10;Autres;Fruit;Alimentation;30.0;2.0;3.0;19.0;50.0;=;104.0
0805299000;HS10;Autres - Autre;Fruit - Other;Alimentation;30.0;2.0;3.0;19.0;50.0;=;104.0
080530;HS6;Citrons et limes;Lemons and limes;;;;;;;;
0805301000;HS10;Citrons et limes - Espèce 1;Lemons and limes - Species 1;Alimentation;15.0;2.0;3.0;19.0;;=;39.0
0805302000;HS10;Citrons et limes - Espèce 2;Lemons and limes - Species 2;Alimentation;15.0;2.0;3.0;19.0;;=;39.0
0805309000;HS10;Citrons et limes - Autre espèce;Lemons and limes - Other species;Alimentation;15.0;2.0;3.0;19.0;;=;39.0
080540;HS6;Pamplemousses et pomelos;Grapefruit and pomelos;;;;;;;;
0805401000;HS10;Pamplemousses et pomelos frais;Pamplemousses et pomelos frais;Alimentation;15.0;2.0;3.0;19.0;;=;39.0
0805402000;HS10;Pamplemousses et pomelos secs;Pamplemousses et pomelos secs;Alimentation;15.0;2.0;3.0;19.0;;=;39.0
0805409000;HS10;Pamplemousses et pomelos - Autre;Grapefruit and pomelos - Other;Alimentation;15.0;2.0;3.0;19.0;;=;39.0
080550;HS6;Citrons et limes;Lemons and limes;;;;;;;;
0805501000;HS10;Citrons et limes;Lemons and limes;Alimentation;15.0;2.0;3.0;19.0;;=;39.0
0805502000;HS10;Citrons et limes;Lemons and limes;Alimentation;15.0;2.0;3.0;19.0;;=;39.0
0805509000;HS10;Citrons et limes - Autre;Lemons and limes - Other;Alimentation;15.0;2.0;3.0;19.0;;=;39.0
080590;HS6;Autres agrumes;Other citrus fruit;;;;;;;;
0805901000;HS10;Autres agrumes frais;Autres agrumes frais;Alimentation;15.0;2.0;3.0;19.0;;=;39.0
0805902000;HS10;Autres agrumes secs;Autres agrumes secs;Alimentation;15.0;2.0;3.0;19.0;;=;39.0
0805909000;HS10;Autres agrumes - Autre;Other citrus fruit - Other;Alimentation;15.0;2.0;3.0;19.0;;=;39.0
0806;RANGEE 06;"Grapes; fresh or dried";;;;;;;;;
080610;HS6;Raisins frais;Fresh grapes;;;;;;;;
0806101000;HS10;Raisins frais - Variété 1;Fresh grapes - Variety 1;Alimentation;30.0;2.0;3.0;19.0;50.0;=;104.0
0806102000;HS10;Raisins frais - Variété 2;Fresh grapes - Variety 2;Alimentation;30.0;2.0;3.0;19.0;50.0;=;104.0
0806109000;HS10;Raisins frais - Autre;Fresh grapes - Other;Alimentation;30.0;2.0;3.0;19.0;50.0;=;104.0
080620;HS6;Raisins secs;Dried grapes;;;;;;;;
0806201000;HS10;Raisin de corinthe;Raisin de corinthe;Alimentation;30.0;2.0;3.0;19.0;50.0;=;104.0
0806202000;HS10;Sultanine;Sultanine;Alimentation;30.0;2.0;3.0;19.0;50.0;=;104.0
0806209000;HS10;Raisins secs - Autre;Dried grapes - Other;Alimentation;30.0;2.0;3.0;19.0;50.0;=;104.0
0807;RANGEE 07;"Melons (including watermelons) and papaws (papayas); fresh";;;;;;;;;
080711;HS6;Pastèques;Watermelons;;;;;;;;
0807111000;HS10;Pastèques - Variété 1;Watermelons - Variety 1;Alimentation;30.0;2.0;3.0;19.0;50.0;=;104.0
0807112000;HS10;Pastèques - Variété 2;Watermelons - Variety 2;Alimentation;30.0;2.0;3.0;19.0;50.0;=;104.0
0807119000;HS10;Pastèques - Autre;Watermelons - Other;Alimentation;30.0;2.0;3.0;19.0;50.0;=;104.0
080719;HS6;Autres melons frais;Other fresh melons;;;;;;;;
0807191000;HS10;Autres melons frais;Other fresh melons;Alimentation;30.0;2.0;3.0;19.0;50.0;=;104.0
0807192000;HS10;Autres melons frais;Other fresh melons;Alimentation;30.0;2.0;3.0;19.0;50.0;=;104.0
0807199000;HS10;Autres melons frais - Autre;Other fresh melons - Other;Alimentation;30.0;2.0;3.0;19.0;50.0;=;104.0
080720;HS6;Papayes;Papayas;;;;;;;;
0807201000;HS10;Papayes - Variété 1;Papayas - Variety 1;Alimentation;30.0;2.0;3.0;19.0;50.0;=;104.0
0807202000;HS10;Papayes - Variété 2;Papayas - Variety 2;Alimentation;30.0;2.0;3.0;19.0;50.0;=;104.0
0807209000;HS10;Papayes - Autre;Papayas - Other;Alimentation;30.0;2.0;3.0;19.0;50.0;=;104.0
0808;RANGEE 08;"Apples, pears and quinces; fresh";;;;;;;;;
080810;HS6;Pommes fraîches;Fresh apples;;;;;;;;
0808101000;HS10;Pommes fraiches pour la transformation;Pommes fraiches pour la transformation;Alimentation;30.0;2.0;3.0;19.0;50.0;=;104.0
0808102000;HS10;Pommes fraîches;Fresh apples;Alimentation;30.0;2.0;3.0;19.0;50.0;=;104.0
0808109000;HS10;Pommes fraîches - Autre;Fresh apples - Other;Alimentation;30.0;2.0;3.0;19.0;50.0;=;104.0
080830;HS6;Poires fraîches;Fresh pears;;;;;;;;
0808301000;HS10;Poires fraiches pour la transformation;Poires fraiches pour la transformation;Alimentation;30.0;2.0;3.0;19.0;50.0;=;104.0
0808302000;HS10;Poires fraîches;Fresh pears;Alimentation;30.0;2.0;3.0;19.0;50.0;=;104.0
0808309000;HS10;Poires fraîches - Autre;Fresh pears - Other;Alimentation;30.0;2.0;3.0;19.0;50.0;=;104.0
080840;HS6;Coings frais;Fresh quinces;;;;;;;;
0808401000;HS10;Coings frais;Fresh quinces;Alimentation;30.0;2.0;3.0;19.0;50.0;=;104.0
0808402000;HS10;Coings frais;Fresh quinces;Alimentation;30.0;2.0;3.0;19.0;50.0;=;104.0
0808409000;HS10;Coings frais - Autre;Fresh quinces - Other;Alimentation;30.0;2.0;3.0;19.0;50.0;=;104.0
0809;RANGEE 09;Apricots, cherries, peaches (including nectarines), plums and sloes, fresh;;;;;;;;;
080910;HS6;Abricots frais;Fresh apricots;;;;;;;;
0809101000;HS10;Abricots frais pour la transformation;Abricots frais pour la transformation;Alimentation;30.0;2.0;3.0;19.0;50.0;=;104.0
0809102000;HS10;Abricots frais;Fresh apricots;Alimentation;30.0;2.0;3.0;19.0;50.0;=;104.0
0809109000;HS10;Abricots frais - Autre;Fresh apricots - Other;Alimentation;30.0;2.0;3.0;19.0;50.0;=;104.0
080921;HS6;Cerises acides fraîches;Fresh sour cherries;;;;;;;;
0809211000;HS10;Cerises acides fraîches;Fresh sour cherries;Alimentation;30.0;2.0;3.0;19.0;50.0;=;104.0
0809212000;HS10;Cerises acides fraîches;Fresh sour cherries;Alimentation;30.0;2.0;3.0;19.0;50.0;=;104.0
0809219000;HS10;Cerises acides fraîches - Autre;Fresh sour cherries - Other;Alimentation;30.0;2.0;3.0;19.0;50.0;=;104.0
080929;HS6;Autres cerises fraîches;Other fresh cherries;;;;;;;;
0809291000;HS10;Autres cerises fraîches;Other fresh cherries;Alimentation;30.0;2.0;3.0;19.0;50.0;=;104.0
0809292000;HS10;Autres cerises fraîches;Other fresh cherries;Alimentation;30.0;2.0;3.0;19.0;50.0;=;104.0
0809299000;HS10;Autres cerises fraîches - Autre;Other fresh cherries - Other;Alimentation;30.0;2.0;3.0;19.0;50.0;=;104.0
080930;HS6;Pêches et nectarines;Peaches and nectarines;;;;;;;;
0809301000;HS10;Pêches et nectarines - Variété 1;Peaches and nectarines - Variety 1;Alimentation;30.0;2.0;3.0;19.0;50.0;=;104.0
0809302000;HS10;Pêches et nectarines - Variété 2;Peaches and nectarines - Variety 2;Alimentation;30.0;2.0;3.0;19.0;50.0;=;104.0
0809309000;HS10;Pêches et nectarines - Autre;Peaches and nectarines - Other;Alimentation;30.0;2.0;3.0;19.0;50.0;=;104.0
080940;HS6;Prunes fraîches;Fresh plums;;;;;;;;
0809401000;HS10;Prunes et prunelles pour la transformation;Prunes et prunelles pour la transformation;Alimentation;30.0;2.0;3.0;19.0;50.0;=;104.0
0809402000;HS10;Prunes fraîches;Fresh plums;Alimentation;30.0;2.0;3.0;19.0;50.0;=;104.0
0809409000;HS10;Prunes fraîches - Autre;Fresh plums - Other;Alimentation;30.0;2.0;3.0;19.0;50.0;=;104.0
0810;RANGEE 10;"Fruit, fresh; n.e.c. in chapter 08";;;;;;;;;
081010;HS6;Fraises fraîches;Fresh strawberries;;;;;;;;
0810101000;HS10;Fraises fraîches - Variété 1;Fresh strawberries - Variety 1;Alimentation;30.0;2.0;3.0;19.0;50.0;=;104.0
0810102000;HS10;Fraises fraîches - Variété 2;Fresh strawberries - Variety 2;Alimentation;30.0;2.0;3.0;19.0;50.0;=;104.0
0810109000;HS10;Fraises fraîches - Autre;Fresh strawberries - Other;Alimentation;30.0;2.0;3.0;19.0;50.0;=;104.0
081020;HS6;Framboises;Fresh raspberries;;;;;;;;
0810201000;HS10;Framboises fraiches;Framboises fraiches;Alimentation;30.0;2.0;3.0;19.0;50.0;=;104.0
0810202000;HS10;Framboises;Fresh raspberries;Alimentation;30.0;2.0;3.0;19.0;50.0;=;104.0
0810209000;HS10;Framboises - Autre;Fresh raspberries - Other;Alimentation;30.0;2.0;3.0;19.0;50.0;=;104.0
081030;HS6;Groseilles;Fresh currants;;;;;;;;
0810301000;HS10;Groseilles;Fresh currants;Alimentation;30.0;2.0;3.0;19.0;50.0;=;104.0
0810302000;HS10;Groseilles;Fresh currants;Alimentation;30.0;2.0;3.0;19.0;50.0;=;104.0
0810309000;HS10;Groseilles - Autre;Fresh currants - Other;Alimentation;30.0;2.0;3.0;19.0;50.0;=;104.0
081040;HS6;Airelles;Fresh cranberries;;;;;;;;
0810401000;HS10;Airelles fraiches;Airelles fraiches;Alimentation;30.0;2.0;3.0;19.0;50.0;=;104.0
0810402000;HS10;Myrtilles fraiches;Myrtilles fraiches;Alimentation;30.0;2.0;3.0;19.0;50.0;=;104.0
0810409000;HS10;Airelles - Autre;Fresh cranberries - Other;Alimentation;30.0;2.0;3.0;19.0;50.0;=;104.0
081050;HS6;Kiwis frais;Fresh kiwifruit;;;;;;;;
0810501000;HS10;Kiwis frais;Fresh kiwifruit;Alimentation;30.0;2.0;3.0;19.0;50.0;=;104.0
0810502000;HS10;Kiwis frais;Fresh kiwifruit;Alimentation;30.0;2.0;3.0;19.0;50.0;=;104.0
0810509000;HS10;Kiwis frais - Autre;Fresh kiwifruit - Other;Alimentation;30.0;2.0;3.0;19.0;50.0;=;104.0
081060;HS6;Durians frais;Fresh durians;;;;;;;;
0810601000;HS10;Durians frais;Fresh durians;Alimentation;30.0;2.0;3.0;19.0;50.0;=;104.0
0810602000;HS10;Durians frais;Fresh durians;Alimentation;30.0;2.0;3.0;19.0;50.0;=;104.0
0810609000;HS10;Durians frais - Autre;Fresh durians - Other;Alimentation;30.0;2.0;3.0;19.0;50.0;=;104.0
081070;HS6;Kakis frais;Fresh persimmons;;;;;;;;
0810701000;HS10;Kakis frais;Fresh persimmons;Alimentation;30.0;2.0;3.0;19.0;50.0;=;104.0
0810702000;HS10;Kakis frais;Fresh persimmons;Alimentation;30.0;2.0;3.0;19.0;50.0;=;104.0
0810709000;HS10;Kakis frais - Autre;Fresh persimmons - Other;Alimentation;30.0;2.0;3.0;19.0;50.0;=;104.0
081090;HS6;Autres fruits frais (litchis, fruits de la passion);Other fresh fruits (litchis, passion fruit);;;;;;;;
0810901000;HS10;Autres fruits frais (litchis, fruits de la passion) - Espèce 1;Other fresh fruits (litchis, passion fruit) - Species 1;Alimentation;30.0;2.0;3.0;19.0;50.0;=;104.0
0810902000;HS10;Autres fruits frais (litchis, fruits de la passion) - Espèce 2;Other fresh fruits (litchis, passion fruit) - Species 2;Alimentation;30.0;2.0;3.0;19.0;50.0;=;104.0
0810909000;HS10;Autres fruits frais (litchis, fruits de la passion) - Autre espèce;Other fresh fruits (litchis, passion fruit) - Other species;Alimentation;30.0;2.0;3.0;19.0;50.0;=;104.0
0811;RANGEE 11;"Fruit and nuts; uncooked or cooked by steaming or boiling in water, frozen, whether or not containing added sugar or other sweetening matter";;;;;;;;;
081110;HS6;Fraises congelées;Frozen strawberries;;;;;;;;
0811101000;HS10;Fraises congelées;Frozen strawberries;Alimentation;15.0;2.0;3.0;19.0;;=;39.0
0811102000;HS10;Fraises congelées;Frozen strawberries;Alimentation;15.0;2.0;3.0;19.0;;=;39.0
0811109000;HS10;Fraises congelées - Autre;Frozen strawberries - Other;Alimentation;15.0;2.0;3.0;19.0;;=;39.0
081120;HS6;Framboises congelées;Frozen raspberries;;;;;;;;
0811201000;HS10;Framboises congelées;Frozen raspberries;Alimentation;15.0;2.0;3.0;19.0;;=;39.0
0811202000;HS10;Framboises congelées;Frozen raspberries;Alimentation;15.0;2.0;3.0;19.0;;=;39.0
0811209000;HS10;Framboises congelées - Autre;Frozen raspberries - Other;Alimentation;15.0;2.0;3.0;19.0;;=;39.0
081190;HS6;Autres fruits congelés;Other frozen fruit;;;;;;;;
0811901000;HS10;Autres fruits congelés;Other frozen fruit;Alimentation;15.0;2.0;3.0;19.0;;=;39.0
0811902000;HS10;Autres fruits congelés;Other frozen fruit;Alimentation;15.0;2.0;3.0;19.0;;=;39.0
0811909000;HS10;Autres fruits congelés - Autre;Other frozen fruit - Other;Alimentation;15.0;2.0;3.0;19.0;;=;39.0
0812;RANGEE 12;Fruit and nuts provisionally preserved, but unsuitable in that state for immediate consumption;;;;;;;;;
081210;HS6;Cerises conservées;Provisionally preserved cherries;;;;;;;;
0812101000;HS10;Cerises conservées;Provisionally preserved cherries;Alimentation;15.0;2.0;3.0;19.0;;=;39.0
0812102000;HS10;Cerises conservées;Provisionally preserved cherries;Alimentation;15.0;2.0;3.0;19.0;;=;39.0
0812109000;HS10;Cerises conservées - Autre;Provisionally preserved cherries - Other;Alimentation;15.0;2.0;3.0;19.0;;=;39.0
081290;HS6;Autres fruits conservés;Other provisionally preserved fruit;;;;;;;;
0812901000;HS10;Autres abricots;Autres abricots;Alimentation;15.0;2.0;3.0;19.0;;=;39.0
0812902000;HS10;Autres oranges;Autres oranges;Alimentation;15.0;2.0;3.0;19.0;;=;39.0
0812909000;HS10;Autres fruits conservés - Autre;Other provisionally preserved fruit - Other;Alimentation;15.0;2.0;3.0;19.0;;=;39.0
0813;RANGEE 13;"Fruit, dried, other than that of heading no. 0801 to 0806; mixtures of nuts or dried fruits of this chapter";;;;;;;;;
081310;HS6;Abricots séchés;Dried apricots;;;;;;;;
0813101000;HS10;Abricots séchés;Dried apricots;Alimentation;15.0;2.0;3.0;19.0;;=;39.0
0813102000;HS10;Abricots séchés;Dried apricots;Alimentation;15.0;2.0;3.0;19.0;;=;39.0
0813109000;HS10;Abricots séchés - Autre;Dried apricots - Other;Alimentation;15.0;2.0;3.0;19.0;;=;39.0
081320;HS6;Pruneaux;Dried prunes;;;;;;;;
0813201000;HS10;Pruneaux;Dried prunes;Alimentation;15.0;2.0;3.0;19.0;;=;39.0
0813202000;HS10;Pruneaux;Dried prunes;Alimentation;15.0;2.0;3.0;19.0;;=;39.0
0813209000;HS10;Pruneaux - Autre;Dried prunes - Other;Alimentation;15.0;2.0;3.0;19.0;;=;39.0
081330;HS6;Pommes séchées;Dried apples;;;;;;;;
0813301000;HS10;Pommes séchées;Dried apples;Alimentation;15.0;2.0;3.0;19.0;;=;39.0
0813302000;HS10;Pommes séchées;Dried apples;Alimentation;15.0;2.0;3.0;19.0;;=;39.0
0813309000;HS10;Pommes séchées - Autre;Dried apples - Other;Alimentation;15.0;2.0;3.0;19.0;;=;39.0
081340;HS6;Autres fruits séchés;Other dried fruit;;;;;;;;
0813401000;HS10;Autres fruits peches y compris les brugnons et nectarines;Autres fruits peches y compris les brugnons et nectarines;Alimentation;15.0;2.0;3.0;19.0;;=;39.0
0813402000;HS10;Autres fruits poires;Autres fruits poires;Alimentation;15.0;2.0;3.0;19.0;;=;39.0
0813409000;HS10;Autres fruits séchés - Autre;Other dried fruit - Other;Alimentation;15.0;2.0;3.0;19.0;;=;39.0
081350;HS6;Mélanges de fruits secs;Mixtures of dried fruit;;;;;;;;
0813501000;HS10;Mélanges de fruits séchés ou de fruits a coques du present chapitre composés principalementdagrumes;Melanges de fruits seches ou de fruits a coques du present chapitre composes principalementdagrumes;Alimentation;15.0;2.0;3.0;19.0;;=;39.0
0813502000;HS10;Mélanges de fruits séchés ou de fruits a coques du present chapitre composés principalement de dattes;Melanges de fruits seches ou de fruits a coques du present chapitre composes principalement de dattes;Alimentation;15.0;2.0;3.0;19.0;;=;39.0
0813509000;HS10;Mélanges de fruits secs - Autre;Mixtures of dried fruit - Other;Alimentation;15.0;2.0;3.0;19.0;;=;39.0
0814;RANGEE 14;"Peel of citrus fruit or melons (including watermelons); fresh, frozen dried or provisionally preserved in brine, in sulphur water or in other preservative solutions";;;;;;;;;
081400;HS6;Écorces d'agrumes ou de melons;Peel of citrus or melons;;;;;;;;
0814001000;HS10;Fraiches;Fraiches;Alimentation;15.0;2.0;3.0;19.0;;=;39.0
0814002000;HS10;Congelees;Congelees;Alimentation;15.0;2.0;3.0;19.0;;=;39.0
0814009000;HS10;Écorces d'agrumes ou de melons - Autre;Peel of citrus or melons - Other;Alimentation;15.0;2.0;3.0;19.0;;=;39.0
CHAPITRE 09;CHAPITRE;Café, thé, épices;;;;;;;;;
0901;RANGEE 01;"Coffee, whether or not roasted or decaffeinated; husks and skins; coffee substitutes containing coffee in any proportion";;;;;;;;;
090111;HS6;Café non torréfié;Coffee;;;;;;;;
0901111000;HS10;Cafe non torrefie non decafeine cafe robusta;Cafe non torrefie non decafeine cafe robusta;Alimentation;15.0;2.0;3.0;19.0;;910 Déclaration d'Importation du Produit | 210 Autorisation de Libre Circulation | 902 Autorisation d'admission du produit | 215 Certificat Phytosanitaire du Pays d'Origine;39.0
0901112000;HS10;Cafe non torrefie non decafeine cafe arabica;Cafe non torrefie non decafeine cafe arabica;Alimentation;15.0;2.0;3.0;19.0;;=;39.0
0901119000;HS10;Café non torréfié - Autre;Coffee - Other;Alimentation;15.0;2.0;3.0;19.0;;=;39.0
090112;HS6;Café non torréfié décaféiné;Coffee not roasted decaffeinated;;;;;;;;
0901121000;HS10;Café non torréfié décaféiné - Variété 1;Coffee not roasted decaffeinated - Variety 1;Alimentation;15.0;2.0;3.0;19.0;;=;39.0
0901122000;HS10;Café non torréfié décaféiné - Variété 2;Coffee not roasted decaffeinated - Variety 2;Alimentation;15.0;2.0;3.0;19.0;;=;39.0
0901129000;HS10;Café non torréfié décaféiné - Autre;Coffee not roasted decaffeinated - Other;Alimentation;15.0;2.0;3.0;19.0;;=;39.0
090121;HS6;Café torréfié;Coffee;;;;;;;;
0901211000;HS10;Café torréfié;Coffee;Alimentation;15.0;2.0;3.0;19.0;;=;39.0
0901212000;HS10;Café torréfié;Coffee;Alimentation;15.0;2.0;3.0;19.0;;=;39.0
0901219000;HS10;Café torréfié - Autre;Coffee - Other;Alimentation;15.0;2.0;3.0;19.0;;=;39.0
090122;HS6;Café torréfié;Coffee;;;;;;;;
0901221000;HS10;Café torréfié;Coffee;Alimentation;15.0;2.0;3.0;19.0;;=;39.0
0901222000;HS10;Café torréfié;Coffee;Alimentation;15.0;2.0;3.0;19.0;;=;39.0
0901229000;HS10;Café torréfié - Autre;Coffee - Other;Alimentation;15.0;2.0;3.0;19.0;;=;39.0
090130;HS6;Coques et pellicules de café;Coffee husks and skins;;;;;;;;
0901301000;HS10;Coques et pellicules de café;Coffee husks and skins;Alimentation;15.0;2.0;3.0;19.0;;=;39.0
0901302000;HS10;Coques et pellicules de café;Coffee husks and skins;Alimentation;15.0;2.0;3.0;19.0;;=;39.0
0901309000;HS10;Coques et pellicules de café - Autre;Coffee husks and skins - Other;Alimentation;15.0;2.0;3.0;19.0;;=;39.0
090190;HS6;Succédanés de café contenant du café;Coffee substitutes containing coffee;;;;;;;;
0901901000;HS10;Succédanés de café contenant du café;Coffee substitutes containing coffee;Alimentation;15.0;2.0;3.0;19.0;;=;39.0
0901902000;HS10;Autres succedanes du cafe contenant du cafe;Autres succedanes du cafe contenant du cafe;Alimentation;15.0;2.0;3.0;19.0;;=;39.0
0901909000;HS10;Succédanés de café contenant du café - Autre;Coffee substitutes containing coffee - Other;Alimentation;15.0;2.0;3.0;19.0;;=;39.0
0902;RANGEE 02;Tea;;;;;;;;;
090210;HS6;Thé vert non fermenté;Green tea (not fermented);;;;;;;;
0902101000;HS10;Thé vert non fermenté - Grade 1 / Premium;Green tea (not fermented) - Grade 1 / Premium;Alimentation;15.0;2.0;3.0;19.0;;=;39.0
0902102000;HS10;Thé vert non fermenté - Grade 2 / Standard;Green tea (not fermented) - Grade 2 / Standard;Alimentation;15.0;2.0;3.0;19.0;;=;39.0
0902109000;HS10;Thé vert non fermenté - Autre;Green tea (not fermented) - Other;Alimentation;15.0;2.0;3.0;19.0;;=;39.0
090220;HS6;Autres thés verts ≤3kg;Other green tea;;;;;;;;
0902201000;HS10;Autres thés verts ≤3kg;Other green tea;Alimentation;15.0;2.0;3.0;19.0;;=;39.0
0902202000;HS10;Autres thés verts ≤3kg;Other green tea;Alimentation;15.0;2.0;3.0;19.0;;=;39.0
0902209000;HS10;Autres thés verts ≤3kg - Autre;Other green tea - Other;Alimentation;15.0;2.0;3.0;19.0;;=;39.0
090230;HS6;Thé noir fermenté ≤3kg;Black tea;;;;;;;;
0902301000;HS10;The noir fermenté et the partiellement fermenté presentes en emballages immediats dun contenu nexcedant pas 3 kg en sachets de portion individuelle;The noir fermente et the partiellement fermente presentes en emballages immediats dun contenu nexcedant pas 3 kg en sachets de portion individuelle;Alimentation;15.0;2.0;3.0;19.0;;=;39.0
0902302000;HS10;Thé noir fermenté ≤3kg;Black tea;Alimentation;15.0;2.0;3.0;19.0;;=;39.0
0902309000;HS10;Thé noir fermenté ≤3kg - Autre;Black tea - Other;Alimentation;15.0;2.0;3.0;19.0;;=;39.0
090240;HS6;Thé noir en vrac;Black tea in bulk;;;;;;;;
0902401000;HS10;Thé noir en vrac - Grade 1 / Premium;Black tea in bulk - Grade 1 / Premium;Alimentation;15.0;2.0;3.0;19.0;;=;39.0
0902402000;HS10;Thé noir en vrac - Grade 2 / Standard;Black tea in bulk - Grade 2 / Standard;Alimentation;15.0;2.0;3.0;19.0;;=;39.0
0902409000;HS10;Thé noir en vrac - Autre;Black tea in bulk - Other;Alimentation;15.0;2.0;3.0;19.0;;=;39.0
0903;RANGEE 03;Mate;;;;;;;;;
090300;HS6;Maté;Maté;;;;;;;;
0903001000;HS10;Maté;Maté;Alimentation;15.0;2.0;3.0;19.0;;=;39.0
0903002000;HS10;Maté;Maté;Alimentation;15.0;2.0;3.0;19.0;;=;39.0
0903009000;HS10;Maté - Autre;Maté - Other;Alimentation;15.0;2.0;3.0;19.0;;=;39.0
0904;RANGEE 04;"Pepper of the genus piper; dried or crushed or ground fruits of the genus capsicum or of the genus pimenta";;;;;;;;;
090411;HS6;Poivre non broyé;Pepper, not crushed;;;;;;;;
0904111000;HS10;Poivre non broyé - Variété 1;Pepper, not crushed - Variety 1;Alimentation;15.0;2.0;3.0;19.0;;=;39.0
0904112000;HS10;Poivre non broyé - Variété 2;Pepper, not crushed - Variety 2;Alimentation;15.0;2.0;3.0;19.0;;=;39.0
0904119000;HS10;Poivre non broyé - Autre;Pepper, not crushed - Other;Alimentation;15.0;2.0;3.0;19.0;;=;39.0
090412;HS6;Poivre broyé;Pepper;;;;;;;;
0904121000;HS10;Poivre broyé;Pepper;Alimentation;15.0;2.0;3.0;19.0;;=;39.0
0904122000;HS10;Poivre broyé;Pepper;Alimentation;15.0;2.0;3.0;19.0;;=;39.0
0904129000;HS10;Poivre broyé - Autre;Pepper - Other;Alimentation;15.0;2.0;3.0;19.0;;=;39.0
090420;HS6;Piments du genre Capsicum séchés;Dried fruits of genus Capsicum;;;;;;;;
0904201000;HS10;Piments du genre Capsicum séchés - Variété 1;Dried fruits of genus Capsicum - Variety 1;Alimentation;15.0;2.0;3.0;19.0;;=;39.0
0904202000;HS10;Piments du genre Capsicum séchés - Variété 2;Dried fruits of genus Capsicum - Variety 2;Alimentation;15.0;2.0;3.0;19.0;;=;39.0
0904209000;HS10;Piments du genre Capsicum séchés - Autre;Dried fruits of genus Capsicum - Other;Alimentation;15.0;2.0;3.0;19.0;;=;39.0
090421;HS6;Séchés;Spices;;;;;;;;
0904211000;HS10;Séchés;Spices;Alimentation;15.0;2.0;3.0;19.0;;=;39.0
0904212000;HS10;Séchés;Spices;Alimentation;15.0;2.0;3.0;19.0;;=;39.0
0904219000;HS10;Séchés - Autre;Spices - Other;Alimentation;15.0;2.0;3.0;19.0;;=;39.0
090422;HS6;Broyés ou pulvérisés;Spices;;;;;;;;
0904221000;HS10;Broyés ou pulvérisés;Spices;Alimentation;15.0;2.0;3.0;19.0;;=;39.0
0904222000;HS10;Broyés ou pulvérisés;Spices;Alimentation;15.0;2.0;3.0;19.0;;=;39.0
0904229000;HS10;Broyés ou pulvérisés - Autre;Spices - Other;Alimentation;15.0;2.0;3.0;19.0;;=;39.0
0905;RANGEE 05;Vanilla;;;;;;;;;
090500;HS6;Vanille;Vanilla;;;;;;;;
0905001000;HS10;Vanille;Vanilla;Alimentation;15.0;2.0;3.0;19.0;;=;39.0
0905002000;HS10;Vanille;Vanilla;Alimentation;15.0;2.0;3.0;19.0;;=;39.0
0905009000;HS10;Vanille - Autre;Vanilla - Other;Alimentation;15.0;2.0;3.0;19.0;;=;39.0
090510;HS6;Non broyée ni pulvérisée;Spices;;;;;;;;
0905101000;HS10;Non broyée ni pulvérisée;Spices;Alimentation;15.0;2.0;3.0;19.0;;=;39.0
0905102000;HS10;Non broyée ni pulvérisée;Spices;Alimentation;15.0;2.0;3.0;19.0;;=;39.0
0905109000;HS10;Non broyée ni pulvérisée - Autre;Spices - Other;Alimentation;15.0;2.0;3.0;19.0;;=;39.0
090520;HS6;Broyée ou pulvérisée;Spices;;;;;;;;
0905201000;HS10;Broyée ou pulvérisée;Spices;Alimentation;15.0;2.0;3.0;19.0;;=;39.0
0905202000;HS10;Broyée ou pulvérisée;Spices;Alimentation;15.0;2.0;3.0;19.0;;=;39.0
0905209000;HS10;Broyée ou pulvérisée - Autre;Spices - Other;Alimentation;15.0;2.0;3.0;19.0;;=;39.0
0906;RANGEE 06;Cinnamon and cinnamon-tree flowers;;;;;;;;;
090611;HS6;Cannelle non broyée;Cinnamon, not crushed;;;;;;;;
0906111000;HS10;Cannelle non broyée - Variété 1;Cinnamon, not crushed - Variety 1;Alimentation;15.0;2.0;3.0;19.0;;=;39.0
0906112000;HS10;Cannelle non broyée - Variété 2;Cinnamon, not crushed - Variety 2;Alimentation;15.0;2.0;3.0;19.0;;=;39.0
0906119000;HS10;Cannelle non broyée - Autre;Cinnamon, not crushed - Other;Alimentation;15.0;2.0;3.0;19.0;;=;39.0
090619;HS6;Cannelle broyée;Cinnamon;;;;;;;;
0906191000;HS10;Cannelle broyée;Cinnamon;Alimentation;15.0;2.0;3.0;19.0;;=;39.0
0906192000;HS10;Cannelle broyée;Cinnamon;Alimentation;15.0;2.0;3.0;19.0;;=;39.0
0906199000;HS10;Cannelle broyée - Autre;Cinnamon - Other;Alimentation;15.0;2.0;3.0;19.0;;=;39.0
090620;HS6;Fleurs de cannelier;Cinnamon-tree flowers;;;;;;;;
0906201000;HS10;Fleurs de cannelier;Cinnamon-tree flowers;Alimentation;15.0;2.0;3.0;19.0;;=;39.0
0906202000;HS10;Fleurs de cannelier;Cinnamon-tree flowers;Alimentation;15.0;2.0;3.0;19.0;;=;39.0
0906209000;HS10;Fleurs de cannelier - Autre;Cinnamon-tree flowers - Other;Alimentation;15.0;2.0;3.0;19.0;;=;39.0
0907;RANGEE 07;Cloves (whole fruit, cloves and stems);;;;;;;;;
090700;HS6;Girofles;Cloves;;;;;;;;
0907001000;HS10;Girofles;Cloves;Alimentation;15.0;2.0;3.0;19.0;;=;39.0
0907002000;HS10;Girofles;Cloves;Alimentation;15.0;2.0;3.0;19.0;;=;39.0
0907009000;HS10;Girofles - Autre;Cloves - Other;Alimentation;15.0;2.0;3.0;19.0;;=;39.0
090710;HS6;Non broyés ni pulvérisés;Spices;;;;;;;;
0907101000;HS10;Non broyés ni pulvérisés;Spices;Alimentation;15.0;2.0;3.0;19.0;;=;39.0
0907102000;HS10;Non broyés ni pulvérisés;Spices;Alimentation;15.0;2.0;3.0;19.0;;=;39.0
0907109000;HS10;Non broyés ni pulvérisés - Autre;Spices - Other;Alimentation;15.0;2.0;3.0;19.0;;=;39.0
090720;HS6;Broyée ou pulvérisée;Spices;;;;;;;;
0907201000;HS10;Broyée ou pulvérisée;Spices;Alimentation;15.0;2.0;3.0;19.0;;=;39.0
0907202000;HS10;Broyée ou pulvérisée;Spices;Alimentation;15.0;2.0;3.0;19.0;;=;39.0
0907209000;HS10;Broyée ou pulvérisée - Autre;Spices - Other;Alimentation;15.0;2.0;3.0;19.0;;=;39.0
0908;RANGEE 08;Nutmeg, mace and cardamoms;;;;;;;;;
090810;HS6;Noix muscade;Nutmeg;;;;;;;;
0908101000;HS10;Noix muscade;Nutmeg;Alimentation;15.0;2.0;3.0;19.0;;=;39.0
0908102000;HS10;Noix muscade;Nutmeg;Alimentation;15.0;2.0;3.0;19.0;;=;39.0
0908109000;HS10;Noix muscade - Autre;Nutmeg - Other;Alimentation;15.0;2.0;3.0;19.0;;=;39.0
090811;HS6;Non broyées ni pulvérisées;Spices;;;;;;;;
0908111000;HS10;Non broyées ni pulvérisées;Spices;Alimentation;15.0;2.0;3.0;19.0;;=;39.0
0908112000;HS10;Non broyées ni pulvérisées;Spices;Alimentation;15.0;2.0;3.0;19.0;;=;39.0
0908119000;HS10;Non broyées ni pulvérisées - Autre;Spices - Other;Alimentation;15.0;2.0;3.0;19.0;;=;39.0
090812;HS6;Broyée ou pulvérisée;Spices;;;;;;;;
0908121000;HS10;Broyée ou pulvérisée;Spices;Alimentation;15.0;2.0;3.0;19.0;;=;39.0
0908122000;HS10;Broyée ou pulvérisée;Spices;Alimentation;15.0;2.0;3.0;19.0;;=;39.0
0908129000;HS10;Broyée ou pulvérisée - Autre;Spices - Other;Alimentation;15.0;2.0;3.0;19.0;;=;39.0
090820;HS6;Macis;Mace;;;;;;;;
0908201000;HS10;Macis;Mace;Alimentation;15.0;2.0;3.0;19.0;;=;39.0
0908202000;HS10;Macis;Mace;Alimentation;15.0;2.0;3.0;19.0;;=;39.0
0908209000;HS10;Macis - Autre;Mace - Other;Alimentation;15.0;2.0;3.0;19.0;;=;39.0
090821;HS6;Non broyé ni pulvérisé;Spices;;;;;;;;
0908211000;HS10;Non broyé ni pulvérisé;Spices;Alimentation;15.0;2.0;3.0;19.0;;=;39.0
0908212000;HS10;Non broyé ni pulvérisé;Spices;Alimentation;15.0;2.0;3.0;19.0;;=;39.0
0908219000;HS10;Non broyé ni pulvérisé - Autre;Spices - Other;Alimentation;15.0;2.0;3.0;19.0;;=;39.0
090822;HS6;Broyé ou pulvérisé;Spices;;;;;;;;
0908221000;HS10;Broyé ou pulvérisé;Spices;Alimentation;15.0;2.0;3.0;19.0;;=;39.0
0908222000;HS10;Broyé ou pulvérisé;Spices;Alimentation;15.0;2.0;3.0;19.0;;=;39.0
0908229000;HS10;Broyé ou pulvérisé - Autre;Spices - Other;Alimentation;15.0;2.0;3.0;19.0;;=;39.0
090830;HS6;Amomes et cardamomes;Cardamoms;;;;;;;;
0908301000;HS10;Amomes et cardamomes;Cardamoms;Alimentation;15.0;2.0;3.0;19.0;;=;39.0
0908302000;HS10;Amomes et cardamomes;Cardamoms;Alimentation;15.0;2.0;3.0;19.0;;=;39.0
0908309000;HS10;Amomes et cardamomes - Autre;Cardamoms - Other;Alimentation;15.0;2.0;3.0;19.0;;=;39.0
090831;HS6;Non broyés ni pulvérisés;Spices;;;;;;;;
0908311000;HS10;Non broyés ni pulvérisés;Spices;Alimentation;15.0;2.0;3.0;19.0;;=;39.0
0908312000;HS10;Non broyés ni pulvérisés;Spices;Alimentation;15.0;2.0;3.0;19.0;;=;39.0
0908319000;HS10;Non broyés ni pulvérisés - Autre;Spices - Other;Alimentation;15.0;2.0;3.0;19.0;;=;39.0
090832;HS6;Broyés ou pulvérisés;Spices;;;;;;;;
0908321000;HS10;Broyés ou pulvérisés;Spices;Alimentation;15.0;2.0;3.0;19.0;;=;39.0
0908322000;HS10;Broyés ou pulvérisés;Spices;Alimentation;15.0;2.0;3.0;19.0;;=;39.0
0908329000;HS10;Broyés ou pulvérisés - Autre;Spices - Other;Alimentation;15.0;2.0;3.0;19.0;;=;39.0
0909;RANGEE 09;Seeds of anise, badian, fennel, coriander, cumin, caraway or juniper;;;;;;;;;
090910;HS6;Graines d'anis ou de badiane;Seeds of anise or badian;;;;;;;;
0909101000;HS10;Graines d'anis ou de badiane;Seeds of anise or badian;Alimentation;15.0;2.0;3.0;19.0;;=;39.0
0909102000;HS10;Graines d'anis ou de badiane;Seeds of anise or badian;Alimentation;15.0;2.0;3.0;19.0;;=;39.0
0909109000;HS10;Graines d'anis ou de badiane - Autre;Seeds of anise or badian - Other;Alimentation;15.0;2.0;3.0;19.0;;=;39.0
090921;HS6;Graines de coriandre non broyées;Coriander seeds;;;;;;;;
0909211000;HS10;Graines de coriandre non broyées;Coriander seeds;Alimentation;15.0;2.0;3.0;19.0;;=;39.0
0909212000;HS10;Graines de coriandre non broyées;Coriander seeds;Alimentation;15.0;2.0;3.0;19.0;;=;39.0
0909219000;HS10;Graines de coriandre non broyées - Autre;Coriander seeds - Other;Alimentation;15.0;2.0;3.0;19.0;;=;39.0
090922;HS6;Graines de coriandre broyées;Coriander seeds;;;;;;;;
0909221000;HS10;Graines de coriandre broyées;Coriander seeds;Alimentation;15.0;2.0;3.0;19.0;;=;39.0
0909222000;HS10;Graines de coriandre broyées;Coriander seeds;Alimentation;15.0;2.0;3.0;19.0;;=;39.0
0909229000;HS10;Graines de coriandre broyées - Autre;Coriander seeds - Other;Alimentation;15.0;2.0;3.0;19.0;;=;39.0
090931;HS6;Graines de cumin non broyées;Cumin seeds;;;;;;;;
0909311000;HS10;Graines de cumin non broyées;Cumin seeds;Alimentation;15.0;2.0;3.0;19.0;;=;39.0
0909312000;HS10;Graines de cumin non broyées;Cumin seeds;Alimentation;15.0;2.0;3.0;19.0;;=;39.0
0909319000;HS10;Graines de cumin non broyées - Autre;Cumin seeds - Other;Alimentation;15.0;2.0;3.0;19.0;;=;39.0
090932;HS6;Graines de cumin broyées;Cumin seeds;;;;;;;;
0909321000;HS10;Graines de cumin broyées;Cumin seeds;Alimentation;15.0;2.0;3.0;19.0;;=;39.0
0909322000;HS10;Graines de cumin broyées;Cumin seeds;Alimentation;15.0;2.0;3.0;19.0;;=;39.0
0909329000;HS10;Graines de cumin broyées - Autre;Cumin seeds - Other;Alimentation;15.0;2.0;3.0;19.0;;=;39.0
090961;HS6;Graines de genièvre;Juniper berries;;;;;;;;
0909611000;HS10;Graines danis de badiane de carvi de fenouil baies de genievre non broyees ni pulverisees graines de fenouil de semence;Graines danis de badiane de carvi de fenouil baies de genievre non broyees ni pulverisees graines de fenouil de semence;Alimentation;15.0;2.0;3.0;19.0;;=;39.0
0909612000;HS10;Graines danis de badiane de carvi de fenouil baies de genievre non broyees ni pulverisees graines de fenouil autres que de semence;Graines danis de badiane de carvi de fenouil baies de genievre non broyees ni pulverisees graines de fenouil autres que de semence;Alimentation;15.0;2.0;3.0;19.0;;=;39.0
0909619000;HS10;Graines de genièvre - Autre;Juniper berries - Other;Alimentation;15.0;2.0;3.0;19.0;;=;39.0
090962;HS6;Autres graines aromatiques;Other aromatic seeds;;;;;;;;
0909621000;HS10;Graines danis de badiane de carvi de fenouil baies de genievre broyees ou pulverisees graines de fenouil;Graines danis de badiane de carvi de fenouil baies de genievre broyees ou pulverisees graines de fenouil;Alimentation;15.0;2.0;3.0;19.0;;=;39.0
0909622000;HS10;Autres graines aromatiques;Other aromatic seeds;Alimentation;15.0;2.0;3.0;19.0;;=;39.0
0909629000;HS10;Autres graines aromatiques - Autre;Other aromatic seeds - Other;Alimentation;15.0;2.0;3.0;19.0;;=;39.0
0910;RANGEE 10;Ginger, saffron, tumeric (curcuma), thyme, bay leaves, curry and other spices;;;;;;;;;
091010;HS6;Gingembre;Ginger;;;;;;;;
0910101000;HS10;Gingembre;Ginger;Alimentation;15.0;2.0;3.0;19.0;;=;39.0
0910102000;HS10;Gingembre;Ginger;Alimentation;15.0;2.0;3.0;19.0;;=;39.0
0910109000;HS10;Gingembre - Autre;Ginger - Other;Alimentation;15.0;2.0;3.0;19.0;;=;39.0
091011;HS6;Non broyé ni pulvérisé;Spices;;;;;;;;
0910111000;HS10;Non broyé ni pulvérisé;Spices;Alimentation;15.0;2.0;3.0;19.0;;=;39.0
0910112000;HS10;Non broyé ni pulvérisé;Spices;Alimentation;15.0;2.0;3.0;19.0;;=;39.0
0910119000;HS10;Non broyé ni pulvérisé - Autre;Spices - Other;Alimentation;15.0;2.0;3.0;19.0;;=;39.0
091012;HS6;Broyé ou pulvérisé;Spices;;;;;;;;
0910121000;HS10;Broyé ou pulvérisé;Spices;Alimentation;15.0;2.0;3.0;19.0;;=;39.0
0910122000;HS10;Broyé ou pulvérisé;Spices;Alimentation;15.0;2.0;3.0;19.0;;=;39.0
0910129000;HS10;Broyé ou pulvérisé - Autre;Spices - Other;Alimentation;15.0;2.0;3.0;19.0;;=;39.0
091020;HS6;Safran;Saffron;;;;;;;;
0910201000;HS10;Safran - Grade 1 / Premium;Saffron - Grade 1 / Premium;Alimentation;15.0;2.0;3.0;19.0;;=;39.0
0910202000;HS10;Safran - Grade 2 / Standard;Saffron - Grade 2 / Standard;Alimentation;15.0;2.0;3.0;19.0;;=;39.0
0910209000;HS10;Safran - Autre;Saffron - Other;Alimentation;15.0;2.0;3.0;19.0;;=;39.0
091030;HS6;Curcuma;Turmeric (curcuma);;;;;;;;
0910301000;HS10;Curcuma non broye ni pulverise;Curcuma non broye ni pulverise;Alimentation;15.0;2.0;3.0;19.0;;=;39.0
0910302000;HS10;Curcuma broye ou pulverise;Curcuma broye ou pulverise;Alimentation;15.0;2.0;3.0;19.0;;=;39.0
0910309000;HS10;Curcuma - Autre;Turmeric (curcuma) - Other;Alimentation;15.0;2.0;3.0;19.0;;=;39.0
091091;HS6;Mélanges d'épices;Mixtures of spices;;;;;;;;
0910911000;HS10;Autres epices mélanges vises a la note 1 b du present chapitre non broye ni pulverise;Autres epices melanges vises a la note 1 b du present chapitre non broye ni pulverise;Alimentation;15.0;2.0;3.0;19.0;;=;39.0
0910912000;HS10;Mélanges d'épices;Mixtures of spices;Alimentation;15.0;2.0;3.0;19.0;;=;39.0
0910919000;HS10;Mélanges d'épices - Autre;Mixtures of spices - Other;Alimentation;15.0;2.0;3.0;19.0;;=;39.0
091099;HS6;Autres épices;Other spices;;;;;;;;
0910991000;HS10;Autres epices autres graines de fenugrec;Autres epices autres graines de fenugrec;Alimentation;15.0;2.0;3.0;19.0;;=;39.0
0910992000;HS10;Autres épices;Other spices;Alimentation;15.0;2.0;3.0;19.0;;=;39.0
0910999000;HS10;Autres épices - Autre;Other spices - Other;Alimentation;15.0;2.0;3.0;19.0;;=;39.0
CHAPITRE 10;CHAPITRE;Céréales;;;;;;;;;
1001;RANGEE 01;Wheat and meslin;;;;;;;;;
100110;HS6;Blé dur;Durum wheat;;;;;;;;
1001100010;HS10;Blé dur - Usage spécifique;Durum wheat - Specific use;Alimentation;15.0;2.0;3.0;9.0;;910 Déclaration d'Importation du Produit | 210 Autorisation de Libre Circulation | 902 Autorisation d'admission du produit | 215 Certificat Phytosanitaire du Pays d'Origine;29.0
1001100090;HS10;Blé dur - Autre usage;Durum wheat - Other use;Alimentation;15.0;2.0;3.0;9.0;;=;29.0
100111;HS6;De semence;Cereals;;;;;;;;
1001111000;HS10;De semence;Cereals;Alimentation;15.0;2.0;3.0;19.0;;=;39.0
1001112000;HS10;De semence;Cereals;Alimentation;15.0;2.0;3.0;19.0;;=;39.0
1001119000;HS10;De semence - Autre;Cereals - Other;Alimentation;15.0;2.0;3.0;19.0;;=;39.0
100119;HS6;Autres;Cereals;;;;;;;;
1001191000;HS10;Blé dur en vrac autre que de semence;Blé dur en vrac autre que de semence;Alimentation;15.0;2.0;3.0;9.0;;=;29.0
1001192000;HS10;Autres;Cereals;Alimentation;15.0;2.0;3.0;9.0;;=;29.0
1001199000;HS10;Autres - Autre;Cereals - Other;Alimentation;15.0;2.0;3.0;9.0;;=;29.0
100190;HS6;Autres froments et méteil;Other wheat and meslin;;;;;;;;
1001901000;HS10;Autres froments et méteil;Other wheat and meslin;Alimentation;15.0;2.0;3.0;19.0;;=;39.0
1001902000;HS10;Autres froments et méteil;Other wheat and meslin;Alimentation;15.0;2.0;3.0;19.0;;=;39.0
1001909000;HS10;Autres froments et méteil - Autre;Other wheat and meslin - Other;Alimentation;15.0;2.0;3.0;19.0;;=;39.0
100191;HS6;De semence;Cereals;;;;;;;;
1001911000;HS10;Blé tendre de semence;Blé tendre de semence;Alimentation;15.0;2.0;3.0;9.0;;=;29.0
1001912000;HS10;De semence;Cereals;Alimentation;15.0;2.0;3.0;9.0;;=;29.0
1001919000;HS10;De semence - Autre;Cereals - Other;Alimentation;15.0;2.0;3.0;9.0;;=;29.0
100199;HS6;Autres;Cereals;;;;;;;;
1001991000;HS10;Blé tendre autre que de semence;Blé tendre autre que de semence;Alimentation;15.0;2.0;3.0;9.0;;=;29.0
1001992000;HS10;Autres;Cereals;Alimentation;15.0;2.0;3.0;9.0;;=;29.0
1001999000;HS10;Autres - Autre;Cereals - Other;Alimentation;15.0;2.0;3.0;9.0;;=;29.0
1002;RANGEE 02;Rye;;;;;;;;;
100200;HS6;Seigle;Rye;;;;;;;;
1002001000;HS10;Seigle;Rye;Alimentation;15.0;2.0;3.0;19.0;;=;39.0
1002002000;HS10;Seigle;Rye;Alimentation;15.0;2.0;3.0;19.0;;=;39.0
1002009000;HS10;Seigle - Autre;Rye - Other;Alimentation;15.0;2.0;3.0;19.0;;=;39.0
100210;HS6;De semence;Cereals;;;;;;;;
1002101000;HS10;De semence;Cereals;Alimentation;15.0;2.0;3.0;9.0;;=;29.0
1002102000;HS10;De semence;Cereals;Alimentation;15.0;2.0;3.0;9.0;;=;29.0
1002109000;HS10;De semence - Autre;Cereals - Other;Alimentation;15.0;2.0;3.0;9.0;;=;29.0
100290;HS6;Autres;Cereals;;;;;;;;
1002901000;HS10;Autres;Cereals;Alimentation;15.0;2.0;3.0;9.0;;=;29.0
1002902000;HS10;Autres;Cereals;Alimentation;15.0;2.0;3.0;9.0;;=;29.0
1002909000;HS10;Autres - Autre;Cereals - Other;Alimentation;15.0;2.0;3.0;9.0;;=;29.0
1003;RANGEE 03;Barley;;;;;;;;;
100300;HS6;Orge;Barley;;;;;;;;
1003001000;HS10;Orge;Barley;Alimentation;15.0;2.0;3.0;19.0;;=;39.0
1003002000;HS10;Orge;Barley;Alimentation;15.0;2.0;3.0;19.0;;=;39.0
1003009000;HS10;Orge - Autre;Barley - Other;Alimentation;15.0;2.0;3.0;19.0;;=;39.0
100310;HS6;Orge de semence;Seed barley;;;;;;;;
1003101000;HS10;Orge de semence - Variété 1;Seed barley - Variety 1;Alimentation;15.0;2.0;3.0;9.0;;=;29.0
1003102000;HS10;Orge de semence - Variété 2;Seed barley - Variety 2;Alimentation;15.0;2.0;3.0;9.0;;=;29.0
1003109000;HS10;Orge de semence - Autre;Seed barley - Other;Alimentation;15.0;2.0;3.0;9.0;;=;29.0
100390;HS6;Orge autre;Other barley;;;;;;;;
1003900010;HS10;Orge autre - Usage spécifique;Other barley - Specific use;Alimentation;15.0;2.0;3.0;9.0;;=;29.0
1003900090;HS10;Orge autre - Autre usage;Other barley - Other use;Alimentation;15.0;2.0;3.0;9.0;;=;29.0
1004;RANGEE 04;Oats;;;;;;;;;
100400;HS6;Avoine;Oats;;;;;;;;
1004001000;HS10;Avoine;Oats;Alimentation;15.0;2.0;3.0;19.0;;=;39.0
1004002000;HS10;Avoine;Oats;Alimentation;15.0;2.0;3.0;19.0;;=;39.0
1004009000;HS10;Avoine - Autre;Oats - Other;Alimentation;15.0;2.0;3.0;19.0;;=;39.0
100410;HS6;De semence;Cereals;;;;;;;;
1004101000;HS10;De semence;Cereals;Alimentation;15.0;2.0;3.0;9.0;;=;29.0
1004102000;HS10;De semence;Cereals;Alimentation;15.0;2.0;3.0;9.0;;=;29.0
1004109000;HS10;De semence - Autre;Cereals - Other;Alimentation;15.0;2.0;3.0;9.0;;=;29.0
100490;HS6;Autres;Cereals;;;;;;;;
1004901000;HS10;Autres;Cereals;Alimentation;15.0;2.0;3.0;9.0;;=;29.0
1004902000;HS10;Autres;Cereals;Alimentation;15.0;2.0;3.0;9.0;;=;29.0
1004909000;HS10;Autres - Autre;Cereals - Other;Alimentation;15.0;2.0;3.0;9.0;;=;29.0
1005;RANGEE 05;Maize (corn);;;;;;;;;
100510;HS6;Maïs de semence;Seed maize;;;;;;;;
1005101000;HS10;Maïs de semence - Variété 1;Seed maize - Variety 1;Alimentation;15.0;2.0;3.0;9.0;;=;29.0
1005102000;HS10;Maïs de semence - Variété 2;Seed maize - Variety 2;Alimentation;15.0;2.0;3.0;9.0;;=;29.0
1005109000;HS10;Maïs de semence - Autre;Seed maize - Other;Alimentation;15.0;2.0;3.0;9.0;;=;29.0
100590;HS6;Autres maïs;Other maize;;;;;;;;
1005901000;HS10;Maïs destiné à lalimentation du bétail et de la volaille;Maïs destiné à lalimentation du bétail et de la volaille;Alimentation;15.0;2.0;3.0;9.0;;=;29.0
1005902000;HS10;Autres maïs;Other maize;Alimentation;15.0;2.0;3.0;9.0;;=;29.0
1005909000;HS10;Autres maïs - Autre;Other maize - Other;Alimentation;15.0;2.0;3.0;9.0;;=;29.0
1006;RANGEE 06;Rice;;;;;;;;;
100610;HS6;Riz en paille;Rice in the husk;;;;;;;;
1006101000;HS10;Riz en paille riz paddy de semence;Riz en paille riz paddy de semence;Alimentation;15.0;2.0;3.0;9.0;;=;29.0
1006102000;HS10;Riz en paille;Rice in the husk;Alimentation;15.0;2.0;3.0;9.0;;=;29.0
1006109000;HS10;Riz en paille - Autre;Rice in the husk - Other;Alimentation;15.0;2.0;3.0;9.0;;=;29.0
100620;HS6;Riz décortiqué;Husked rice;;;;;;;;
1006201000;HS10;Riz décortiqué riz cargobrun étuvé;Riz décortiqué riz cargobrun étuvé;Alimentation;15.0;2.0;3.0;9.0;;=;29.0
1006202000;HS10;Riz décortiqué;Husked rice;Alimentation;15.0;2.0;3.0;9.0;;=;29.0
1006209000;HS10;Riz décortiqué - Autre;Husked rice - Other;Alimentation;15.0;2.0;3.0;9.0;;=;29.0
100630;HS6;Riz semi-blanchi ou blanchi;Semi-milled or wholly milled rice;;;;;;;;
1006301000;HS10;Riz long grain;Long grain rice;Alimentation;5.0;2.0;3.0;9.0;;=;19.0
1006309000;HS10;Autre riz;Other rice;Alimentation;5.0;2.0;3.0;9.0;;=;19.0
100640;HS6;Riz en brisures;Broken rice;;;;;;;;
1006400010;HS10;Riz en brisures - Usage spécifique;Broken rice - Specific use;Alimentation;15.0;2.0;3.0;9.0;;=;29.0
1006400090;HS10;Riz en brisures - Autre usage;Broken rice - Other use;Alimentation;15.0;2.0;3.0;9.0;;=;29.0
1007;RANGEE 07;Grain sorghum;;;;;;;;;
100700;HS6;Sorgho à grains;Grain sorghum;;;;;;;;
1007001000;HS10;Sorgho à grains;Grain sorghum;Alimentation;15.0;2.0;3.0;19.0;;=;39.0
1007002000;HS10;Sorgho à grains;Grain sorghum;Alimentation;15.0;2.0;3.0;19.0;;=;39.0
1007009000;HS10;Sorgho à grains - Autre;Grain sorghum - Other;Alimentation;15.0;2.0;3.0;19.0;;=;39.0
100710;HS6;Sorgho à grains;Grain sorghum;;;;;;;;
1007101000;HS10;Sorgho à grains - Variété 1;Grain sorghum - Variety 1;Alimentation;15.0;2.0;3.0;9.0;;=;29.0
1007102000;HS10;Sorgho à grains - Variété 2;Grain sorghum - Variety 2;Alimentation;15.0;2.0;3.0;9.0;;=;29.0
1007109000;HS10;Sorgho à grains - Autre;Grain sorghum - Other;Alimentation;15.0;2.0;3.0;9.0;;=;29.0
100790;HS6;II. Autres;Cereals;;;;;;;;
1007901000;HS10;II. Autres;Cereals;Alimentation;15.0;2.0;3.0;9.0;;=;29.0
1007902000;HS10;II. Autres;Cereals;Alimentation;15.0;2.0;3.0;9.0;;=;29.0
1007909000;HS10;II. Autres - Autre;Cereals - Other;Alimentation;15.0;2.0;3.0;9.0;;=;29.0
1008;RANGEE 08;"Buckwheat, millet and canary seeds; other cereals";;;;;;;;;
100810;HS6;Sarrasin;Buckwheat;;;;;;;;
1008101000;HS10;Sarrasin de semence;Sarrasin de semence;Alimentation;15.0;2.0;3.0;9.0;;=;29.0
1008102000;HS10;Sarrasin;Buckwheat;Alimentation;15.0;2.0;3.0;9.0;;=;29.0
1008109000;HS10;Sarrasin - Autre;Buckwheat - Other;Alimentation;15.0;2.0;3.0;9.0;;=;29.0
100821;HS6;Millet de semence;Seed millet;;;;;;;;
1008211000;HS10;Millet de semence - Variété 1;Seed millet - Variety 1;Alimentation;15.0;2.0;3.0;9.0;;=;29.0
1008212000;HS10;Millet de semence - Variété 2;Seed millet - Variety 2;Alimentation;15.0;2.0;3.0;9.0;;=;29.0
1008219000;HS10;Millet de semence - Autre;Seed millet - Other;Alimentation;15.0;2.0;3.0;9.0;;=;29.0
100829;HS6;Millet autre;Other millet;;;;;;;;
1008291000;HS10;Millet autre - Variété 1;Other millet - Variety 1;Alimentation;15.0;2.0;3.0;9.0;;=;29.0
1008292000;HS10;Millet autre - Variété 2;Other millet - Variety 2;Alimentation;15.0;2.0;3.0;9.0;;=;29.0
1008299000;HS10;Millet autre - Autre;Other millet - Other;Alimentation;15.0;2.0;3.0;9.0;;=;29.0
100830;HS6;Alpiste;Canary seed;;;;;;;;
1008301000;HS10;Alpiste de semence;Alpiste de semence;Alimentation;15.0;2.0;3.0;9.0;;=;29.0
1008302000;HS10;Alpiste;Canary seed;Alimentation;15.0;2.0;3.0;9.0;;=;29.0
1008309000;HS10;Alpiste - Autre;Canary seed - Other;Alimentation;15.0;2.0;3.0;9.0;;=;29.0
100840;HS6;Fonio (Digitaria spp.);Fonio (Digitaria spp.);;;;;;;;
1008401000;HS10;Fonio (Digitaria spp.) - Variété 1;Fonio (Digitaria spp.) - Variety 1;Alimentation;15.0;2.0;3.0;9.0;;=;29.0
1008402000;HS10;Fonio (Digitaria spp.) - Variété 2;Fonio (Digitaria spp.) - Variety 2;Alimentation;15.0;2.0;3.0;9.0;;=;29.0
1008409000;HS10;Fonio (Digitaria spp.) - Autre;Fonio (Digitaria spp.) - Other;Alimentation;15.0;2.0;3.0;9.0;;=;29.0
100850;HS6;Quinoa;Quinoa;;;;;;;;
1008501000;HS10;Quinoa de semence;Quinoa de semence;Alimentation;15.0;2.0;3.0;9.0;;=;29.0
1008502000;HS10;Quinoa;Quinoa;Alimentation;15.0;2.0;3.0;9.0;;=;29.0
1008509000;HS10;Quinoa - Autre;Quinoa - Other;Alimentation;15.0;2.0;3.0;9.0;;=;29.0
100860;HS6;Triticale;Triticale;;;;;;;;
1008601000;HS10;Triticale de semence;Triticale de semence;Alimentation;15.0;2.0;3.0;9.0;;=;29.0
1008602000;HS10;Triticale;Triticale;Alimentation;15.0;2.0;3.0;9.0;;=;29.0
1008609000;HS10;Triticale - Autre;Triticale - Other;Alimentation;15.0;2.0;3.0;9.0;;=;29.0
100890;HS6;Autres céréales (teff, éleusine);Other cereals (teff, eleusine);;;;;;;;
1008901000;HS10;Autres céréales (teff, éleusine) - Espèce 1;Other cereals (teff, eleusine) - Species 1;Alimentation;15.0;2.0;3.0;9.0;;=;29.0
1008902000;HS10;Autres céréales (teff, éleusine) - Espèce 2;Other cereals (teff, eleusine) - Species 2;Alimentation;15.0;2.0;3.0;9.0;;=;29.0
1008909000;HS10;Autres céréales (teff, éleusine) - Autre espèce;Other cereals (teff, eleusine) - Other species;Alimentation;15.0;2.0;3.0;9.0;;=;29.0
