code,taux,page_pdf
0101.2100,Free,1
0101.2900,Free,1
0101.3000,Free,1
0101.9000,Free,1
0102.2100,Free,1
0102.2900,Free,1
0102.3100,Free,1
0102.3900,Free,1
0102.9000,Free,1
0103.1000,Free,1
0103.9100,Free,1
0103.9200,Free,1
0104.1000,Free,1
0104.2000,Free,2
0105.1100,Free,2
0105.1200,Free,2
0105.1300,Free,2
0105.1400,Free,2
0105.1500,Free,2
0105.9400,Free,2
0105.9900,Free,2
0106.1100,Free,2
0106.1200,Free,2
0106.1300,Free,2
0106.1400,Free,2
0106.1900,Free,2
0106.2000,Free,2
0106.3100,Free,2
0106.3200,Free,2
0106.3300,Free,2
0106.3900,Free,2
0106.4100,Free,2
0106.4900,Free,2
0106.9000,Free,2
0201.1000,35%,3
0201.2000,35%,3
0201.3000,35%,3
0202.1000,35%,3
0202.2000,35%,3
0202.3000,35%,3
0203.1100,35%,3
0203.1200,35%,3
0203.1900,35%,3
0203.2100,35%,3
0203.2200,35%,3
0203.2900,35%,3
0204.1000,35%,3
0204.2100,35%,3
0204.2200,35%,3
0204.2300,35%,3
0204.3000,35%,3
0204.4100,35%,3
0204.4200,35%,3
0204.4300,35%,3
0204.5000,35%,3
0205.0000,35%,3
0206.1000,35%,3
0206.2100,35%,3
0206.2200,35%,3
0206.2900,35%,3
0206.3000,35%,3
0206.4100,35%,3
0206.4900,35%,3
0206.8000,35%,3
0206.9000,35%,3
0207.1100,35%,3
0207.1200,35%,4
0207.1300,35%,4
0207.1400,35%,4
0207.2400,35%,4
0207.2500,35%,4
0207.2600,35%,4
0207.2700,35%,4
0207.4100,35%,4
0207.4200,35%,4
0207.4300,35%,4
0207.4400,35%,4
0207.4500,35%,4
0207.5100,35%,4
0207.5200,35%,4
0207.5300,35%,4
0207.5400,35%,4
0207.5500,35%,4
0207.6000,35%,4
0208.1000,35%,4
0208.3000,35%,4
0208.4000,35%,4
0208.5000,35%,4
0208.6000,35%,4
0208.9000,35%,4
0209.1000,35%,4
0209.9000,35%,4
0210.1100,35%,4
0210.1200,35%,4
0210.1900,35%,4
0210.2000,35%,4
0210.9100,35%,4
0210.9200,35%,4
0210.9300,35%,4
0210.9900,35%,4
0301.1100,Free,5
0301.1900,25%,5
0301.9100,25%,5
0301.9200,25%,5
0301.9300,25%,5
0301.9400,25%,5
0301.9500,25%,5
0301.9900,Free,5
0302.1100,25%,5
0302.1300,25%,5
0302.1400,25%,5
0302.1900,25%,5
0302.2100,25%,5
0302.2200,25%,5
0302.2300,25%,6
0302.2400,25%,6
0302.2900,25%,6
0302.3100,25%,6
0302.3200,25%,6
0302.3300,25%,6
0302.3400,25%,6
0302.3500,25%,6
0302.3600,25%,6
0302.3900,25%,6
0302.4100,25%,6
0302.4200,25%,6
0302.4300,25%,6
0302.4400,25%,6
0302.4500,25%,6
0302.4600,25%,6
0302.4700,25%,6
0302.4900,25%,6
0302.5100,25%,6
0302.5200,25%,6
0302.5300,25%,6
0302.5400,25%,6
0302.5500,25%,6
0302.5600,25%,6
0302.5900,25%,6
0302.7100,25%,6
0302.7200,25%,7
0302.7300,25%,7
0302.7400,25%,7
0302.7900,25%,7
0302.8100,25%,7
0302.8200,25%,7
0302.8300,25%,7
0302.8400,25%,7
0302.8500,25%,7
0302.8900,25%,7
0302.9100,25%,7
0302.9200,25%,7
0302.9900,25%,7
0303.1100,25%,7
0303.1200,25%,7
0303.1300,25%,7
0303.1400,25%,7
0303.1900,25%,7
0303.2300,25%,7
0303.2400,25%,7
0303.2500,25%,7
0303.2600,25%,7
0303.2900,25%,7
0303.3100,25%,7
0303.3200,25%,7
0303.3300,25%,7
0303.3400,25%,7
0303.3900,25%,7
0303.4100,25%,8
0303.4200,25%,8
0303.4300,25%,8
0303.4400,25%,8
0303.4500,25%,8
0303.4600,25%,8
0303.4900,25%,8
0303.5100,25%,8
0303.5300,25%,8
0303.5400,25%,8
0303.5500,25%,8
0303.5600,25%,8
0303.5700,25%,8
0303.5900,25%,8
0303.6300,25%,8
0303.6400,25%,8
0303.6500,25%,8
0303.6600,25%,8
0303.6700,25%,8
0303.6800,25%,8
0303.6900,25%,8
0303.8100,25%,8
0303.8200,25%,8
0303.8300,25%,8
0303.8400,25%,8
0303.8900,25%,8
0303.9100,Free,8
0303.9200,25%,8
0303.9900,25%,8
0304.3100,25%,9
0304.3200,25%,9
0304.3300,25%,9
0304.3900,25%,9
0304.4100,25%,9
0304.4200,25%,9
0304.4300,25%,9
0304.4400,25%,9
0304.4500,25%,9
0304.4600,25%,9
0304.4700,25%,9
0304.4800,25%,9
0304.4900,25%,9
0304.5100,25%,9
0304.5200,25%,9
0304.5300,25%,9
0304.5400,25%,9
0304.5500,25%,9
0304.5600,25%,9
0304.5700,25%,9
0304.5900,25%,9
0304.6100,25%,9
0304.6200,25%,9
0304.6300,25%,9
0304.6900,25%,9
0304.7100,25%,9
0304.7200,25%,10
0304.7300,25%,10
0304.7400,25%,10
0304.7500,25%,10
0304.7900,25%,10
0304.8100,25%,10
0304.8200,25%,10
0304.8300,25%,10
0304.8400,25%,10
0304.8500,25%,10
0304.8600,25%,10
0304.8700,25%,10
0304.8800,25%,10
0304.8900,25%,10
0304.9100,25%,10
0304.9200,25%,10
0304.9300,25%,10
0304.9400,25%,10
0304.9500,25%,10
0304.9600,25%,10
0304.9700,25%,10
0304.9900,25%,10
0305.1000,25%,10
0305.2000,25%,10
0305.3100,25%,10
0305.3200,25%,10
0305.3900,25%,10
0305.4100,25%,11
0305.4200,25%,11
0305.4300,25%,11
0305.4400,25%,11
0305.4900,25%,11
0305.5100,25%,11
0305.5200,25%,11
0305.5300,25%,11
0305.5400,25%,11
0305.5900,25%,11
0305.6100,25%,11
0305.6200,25%,11
0305.6300,25%,11
0305.6400,25%,11
0305.6900,25%,11
0305.7100,25%,11
0305.7200,25%,11
0305.7900,25%,12
0306.1100,25%,12
0306.1200,25%,12
0306.1400,25%,12
0306.1500,25%,12
0306.1600,25%,12
0306.1700,25%,12
0306.1900,25%,12
0306.3100,25%,12
0306.3200,25%,12
0306.3300,25%,12
0306.3400,25%,12
0306.3500,25%,12
0306.3600,25%,12
0306.3900,25%,12
0306.9100,25%,12
0306.9200,25%,12
0306.9300,25%,12
0306.9400,25%,12
0306.9500,25%,12
0306.9900,25%,12
0307.1100,25%,12
0307.1200,25%,12
0307.1900,25%,12
0307.2100,25%,12
0307.2200,25%,12
0307.2900,25%,12
0307.3100,25%,12
0307.3200,25%,12
0307.3900,25%,12
0307.4200,25%,12
0307.4300,25%,12
0307.4900,25%,12
0307.5100,25%,12
0307.5200,25%,12
0307.5900,25%,12
0307.6000,25%,13
0307.7100,25%,13
0307.7200,25%,13
0307.7900,25%,13
0307.8100,25%,13
0307.8200,25%,13
0307.8300,25%,13
0307.8400,25%,13
0307.8700,25%,13
0307.8800,25%,13
0307.9100,25%,13
0307.9200,25%,13
0307.9900,25%,13
0308.1100,25%,13
0308.1200,25%,13
0308.1900,25%,13
0308.2100,25%,13
0308.2200,25%,13
0308.2900,25%,13
0308.3000,25%,13
0308.9000,25%,13
0401.1000,35%,14
0401.2000,35%,14
0401.4000,35%,14
0401.5000,35%,14
0402.1000,5%,14
0402.2100,5%,14
0402.2900,5%,14
0402.9100,5%,14
0402.9900,5%,15
0403.1000,35%,15
0403.9000,35%,15
0404.1000,5%,15
0404.9000,5%,15
0405.1000,35%,15
0405.2000,35%,15
0405.9000,35%,15
0406.1000,35%,15
0406.2000,35%,15
0406.3000,35%,15
0406.4000,35%,15
0406.9000,35%,15
0407.1100,Free,15
0407.1900,Free,15
0407.2100,15%,15
0407.2900,15%,15
0407.9000,15%,15
0408.1100,15%,15
0408.1900,15%,15
0408.9100,15%,15
0408.9900,15%,15
0409.0000,35%,15
0410.0000,35%,15
0501.0000,35%,16
0502.1000,15%,16
0502.9000,15%,16
0504.0000,15%,16
0505.1000,15%,16
0505.9000,15%,16
0506.1000,15%,16
0506.9000,15%,16
0507.1010,35%,17
0507.1090,35%,17
0507.9000,35%,17
0508.0000,35%,17
0510.0000,Free,17
0511.1000,Free,17
0511.9100,15%,17
0511.9900,Free,17
0601.1000,5%,18
0601.2000,5%,18
0602.1000,5%,18
0602.2000,5%,18
0602.3000,5%,18
0602.4000,5%,18
0602.9000,5%,18
0603.1100,5%,18
0603.1200,5%,18
0603.1300,5%,18
0603.1400,5%,18
0603.1500,5%,18
0603.1900,5%,18
0603.9000,5%,18
0604.2000,5%,18
0604.9000,5%,18
0701.1000,Free,19
0701.9000,15%,19
0702.0000,15%,19
0703.1000,35%,19
0703.2000,35%,19
0703.9000,35%,19
0704.1000,15%,19
0704.2000,15%,19
0704.9000,15%,19
0705.1100,15%,19
0705.1900,15%,19
0705.2100,15%,19
0705.2900,15%,19
0706.1000,15%,20
0706.9000,15%,20
0707.0000,15%,20
0708.1000,35%,20
0708.2000,35%,20
0708.9000,35%,20
0709.2000,15%,20
0709.3000,15%,20
0709.4000,15%,20
0709.5100,15%,20
0709.5900,15%,20
0709.6000,15%,20
0709.7000,15%,20
0709.9100,15%,20
0709.9200,15%,20
0709.9300,15%,20
0709.9900,15%,20
0710.1000,15%,20
0710.2100,15%,20
0710.2200,15%,20
0710.2900,15%,20
0710.3000,15%,20
0710.4000,15%,20
0710.8000,15%,20
0710.9000,15%,20
0711.2000,15%,20
0711.4000,15%,20
0711.5100,15%,21
0711.5900,15%,21
0711.9000,15%,21
0712.2000,15%,21
0712.3100,15%,21
0712.3200,15%,21
0712.3300,15%,21
0712.3900,15%,21
0712.9000,15%,21
0713.1000,25%,21
0713.2000,15%,21
0713.3100,15%,21
0713.3200,15%,21
0713.3300,15%,21
0713.3400,15%,21
0713.3500,15%,21
0713.3900,15%,21
0713.4000,15%,21
0713.5000,15%,21
0713.6000,15%,21
0713.9000,15%,21
0714.1000,15%,21
0714.2000,15%,21
0714.3000,15%,21
0714.4000,15%,21
0714.5000,15%,21
0714.9000,15%,21
0801.1100,25%,22
0801.1200,25%,22
0801.1900,25%,22
0801.2100,25%,22
0801.2200,25%,22
0801.3100,25%,22
0801.3200,25%,22
0802.1100,25%,22
0802.1200,25%,22
0802.2100,25%,22
0802.2200,25%,22
0802.3100,25%,22
0802.3200,25%,22
0802.4100,25%,22
0802.4200,25%,22
0802.5100,25%,22
0802.5200,25%,22
0802.6100,25%,22
0802.6200,25%,23
0802.7000,25%,23
0802.8000,25%,23
0802.9000,25%,23
0803.1000,25%,23
0803.9000,25%,23
0804.1000,25%,23
0804.2000,25%,23
0804.3000,25%,23
0804.4000,25%,23
0804.5000,25%,23
0805.1000,25%,23
0805.2100,25%,23
0805.2200,25%,23
0805.2900,25%,23
0805.4000,25%,23
0805.5000,25%,23
0805.9000,25%,23
0806.1000,25%,23
0806.2000,25%,23
0807.1100,25%,23
0807.1900,25%,23
0807.2000,25%,23
0808.1000,25%,23
0808.3000,25%,23
0808.4000,25%,23
0809.1000,25%,23
0809.2100,25%,24
0809.2900,25%,24
0809.3000,25%,24
0809.4000,25%,24
0810.1000,25%,24
0810.2000,25%,24
0810.3000,25%,24
0810.4000,25%,24
0810.5000,25%,24
0810.6000,25%,24
0810.7000,25%,24
0810.9000,25%,24
0811.1000,25%,24
0811.2000,25%,24
0811.9000,25%,24
0812.1000,25%,24
0812.9000,25%,24
0813.1000,25%,24
0813.2000,25%,24
0813.3000,25%,24
0813.4000,25%,24
0813.5000,25%,24
0814.0000,25%,24
0901.1100,Free,25
0901.1200,Free,25
0901.2100,25%,25
0901.2200,25%,25
0901.9000,25%,25
0902.1000,25%,25
0902.2000,25%,25
0902.3000,25%,25
0902.4000,25%,25
0903.0000,25%,25
0904.1100,25%,25
0904.1200,25%,25
0904.2100,25%,25
0904.2200,25%,25
0905.1000,25%,25
0905.2000,25%,25
0906.1100,25%,26
0906.1900,25%,26
0906.2000,25%,26
0907.1000,25%,26
0907.2000,25%,26
0908.1100,25%,26
0908.1200,25%,26
0908.2100,25%,26
0908.2200,25%,26
0908.3100,25%,26
0908.3200,25%,26
0909.2100,25%,26
0909.2200,25%,26
0909.3100,25%,26
0909.3200,25%,26
0909.6100,25%,26
0909.6200,25%,26
0910.1100,25%,26
0910.1200,25%,26
0910.2000,25%,26
0910.3000,25%,26
0910.9100,25%,26
0910.9900,25%,26
1001.1100,Free,27
1001.1900,5%,27
1001.9100,Free,27
1001.9900,5%,27
1002.1000,Free,27
1002.9000,5%,27
1003.1000,Free,27
1003.9000,5%,27
1004.1000,Free,27
1004.9000,5%,27
1005.1000,Free,27
1005.9000,5%,27
1006.1000,5%,27
1006.2000,5%,27
1006.3000,5%,27
1006.4000,5%,27
1007.1000,Free,27
1007.9000,5%,27
1008.1000,5%,27
1008.2100,Free,27
1008.2900,5%,27
1008.3000,5%,27
1008.4000,5%,27
1008.5000,5%,27
1008.6000,5%,27
1008.9010,5%,27
1008.9090,5%,27
1101.0000,15%,29
1102.2000,15%,29
1102.9000,15%,29
1103.1110,5%,29
1103.1190,15%,29
1103.1300,15%,29
1103.1900,15%,29
1103.2000,15%,29
1104.1200,15%,29
1104.1900,15%,29
1104.2200,15%,29
1104.2300,15%,29
1104.2900,15%,29
1104.3010,15%,29
1104.3090,15%,29
1105.1000,15%,29
1105.2000,15%,29
1106.1000,15%,29
1106.2000,15%,29
1106.3000,15%,29
1107.1000,15%,29
1107.2000,15%,29
1108.1100,Free,29
1108.1200,5%,29
1108.1300,5%,29
1108.1400,5%,29
1108.1900,5%,29
1108.2000,5%,29
1109.0000,15%,29
1201.1000,Free,30
1201.9000,Free,30
1202.3000,Free,31
1202.4100,Free,31
1202.4200,Free,31
1203.0000,Free,31
1204.0000,Free,31
1205.1000,Free,31
1205.9000,Free,31
1206.0000,Free,31
1207.1000,Free,31
1207.2100,Free,31
1207.2900,Free,31
1207.3000,Free,31
1207.4000,Free,31
1207.5000,Free,31
1207.6000,Free,31
1207.7000,Free,31
1207.9100,Free,31
1207.9900,Free,31
1208.1000,25%,31
1208.9000,25%,31
1209.1000,Free,31
1209.2100,Free,31
1209.2200,Free,31
1209.2300,Free,31
1209.2400,Free,31
1209.2500,Free,31
1209.2900,Free,31
1209.3000,Free,31
1209.9100,Free,31
1209.9900,Free,31
1210.1000,15%,32
1210.2000,15%,32
1211.2000,Free,32
1211.3000,Free,32
1211.4000,Free,32
1211.5000,Free,32
1211.9000,Free,32
1212.2100,35%,32
1212.2900,Free,32
1212.9100,35%,32
1212.9200,5%,32
1212.9300,5%,32
1212.9400,5%,32
1212.9900,5%,32
1213.0000,5%,32
1214.1000,Free,32
1214.9000,Free,32
1301.2010,Free,33
1301.2090,15%,33
1301.9000,15%,33
1302.1100,Prohibited,33
1302.1200,15%,33
1302.1300,25%,33
1302.1400,15%,33
1302.1900,15%,33
1302.2000,Free,33
1302.3100,15%,33
1302.3200,15%,33
1302.3900,15%,33
1401.1000,15%,34
1401.2000,15%,34
1401.9000,15%,34
1404.2000,Free,34
1404.9000,5%,34
1501.1000,15%,35
1501.2000,15%,35
1501.9000,15%,35
1502.1000,15%,35
1502.9000,15%,35
1503.0000,15%,35
1504.1010,15%,36
1504.1090,15%,36
1504.2010,15%,36
1504.2090,15%,36
1504.3010,15%,36
1504.3090,15%,36
1505.0000,15%,36
1506.0010,15%,36
1506.0090,15%,36
1507.1000,5%,36
1507.9010,15%,36
1507.9020,15%,36
1507.9090,15%,36
1508.1000,5%,36
1508.9010,15%,36
1508.9020,15%,36
1508.9090,15%,36
1509.1010,15%,36
1509.1020,15%,36
1509.1090,15%,36
1509.9010,15%,37
1509.9020,15%,37
1509.9090,15%,37
1510.0010,15%,37
1510.0020,15%,37
1510.0090,15%,37
1511.1000,5%,37
1511.9010,15%,37
1511.9020,15%,37
1511.9090,15%,37
1512.1100,5%,37
1512.1910,15%,37
1512.1920,15%,37
1512.1990,15%,37
1512.2100,5%,37
1512.2910,15%,37
1512.2920,15%,37
1512.2990,15%,37
1513.1100,5%,37
1513.1910,15%,38
1513.1920,15%,38
1513.1990,15%,38
1513.2100,5%,38
1513.2910,15%,38
1513.2920,15%,38
1513.2990,15%,38
1514.1100,5%,38
1514.1910,15%,38
1514.1920,15%,38
1514.1990,15%,38
1514.9100,5%,38
1514.9910,15%,38
1514.9920,15%,38
1514.9990,15%,38
1515.1100,5%,38
1515.1910,15%,38
1515.1920,15%,38
1515.1990,15%,38
1515.2100,5%,38
1515.2910,15%,39
1515.2920,15%,39
1515.2990,15%,39
1515.3010,15%,39
1515.3020,15%,39
1515.3090,15%,39
1515.5010,15%,39
1515.5020,15%,39
1515.5090,15%,39
1515.9010,15%,39
1515.9020,15%,39
1515.9090,15%,39
1516.1010,15%,39
1516.1020,15%,39
1516.1090,15%,39
1516.2010,15%,39
1516.2020,15%,39
1516.2030,15%,39
1516.2090,15%,39
1517.1010,15%,39
1517.1020,15%,40
1517.9010,15%,40
1517.9020,15%,40
1517.9030,15%,40
1517.9090,15%,40
1518.0000,15%,40
1520.0000,5%,40
1521.1000,5%,40
1521.9000,5%,40
1522.0000,5%,40
1601.0000,35%,41
1602.1000,35%,41
1602.2000,35%,41
1602.3100,35%,41
1602.3200,35%,41
1602.3900,35%,41
1602.4100,35%,41
1602.4200,35%,41
1602.4900,35%,41
1602.5000,35%,42
1602.9000,35%,42
1603.0000,35%,42
1604.1100,35%,42
1604.1200,35%,42
1604.1300,35%,42
1604.1400,35%,42
1604.1500,35%,42
1604.1600,35%,42
1604.1700,35%,42
1604.1800,35%,42
1604.1900,35%,42
1604.2000,35%,42
1604.3100,35%,42
1604.3200,35%,42
1605.1000,35%,42
1605.2100,35%,42
1605.2900,35%,42
1605.3000,35%,42
1605.4000,35%,42
1605.5100,35%,42
1605.5200,35%,42
1605.5300,35%,42
1605.5400,35%,42
1605.5500,35%,42
1605.5600,35%,42
1605.5700,35%,42
1605.5800,35%,42
1605.5900,35%,42
1605.6100,35%,42
1605.6200,35%,42
1605.6300,35%,42
1605.6900,35%,42
1701.1200,35%,43
1701.1310,Free,43
1701.1390,35%,43
1701.1400,35%,43
1701.9100,35%,43
1701.9900,35%,43
1702.1100,Free,43
1702.1900,Free,43
1702.2000,Free,43
1702.3000,Free,43
1702.4000,Free,43
1702.5000,Free,44
1702.6000,Free,44
1702.9000,Free,44
1703.1000,Free,44
1703.9000,Free,44
1704.1000,35%,44
1704.9000,35%,44
1801.0000,Free,45
1802.0000,Free,45
1803.1000,25%,45
1803.2000,25%,45
1804.0000,25%,45
1805.0000,25%,45
1806.1000,35%,45
1806.2010,35%,45
1806.2090,35%,45
1806.3100,35%,45
1806.3200,35%,45
1806.9010,35%,45
1806.9090,35%,45
1901.1000,5%,46
1901.2000,25%,46
1901.9010,15%,46
1901.9090,25%,46
1902.1100,25%,46
1902.1900,25%,46
1902.2000,25%,47
1902.3000,25%,47
1902.4000,25%,47
1903.0000,25%,47
1904.1000,25%,47
1904.2000,25%,47
1904.3000,25%,47
1904.9000,25%,47
1905.1000,35%,47
1905.2000,35%,47
1905.3100,35%,47
1905.3200,25%,47
1905.4000,35%,47
1905.9010,Free,47
1905.9020,5%,47
1905.9090,35%,47
2001.1000,35%,48
2001.9000,35%,48
2002.1000,35%,48
2002.9010,25%,48
2002.9090,35%,48
2003.1000,35%,49
2003.9000,35%,49
2004.1000,35%,49
2004.9000,35%,49
2005.1000,35%,49
2005.2000,35%,49
2005.4000,35%,49
2005.5100,35%,49
2005.5900,35%,49
2005.6000,35%,49
2005.7000,35%,49
2005.8000,35%,49
2005.9100,35%,49
2005.9900,35%,49
2006.0000,35%,49
2007.1000,35%,49
2007.9100,35%,49
2007.9900,35%,49
2008.1100,35%,49
2008.1900,35%,49
2008.2000,35%,49
2008.3000,35%,49
2008.4000,35%,49
2008.5000,35%,49
2008.6000,35%,49
2008.7000,35%,49
2008.8000,35%,49
2008.9100,35%,49
2008.9300,35%,49
2008.9700,35%,49
2008.9900,35%,49
2009.1100,35%,50
2009.1200,35%,50
2009.1910,25%,50
2009.1990,35%,50
2009.2100,35%,50
2009.2910,25%,50
2009.2990,35%,50
2009.3100,35%,50
2009.3910,25%,50
2009.3990,35%,50
2009.4100,35%,50
2009.4910,25%,50
2009.4990,35%,50
2009.5000,35%,50
2009.6100,35%,50
2009.6910,25%,50
2009.6990,35%,50
2009.7100,35%,50
2009.7910,25%,50
2009.7990,35%,50
2009.8110,35%,50
2009.8190,35%,50
2009.8910,25%,50
2009.8990,35%,50
2009.9010,25%,50
2009.9090,35%,50
2101.1100,35%,51
2101.1200,35%,51
2101.2000,35%,51
2101.3000,35%,51
2102.1000,5%,51
2102.2000,5%,51
2102.3000,5%,52
2103.1000,35%,52
2103.2000,35%,52
2103.3000,35%,52
2103.9000,35%,52
2104.1000,35%,52
2104.2000,35%,52
2105.0000,35%,52
2106.1000,15%,52
2106.9010,Free,52
2106.9020,5%,52
2106.9030,15%,52
2106.9040,35%,52
2106.9090,35%,52
2201.1000,15%,53
2201.9000,15%,53
2202.1000,25%,53
2202.9100,25%,53
2202.9910,5%,53
2202.9990,35%,53
2203.0000,35%,53
2204.1000,35%,53
2204.2100,35%,53
2204.2200,35%,53
2204.2900,35%,54
2204.3000,35%,54
2205.1000,35%,54
2205.9000,35%,54
2206.0010,35%,54
2207.1000,35%,54
2207.2000,35%,54
2208.2000,35%,54
2208.3000,35%,54
2208.4000,35%,54
2208.5000,35%,54
2208.6000,35%,54
2208.7000,35%,54
2208.9010,35%,54
2208.9090,35%,54
2209.0000,35%,54
2301.1000,Free,55
2301.2000,Free,55
2302.1000,Free,55
2302.3000,Free,55
2302.4000,Free,55
2302.5000,Free,55
2303.1000,Free,55
2303.2000,Free,55
2303.3000,Free,55
2304.0000,Free,55
2305.0000,Free,55
2306.1000,Free,55
2306.2000,Free,55
2306.3000,Free,55
2306.4100,Free,55
2306.4900,Free,55
2306.5000,Free,55
2306.6000,Free,55
2306.9000,Free,55
2307.0000,Free,55
2308.0000,Free,55
2309.1000,35%,55
2309.9010,Free,55
2309.9020,Free,55
2309.9090,Free,55
2401.1000,25%,56
2401.2000,25%,56
2401.3000,25%,56
2402.1000,35%,56
2402.2000,35%,56
2402.9000,35%,56
2403.1100,35%,56
2403.1900,35%,56
2403.9100,35%,56
2403.9900,35%,56
2501.0010,35%,57
2501.0020,Free,58
2501.0030,35%,58
2501.0090,35%,58
2502.0000,Free,58
2503.0000,Free,58
2504.1000,Free,58
2504.9000,Free,58
2505.1000,Free,58
2505.9000,Free,58
2506.1000,Free,58
2506.2000,Free,58
2507.0000,Free,58
2508.1000,Free,58
2508.3000,Free,58
2508.4000,Free,58
2508.5000,Free,58
2508.6000,Free,58
2508.7000,Free,58
2509.0000,Free,58
2510.1000,Free,58
2510.2000,Free,58
2511.1000,Free,58
2511.2000,Free,58
2512.0000,Free,58
2513.1000,Free,58
2513.2000,Free,58
2514.0000,Free,58
2515.1100,Free,59
2515.1200,Free,59
2515.2000,Free,59
2516.1100,Free,59
2516.1200,Free,59
2516.2000,Free,59
2516.9000,Free,59
2517.1000,Free,59
2517.2000,Free,59
2517.3000,Free,59
2517.4100,Free,59
2517.4900,Free,59
2518.1000,Free,59
2518.2000,Free,59
2518.3000,Free,59
2519.1000,Free,59
2519.9000,Free,59
2520.1000,15%,60
2520.2000,Free,60
2521.0000,Free,60
2522.1000,Free,60
2522.2000,Free,60
2522.3000,Free,60
2523.1000,15%,60
2523.2100,25%,60
2523.2900,25%,60
2523.3000,5%,60
2523.9000,5%,60
2524.1000,35%,60
2524.9000,35%,60
2525.1000,5%,60
2525.2000,5%,60
2525.3000,5%,60
2526.1000,Free,60
2526.2000,Free,60
2528.0000,Free,60
2529.1000,Free,60
2529.2100,Free,60
2529.2200,Free,60
2529.3000,Free,60
2530.1000,Free,60
2530.2000,Free,60
2530.9000,Free,60
2601.1100,Free,61
2601.1200,Free,61
2601.2000,Free,61
2602.0000,Free,61
2603.0000,Free,61
2604.0000,Free,61
2605.0000,Free,61
2606.0000,Free,61
2607.0000,Free,61
2608.0000,Free,61
2609.0000,Free,61
2610.0000,Free,62
2611.0000,Free,62
2612.1000,Free,62
2612.2000,Free,62
2613.1000,Free,62
2613.9000,Free,62
2614.0000,Free,62
2615.1000,Free,62
2615.9000,Free,62
2616.1000,Free,62
2616.9000,Free,62
2617.1000,Free,62
2617.9000,Free,62
2618.0000,Free,62
2619.0000,Free,62
2620.1100,Free,62
2620.1900,Free,62
2620.2100,Free,62
2620.2900,Free,62
2620.3000,Free,62
2620.4000,Free,62
2620.6000,Free,62
2620.9100,Free,62
2620.9900,Free,62
2621.1000,Free,62
2621.9000,Free,62
2701.1100,5%,63
2701.1200,5%,63
2701.1900,5%,63
2701.2000,5%,63
2702.1000,5%,63
2702.2000,5%,64
2703.0000,Free,64
2704.0000,Free,64
2705.0000,5%,64
2706.0000,5%,64
2707.1000,Free,64
2707.2000,Free,64
2707.3000,Free,64
2707.4000,Free,64
2707.5000,Free,64
2707.9100,Free,64
2707.9900,Free,64
2708.1000,5%,64
2708.2000,5%,64
2709.0000,Free,64
2710.1200,Free,64
2710.1910,Free,64
2710.1920,Free,64
2710.1930,Free,64
2710.1940,15%,64
2710.1950,Free,64
2710.1960,Free,64
2710.1990,Free,64
2710.2010,Free,65
2710.2020,Free,65
2710.2030,Free,65
2710.2040,5%,65
2710.2050,Free,65
2710.2060,Free,65
2710.2090,Free,65
2710.9100,15%,65
2710.9900,15%,65
2711.1100,Free,65
2711.1200,Free,65
2711.1300,Free,65
2711.1400,Free,65
2711.1910,Free,65
2711.1990,Free,65
2711.2100,Free,65
2711.2900,Free,65
2712.1000,15%,65
2712.2000,5%,65
2712.9000,15%,65
2713.1100,5%,65
2713.1200,5%,65
2713.2000,5%,65
2713.9000,5%,65
2714.1000,5%,65
2714.9000,5%,65
2715.0000,5%,65
2716.0000,Free,65
2801.1000,5%,68
2801.2000,5%,68
2801.3000,5%,68
2802.0000,5%,68
2803.0000,5%,68
2804.1000,5%,68
2804.2100,5%,68
2804.2900,5%,68
2804.3000,5%,68
2804.4000,5%,68
2804.5000,5%,68
2804.6100,5%,68
2804.6900,5%,68
2804.7000,5%,68
2804.8000,5%,68
2804.9000,5%,68
2805.1100,5%,68
2805.1200,5%,68
2805.1900,5%,68
2805.3000,5%,68
2805.4000,5%,68
2806.1000,5%,68
2806.2000,5%,68
2807.0000,15%,68
2808.0000,5%,68
2809.1000,5%,68
2809.2000,5%,68
2810.0000,Free,68
2811.1100,5%,68
2811.1200,5%,68
2811.1900,5%,69
2811.2100,5%,69
2811.2200,5%,69
2811.2900,5%,69
2812.1100,5%,69
2812.1200,5%,69
2812.1300,5%,69
2812.1400,5%,69
2812.1500,5%,69
2812.1600,5%,69
2812.1700,5%,69
2812.1900,5%,69
2812.9000,5%,69
2813.1000,5%,69
2813.9000,5%,69
2814.1000,5%,69
2814.2000,5%,69
2815.1100,Free,69
2815.1200,5%,69
2815.2000,5%,69
2815.3000,5%,69
2816.1000,5%,69
2816.4000,5%,69
2817.0010,Free,69
2817.0020,5%,69
2818.1000,5%,69
2818.2000,5%,69
2818.3000,5%,69
2819.1000,5%,69
2819.9000,5%,69
2820.1000,5%,70
2820.9000,5%,70
2821.1000,5%,70
2821.2000,5%,70
2822.0000,5%,70
2823.0000,Free,70
2824.1000,5%,70
2824.9000,5%,70
2825.1000,5%,70
2825.2000,5%,70
2825.3000,5%,70
2825.4000,5%,70
2825.5000,5%,70
2825.6000,5%,70
2825.7000,5%,70
2825.8000,5%,70
2825.9000,5%,70
2826.1200,5%,70
2826.1900,5%,70
2826.3000,5%,70
2826.9000,5%,70
2827.1000,5%,70
2827.2000,5%,70
2827.3100,5%,70
2827.3200,5%,70
2827.3500,5%,70
2827.3900,5%,70
2827.4100,5%,70
2827.4900,5%,70
2827.5100,5%,70
2827.5900,5%,70
2827.6000,5%,70
2828.1000,5%,70
2828.9000,5%,71
2829.1100,5%,71
2829.1910,Free,71
2829.1990,5%,71
2829.9000,5%,71
2830.1000,5%,71
2830.9000,5%,71
2831.1000,5%,71
2831.9000,5%,71
2832.1000,5%,71
2832.2000,5%,71
2832.3000,5%,71
2833.1100,5%,71
2833.1900,5%,71
2833.2100,5%,71
2833.2200,15%,71
2833.2400,5%,71
2833.2500,5%,71
2833.2700,5%,71
2833.2900,5%,71
2833.3000,5%,71
2833.4000,5%,71
2834.1000,5%,71
2834.2100,Free,71
2834.2900,5%,71
2835.1000,5%,71
2835.2200,5%,71
2835.2400,5%,71
2835.2500,5%,71
2835.2600,5%,71
2835.2900,5%,71
2835.3100,5%,71
2835.3900,5%,72
2836.2000,5%,72
2836.3000,5%,72
2836.4000,5%,72
2836.5000,5%,72
2836.6000,5%,72
2836.9100,5%,72
2836.9200,5%,72
2836.9900,5%,72
2837.1100,5%,72
2837.1900,5%,72
2837.2000,5%,72
2839.1100,15%,72
2839.1900,15%,72
2839.9000,5%,72
2840.1100,5%,72
2840.1900,5%,72
2840.3000,5%,72
2841.3000,5%,72
2841.5000,5%,72
2841.6100,5%,72
2841.6900,5%,72
2841.7000,5%,72
2841.8000,Free,72
2841.9000,5%,72
2842.1000,15%,72
2842.9000,5%,72
2843.1000,5%,72
2843.2100,5%,72
2843.2900,5%,72
2843.3000,5%,72
2843.9000,5%,72
2844.1000,5%,73
2844.2000,5%,73
2844.3000,5%,73
2844.4000,5%,73
2844.5000,5%,73
2845.1000,5%,73
2845.9000,5%,73
2846.1000,5%,73
2846.9000,5%,73
2847.0000,5%,73
2849.1000,5%,73
2849.2000,5%,73
2849.9000,5%,73
2850.0000,5%,73
2852.1000,5%,73
2852.9000,5%,73
2853.1000,5%,73
2853.9000,5%,73
2901.1000,5%,76
2901.2100,5%,76
2901.2200,5%,76
2901.2300,5%,76
2901.2400,5%,76
2901.2900,5%,76
2902.1100,5%,76
2902.1900,5%,76
2902.2000,5%,76
2902.3000,5%,76
2902.4100,5%,76
2902.4200,5%,76
2902.4300,5%,76
2902.4400,Free,76
2902.5000,5%,76
2902.6000,5%,76
2902.7000,5%,76
2902.9000,5%,76
2903.1100,5%,76
2903.1200,5%,76
2903.1300,5%,76
2903.1400,5%,76
2903.1500,5%,76
2903.1910,5%,76
2903.1990,5%,76
2903.2100,5%,76
2903.2200,5%,76
2903.2300,5%,76
2903.2900,5%,76
2903.3110,5%,76
2903.3120,5%,76
2903.3130,5%,76
2903.3190,5%,76
2903.3900,5%,76
2903.7100,5%,77
2903.7200,5%,77
2903.7300,5%,77
2903.7400,5%,77
2903.7500,5%,77
2903.7610,5%,77
2903.7620,5%,77
2903.7630,5%,77
2903.7690,5%,77
2903.7710,5%,77
2903.7720,5%,77
2903.7730,5%,77
2903.7790,5%,77
2903.7800,5%,77
2903.7910,5%,77
2903.7920,5%,77
2903.7990,5%,77
2903.8100,5%,77
2903.8200,5%,77
2903.8300,5%,77
2903.8900,5%,77
2903.9100,5%,77
2903.9200,5%,77
2903.9300,5%,77
2903.9400,5%,77
2903.9900,5%,77
2904.1000,Free,77
2904.2000,5%,77
2904.3100,5%,77
2904.3200,5%,77
2904.3300,5%,78
2904.3400,5%,78
2904.3500,5%,78
2904.3600,5%,78
2904.9100,5%,78
2904.9900,5%,78
2905.1100,5%,78
2905.1200,5%,78
2905.1300,5%,78
2905.1400,5%,78
2905.1600,5%,78
2905.1700,5%,78
2905.1910,5%,78
2905.1990,5%,78
2905.2200,5%,78
2905.2900,5%,78
2905.3100,5%,78
2905.3200,5%,78
2905.3900,5%,78
2905.4100,5%,78
2905.4200,Free,78
2905.4300,5%,78
2905.4400,5%,78
2905.4500,Free,78
2905.4900,5%,78
2905.5100,5%,78
2905.5900,5%,78
2906.1100,5%,78
2906.1200,5%,78
2906.1300,5%,78
2906.1900,5%,78
2906.2100,5%,79
2906.2900,5%,79
2907.1100,5%,79
2907.1200,5%,79
2907.1300,Free,79
2907.1500,5%,79
2907.1900,5%,79
2907.2100,5%,79
2907.2200,5%,79
2907.2300,5%,79
2907.2900,5%,79
2908.1100,5%,79
2908.1900,5%,79
2908.9100,5%,79
2908.9200,5%,79
2908.9900,5%,79
2909.1100,5%,79
2909.1900,5%,79
2909.2000,5%,79
2909.3000,5%,79
2909.4100,5%,79
2909.4300,5%,79
2909.4400,5%,79
2909.4900,5%,80
2909.5000,5%,80
2909.6000,5%,80
2910.1000,5%,80
2910.2000,5%,80
2910.3000,5%,80
2910.4000,5%,80
2910.5000,5%,80
2910.9000,5%,80
2911.0000,5%,80
2912.1100,Free,80
2912.1200,5%,80
2912.1900,5%,80
2912.2100,5%,80
2912.2900,5%,80
2912.4100,5%,80
2912.4200,5%,80
2912.4900,5%,80
2912.5000,5%,80
2912.6000,5%,80
2913.0000,5%,80
2914.1100,5%,80
2914.1200,5%,80
2914.1300,5%,80
2914.1900,5%,80
2914.2200,5%,80
2914.2300,5%,80
2914.2900,5%,80
2914.3100,5%,81
2914.3900,5%,81
2914.4000,5%,81
2914.5000,5%,81
2914.6100,5%,81
2914.6200,5%,81
2914.6900,5%,81
2914.7100,5%,81
2914.7900,5%,81
2915.1100,Free,81
2915.1200,Free,81
2915.1300,Free,81
2915.2100,Free,81
2915.2400,Free,81
2915.2900,Free,81
2915.3100,Free,81
2915.3200,Free,81
2915.3300,Free,81
2915.3600,Free,81
2915.3900,Free,81
2915.4000,Free,81
2915.5000,Free,81
2915.6000,Free,81
2915.7010,15%,81
2915.7020,Free,81
2915.7090,Free,81
2915.9000,Free,81
2916.1100,5%,81
2916.1200,5%,81
2916.1300,5%,81
2916.1400,5%,82
2916.1500,5%,82
2916.1600,5%,82
2916.1900,5%,82
2916.2000,5%,82
2916.3100,5%,82
2916.3200,5%,82
2916.3400,5%,82
2916.3900,Free,82
2917.1100,5%,82
2917.1200,5%,82
2917.1300,5%,82
2917.1400,Free,82
2917.1900,5%,82
2917.2000,5%,82
2917.3200,5%,82
2917.3300,5%,82
2917.3400,5%,82
2917.3500,5%,82
2917.3600,5%,82
2917.3700,5%,82
2917.3900,5%,82
2918.1100,5%,82
2918.1200,5%,82
2918.1300,5%,82
2918.1400,5%,82
2918.1500,5%,82
2918.1600,5%,82
2918.1700,5%,82
2918.1800,5%,82
2918.1900,5%,82
2918.2100,5%,83
2918.2200,5%,83
2918.2300,5%,83
2918.2900,5%,83
2918.3000,5%,83
2918.9100,5%,83
2918.9900,5%,83
2919.1000,5%,83
2919.9000,5%,83
2920.1100,5%,83
2920.1900,5%,83
2920.2100,5%,83
2920.2200,5%,83
2920.2300,5%,83
2920.2400,5%,83
2920.2900,5%,83
2920.3000,5%,83
2920.9000,5%,83
2921.1100,5%,83
2921.1200,5%,83
2921.1300,5%,83
2921.1400,5%,83
2921.1900,5%,83
2921.2100,5%,83
2921.2200,5%,83
2921.2900,5%,83
2921.3000,5%,83
2921.4100,5%,84
2921.4200,5%,84
2921.4300,5%,84
2921.4400,5%,84
2921.4500,5%,84
2921.4600,5%,84
2921.4900,5%,84
2921.5100,5%,84
2921.5900,5%,84
2922.1100,5%,84
2922.1200,5%,84
2922.1400,5%,84
2922.1500,5%,84
2922.1600,5%,84
2922.1700,5%,84
2922.1800,5%,84
2922.1910,5%,84
2922.1990,5%,84
2922.2100,5%,84
2922.2900,5%,84
2922.3100,5%,84
2922.3900,5%,84
2922.4100,Free,84
2922.4200,5%,84
2922.4300,5%,84
2922.4400,5%,84
2922.4910,Free,84
2922.4990,5%,84
2922.5000,5%,84
2923.1000,5%,85
2923.2000,5%,85
2923.3000,5%,85
2923.4000,5%,85
2923.9000,5%,85
2924.1100,5%,85
2924.1200,5%,85
2924.1900,5%,85
2924.2100,5%,85
2924.2300,5%,85
2924.2400,5%,85
2924.2500,5%,85
2924.2900,5%,85
2925.1100,5%,85
2925.1200,5%,85
2925.1900,5%,85
2925.2100,5%,85
2925.2900,5%,85
2926.1000,5%,85
2926.2000,5%,85
2926.3000,5%,85
2926.4000,5%,85
2926.9000,5%,85
2927.0000,5%,85
2928.0000,5%,85
2929.1000,5%,85
2929.9010,5%,85
2929.9090,5%,85
2930.2000,5%,86
2930.3000,5%,86
2930.4000,Free,86
2930.6000,5%,86
2930.7000,5%,86
2930.8000,5%,86
2930.9000,5%,86
2931.1000,5%,86
2931.2000,5%,86
2931.3100,5%,86
2931.3200,5%,86
2931.3300,5%,86
2931.3400,5%,86
2931.3500,5%,86
2931.3600,5%,86
2931.3700,5%,86
2931.3800,5%,86
2931.3900,5%,86
2931.9000,5%,86
2932.1100,5%,86
2932.1200,5%,86
2932.1300,5%,86
2932.1400,5%,86
2932.1900,5%,86
2932.2000,5%,86
2932.9100,5%,86
2932.9200,5%,86
2932.9300,5%,86
2932.9400,5%,86
2932.9500,5%,86
2932.9900,5%,86
2933.1100,5%,86
2933.1900,5%,86
2933.2100,5%,87
2933.2900,5%,87
2933.3100,5%,87
2933.3200,5%,87
2933.3300,5%,87
2933.3900,5%,87
2933.4100,5%,87
2933.4900,5%,87
2933.5200,5%,87
2933.5300,5%,87
2933.5400,5%,87
2933.5500,5%,87
2933.5900,5%,87
2933.6100,5%,87
2933.6900,5%,87
2933.7100,5%,87
2933.7200,5%,87
2933.7900,5%,87
2933.9100,5%,87
2933.9200,5%,87
2933.9900,5%,87
2934.1000,5%,87
2934.2000,5%,88
2934.3000,5%,88
2934.9100,5%,88
2934.9900,5%,88
2935.1000,5%,88
2935.2000,5%,88
2935.3000,5%,88
2935.4000,5%,88
2935.5000,5%,88
2935.9000,5%,88
2936.2100,Free,88
2936.2200,Free,88
2936.2300,Free,88
2936.2400,Free,88
2936.2500,Free,88
2936.2600,Free,88
2936.2700,Free,88
2936.2800,Free,88
2936.2900,Free,88
2936.9000,Free,88
2937.1100,Free,88
2937.1200,Free,88
2937.1900,Free,88
2937.2100,Free,88
2937.2200,Free,88
2937.2300,Free,88
2937.2900,Free,88
2937.5000,Free,89
2937.9000,Free,89
2938.1000,5%,89
2938.9000,5%,89
2939.1100,5%,89
2939.1900,5%,89
2939.2000,5%,89
2939.3000,5%,89
2939.4100,5%,89
2939.4200,5%,89
2939.4300,5%,89
2939.4400,5%,89
2939.4900,5%,89
2939.5100,5%,89
2939.5900,5%,89
2939.6100,5%,89
2939.6200,5%,89
2939.6300,5%,89
2939.6900,5%,89
2939.7100,5%,89
2939.7900,5%,89
2939.8000,5%,89
2940.0000,5%,89
2940.2000,5%,72
2941.1000,5%,89
2941.2000,5%,90
2941.3000,5%,90
2941.4000,5%,90
2941.5000,5%,90
2941.9000,5%,90
2942.0000,5%,90
3001.2000,Free,92
3001.9000,Free,92
3002.1100,Free,92
3002.1200,Free,92
3002.1300,Free,93
3002.1400,Free,93
3002.1500,Free,93
3002.1900,Free,93
3002.2000,Free,93
3002.3000,Free,93
3002.9010,25%,93
3002.9020,25%,93
3002.9090,Free,93
3003.1000,5%,93
3003.2000,5%,93
3003.3100,5%,93
3003.3900,5%,93
3003.4100,5%,93
3003.4200,5%,93
3003.4300,5%,93
3003.4900,5%,93
3003.6000,5%,93
3003.9010,5%,93
3003.9090,5%,93
3004.1000,5%,93
3004.2000,5%,93
3004.3100,5%,93
3004.3200,5%,93
3004.3900,5%,93
3004.4100,5%,94
3004.4200,5%,94
3004.4300,5%,94
3004.4900,5%,94
3004.5000,5%,94
3004.6000,5%,94
3004.9010,5%,94
3004.9090,5%,94
3005.1000,5%,94
3005.9000,5%,94
3006.1000,5%,94
3006.2000,5%,94
3006.3000,5%,94
3006.4000,5%,94
3006.5000,5%,94
3006.6000,Free,94
3006.7000,5%,94
3006.9100,Free,94
3006.9200,35%,94
3101.0000,Free,96
3102.1000,Free,96
3102.2100,Free,96
3102.2900,Free,96
3102.3000,Free,96
3102.4000,Free,96
3102.5000,Free,96
3102.6000,Free,96
3102.8000,Free,96
3102.9000,Free,96
3103.1100,Free,96
3103.1900,Free,96
3103.9000,Free,96
3104.2000,Free,96
3104.3000,Free,96
3104.9000,Free,97
3105.1000,Free,97
3105.2000,Free,97
3105.3000,Free,97
3105.4000,Free,97
3105.5100,Free,97
3105.5900,Free,97
3105.6000,Free,97
3105.9000,Free,97
3201.1000,5%,98
3201.2000,5%,98
3201.9000,5%,98
3202.1000,5%,98
3202.9000,5%,98
3203.0000,5%,98
3204.1100,5%,99
3204.1200,5%,99
3204.1300,5%,99
3204.1400,5%,99
3204.1500,5%,99
3204.1600,5%,99
3204.1700,5%,99
3204.1900,5%,99
3204.2000,5%,99
3204.9000,5%,99
3205.0000,5%,99
3206.1100,5%,99
3206.1900,5%,99
3206.2000,5%,99
3206.4100,5%,99
3206.4200,5%,99
3206.4900,5%,99
3206.5000,5%,99
3207.1000,5%,99
3207.3000,5%,99
3207.4000,5%,99
3208.1000,35%,99
3208.2000,35%,99
3208.9010,15%,100
3208.9090,35%,100
3209.1010,15%,100
3209.1090,35%,100
3209.9010,15%,100
3209.9090,35%,100
3210.0010,5%,100
3210.0020,15%,100
3210.0090,35%,100
3211.0000,5%,100
3212.1000,15%,100
3212.9010,35%,100
3212.9090,5%,100
3213.1000,15%,100
3213.9000,15%,100
3214.1000,15%,100
3214.9000,15%,100
3215.1100,5%,100
3215.1900,5%,100
3215.9000,5%,100
3301.1200,15%,101
3301.1300,15%,101
3301.1900,15%,101
3301.2400,15%,101
3301.2500,15%,101
3301.2900,15%,101
3301.3000,15%,101
3301.9010,Free,101
3301.9090,15%,101
3302.1000,15%,101
3302.9010,Free,101
3302.9090,15%,101
3303.0000,25%,101
3304.1000,25%,102
3304.2000,25%,102
3304.3000,25%,102
3304.9110,25%,102
3304.9120,15%,102
3304.9190,25%,102
3304.9910,25%,102
3304.9990,25%,102
3305.1000,15%,102
3305.2000,25%,102
3305.3000,25%,102
3305.9010,25%,102
3305.9090,25%,102
3306.1000,25%,102
3306.2000,25%,102
3306.9000,25%,102
3307.1000,25%,102
3307.2000,25%,102
3307.3000,25%,102
3307.4100,25%,102
3307.4900,25%,102
3307.9000,25%,102
3401.1100,35%,103
3401.1900,35%,104
3401.2010,15%,104
3401.2090,35%,104
3401.3000,35%,104
3402.1100,15%,104
3402.1200,15%,104
3402.1300,15%,104
3402.1900,15%,104
3402.2000,15%,104
3402.9000,15%,104
3403.1100,5%,104
3403.1900,5%,104
3403.9100,5%,104
3403.9900,5%,104
3404.2000,35%,104
3404.9000,35%,104
3405.1000,15%,104
3405.2000,15%,104
3405.3000,15%,104
3405.4000,15%,104
3405.9000,15%,105
3406.0000,15%,105
3407.0010,5%,105
3407.0090,25%,105
3501.1000,Free,106
3501.9000,15%,106
3502.1100,15%,106
3502.1900,15%,106
3502.2000,15%,106
3502.9000,15%,106
3503.0000,15%,106
3504.0000,15%,106
3505.1000,5%,106
3505.2000,15%,106
3506.1000,15%,106
3506.9100,15%,106
3506.9900,15%,106
3507.1000,5%,106
3507.9000,15%,106
3601.0000,5%,107
3602.0000,5%,107
3603.0000,5%,107
3604.1000,35%,107
3604.9000,35%,107
3605.0000,35%,107
3606.1000,35%,107
3606.9000,35%,107
3701.1000,Free,108
3701.2000,15%,108
3701.3000,15%,108
3701.9100,15%,108
3701.9900,15%,108
3702.1000,Free,108
3702.3100,15%,108
3702.3200,15%,108
3702.3900,15%,108
3702.4100,15%,108
3702.4200,15%,108
3702.4300,15%,108
3702.4400,15%,108
3702.5200,15%,108
3702.5300,15%,108
3702.5400,15%,108
3702.5500,15%,108
3702.5600,15%,108
3702.9600,15%,108
3702.9700,15%,109
3702.9800,15%,109
3703.1000,25%,109
3703.2000,25%,109
3703.9000,25%,109
3704.0000,25%,109
3705.0000,15%,109
3706.1000,15%,109
3706.9000,15%,109
3707.1000,25%,109
3707.2000,5%,99
3707.9000,25%,109
3801.1000,Free,112
3801.2000,5%,112
3801.3000,5%,112
3801.9000,5%,112
3802.1000,5%,112
3802.9000,5%,112
3803.0000,5%,112
3804.0000,5%,112
3805.1000,5%,112
3805.9000,5%,112
3806.1000,5%,112
3806.2000,5%,112
3806.3000,5%,112
3806.9000,5%,112
3807.0000,5%,112
3808.5200,Free,112
3808.5910,25%,113
3808.5990,Free,113
3808.6100,Free,113
3808.6200,Free,113
3808.6900,Free,113
3808.9110,25%,113
3808.9190,Free,113
3808.9210,25%,113
3808.9290,Free,113
3808.9310,25%,113
3808.9390,Free,113
3808.9410,25%,113
3808.9490,Free,113
3808.9910,25%,113
3808.9990,Free,113
3809.1000,5%,113
3809.9100,5%,113
3809.9200,5%,113
3809.9300,5%,113
3810.1000,5%,113
3810.9000,5%,113
3811.1100,25%,113
3811.1900,25%,113
3811.2100,25%,114
3811.2900,25%,114
3811.9000,25%,114
3812.1000,Free,114
3812.2000,Free,114
3812.3100,5%,114
3812.3900,5%,114
3813.0000,Free,114
3814.0000,15%,114
3815.1100,5%,114
3815.1200,5%,114
3815.1900,5%,114
3815.9000,5%,114
3816.0000,5%,114
3817.0000,5%,114
3818.0000,5%,114
3819.0000,5%,114
3820.0000,5%,114
3821.0000,Free,114
3822.0000,Free,114
3823.1100,5%,114
3823.1200,5%,114
3823.1300,5%,114
3823.1900,5%,114
3823.7000,5%,114
3824.1000,5%,115
3824.3000,5%,115
3824.4000,5%,115
3824.5000,5%,115
3824.6000,5%,115
3824.7100,5%,115
3824.7200,5%,115
3824.7300,5%,115
3824.7400,5%,115
3824.7500,5%,115
3824.7600,5%,115
3824.7700,5%,115
3824.7800,5%,115
3824.7900,5%,115
3824.8100,5%,115
3824.8200,5%,115
3824.8300,5%,115
3824.8400,5%,115
3824.8500,5%,115
3824.8600,5%,115
3824.8700,5%,115
3824.8800,5%,115
3824.9100,5%,115
3824.9910,5%,115
3824.9920,5%,116
3824.9990,5%,116
3825.1000,35%,116
3825.2000,35%,116
3825.3000,35%,116
3825.4100,35%,116
3825.4900,35%,116
3825.5000,35%,116
3825.6100,35%,116
3825.6900,35%,116
3825.9000,35%,116
3826.0000,Free,116
3901.1000,5%,120
3901.2000,5%,120
3901.3000,5%,120
3901.4000,5%,120
3901.9000,5%,120
3902.1000,5%,120
3902.2000,5%,120
3902.3000,5%,120
3902.9000,5%,120
3903.1100,5%,120
3903.1900,5%,120
3903.2000,5%,120
3903.3000,5%,120
3903.9000,5%,120
3904.1000,Free,120
3904.2100,5%,121
3904.2200,5%,121
3904.3000,5%,121
3904.4000,5%,121
3904.5000,5%,121
3904.6100,5%,121
3904.6900,5%,121
3904.9000,5%,121
3905.1200,5%,121
3905.1900,5%,121
3905.2100,5%,121
3905.2900,5%,121
3905.3000,5%,121
3905.9100,5%,121
3905.9900,5%,121
3906.1000,5%,121
3906.9000,5%,121
3907.1000,5%,121
3907.2000,5%,121
3907.3000,5%,121
3907.4000,5%,121
3907.5000,15%,121
3907.6100,5%,121
3907.6900,5%,121
3907.7000,5%,121
3907.9100,5%,121
3907.9900,5%,121
3908.1000,5%,121
3908.9000,5%,121
3909.1000,5%,121
3909.2000,5%,121
3909.3100,5%,121
3909.3900,5%,121
3909.4000,5%,122
3909.5000,5%,122
3910.0000,5%,122
3911.1000,5%,122
3911.9000,5%,122
3912.1100,5%,122
3912.1200,5%,122
3912.2000,5%,122
3912.3100,5%,122
3912.3900,5%,122
3912.9000,5%,122
3913.1000,5%,122
3913.9000,5%,122
3914.0000,5%,122
3915.1000,5%,122
3915.2000,5%,122
3915.3000,5%,122
3915.9000,5%,122
3916.1000,5%,122
3916.2000,5%,122
3916.9000,5%,122
3917.1000,25%,122
3917.2100,25%,122
3917.2200,25%,122
3917.2300,25%,122
3917.2900,25%,122
3917.3100,25%,122
3917.3200,25%,123
3917.3300,25%,123
3917.3910,5%,123
3917.3990,25%,123
3917.4010,5%,123
3917.4090,25%,123
3918.1000,35%,123
3918.9000,35%,123
3919.1010,5%,123
3919.1090,15%,123
3919.9010,5%,123
3919.9090,15%,123
3920.1010,5%,123
3920.1090,15%,123
3920.2010,5%,123
3920.2090,15%,123
3920.3010,5%,123
3920.3090,15%,123
3920.4310,5%,123
3920.4390,15%,123
3920.4910,5%,123
3920.4990,15%,123
3920.5110,5%,123
3920.5190,15%,123
3920.5910,5%,123
3920.5990,15%,123
3920.6110,5%,124
3920.6190,15%,124
3920.6210,5%,124
3920.6290,15%,124
3920.6310,5%,124
3920.6390,15%,124
3920.6910,5%,124
3920.6990,15%,124
3920.7110,5%,124
3920.7190,15%,124
3920.7310,5%,124
3920.7390,15%,124
3920.7910,5%,124
3920.7990,15%,124
3920.9110,5%,124
3920.9190,15%,124
3920.9210,5%,124
3920.9290,15%,124
3920.9310,5%,124
3920.9390,15%,124
3920.9410,5%,124
3920.9490,15%,124
3920.9910,5%,124
3920.9990,15%,124
3921.1110,5%,124
3921.1190,15%,124
3921.1210,5%,124
3921.1290,15%,124
3921.1310,5%,125
3921.1390,15%,125
3921.1410,5%,125
3921.1490,15%,125
3921.1910,5%,125
3921.1990,15%,125
3921.9010,5%,125
3921.9090,15%,125
3922.1000,35%,125
3922.2000,35%,125
3922.9000,35%,125
3923.1000,35%,125
3923.2110,35%,125
3923.2190,15%,125
3923.2910,35%,125
3923.2990,15%,125
3923.3000,35%,125
3923.4000,35%,125
3923.5000,35%,125
3923.9010,Free,125
3923.9020,15%,125
3923.9090,35%,125
3924.1010,25%,125
3924.1090,35%,125
3924.9000,35%,125
3925.1000,35%,125
3925.2000,35%,125
3925.3000,35%,125
3925.9000,35%,125
3926.1000,35%,125
3926.2000,35%,126
3926.3000,15%,126
3926.4000,35%,126
3926.9010,5%,126
3926.9020,15%,126
3926.9090,35%,126
4001.1000,Free,128
4001.2100,Free,128
4001.2200,Free,128
4001.2900,Free,128
4001.3000,Free,128
4002.1100,5%,128
4002.1900,5%,128
4002.2000,5%,128
4002.3100,5%,128
4002.3900,5%,129
4002.4100,5%,129
4002.4900,5%,129
4002.5100,5%,129
4002.5900,5%,129
4002.6000,5%,129
4002.7000,5%,129
4002.8000,5%,129
4002.9100,5%,129
4002.9900,5%,129
4003.0000,5%,129
4004.0000,5%,129
4005.1000,5%,129
4005.2000,5%,129
4005.9100,5%,129
4005.9900,5%,129
4006.1000,5%,129
4006.9000,5%,129
4007.0000,15%,129
4008.1100,15%,129
4008.1900,15%,129
4008.2100,15%,129
4008.2900,15%,129
4009.1100,35%,129
4009.1200,35%,129
4009.2100,35%,129
4009.2200,35%,129
4009.3100,35%,130
4009.3200,35%,130
4009.4100,35%,130
4009.4200,35%,130
4010.1100,5%,130
4010.1200,5%,130
4010.1900,5%,130
4010.3100,35%,130
4010.3200,35%,130
4010.3300,35%,130
4010.3400,35%,130
4010.3500,35%,130
4010.3600,35%,130
4010.3900,35%,130
4011.1000,35%,130
4011.2000,15%,130
4011.3000,Free,130
4011.4000,25%,130
4011.5000,25%,130
4011.7000,15%,130
4011.8000,15%,130
4011.9000,35%,130
4012.1100,35%,130
4012.1200,15%,130
4012.1300,Free,130
4012.1900,25%,130
4012.2010,15%,131
4012.2090,25%,131
4012.9000,5%,131
4013.1000,35%,131
4013.2000,25%,131
4013.9010,Free,131
4013.9090,25%,131
4014.1000,Free,131
4014.9000,25%,131
4015.1100,5%,131
4015.1910,5%,131
4015.1990,35%,131
4015.9000,15%,131
4016.1000,35%,131
4016.9100,35%,131
4016.9200,15%,131
4016.9300,15%,131
4016.9400,35%,131
4016.9500,35%,131
4016.9910,15%,131
4016.9990,35%,131
4017.0000,35%,131
4101.2000,Free,132
4101.5000,Free,132
4101.9000,Free,132
4102.1000,Free,132
4102.2100,Free,132
4102.2900,Free,132
4103.2000,Free,133
4103.3000,Free,133
4103.9000,Free,133
4104.1100,Free,133
4104.1900,Free,133
4104.4100,Free,133
4104.4900,Free,133
4105.1000,Free,133
4105.3000,Free,133
4106.2100,Free,133
4106.2200,Free,133
4106.3100,Free,133
4106.3200,Free,133
4106.4000,Free,133
4106.9100,Free,133
4106.9200,Free,133
4107.1100,Free,133
4107.1200,Free,133
4107.1900,Free,133
4107.9100,Free,133
4107.9200,Free,133
4107.9900,Free,133
4112.0000,Free,133
4113.1000,Free,134
4113.2000,Free,134
4113.3000,Free,134
4113.9000,Free,134
4114.1000,Free,134
4114.2000,Free,134
4115.1000,Free,134
4115.2000,Free,134
4201.0000,25%,135
4202.1100,25%,136
4202.1200,25%,136
4202.1900,25%,136
4202.2100,25%,136
4202.2200,25%,136
4202.2900,25%,136
4202.3100,25%,136
4202.3200,25%,136
4202.3900,25%,136
4202.9100,25%,136
4202.9200,25%,136
4202.9900,25%,136
4203.1000,25%,136
4203.2100,25%,136
4203.2900,25%,136
4203.3000,25%,136
4203.4000,25%,136
4205.0000,25%,136
4206.0000,25%,136
4301.1000,15%,137
4301.3000,15%,137
4301.6000,15%,137
4301.8000,15%,137
4301.9000,15%,137
4302.1100,15%,137
4302.1900,15%,137
4302.2000,15%,137
4302.3000,15%,137
4303.1000,15%,137
4303.9000,15%,137
4304.0000,15%,137
4401.1100,Free,139
4401.1200,Free,139
4401.2100,Free,139
4401.2200,Free,139
4401.3100,Free,139
4401.3900,Free,139
4401.4000,Free,139
4402.1000,Free,139
4402.9000,Free,139
4403.1100,Free,139
4403.1200,Free,139
4403.2100,Free,139
4403.2200,Free,139
4403.2300,Free,139
4403.2400,Free,139
4403.2500,Free,139
4403.2600,Free,139
4403.4100,Free,139
4403.4900,Free,139
4403.9100,Free,139
4403.9300,Free,139
4403.9400,Free,139
4403.9500,Free,139
4403.9600,Free,139
4403.9700,Free,139
4403.9800,Free,140
4403.9900,Free,140
4404.1000,Free,140
4404.2000,Free,140
4405.0000,Free,140
4406.1100,Free,140
4406.1200,Free,140
4406.9100,Free,140
4406.9200,Free,140
4407.1100,Free,140
4407.1200,Free,140
4407.1900,Free,140
4407.2100,Free,140
4407.2200,Free,140
4407.2500,Free,140
4407.2600,Free,140
4407.2700,Free,140
4407.2800,Free,140
4407.2900,Free,140
4407.9100,Free,140
4407.9200,Free,140
4407.9300,Free,140
4407.9400,Free,140
4407.9500,Free,140
4407.9600,Free,140
4407.9700,Free,140
4407.9900,Free,140
4408.1000,15%,140
4408.3100,15%,140
4408.3900,15%,140
4408.9000,15%,140
4409.1000,15%,141
4409.2100,15%,141
4409.2200,15%,141
4409.2900,15%,141
4410.1100,15%,141
4410.1200,15%,141
4410.1900,15%,141
4410.9000,15%,141
4411.1200,15%,141
4411.1300,15%,141
4411.1400,15%,141
4411.9200,15%,141
4411.9300,15%,141
4411.9400,15%,141
4412.1000,15%,141
4412.3100,15%,141
4412.3300,15%,141
4412.3400,15%,141
4412.3900,15%,141
4412.9400,15%,141
4412.9900,15%,141
4413.0000,15%,141
4414.0000,35%,141
4415.1000,35%,142
4415.2000,35%,142
4416.0000,35%,142
4417.0000,5%,142
4418.1000,35%,142
4418.2000,35%,142
4418.4000,35%,142
4418.5000,35%,142
4418.6000,35%,142
4418.7300,35%,142
4418.7400,35%,142
4418.7500,35%,142
4418.7900,35%,142
4418.9100,35%,142
4418.9900,35%,142
4419.1100,35%,142
4419.1200,35%,142
4419.1900,35%,142
4419.9000,35%,142
4420.1000,35%,142
4420.9000,35%,142
4421.1000,35%,142
4421.9110,5%,142
4421.9190,35%,142
4421.9910,5%,142
4421.9990,35%,142
4501.1000,5%,143
4501.9000,5%,143
4502.0000,5%,143
4503.1000,5%,143
4503.9000,15%,143
4504.1000,15%,143
4504.9000,15%,143
4601.2100,15%,144
4601.2200,15%,144
4601.2900,15%,144
4601.9200,15%,144
4601.9300,15%,144
4601.9400,15%,144
4601.9900,15%,144
4602.1100,25%,144
4602.1200,25%,144
4602.1900,25%,144
4602.9000,25%,144
4701.0000,Free,145
4702.0000,Free,145
4703.1100,Free,145
4703.1900,Free,145
4703.2100,Free,145
4703.2900,Free,145
4704.1100,Free,145
4704.1900,Free,145
4704.2100,Free,145
4704.2900,Free,145
4705.0000,Free,145
4706.1000,Free,145
4706.2000,Free,145
4706.3000,Free,145
4706.9100,Free,145
4706.9200,Free,145
4706.9300,Free,145
4707.1000,Free,145
4707.2000,Free,145
4707.3000,Free,145
4707.9000,Free,145
4801.0000,5%,149
4802.1000,5%,149
4802.2000,5%,149
4802.4000,5%,149
4802.5400,5%,149
4802.5500,5%,149
4802.5600,5%,149
4802.5700,5%,149
4802.5800,5%,149
4802.6100,5%,149
4802.6200,5%,149
4802.6900,5%,149
4803.0010,Free,149
4803.0090,5%,149
4804.1100,5%,149
4804.1900,5%,149
4804.2100,5%,149
4804.2900,5%,149
4804.3100,5%,149
4804.3900,5%,149
4804.4100,5%,150
4804.4200,5%,150
4804.4900,5%,150
4804.5100,5%,150
4804.5200,5%,150
4804.5900,5%,150
4805.1100,5%,150
4805.1200,5%,150
4805.1900,5%,150
4805.2400,5%,150
4805.2500,5%,150
4805.3000,5%,150
4805.4000,5%,150
4805.5000,5%,150
4805.9100,5%,150
4805.9200,5%,150
4805.9300,5%,150
4806.1000,5%,150
4806.2000,5%,150
4806.3000,5%,150
4806.4000,5%,150
4807.0000,5%,150
4808.1000,5%,150
4808.4000,5%,150
4808.9000,5%,150
4809.2000,15%,151
4809.9000,15%,151
4810.1300,5%,151
4810.1400,15%,151
4810.1900,15%,151
4810.2200,15%,151
4810.2900,15%,151
4810.3100,15%,151
4810.3200,15%,151
4810.3900,15%,151
4810.9200,15%,151
4810.9910,5%,151
4810.9990,15%,151
4811.1000,15%,151
4811.4100,15%,151
4811.4900,15%,151
4811.5100,15%,151
4811.5900,15%,152
4811.6000,15%,152
4811.9000,5%,152
4812.0000,15%,152
4813.1000,15%,152
4813.2000,15%,152
4813.9000,15%,152
4814.2000,35%,152
4814.9000,35%,152
4816.2000,15%,152
4816.9000,15%,152
4817.1000,35%,152
4817.2000,35%,152
4817.3000,35%,152
4818.1000,35%,152
4818.2000,35%,152
4818.3000,35%,152
4818.5000,15%,152
4818.9000,35%,152
4819.1000,35%,152
4819.2010,15%,152
4819.2090,35%,153
4819.3000,35%,153
4819.4000,35%,153
4819.5000,35%,153
4819.6000,35%,153
4820.1000,35%,153
4820.2000,15%,153
4820.3000,35%,153
4820.4000,35%,153
4820.5000,35%,153
4820.9000,35%,153
4821.1000,35%,153
4821.9000,25%,153
4822.1000,25%,153
4822.9000,25%,153
4823.2000,5%,153
4823.4000,35%,153
4823.6100,35%,153
4823.6900,35%,153
4823.7000,35%,153
4823.9000,35%,153
4901.1000,5%,154
4901.9100,5%,154
4901.9900,5%,154
4902.1000,5%,155
4902.9000,5%,155
4903.0000,5%,155
4904.0000,5%,155
4905.1000,5%,155
4905.9100,5%,155
4905.9900,5%,155
4906.0000,5%,155
4907.0010,25%,155
4907.0090,Free,155
4908.1000,25%,155
4908.9000,25%,155
4909.0000,35%,155
4910.0000,35%,155
4911.1000,15%,155
4911.9110,Free,155
4911.9190,35%,155
4911.9900,35%,155
5001.0000,Free,160
5002.0000,Free,160
5003.0000,Free,160
5004.0000,5%,160
5005.0000,5%,160
5006.0000,5%,160
5007.1000,25%,160
5007.2000,25%,160
5007.9000,25%,160
5101.1100,Free,161
5101.1900,Free,161
5101.2100,Free,161
5101.2900,Free,161
5101.3000,Free,161
5102.1100,Free,161
5102.1900,Free,161
5102.2000,Free,161
5103.1000,Free,161
5103.2000,Free,161
5103.3000,Free,161
5104.0000,Free,161
5105.1000,Free,161
5105.2100,Free,161
5105.2900,Free,161
5105.3100,Free,161
5105.3900,Free,161
5105.4000,Free,161
5106.1000,5%,161
5106.2000,5%,162
5107.1000,5%,162
5107.2000,5%,162
5108.1000,5%,162
5108.2000,5%,162
5109.1000,5%,162
5109.9000,5%,162
5110.0000,5%,162
5111.1100,25%,162
5111.1900,25%,162
5111.2000,25%,162
5111.3000,25%,162
5111.9000,25%,162
5112.1100,25%,162
5112.1900,25%,162
5112.2000,25%,162
5112.3000,25%,162
5112.9000,25%,162
5113.0000,25%,162
5201.0000,Free,163
5202.1000,Free,163
5202.9100,Free,163
5202.9900,Free,163
5203.0000,Free,163
5204.1100,5%,163
5204.1900,5%,163
5204.2000,5%,163
5205.1100,5%,163
5205.1200,5%,163
5205.1300,5%,163
5205.1400,5%,163
5205.1500,5%,163
5205.2100,5%,163
5205.2200,5%,163
5205.2300,5%,163
5205.2400,5%,163
5205.2600,5%,163
5205.2700,5%,163
5205.2800,5%,163
5205.3100,5%,164
5205.3200,5%,164
5205.3300,5%,164
5205.3400,5%,164
5205.3500,5%,164
5205.4100,5%,164
5205.4200,5%,164
5205.4300,5%,164
5205.4400,5%,164
5205.4600,5%,164
5205.4700,5%,164
5205.4800,5%,164
5206.1100,5%,164
5206.1200,5%,164
5206.1300,5%,164
5206.1400,5%,164
5206.1500,5%,164
5206.2100,5%,164
5206.2200,5%,165
5206.2300,5%,165
5206.2400,5%,165
5206.2500,5%,165
5206.3100,5%,165
5206.3200,5%,165
5206.3300,5%,165
5206.3400,5%,165
5206.3500,5%,165
5206.4100,5%,165
5206.4200,5%,165
5206.4300,5%,165
5206.4400,5%,165
5206.4500,5%,165
5207.1000,5%,165
5207.9000,5%,165
5208.1100,15%,165
5208.1200,15%,165
5208.1300,15%,165
5208.1900,15%,165
5208.2100,25%,166
5208.2200,25%,166
5208.2300,25%,166
5208.2900,25%,166
5208.3100,25%,166
5208.3200,25%,166
5208.3300,25%,166
5208.3900,25%,166
5208.4100,25%,166
5208.4200,25%,166
5208.4300,25%,166
5208.4900,25%,166
5208.5100,25%,166
5208.5200,25%,166
5208.5900,25%,166
5209.1100,15%,166
5209.1200,15%,166
5209.1900,15%,166
5209.2100,25%,166
5209.2200,25%,166
5209.2900,25%,166
5209.3100,25%,166
5209.3200,25%,166
5209.3900,25%,166
5209.4100,25%,166
5209.4200,25%,166
5209.4300,25%,166
5209.4900,25%,166
5209.5100,25%,166
5209.5200,25%,166
5209.5900,25%,167
5210.1100,15%,167
5210.1900,15%,167
5210.2100,25%,167
5210.2900,25%,167
5210.3100,25%,167
5210.3200,25%,167
5210.3900,25%,167
5210.4100,25%,167
5210.4900,25%,167
5210.5100,25%,167
5210.5900,25%,167
5211.1100,15%,167
5211.1200,15%,167
5211.1900,15%,167
5211.2000,25%,167
5211.3100,25%,167
5211.3200,25%,167
5211.3900,25%,167
5211.4100,25%,167
5211.4200,25%,167
5211.4300,25%,167
5211.4900,25%,167
5211.5100,25%,167
5211.5200,25%,167
5211.5900,25%,167
5212.1100,15%,167
5212.1200,25%,168
5212.1300,25%,168
5212.1400,25%,168
5212.1500,25%,168
5212.2100,15%,168
5212.2200,25%,168
5212.2300,25%,168
5212.2400,25%,168
5212.2500,25%,168
5301.1000,Free,169
5301.2100,Free,169
5301.2900,Free,169
5301.3000,Free,169
5302.1000,Free,169
5302.9000,Free,169
5303.1000,Free,169
5303.9000,Free,169
5305.0000,Free,169
5306.1000,5%,169
5306.2000,5%,169
5307.1000,5%,169
5307.2000,5%,169
5308.1000,5%,169
5308.2000,5%,169
5308.9000,5%,169
5309.1110,15%,169
5309.1190,25%,169
5309.1910,15%,169
5309.1990,25%,169
5309.2110,15%,169
5309.2190,25%,169
5309.2910,15%,169
5309.2990,25%,169
5310.1000,15%,169
5310.9000,25%,169
5311.0010,15%,169
5311.0090,25%,169
5401.1010,15%,170
5401.1090,5%,170
5401.2010,15%,170
5401.2090,5%,170
5402.1100,Free,170
5402.1900,Free,170
5402.2000,Free,170
5402.3100,Free,170
5402.3200,Free,170
5402.3300,Free,170
5402.3400,Free,170
5402.3900,Free,170
5402.4400,Free,170
5402.4500,Free,170
5402.4600,Free,171
5402.4700,Free,171
5402.4800,Free,171
5402.4900,Free,171
5402.5100,Free,171
5402.5200,Free,171
5402.5300,Free,171
5402.5900,Free,171
5402.6100,Free,171
5402.6200,Free,171
5402.6300,Free,171
5402.6900,Free,171
5403.1000,Free,171
5403.3100,Free,171
5403.3200,Free,171
5403.3300,Free,171
5403.3900,Free,171
5403.4100,Free,171
5403.4200,Free,171
5403.4900,Free,171
5404.1100,Free,171
5404.1200,Free,171
5404.1900,Free,171
5404.9000,Free,171
5405.0000,Free,171
5406.0000,15%,171
5407.1010,15%,172
5407.1090,25%,172
5407.2010,15%,172
5407.2090,25%,172
5407.3010,15%,172
5407.3090,25%,172
5407.4110,15%,172
5407.4190,25%,172
5407.4200,25%,172
5407.4300,25%,172
5407.4400,25%,172
5407.5110,15%,172
5407.5190,25%,172
5407.5200,25%,172
5407.5300,25%,172
5407.5400,25%,172
5407.6110,15%,172
5407.6190,25%,172
5407.6910,15%,172
5407.6990,25%,172
5407.7110,15%,172
5407.7190,25%,172
5407.7200,25%,172
5407.7300,25%,172
5407.7400,25%,172
5407.8110,15%,173
5407.8190,25%,173
5407.8200,25%,173
5407.8300,25%,173
5407.8400,25%,173
5407.9110,15%,173
5407.9190,25%,173
5407.9200,25%,173
5407.9300,25%,173
5407.9400,25%,173
5408.1010,15%,173
5408.1090,25%,173
5408.2110,15%,173
5408.2190,25%,173
5408.2200,25%,173
5408.2300,25%,173
5408.2400,25%,173
5408.3110,15%,173
5408.3190,25%,173
5408.3200,25%,173
5408.3300,25%,173
5408.3400,25%,173
5501.1000,Free,174
5501.2000,Free,174
5501.3000,Free,174
5501.4000,Free,174
5501.9000,Free,174
5502.1000,Free,174
5502.9000,Free,174
5503.1100,Free,174
5503.1900,Free,174
5503.2000,Free,174
5503.3000,Free,174
5503.4000,Free,174
5503.9000,Free,174
5504.1000,Free,174
5504.9000,Free,174
5505.1000,Free,174
5505.2000,Free,174
5506.1000,Free,175
5506.2000,Free,175
5506.3000,Free,175
5506.4000,Free,175
5506.9000,Free,175
5507.0000,Free,175
5508.1010,15%,175
5508.1090,5%,175
5508.2010,15%,175
5508.2090,5%,175
5509.1100,Free,175
5509.1200,Free,175
5509.2100,Free,175
5509.2200,Free,175
5509.3110,15%,175
5509.3190,Free,175
5509.3210,15%,175
5509.3290,Free,175
5509.4100,Free,175
5509.4200,Free,175
5509.5100,Free,175
5509.5200,Free,175
5509.5300,Free,175
5509.5900,Free,175
5509.6100,Free,175
5509.6200,Free,176
5509.6900,Free,176
5509.9100,Free,176
5509.9200,Free,176
5509.9900,Free,176
5510.1100,Free,176
5510.1200,Free,176
5510.2000,Free,176
5510.3000,Free,176
5510.9000,Free,176
5511.1000,15%,176
5511.2000,15%,176
5511.3000,15%,176
5512.1110,15%,176
5512.1190,25%,176
5512.1900,25%,176
5512.2110,15%,176
5512.2190,25%,176
5512.2900,25%,176
5512.9110,15%,176
5512.9190,25%,176
5512.9900,25%,176
5513.1110,15%,177
5513.1190,25%,177
5513.1210,15%,177
5513.1290,25%,177
5513.1310,15%,177
5513.1390,25%,177
5513.1910,15%,177
5513.1990,25%,177
5513.2100,25%,177
5513.2300,25%,177
5513.2900,25%,177
5513.3100,25%,177
5513.3900,25%,177
5513.4100,25%,177
5513.4900,25%,177
5514.1110,15%,177
5514.1190,25%,177
5514.1210,15%,177
5514.1290,25%,177
5514.1910,15%,177
5514.1990,25%,177
5514.2100,25%,177
5514.2200,25%,177
5514.2300,25%,177
5514.2900,25%,177
5514.3000,25%,177
5514.4100,25%,178
5514.4200,25%,178
5514.4300,25%,178
5514.4900,25%,178
5515.1110,15%,178
5515.1190,25%,178
5515.1210,15%,178
5515.1290,25%,178
5515.1310,15%,178
5515.1390,25%,178
5515.1910,15%,178
5515.1990,25%,178
5515.2110,15%,178
5515.2190,25%,178
5515.2210,15%,178
5515.2290,25%,178
5515.2910,15%,178
5515.2990,25%,178
5515.9110,15%,178
5515.9190,25%,178
5515.9910,15%,178
5515.9990,25%,178
5516.1110,15%,178
5516.1190,25%,178
5516.1200,25%,178
5516.1300,25%,178
5516.1400,25%,178
5516.2110,15%,179
5516.2190,25%,179
5516.2200,25%,179
5516.2300,25%,179
5516.2400,25%,179
5516.3110,15%,179
5516.3190,25%,179
5516.3200,25%,179
5516.3300,25%,179
5516.3400,25%,179
5516.4110,15%,179
5516.4190,25%,179
5516.4200,25%,179
5516.4300,25%,179
5516.4400,25%,179
5516.9110,15%,179
5516.9190,25%,179
5516.9200,25%,179
5516.9300,25%,179
5516.9400,25%,179
5601.2100,5%,180
5601.2200,5%,180
5601.2900,5%,180
5601.3000,5%,180
5602.1000,15%,180
5602.2100,15%,180
5602.2900,15%,180
5602.9000,15%,180
5603.1100,15%,181
5603.1200,15%,181
5603.1300,15%,181
5603.1400,15%,181
5603.9100,15%,181
5603.9200,15%,181
5603.9300,15%,181
5603.9400,15%,181
5604.1000,5%,181
5604.9000,5%,181
5605.0000,5%,181
5606.0000,5%,181
5607.2100,15%,181
5607.2900,15%,181
5607.4100,15%,181
5607.4900,15%,181
5607.5000,15%,181
5607.9000,15%,181
5608.1100,Free,181
5608.1910,Free,181
5608.1990,15%,181
5608.9010,Free,181
5608.9090,15%,181
5609.0000,15%,181
5701.1000,35%,182
5701.9000,35%,182
5702.1000,35%,182
5702.2000,35%,182
5702.3100,35%,182
5702.3200,35%,182
5702.3900,35%,182
5702.4100,35%,182
5702.4200,35%,182
5702.4900,35%,182
5702.5000,35%,182
5702.9100,35%,182
5702.9200,35%,182
5702.9900,35%,182
5703.1000,35%,182
5703.2000,35%,182
5703.3000,35%,182
5703.9000,35%,182
5704.1000,35%,182
5704.2000,35%,182
5704.9000,35%,182
5705.0000,35%,182
5801.1000,25%,183
5801.2100,25%,183
5801.2200,25%,183
5801.2300,25%,183
5801.2600,25%,183
5801.2700,25%,183
5801.3100,25%,183
5801.3200,25%,183
5801.3300,25%,183
5801.3600,25%,183
5801.3700,25%,183
5801.9000,25%,183
5802.1100,15%,183
5802.1900,25%,183
5802.2000,25%,183
5802.3000,25%,184
5803.0000,25%,184
5804.1010,Free,184
5804.1090,25%,184
5804.2100,25%,184
5804.2900,25%,184
5804.3000,25%,184
5805.0000,25%,184
5806.1000,25%,184
5806.2000,25%,184
5806.3100,25%,184
5806.3200,25%,184
5806.3900,25%,184
5806.4000,25%,184
5807.1000,25%,184
5807.9000,25%,184
5808.1000,25%,184
5808.9000,25%,184
5809.0000,25%,184
5810.1000,25%,184
5810.9100,25%,184
5810.9200,25%,184
5810.9900,25%,184
5811.0000,25%,184
5901.1000,15%,186
5901.9000,15%,186
5902.1000,5%,186
5902.2000,5%,186
5902.9000,5%,186
5903.1000,5%,186
5903.2000,5%,186
5903.9000,5%,186
5904.1000,15%,187
5904.9000,15%,187
5905.0000,15%,187
5906.1000,15%,187
5906.9100,15%,187
5906.9900,15%,187
5907.0000,15%,187
5908.0000,15%,187
5909.0000,15%,187
5910.0010,5%,187
5910.0020,15%,187
5911.1000,5%,187
5911.2000,5%,187
5911.3100,5%,187
5911.3200,5%,187
5911.4000,5%,187
5911.9000,5%,187
6001.1000,25%,188
6001.2100,25%,188
6001.2200,25%,188
6001.2900,25%,188
6001.9100,25%,188
6001.9200,25%,188
6001.9900,25%,188
6002.4000,25%,188
6002.9000,25%,188
6003.1000,25%,189
6003.2000,25%,189
6003.3000,25%,189
6003.4000,25%,189
6003.9000,25%,189
6004.1000,25%,189
6004.9000,25%,189
6005.2110,15%,189
6005.2190,25%,189
6005.2200,25%,189
6005.2300,25%,189
6005.2400,25%,189
6005.3510,15%,189
6005.3590,25%,189
6005.3610,15%,189
6005.3690,25%,189
6005.3700,25%,189
6005.3800,25%,189
6005.3900,25%,189
6005.4110,15%,189
6005.4190,25%,189
6005.4200,25%,189
6005.4300,25%,189
6005.4400,25%,189
6005.9000,25%,189
6006.1010,15%,189
6006.1090,25%,190
6006.2110,15%,190
6006.2190,25%,190
6006.2200,25%,190
6006.2300,25%,190
6006.2400,25%,190
6006.3110,15%,190
6006.3190,25%,190
6006.3200,25%,190
6006.3300,25%,190
6006.3400,25%,190
6006.4110,15%,190
6006.4190,25%,190
6006.4200,25%,190
6006.4300,25%,190
6006.4400,25%,190
6006.9010,15%,190
6006.9090,25%,190
6101.2000,35%,192
6101.3000,35%,192
6101.9000,35%,192
6102.1000,35%,192
6102.2000,35%,192
6102.3000,35%,192
6102.9000,35%,192
6103.1000,35%,193
6103.2200,35%,193
6103.2300,35%,193
6103.2900,35%,193
6103.3100,35%,193
6103.3200,35%,193
6103.3300,35%,193
6103.3900,35%,193
6103.4100,35%,193
6103.4200,35%,193
6103.4300,35%,193
6103.4900,35%,193
6104.1300,35%,193
6104.1900,35%,193
6104.2200,35%,193
6104.2300,35%,193
6104.2900,35%,193
6104.3100,35%,193
6104.3200,35%,193
6104.3300,35%,193
6104.3900,35%,193
6104.4100,35%,193
6104.4200,35%,193
6104.4300,35%,193
6104.4400,35%,193
6104.4900,35%,193
6104.5100,35%,193
6104.5200,35%,193
6104.5300,35%,193
6104.5900,35%,193
6104.6100,35%,194
6104.6200,35%,194
6104.6300,35%,194
6104.6900,35%,194
6105.1000,35%,194
6105.2000,35%,194
6105.9000,35%,194
6106.1000,35%,194
6106.2000,35%,194
6106.9000,35%,194
6107.1100,35%,194
6107.1200,35%,194
6107.1900,35%,194
6107.2100,35%,194
6107.2200,35%,194
6107.2900,35%,194
6107.9100,35%,194
6107.9900,35%,194
6108.1100,35%,194
6108.1900,35%,194
6108.2100,35%,194
6108.2200,35%,194
6108.2900,35%,194
6108.3100,35%,194
6108.3200,35%,194
6108.3900,35%,194
6108.9100,35%,195
6108.9200,35%,195
6108.9900,35%,195
6109.1000,35%,195
6109.9000,35%,195
6110.1100,35%,195
6110.1200,35%,195
6110.1900,35%,195
6110.2000,35%,195
6110.3000,35%,195
6110.9000,35%,195
6111.2000,35%,195
6111.3000,35%,195
6111.9000,35%,195
6112.1100,35%,195
6112.1200,35%,195
6112.1900,35%,195
6112.2000,35%,195
6112.3100,35%,195
6112.3900,35%,195
6112.4100,35%,195
6112.4900,35%,195
6113.0000,35%,195
6114.2000,35%,195
6114.3000,35%,195
6114.9000,35%,195
6115.1000,35%,196
6115.2100,35%,196
6115.2200,35%,196
6115.2900,35%,196
6115.3000,35%,196
6115.9400,35%,196
6115.9500,35%,196
6115.9600,35%,196
6115.9900,35%,196
6116.1000,35%,196
6116.9100,35%,196
6116.9200,35%,196
6116.9300,35%,196
6116.9900,35%,196
6117.1000,35%,196
6117.8000,35%,196
6117.9000,35%,196
6201.1100,35%,198
6201.1200,35%,198
6201.1300,35%,198
6201.1900,35%,198
6201.9100,35%,198
6201.9200,35%,198
6201.9300,35%,198
6201.9900,35%,198
6202.1100,35%,198
6202.1200,35%,198
6202.1300,35%,198
6202.1900,35%,199
6202.9100,35%,199
6202.9200,35%,199
6202.9300,35%,199
6202.9900,35%,199
6203.1100,35%,199
6203.1200,35%,199
6203.1900,35%,199
6203.2200,35%,199
6203.2300,35%,199
6203.2900,35%,199
6203.3100,35%,199
6203.3200,35%,199
6203.3300,35%,199
6203.3900,35%,199
6203.4100,35%,199
6203.4200,35%,199
6203.4300,35%,199
6203.4900,35%,199
6204.1100,35%,199
6204.1200,35%,199
6204.1300,35%,199
6204.1900,35%,199
6204.2100,35%,199
6204.2200,35%,199
6204.2300,35%,199
6204.2900,35%,199
6204.3100,35%,199
6204.3200,35%,199
6204.3300,35%,199
6204.3900,35%,199
6204.4100,35%,199
6204.4200,35%,199
6204.4300,35%,199
6204.4400,35%,199
6204.4900,35%,199
6204.5100,35%,200
6204.5200,35%,200
6204.5300,35%,200
6204.5900,35%,200
6204.6100,35%,200
6204.6200,35%,200
6204.6300,35%,200
6204.6900,35%,200
6205.2000,35%,200
6205.3000,35%,200
6205.9000,35%,200
6206.1000,35%,200
6206.2000,35%,200
6206.3000,35%,200
6206.4000,35%,200
6206.9000,35%,200
6207.1100,35%,200
6207.1900,35%,200
6207.2100,35%,200
6207.2200,35%,200
6207.2900,35%,200
6207.9100,35%,200
6207.9900,35%,200
6208.1100,35%,200
6208.1900,35%,200
6208.2100,35%,200
6208.2200,35%,200
6208.2900,35%,200
6208.9100,35%,200
6208.9200,35%,200
6208.9900,35%,200
6209.2000,35%,200
6209.3000,35%,200
6209.9000,35%,200
6210.1000,35%,201
6210.2000,35%,201
6210.3000,35%,201
6210.4000,35%,201
6210.5000,35%,201
6211.1100,35%,201
6211.1200,35%,201
6211.2000,35%,201
6211.3200,35%,201
6211.3300,35%,201
6211.3900,35%,201
6211.4200,35%,201
6211.4300,35%,201
6211.4900,35%,201
6212.1000,35%,201
6212.2000,35%,201
6212.3000,35%,201
6212.9000,35%,201
6213.2000,35%,201
6213.9000,35%,201
6214.1000,35%,201
6214.2000,35%,201
6214.3000,35%,201
6214.4000,35%,201
6214.9000,35%,201
6215.1000,35%,201
6215.2000,35%,201
6215.9000,35%,201
6216.0000,35%,201
6217.1000,15%,201
6217.9000,15%,201
6301.1000,35%,202
6301.2000,35%,202
6301.3000,35%,202
6301.4000,35%,202
6301.9000,35%,202
6302.1000,35%,202
6302.2100,35%,202
6302.2200,35%,203
6302.2900,35%,203
6302.3100,35%,203
6302.3200,35%,203
6302.3900,35%,203
6302.4000,35%,203
6302.5100,35%,203
6302.5300,35%,203
6302.5900,35%,203
6302.6000,35%,203
6302.9100,35%,203
6302.9300,35%,203
6302.9900,35%,203
6303.1200,35%,203
6303.1900,35%,203
6303.9100,35%,203
6303.9200,35%,203
6303.9900,35%,203
6304.1100,35%,203
6304.1900,35%,203
6304.2000,35%,203
6304.9100,35%,203
6304.9210,Free,203
6304.9290,35%,203
6304.9310,Free,203
6304.9390,35%,203
6304.9910,Free,203
6304.9990,35%,204
6305.1000,35%,204
6305.2000,35%,204
6305.3200,35%,204
6305.3300,35%,204
6305.3900,35%,204
6305.9000,35%,204
6306.1200,35%,204
6306.1900,35%,204
6306.2200,35%,204
6306.2900,35%,204
6306.3000,35%,204
6306.4000,35%,204
6306.9000,35%,204
6307.1000,35%,204
6307.2000,35%,204
6307.9000,35%,204
6308.0000,35%,204
6309.0000,Prohibited,204
6310.1000,Prohibited,204
6310.9000,Prohibited,204
6401.1000,35%,206
6401.9200,35%,206
6401.9900,35%,206
6402.1200,35%,206
6402.1900,35%,206
6402.2000,35%,206
6402.9100,35%,206
6402.9900,35%,206
6403.1200,35%,206
6403.1900,35%,206
6403.2000,35%,206
6403.4000,35%,206
6403.5100,35%,206
6403.5900,35%,206
6403.9100,35%,206
6403.9900,35%,206
6404.1100,35%,206
6404.1900,35%,206
6404.2000,35%,207
6405.1000,35%,207
6405.2000,35%,207
6405.9000,35%,207
6406.1000,5%,207
6406.2000,5%,207
6406.9000,5%,207
6501.0000,35%,208
6502.0000,35%,208
6504.0000,35%,208
6505.0000,35%,208
6506.1010,Free,208
6506.1090,15%,208
6506.9100,35%,208
6506.9900,35%,208
6507.0000,35%,208
6601.1000,35%,209
6601.9100,35%,209
6601.9900,35%,209
6602.0010,35%,209
6602.0090,35%,209
6603.2000,25%,209
6603.9010,15%,209
6603.9090,35%,209
6701.0000,35%,210
6702.1000,35%,210
6702.9000,35%,210
6703.0000,35%,210
6704.1100,35%,210
6704.1900,35%,210
6704.2000,35%,210
6704.9000,35%,210
6801.0000,35%,211
6802.1000,35%,211
6802.2100,35%,212
6802.2300,35%,212
6802.2900,35%,212
6802.9100,35%,212
6802.9200,35%,212
6802.9300,35%,212
6802.9900,35%,212
6803.0000,35%,212
6804.1000,15%,212
6804.2100,15%,212
6804.2200,15%,212
6804.2300,15%,212
6804.3000,15%,212
6805.1000,15%,212
6805.2000,15%,212
6805.3000,15%,212
6806.1000,15%,212
6806.2000,15%,212
6806.9000,15%,212
6807.1000,25%,213
6807.9000,25%,213
6808.0000,35%,213
6809.1100,35%,213
6809.1900,35%,213
6809.9000,35%,213
6810.1100,35%,213
6810.1900,35%,213
6810.9100,35%,213
6810.9900,35%,213
6811.4000,35%,213
6811.8100,35%,213
6811.8200,35%,213
6811.8900,35%,213
6812.8000,35%,213
6812.9100,5%,213
6812.9200,35%,213
6812.9300,35%,213
6812.9900,35%,214
6813.2000,35%,214
6813.8100,15%,214
6813.8900,15%,214
6814.1000,35%,214
6814.9000,35%,214
6815.1000,35%,214
6815.2000,35%,214
6815.9100,35%,214
6815.9900,35%,214
6901.0000,5%,215
6902.1000,5%,215
6902.2000,5%,215
6902.9000,5%,215
6903.1000,5%,215
6903.2000,5%,215
6903.9000,5%,215
6904.1000,35%,215
6904.9000,35%,215
6905.1000,35%,216
6905.9000,35%,216
6906.0000,35%,216
6907.2100,35%,216
6907.2200,35%,216
6907.2300,35%,216
6907.3000,35%,216
6907.4000,35%,216
6909.1100,5%,216
6909.1200,5%,216
6909.1900,5%,216
6909.9000,35%,216
6910.1000,35%,216
6910.9000,35%,216
6911.1000,35%,216
6911.9000,35%,216
6912.0000,35%,216
6913.1000,35%,216
6913.9000,35%,216
6914.1000,35%,216
6914.9010,15%,216
6914.9090,35%,216
7001.0000,15%,217
7002.1000,15%,217
7002.2010,5%,217
7002.2090,15%,217
7002.3100,15%,217
7002.3200,15%,218
7002.3900,15%,218
7003.1200,35%,218
7003.1900,35%,218
7003.2000,35%,218
7003.3000,35%,218
7004.2000,35%,218
7004.9000,35%,218
7005.1000,35%,218
7005.2100,35%,218
7005.2900,35%,218
7005.3000,35%,218
7006.0000,25%,218
7007.1110,Free,218
7007.1190,35%,218
7007.1900,35%,218
7007.2110,Free,218
7007.2190,35%,218
7007.2900,35%,218
7008.0000,35%,218
7009.1000,35%,219
7009.9100,35%,219
7009.9200,35%,219
7010.1000,Free,219
7010.2000,15%,219
7010.9000,15%,219
7011.1000,15%,219
7011.2000,15%,219
7011.9000,15%,219
7013.1000,35%,219
7013.2200,35%,219
7013.2800,35%,219
7013.3300,35%,219
7013.3700,35%,219
7013.4100,35%,219
7013.4200,35%,219
7013.4900,35%,219
7013.9100,35%,219
7013.9900,35%,219
7014.0010,25%,219
7014.0020,Free,219
7014.0090,25%,219
7015.1000,5%,219
7015.9000,25%,219
7016.1000,35%,220
7016.9000,35%,220
7017.1000,5%,220
7017.2000,5%,220
7017.9000,5%,220
7018.1000,35%,220
7018.2000,35%,220
7018.9000,35%,220
7019.1100,15%,220
7019.1200,15%,220
7019.1900,15%,220
7019.3100,15%,220
7019.3200,15%,220
7019.3900,15%,220
7019.4000,15%,220
7019.5100,15%,220
7019.5200,15%,220
7019.5900,15%,220
7019.9000,15%,220
7020.0010,15%,220
7020.0090,15%,220
7101.1000,35%,223
7101.2100,35%,223
7101.2200,35%,223
7102.1000,35%,223
7102.2100,35%,223
7102.2900,35%,223
7102.3100,35%,223
7102.3900,35%,223
7103.1000,35%,223
7103.9100,35%,223
7103.9900,35%,223
7104.1000,35%,223
7104.2000,35%,223
7104.9000,35%,223
7105.1000,35%,223
7105.9000,35%,223
7106.1000,35%,224
7106.9100,35%,224
7106.9200,35%,224
7107.0000,35%,224
7108.1100,35%,224
7108.1200,35%,224
7108.1300,35%,224
7108.2000,Free,224
7109.0000,35%,224
7110.1100,35%,224
7110.1900,35%,224
7110.2100,35%,224
7110.2900,35%,224
7110.3100,35%,224
7110.3900,35%,224
7110.4100,35%,224
7110.4900,35%,224
7111.0000,35%,224
7112.3000,35%,224
7112.9100,35%,224
7112.9200,35%,224
7112.9900,35%,224
7113.1100,35%,225
7113.1900,35%,225
7113.2000,35%,225
7114.1100,35%,225
7114.1900,35%,225
7114.2000,35%,225
7115.1000,5%,225
7115.9000,5%,225
7116.1000,35%,225
7116.2000,35%,225
7117.1100,35%,225
7117.1900,35%,225
7117.9000,35%,225
7118.1000,35%,225
7118.9000,Free,225
7201.1000,Free,230
7201.2000,Free,230
7201.5000,Free,230
7202.1100,Free,230
7202.1900,Free,230
7202.2100,Free,230
7202.2900,Free,230
7202.3000,Free,230
7202.4100,Free,230
7202.4900,Free,230
7202.5000,Free,231
7202.6000,Free,231
7202.7000,Free,231
7202.8000,Free,231
7202.9100,Free,231
7202.9200,Free,231
7202.9300,Free,231
7202.9900,Free,231
7203.1000,Free,231
7203.9000,Free,231
7204.1000,Free,231
7204.2100,Free,231
7204.2900,Free,231
7204.3000,Free,231
7204.4100,Free,231
7204.4900,Free,231
7204.5000,Free,231
7205.1000,Free,231
7205.2100,Free,231
7205.2900,Free,231
7206.1000,Free,231
7206.9000,Free,231
7207.1100,Free,231
7207.1200,Free,231
7207.1900,Free,232
7207.2000,Free,232
7208.1000,Free,232
7208.2500,Free,232
7208.2600,Free,232
7208.2700,Free,232
7208.3600,Free,232
7208.3700,Free,232
7208.3800,Free,232
7208.3900,Free,232
7208.4000,Free,232
7208.5100,5%,232
7208.5200,5%,232
7208.5300,5%,232
7208.5400,5%,232
7208.9000,5%,232
7209.1500,5%,232
7209.1600,5%,232
7209.1700,5%,232
7209.1800,5%,232
7209.2500,15%,232
7209.2600,15%,232
7209.2700,15%,232
7209.2800,15%,232
7209.9000,15%,232
7210.1100,15%,233
7210.1200,15%,233
7210.2000,15%,233
7210.3010,35%,233
7210.3090,15%,233
7210.4100,35%,233
7210.4900,25%,233
7210.5000,25%,233
7210.6100,25%,233
7210.6900,25%,233
7210.7000,25%,233
7210.9000,25%,233
7211.1300,5%,233
7211.1400,5%,233
7211.1900,5%,233
7211.2300,5%,233
7211.2900,5%,233
7211.9000,15%,233
7212.1010,25%,233
7212.1090,25%,233
7212.2000,25%,233
7212.3000,25%,233
7212.4000,25%,233
7212.5010,25%,233
7212.5090,25%,233
7212.6000,25%,233
7213.1000,35%,234
7213.2000,35%,234
7213.9100,35%,234
7213.9900,35%,234
7214.1000,35%,234
7214.2000,35%,234
7214.3000,35%,234
7214.9100,35%,234
7214.9900,35%,234
7215.1000,5%,234
7215.5000,15%,234
7215.9000,15%,234
7216.1000,15%,234
7216.2100,15%,234
7216.2200,15%,234
7216.3100,15%,234
7216.3200,15%,234
7216.3300,15%,234
7216.4000,15%,234
7216.5000,15%,234
7216.6100,15%,235
7216.6900,15%,235
7216.9100,15%,235
7216.9900,15%,235
7217.1000,35%,235
7217.2000,35%,235
7217.3000,35%,235
7217.9000,35%,235
7218.1000,Free,235
7218.9100,Free,235
7218.9900,Free,235
7219.1100,5%,235
7219.1200,5%,235
7219.1300,5%,235
7219.1400,5%,235
7219.2100,15%,235
7219.2200,15%,235
7219.2300,15%,235
7219.2400,15%,235
7219.3100,15%,235
7219.3200,15%,235
7219.3300,15%,235
7219.3400,15%,235
7219.3500,15%,235
7219.9000,15%,235
7220.1100,15%,235
7220.1200,15%,236
7220.2000,15%,236
7220.9000,15%,236
7221.0000,15%,236
7222.1100,15%,236
7222.1900,15%,236
7222.2000,15%,236
7222.3000,15%,236
7222.4000,15%,236
7223.0000,15%,236
7224.1000,5%,236
7224.9000,5%,236
7225.1100,15%,236
7225.1900,15%,236
7225.3000,15%,236
7225.4000,15%,236
7225.5000,15%,236
7225.9100,15%,236
7225.9200,15%,236
7225.9900,15%,236
7226.1100,15%,236
7226.1900,15%,236
7226.2000,15%,236
7226.9100,15%,236
7226.9200,15%,237
7226.9900,15%,237
7227.1000,15%,237
7227.2000,15%,237
7227.9000,15%,237
7228.1000,15%,237
7228.2000,15%,237
7228.3000,15%,237
7228.4000,15%,237
7228.5000,15%,237
7228.6000,15%,237
7228.7000,15%,237
7228.8000,15%,237
7229.2000,15%,237
7229.9000,15%,237
7301.1000,15%,238
7301.2000,15%,238
7302.1000,Free,238
7302.3000,Free,238
7302.4000,Free,238
7302.9000,Free,238
7303.0000,15%,238
7304.1100,Free,238
7304.1900,Free,238
7304.2200,Free,238
7304.2300,Free,238
7304.2400,Free,238
7304.2900,Free,238
7304.3100,15%,238
7304.3900,15%,238
7304.4100,15%,238
7304.4900,15%,238
7304.5100,15%,238
7304.5900,15%,238
7304.9000,15%,239
7305.1100,25%,239
7305.1200,25%,239
7305.1900,25%,239
7305.2000,25%,239
7305.3100,25%,239
7305.3900,25%,239
7305.9000,25%,239
7306.1100,15%,239
7306.1900,15%,239
7306.2100,25%,239
7306.2900,25%,239
7306.3000,25%,239
7306.4000,25%,239
7306.5000,25%,239
7306.6100,25%,239
7306.6900,25%,239
7306.9000,25%,239
7307.1100,15%,239
7307.1900,15%,239
7307.2100,15%,239
7307.2200,15%,239
7307.2300,15%,239
7307.2900,15%,239
7307.9100,15%,239
7307.9200,15%,239
7307.9300,15%,239
7307.9900,15%,239
7308.1000,35%,240
7308.2000,35%,240
7308.3000,35%,240
7308.4000,35%,240
7308.9000,35%,240
7309.0000,35%,240
7310.1000,25%,240
7310.2100,25%,240
7310.2900,25%,240
7311.0000,15%,240
7312.1000,15%,240
7312.9000,25%,240
7313.0000,25%,240
7314.1200,25%,240
7314.1400,25%,240
7314.1900,25%,240
7314.2000,25%,240
7314.3100,25%,240
7314.3900,25%,240
7314.4100,15%,240
7314.4200,15%,240
7314.4900,15%,241
7314.5000,25%,241
7315.1100,15%,241
7315.1200,15%,241
7315.1900,15%,241
7315.2000,15%,241
7315.8100,15%,241
7315.8200,15%,241
7315.8900,15%,241
7315.9000,15%,241
7316.0010,Free,241
7316.0090,35%,241
7317.0010,15%,241
7317.0090,35%,241
7318.1100,15%,241
7318.1200,15%,241
7318.1300,15%,241
7318.1400,15%,241
7318.1500,15%,241
7318.1600,15%,241
7318.1900,15%,241
7318.2100,15%,241
7318.2200,15%,241
7318.2300,15%,241
7318.2400,15%,241
7318.2900,15%,241
7319.4000,5%,241
7319.9000,15%,241
7320.1000,15%,242
7320.2010,25%,242
7320.2090,15%,242
7320.9000,15%,242
7321.1100,35%,242
7321.1200,35%,242
7321.1900,35%,242
7321.8100,35%,242
7321.8200,35%,242
7321.8900,35%,242
7321.9000,15%,242
7322.1110,15%,242
7322.1190,25%,242
7322.1910,15%,242
7322.1990,25%,242
7322.9000,25%,242
7323.1000,35%,242
7323.9100,35%,242
7323.9200,35%,242
7323.9300,35%,242
7323.9400,35%,242
7323.9910,15%,242
7323.9990,35%,242
7324.1000,35%,242
7324.2100,35%,243
7324.2900,35%,243
7324.9010,15%,243
7324.9090,35%,243
7325.1000,25%,243
7325.9100,5%,243
7325.9900,25%,243
7326.1100,5%,243
7326.1910,15%,243
7326.1990,25%,243
7326.2010,25%,243
7326.2090,35%,243
7326.9010,5%,243
7326.9090,35%,243
7401.0000,Free,246
7402.0000,Free,246
7403.1100,Free,246
7403.1200,Free,246
7403.1300,Free,246
7403.1900,Free,246
7403.2100,Free,246
7403.2200,Free,246
7403.2900,Free,246
7404.0000,Free,246
7405.0000,Free,246
7406.1000,Free,246
7406.2000,Free,246
7407.1000,5%,246
7407.2100,5%,246
7407.2900,5%,246
7408.1100,15%,246
7408.1900,25%,246
7408.2100,15%,246
7408.2200,15%,246
7408.2900,15%,246
7409.1100,5%,246
7409.1900,5%,246
7409.2100,5%,246
7409.2900,5%,246
7409.3100,5%,246
7409.3900,5%,246
7409.4000,5%,246
7409.9000,5%,246
7410.1100,15%,247
7410.1200,15%,247
7410.2100,15%,247
7410.2200,15%,247
7411.1000,15%,247
7411.2100,15%,247
7411.2200,15%,247
7411.2900,15%,247
7412.1000,15%,247
7412.2000,15%,247
7413.0000,25%,247
7415.1000,15%,247
7415.2100,15%,247
7415.2900,15%,247
7415.3300,15%,247
7415.3900,15%,247
7418.1000,35%,247
7418.2000,35%,247
7419.1000,35%,247
7419.9100,35%,247
7419.9910,15%,247
7419.9990,35%,247
7501.1000,Free,249
7501.2000,Free,249
7502.1000,Free,249
7502.2000,Free,249
7503.0000,Free,249
7504.0000,Free,249
7505.1100,5%,249
7505.1200,5%,249
7505.2100,15%,249
7505.2200,15%,249
7506.1000,15%,249
7506.2000,15%,249
7507.1100,15%,249
7507.1200,15%,249
7507.2000,15%,249
7508.1000,35%,249
7508.9000,35%,249
7601.1000,Free,251
7601.2000,Free,251
7602.0000,Free,251
7603.1000,Free,251
7603.2000,Free,251
7604.1010,5%,251
7604.1020,25%,251
7604.2100,25%,251
7604.2910,5%,251
7604.2920,25%,251
7605.1100,15%,251
7605.1900,25%,252
7605.2100,15%,252
7605.2900,25%,252
7606.1100,5%,252
7606.1200,5%,252
7606.9100,5%,252
7606.9200,5%,252
7607.1100,5%,252
7607.1900,15%,252
7607.2010,5%,252
7607.2090,15%,252
7608.1000,15%,252
7608.2000,25%,252
7609.0000,25%,252
7610.1010,15%,252
7610.1090,35%,252
7610.9010,25%,252
7610.9090,35%,253
7611.0000,15%,253
7612.1000,15%,253
7612.9000,15%,253
7613.0000,15%,253
7614.1000,25%,253
7614.9000,25%,253
7615.1010,35%,253
7615.1090,35%,253
7615.2000,35%,253
7616.1000,15%,253
7616.9100,35%,253
7616.9910,5%,253
7616.9990,35%,253
7801.1000,Free,256
7801.9100,Free,256
7801.9900,Free,256
7802.0000,Free,256
7804.1100,5%,256
7804.1900,15%,256
7804.2000,Free,256
7806.0000,25%,256
7901.1100,Free,258
7901.1200,Free,258
7901.2000,Free,258
7902.0000,Free,258
7903.1000,Free,258
7903.9000,Free,258
7904.0000,15%,258
7905.0000,15%,258
7907.0000,25%,258
8001.1000,Free,260
8001.2000,Free,260
8002.0000,Free,260
8003.0000,15%,260
8007.0000,25%,260
8101.1000,Free,261
8101.9400,5%,261
8101.9600,15%,261
8101.9700,Free,261
8101.9900,15%,261
8102.1000,Free,261
8102.9400,Free,261
8102.9500,5%,261
8102.9600,15%,261
8102.9700,Free,261
8102.9900,25%,261
8103.2000,Free,261
8103.3000,Free,261
8103.9000,25%,261
8104.1100,Free,261
8104.1900,Free,261
8104.2000,Free,261
8104.3000,Free,261
8104.9000,15%,261
8105.2000,5%,261
8105.3000,Free,261
8105.9000,15%,262
8106.0000,25%,262
8107.2000,Free,262
8107.3000,Free,262
8107.9000,25%,262
8108.2000,Free,262
8108.3000,Free,262
8108.9000,25%,262
8109.2000,Free,262
8109.3000,Free,262
8109.9000,25%,262
8110.1000,Free,262
8110.2000,Free,262
8110.9000,25%,262
8111.0000,25%,262
8112.1200,Free,262
8112.1300,Free,262
8112.1900,25%,262
8112.2100,Free,262
8112.2200,Free,262
8112.2900,25%,262
8112.5100,Free,262
8112.5200,Free,262
8112.5900,25%,262
8112.9200,Free,262
8112.9900,25%,262
8113.0000,5%,262
8201.1000,25%,263
8201.3000,25%,263
8201.4000,25%,263
8201.5000,25%,263
8201.6000,25%,263
8201.9010,15%,263
8201.9090,25%,263
8202.1000,25%,263
8202.2000,25%,263
8202.3100,25%,264
8202.3900,25%,264
8202.4000,25%,264
8202.9100,25%,264
8202.9900,25%,264
8203.1000,25%,264
8203.2000,25%,264
8203.3000,25%,264
8203.4000,25%,264
8204.1100,25%,264
8204.1200,25%,264
8204.2000,25%,264
8205.1000,15%,264
8205.2000,15%,264
8205.3000,15%,264
8205.4000,15%,264
8205.5100,15%,264
8205.5900,15%,264
8205.6000,15%,264
8205.7000,15%,264
8205.9000,15%,264
8206.0000,15%,264
8207.1300,5%,265
8207.1900,5%,265
8207.2000,5%,265
8207.3000,5%,265
8207.4000,5%,265
8207.5000,5%,265
8207.6000,5%,265
8207.7000,5%,265
8207.8000,5%,265
8207.9000,5%,265
8208.1000,5%,265
8208.2000,5%,265
8208.3000,5%,265
8208.4000,5%,265
8208.9000,5%,265
8209.0000,5%,265
8210.0000,35%,265
8211.1000,35%,265
8211.9100,35%,265
8211.9200,35%,265
8211.9300,35%,265
8211.9400,35%,265
8211.9500,15%,265
8212.1000,35%,265
8212.2000,35%,266
8212.9000,35%,266
8213.0000,15%,266
8214.1000,35%,266
8214.2000,35%,266
8214.9000,35%,266
8215.1000,35%,266
8215.2000,35%,266
8215.9100,35%,266
8215.9900,35%,266
8301.1000,35%,267
8301.2000,35%,267
8301.3000,15%,267
8301.4000,15%,267
8301.5000,15%,267
8301.6000,15%,267
8301.7000,35%,267
8302.1000,15%,267
8302.2000,15%,267
8302.3000,25%,267
8302.4100,15%,267
8302.4200,15%,267
8302.4900,15%,267
8302.5000,35%,267
8302.6000,35%,267
8303.0000,35%,267
8304.0000,35%,267
8305.1000,35%,268
8305.2000,35%,268
8305.9000,35%,268
8306.1000,5%,268
8306.2100,35%,268
8306.2900,35%,268
8306.3000,35%,268
8307.1000,25%,268
8307.9000,25%,268
8308.1000,5%,268
8308.2000,5%,268
8308.9010,5%,268
8308.9090,15%,268
8309.1000,35%,268
8309.9000,15%,268
8310.0000,35%,268
8311.1000,25%,268
8311.2000,15%,268
8311.3000,15%,268
8311.9000,25%,268
8401.1000,Free,272
8401.2000,Free,272
8401.3000,Free,272
8401.4000,Free,272
8402.1100,5%,272
8402.1200,5%,272
8402.1900,5%,272
8402.2000,5%,272
8402.9000,5%,272
8403.1000,15%,273
8403.9000,15%,273
8404.1010,5%,273
8404.1090,15%,273
8404.2000,5%,273
8404.9010,5%,273
8404.9090,15%,273
8405.1000,5%,273
8405.9000,5%,273
8406.1000,Free,273
8406.8100,5%,273
8406.8200,5%,273
8406.9000,5%,273
8407.1000,Free,273
8407.2100,Free,273
8407.2900,5%,273
8407.3100,15%,273
8407.3200,15%,273
8407.3300,15%,273
8407.3400,15%,273
8407.9000,15%,273
8408.1000,Free,273
8408.2000,15%,273
8408.9000,15%,273
8409.1000,Free,274
8409.9110,Free,274
8409.9190,25%,274
8409.9910,Free,274
8409.9990,15%,274
8410.1100,Free,274
8410.1200,Free,274
8410.1300,Free,274
8410.9000,Free,274
8411.1100,Free,274
8411.1200,Free,274
8411.2100,Free,274
8411.2200,Free,274
8411.8100,Free,274
8411.8200,Free,274
8411.9100,Free,274
8411.9900,Free,274
8412.1000,Free,274
8412.2100,Free,274
8412.2900,Free,274
8412.3100,Free,274
8412.3900,Free,274
8412.8000,Free,274
8412.9000,5%,274
8413.1100,5%,275
8413.1900,5%,275
8413.2000,5%,275
8413.3000,5%,275
8413.4000,5%,275
8413.5000,5%,275
8413.6000,5%,275
8413.7000,5%,275
8413.8100,5%,275
8413.8200,5%,275
8413.9100,5%,275
8413.9200,5%,275
8414.1000,15%,275
8414.2000,15%,275
8414.3000,15%,275
8414.4000,15%,275
8414.5100,15%,275
8414.5900,15%,275
8414.6000,15%,275
8414.8000,15%,275
8414.9000,5%,275
8415.1000,15%,275
8415.2000,25%,275
8415.8100,25%,275
8415.8200,25%,275
8415.8300,25%,275
8415.9000,15%,275
8416.1000,5%,276
8416.2000,5%,276
8416.3000,5%,276
8416.9000,5%,276
8417.1000,Free,276
8417.2000,Free,276
8417.8000,Free,276
8417.9000,5%,276
8418.1010,15%,276
8418.1020,25%,276
8418.1090,35%,276
8418.2110,15%,276
8418.2120,25%,276
8418.2190,35%,276
8418.2910,15%,276
8418.2920,25%,276
8418.2990,35%,276
8418.3010,15%,276
8418.3020,25%,276
8418.3090,35%,276
8418.4010,15%,276
8418.4020,25%,276
8418.4090,35%,276
8418.5010,15%,276
8418.5020,25%,276
8418.5090,35%,277
8418.6110,15%,277
8418.6120,25%,277
8418.6190,35%,277
8418.6910,15%,277
8418.6920,25%,277
8418.6990,35%,277
8418.9100,5%,277
8418.9900,5%,277
8419.1100,Free,277
8419.1910,Free,277
8419.1990,Free,277
8419.2000,Free,277
8419.3100,Free,277
8419.3200,Free,277
8419.3900,Free,277
8419.4000,Free,277
8419.5000,Free,277
8419.6000,Free,277
8419.8100,5%,277
8419.8900,5%,277
8419.9000,5%,277
8420.1000,5%,277
8420.9100,5%,277
8420.9900,25%,278
8421.1100,Free,278
8421.1200,5%,278
8421.1900,5%,278
8421.2100,5%,278
8421.2200,5%,278
8421.2310,25%,278
8421.2390,5%,278
8421.2900,5%,278
8421.3110,25%,278
8421.3190,5%,278
8421.3900,5%,278
8421.9100,5%,278
8421.9900,5%,278
8422.1100,15%,278
8422.1900,15%,278
8422.2000,15%,278
8422.3000,5%,278
8422.4000,5%,278
8422.9000,15%,278
8423.1000,25%,278
8423.2000,5%,278
8423.3000,5%,278
8423.8100,25%,279
8423.8210,35%,279
8423.8220,25%,279
8423.8900,25%,279
8423.9000,5%,279
8424.1000,Free,279
8424.2000,Free,279
8424.3000,Free,279
8424.4100,Free,279
8424.4900,Free,279
8424.8200,Free,279
8424.8900,Free,279
8424.9000,5%,279
8425.1100,Free,279
8425.1900,Free,279
8425.3100,Free,279
8425.3900,Free,279
8425.4100,5%,279
8425.4200,5%,279
8425.4900,5%,279
8426.1100,Free,280
8426.1200,Free,280
8426.1900,Free,280
8426.2000,Free,280
8426.3000,Free,280
8426.4100,Free,280
8426.4900,Free,280
8426.9100,Free,280
8426.9900,Free,280
8427.1000,Free,280
8427.2000,Free,280
8427.9000,Free,280
8428.1000,5%,280
8428.2000,5%,280
8428.3100,5%,280
8428.3200,5%,280
8428.3300,5%,280
8428.3900,5%,280
8428.4000,5%,280
8428.6000,5%,280
8428.9000,5%,280
8429.1100,Free,280
8429.1900,Free,280
8429.2000,Free,280
8429.3000,Free,280
8429.4000,Free,280
8429.5100,Free,280
8429.5200,Free,280
8429.5900,Free,280
8430.1000,Free,281
8430.2000,Free,281
8430.3100,Free,281
8430.3900,Free,281
8430.4100,Free,281
8430.4900,Free,281
8430.5000,Free,281
8430.6100,Free,281
8430.6900,Free,281
8431.1000,5%,281
8431.2000,5%,281
8431.3100,5%,281
8431.3900,5%,281
8431.4100,5%,281
8431.4200,5%,281
8431.4300,5%,281
8431.4900,5%,281
8432.1000,Free,281
8432.2100,Free,281
8432.2900,Free,281
8432.3100,Free,281
8432.3900,Free,281
8432.4100,Free,281
8432.4200,Free,281
8432.8000,Free,281
8432.9000,5%,281
8433.1100,Free,282
8433.1900,Free,282
8433.2000,Free,282
8433.3000,Free,282
8433.4000,Free,282
8433.5100,Free,282
8433.5200,Free,282
8433.5300,Free,282
8433.5900,Free,282
8433.6000,Free,282
8433.9000,5%,282
8434.1000,Free,282
8434.2000,Free,282
8434.9000,5%,282
8435.1000,Free,282
8435.9000,5%,282
8436.1000,Free,282
8436.2100,Free,282
8436.2900,Free,282
8436.8000,Free,282
8436.9100,5%,282
8436.9900,5%,282
8437.1000,Free,282
8437.8000,Free,283
8437.9000,5%,283
8438.1000,Free,283
8438.2000,Free,283
8438.3000,Free,283
8438.4000,Free,283
8438.5000,Free,283
8438.6000,Free,283
8438.8000,Free,283
8438.9000,5%,283
8439.1000,Free,283
8439.2000,Free,283
8439.3000,Free,283
8439.9100,5%,283
8439.9900,5%,283
8440.1000,Free,283
8440.9000,5%,283
8441.1000,Free,283
8441.2000,Free,283
8441.3000,Free,283
8441.4000,Free,283
8441.8000,Free,283
8441.9000,5%,283
8442.3000,5%,283
8442.4000,5%,283
8442.5000,5%,283
8443.1100,5%,284
8443.1200,15%,284
8443.1300,5%,284
8443.1400,5%,284
8443.1500,5%,284
8443.1600,5%,284
8443.1700,5%,284
8443.1900,5%,284
8443.3110,Free,284
8443.3190,5%,284
8443.3210,Free,284
8443.3290,5%,284
8443.3910,35%,284
8443.3990,5%,284
8443.9100,5%,284
8443.9910,15%,284
8443.9920,25%,284
8443.9990,5%,284
8444.0000,Free,284
8445.1100,Free,285
8445.1200,Free,285
8445.1300,Free,285
8445.1900,Free,285
8445.2000,Free,285
8445.3000,Free,285
8445.4000,Free,285
8445.9000,Free,285
8446.1000,Free,285
8446.2100,Free,285
8446.2900,Free,285
8446.3000,Free,285
8447.1100,Free,285
8447.1200,Free,285
8447.2000,Free,285
8447.9000,Free,285
8448.1100,Free,285
8448.1900,Free,285
8448.2000,Free,285
8448.3100,Free,286
8448.3200,Free,286
8448.3300,Free,286
8448.3900,Free,286
8448.4200,Free,286
8448.4900,Free,286
8448.5100,5%,286
8448.5900,5%,286
8449.0000,Free,286
8450.1110,15%,286
8450.1120,25%,286
8450.1210,15%,286
8450.1220,25%,286
8450.1910,15%,286
8450.1920,25%,286
8450.2010,15%,286
8450.2020,25%,286
8450.9000,15%,286
8451.1000,Free,286
8451.2100,25%,286
8451.2900,Free,286
8451.3000,Free,286
8451.4000,Free,287
8451.5000,Free,287
8451.8000,Free,287
8451.9000,5%,287
8452.1000,Free,287
8452.2100,Free,287
8452.2900,Free,287
8452.3000,Free,287
8452.9000,5%,287
8453.1000,Free,287
8453.2000,Free,287
8453.8000,Free,287
8453.9000,5%,287
8454.1000,Free,287
8454.2000,Free,287
8454.3000,Free,287
8454.9000,5%,287
8455.1000,Free,287
8455.2100,Free,287
8455.2200,Free,287
8455.3000,Free,287
8455.9000,5%,287
8456.1100,Free,287
8456.1200,Free,287
8456.2000,Free,287
8456.3000,Free,287
8456.4000,Free,288
8456.5000,Free,288
8456.9000,Free,288
8457.1000,Free,288
8457.2000,Free,288
8457.3000,Free,288
8458.1100,Free,288
8458.1900,Free,288
8458.9100,Free,288
8458.9900,Free,288
8459.1000,Free,288
8459.2100,Free,288
8459.2900,Free,288
8459.3100,Free,288
8459.3900,Free,288
8459.4100,Free,288
8459.4900,Free,288
8459.5100,Free,288
8459.5900,Free,288
8459.6100,Free,288
8459.6900,Free,288
8459.7000,Free,288
8460.1200,Free,288
8460.1900,Free,288
8460.2200,Free,289
8460.2300,Free,289
8460.2400,Free,289
8460.2900,Free,289
8460.3100,Free,289
8460.3900,Free,289
8460.4000,Free,289
8460.9000,Free,289
8461.2000,Free,289
8461.3000,Free,289
8461.4000,Free,289
8461.5000,Free,289
8461.9000,Free,289
8462.1000,Free,289
8462.2100,Free,289
8462.2900,Free,289
8462.3100,Free,289
8462.3900,Free,289
8462.4100,Free,289
8462.4900,Free,289
8462.9100,Free,289
8462.9900,Free,289
8463.1000,Free,289
8463.2000,Free,289
8463.3000,Free,290
8463.9000,Free,290
8464.1000,Free,290
8464.2000,Free,290
8464.9000,Free,290
8465.1000,Free,290
8465.2000,Free,290
8465.9100,Free,290
8465.9200,Free,290
8465.9300,Free,290
8465.9400,Free,290
8465.9500,Free,290
8465.9600,Free,290
8465.9900,Free,290
8466.1000,5%,290
8466.2000,5%,290
8466.3000,5%,290
8466.9100,5%,290
8466.9200,5%,290
8466.9300,5%,290
8466.9400,5%,290
8467.1100,5%,290
8467.1900,5%,290
8467.2100,5%,290
8467.2200,5%,290
8467.2900,5%,290
8467.8100,5%,291
8467.8900,5%,291
8467.9100,5%,291
8467.9200,5%,291
8467.9900,5%,291
8468.1000,Free,291
8468.2000,Free,291
8468.8000,Free,291
8468.9000,5%,291
8470.1000,25%,291
8470.2100,25%,291
8470.2900,25%,291
8470.3000,25%,291
8470.5000,Free,291
8470.9010,5%,291
8470.9090,25%,291
8471.3010,5%,291
8471.3020,15%,291
8471.4110,5%,291
8471.4120,15%,291
8471.4910,5%,292
8471.4920,15%,292
8471.5010,5%,292
8471.5020,15%,292
8471.6000,Free,292
8471.7010,5%,292
8471.7090,Free,292
8471.8000,Free,292
8471.9000,Free,292
8472.1000,25%,292
8472.3000,25%,292
8472.9010,15%,292
8472.9020,25%,292
8472.9090,35%,292
8473.2100,15%,292
8473.2900,15%,292
8473.3000,5%,292
8473.4000,15%,292
8473.5000,15%,292
8474.1000,Free,293
8474.2000,Free,293
8474.3100,5%,293
8474.3200,Free,293
8474.3900,Free,293
8474.8000,Free,293
8474.9000,5%,293
8475.1000,Free,293
8475.2100,Free,293
8475.2900,Free,293
8475.9000,5%,293
8476.2100,5%,293
8476.2900,5%,293
8476.8100,5%,293
8476.8900,5%,293
8476.9000,5%,293
8477.1000,Free,293
8477.2000,Free,293
8477.3000,Free,293
8477.4000,Free,293
8477.5100,Free,293
8477.5900,Free,293
8477.8000,Free,293
8477.9000,5%,293
8478.1000,5%,294
8478.9000,5%,294
8479.1000,Free,294
8479.2000,Free,294
8479.3000,Free,294
8479.4000,Free,294
8479.5000,Free,294
8479.6000,Free,294
8479.7100,Free,294
8479.7900,Free,294
8479.8100,Free,294
8479.8200,Free,294
8479.8900,Free,294
8479.9000,5%,294
8480.1000,Free,294
8480.2000,Free,294
8480.3000,Free,294
8480.4100,Free,294
8480.4900,Free,294
8480.5000,Free,294
8480.6000,Free,294
8480.7100,Free,294
8480.7900,Free,294
8481.1000,15%,294
8481.2000,15%,294
8481.3000,15%,294
8481.4000,15%,294
8481.8000,15%,294
8481.9000,15%,295
8482.1000,25%,295
8482.2000,25%,295
8482.3000,25%,295
8482.4000,25%,295
8482.5000,25%,295
8482.8000,25%,295
8482.9100,15%,295
8482.9900,15%,295
8483.1000,15%,295
8483.2000,15%,295
8483.3000,15%,295
8483.4000,15%,295
8483.5000,15%,295
8483.6000,15%,295
8483.9000,15%,295
8484.1000,15%,295
8484.2000,15%,295
8484.9000,15%,295
8486.1000,Free,295
8486.2000,Free,295
8486.3000,Free,295
8486.4000,Free,296
8486.9000,5%,296
8487.1000,Free,296
8487.9000,Free,296
8501.1010,Free,299
8501.1020,5%,299
8501.1030,15%,299
8501.2010,Free,299
8501.2020,5%,299
8501.2030,15%,299
8501.3110,Free,299
8501.3120,5%,299
8501.3130,15%,299
8501.3210,Free,299
8501.3220,5%,299
8501.3230,15%,299
8501.3310,Free,299
8501.3320,5%,299
8501.3330,15%,299
8501.3410,Free,299
8501.3420,5%,299
8501.3430,15%,299
8501.4010,Free,299
8501.4020,5%,299
8501.4030,15%,299
8501.5110,Free,300
8501.5120,5%,300
8501.5130,15%,300
8501.5210,Free,300
8501.5220,5%,300
8501.5230,15%,300
8501.5310,Free,300
8501.5320,5%,300
8501.5330,15%,300
8501.6110,Free,300
8501.6120,5%,300
8501.6130,15%,300
8501.6210,Free,300
8501.6220,5%,300
8501.6230,15%,300
8501.6310,Free,300
8501.6320,5%,300
8501.6330,15%,300
8501.6410,Free,300
8501.6420,5%,300
8501.6430,15%,300
8502.1100,15%,300
8502.1200,15%,300
8502.1300,15%,300
8502.2000,15%,300
8502.3100,15%,301
8502.3900,15%,301
8502.4000,15%,301
8503.0000,5%,301
8504.1000,15%,301
8504.2110,15%,301
8504.2190,25%,301
8504.2210,15%,301
8504.2290,25%,301
8504.2310,15%,301
8504.2390,25%,301
8504.3110,15%,301
8504.3190,25%,301
8504.3210,15%,301
8504.3290,25%,301
8504.3310,15%,301
8504.3390,25%,301
8504.3410,15%,301
8504.3490,25%,301
8504.4010,Free,301
8504.4020,5%,301
8504.4030,15%,301
8504.4040,25%,301
8504.5000,15%,301
8504.9000,5%,302
8505.1100,15%,302
8505.1900,15%,302
8505.2000,15%,302
8505.9000,15%,302
8506.1000,35%,302
8506.3000,35%,302
8506.4000,35%,302
8506.5000,35%,302
8506.6000,35%,302
8506.8000,35%,302
8506.9000,15%,302
8507.1000,35%,302
8507.2010,Free,302
8507.2090,35%,302
8507.3010,Free,302
8507.3090,35%,302
8507.4010,Free,302
8507.4090,35%,302
8507.5010,Free,302
8507.5090,35%,302
8507.6010,Free,302
8507.6020,5%,302
8507.6030,15%,302
8507.6040,25%,302
8507.8010,Free,303
8507.8020,15%,303
8507.8030,25%,303
8507.8040,35%,303
8507.9000,15%,303
8508.1100,35%,303
8508.1900,35%,303
8508.6000,35%,303
8508.7000,15%,303
8509.4000,35%,303
8509.8000,35%,303
8509.9000,15%,303
8510.1000,35%,303
8510.2000,35%,303
8510.3000,35%,303
8510.9000,15%,303
8511.1000,25%,303
8511.2000,15%,303
8511.3000,15%,303
8511.4000,25%,303
8511.5000,25%,303
8511.8000,25%,303
8511.9000,15%,303
8512.1000,25%,303
8512.2000,25%,303
8512.3000,25%,303
8512.4000,25%,303
8512.9000,15%,304
8513.1010,5%,304
8513.1090,25%,304
8513.9000,5%,304
8514.1010,5%,304
8514.1090,15%,304
8514.2010,5%,304
8514.2090,15%,304
8514.3010,5%,304
8514.3090,15%,304
8514.4010,5%,304
8514.4090,15%,304
8514.9000,5%,304
8515.1100,5%,304
8515.1900,5%,304
8515.2100,5%,304
8515.2900,5%,304
8515.3100,5%,304
8515.3900,5%,304
8515.8000,5%,304
8515.9000,5%,304
8516.1000,35%,305
8516.2100,35%,305
8516.2900,35%,305
8516.3110,15%,305
8516.3190,35%,305
8516.3200,35%,305
8516.3300,35%,305
8516.4000,35%,305
8516.5010,25%,305
8516.5090,35%,305
8516.6010,25%,305
8516.6090,35%,305
8516.7100,35%,305
8516.7200,35%,305
8516.7900,35%,305
8516.8000,35%,305
8516.9000,15%,305
8517.1100,15%,305
8517.1210,Free,305
8517.1220,5%,305
8517.1290,15%,305
8517.1800,15%,305
8517.6100,5%,306
8517.6200,15%,306
8517.6900,15%,306
8517.7000,5%,306
8518.1000,25%,306
8518.2110,5%,306
8518.2120,15%,306
8518.2190,25%,306
8518.2210,5%,306
8518.2220,15%,306
8518.2290,25%,306
8518.2910,5%,306
8518.2920,15%,306
8518.2990,25%,306
8518.3010,Free,306
8518.3020,5%,306
8518.3030,15%,306
8518.4000,25%,306
8518.5000,25%,306
8518.9000,15%,306
8519.2010,15%,306
8519.2090,25%,306
8519.3010,15%,306
8519.3090,25%,307
8519.5010,15%,307
8519.5090,25%,307
8519.8110,15%,307
8519.8190,25%,307
8519.8910,15%,307
8519.8990,25%,307
8521.1000,5%,307
8521.9010,5%,307
8521.9090,15%,307
8522.1000,15%,307
8522.9000,15%,307
8523.2100,25%,307
8523.2900,25%,307
8523.4100,25%,307
8523.4900,25%,307
8523.5110,5%,307
8523.5120,15%,307
8523.5200,15%,307
8523.5900,25%,307
8523.8000,25%,307
8525.5000,25%,307
8525.6000,25%,308
8525.8000,25%,308
8526.1000,Free,308
8526.9100,Free,308
8526.9200,Free,308
8527.1200,25%,308
8527.1310,15%,308
8527.1390,25%,308
8527.1910,15%,308
8527.1990,25%,308
8527.2110,15%,308
8527.2190,25%,308
8527.2910,15%,308
8527.2990,25%,308
8527.9110,15%,308
8527.9190,25%,308
8527.9210,15%,308
8527.9290,25%,308
8527.9910,25%,308
8527.9990,25%,308
8528.4200,Free,309
8528.4900,35%,309
8528.5210,Free,309
8528.5290,5%,309
8528.5910,15%,309
8528.5990,25%,309
8528.6200,15%,309
8528.6900,15%,309
8528.7110,15%,309
8528.7190,25%,309
8528.7210,15%,309
8528.7220,25%,309
8528.7230,35%,309
8528.7300,35%,309
8529.1000,15%,309
8529.9010,Free,309
8529.9090,15%,309
8530.1000,Free,309
8530.8000,Free,309
8530.9000,Free,309
8531.1000,25%,309
8531.2000,25%,310
8531.8000,25%,310
8531.9000,15%,310
8532.1000,25%,310
8532.2100,5%,310
8532.2200,5%,310
8532.2300,5%,310
8532.2400,5%,310
8532.2500,5%,310
8532.2900,5%,310
8532.3000,5%,310
8532.9000,5%,310
8533.1000,5%,310
8533.2100,5%,310
8533.2900,5%,310
8533.3100,5%,310
8533.3900,5%,310
8533.4000,5%,310
8533.9000,5%,310
8534.0000,5%,310
8535.1000,15%,310
8535.2110,5%,310
8535.2120,15%,310
8535.2910,15%,310
8535.2920,25%,311
8535.3000,15%,311
8535.4000,25%,311
8535.9000,15%,311
8536.1000,15%,311
8536.2010,5%,311
8536.2020,15%,311
8536.3000,15%,311
8536.4100,15%,311
8536.4900,15%,311
8536.5000,15%,311
8536.6100,15%,311
8536.6900,15%,311
8536.7000,15%,311
8536.9000,15%,311
8537.1010,Free,311
8537.1090,15%,311
8537.2010,Free,311
8537.2090,5%,311
8538.1000,5%,311
8538.9000,5%,311
8539.1000,25%,312
8539.2100,25%,312
8539.2200,25%,312
8539.2900,25%,312
8539.3100,25%,312
8539.3200,25%,312
8539.3900,25%,312
8539.4100,25%,312
8539.4900,25%,312
8539.5010,15%,312
8539.5020,25%,312
8539.9000,5%,312
8540.1100,5%,312
8540.1200,5%,312
8540.2000,5%,312
8540.4000,5%,312
8540.6000,5%,312
8540.7100,5%,312
8540.7900,5%,312
8540.8100,5%,312
8540.8900,5%,312
8540.9100,5%,312
8540.9900,5%,312
8541.1000,5%,313
8541.2100,5%,313
8541.2900,5%,313
8541.3000,5%,313
8541.4000,Free,313
8541.5000,5%,313
8541.6000,5%,313
8541.9000,Free,313
8542.3100,5%,313
8542.3200,5%,313
8542.3300,5%,313
8542.3900,5%,313
8542.9000,5%,313
8543.1000,15%,313
8543.2000,15%,313
8543.3000,15%,313
8543.7010,15%,313
8543.7090,25%,313
8543.9000,15%,313
8544.1100,35%,313
8544.1900,35%,313
8544.2000,35%,313
8544.3000,35%,313
8544.4200,35%,314
8544.4900,35%,314
8544.6000,35%,314
8544.7000,35%,314
8545.1100,15%,314
8545.1900,25%,314
8545.2000,35%,314
8545.9000,35%,314
8546.1000,25%,314
8546.2000,25%,314
8546.9000,25%,314
8547.1000,15%,314
8547.2000,15%,314
8547.9000,15%,314
8548.1000,35%,314
8548.9000,35%,314
8601.1000,Free,316
8601.2000,Free,316
8602.1000,Free,316
8602.9000,Free,316
8603.1000,Free,316
8603.9000,Free,316
8604.0000,Free,316
8605.0000,Free,316
8606.1000,Free,317
8606.3000,Free,317
8606.9100,Free,317
8606.9200,Free,317
8606.9900,Free,317
8607.1100,Free,317
8607.1200,Free,317
8607.1900,Free,317
8607.2100,Free,317
8607.2900,Free,317
8607.3000,Free,317
8607.9100,Free,317
8607.9900,Free,317
8608.0000,Free,317
8609.0000,15%,317
8701.1010,Free,318
8701.1020,Free,318
8701.1030,Free,318
8701.1040,Free,318
8701.2010,Free,318
8701.2020,Free,319
8701.2030,Free,319
8701.2040,Free,319
8701.3010,Free,319
8701.3020,Free,319
8701.3030,Free,319
8701.3040,Free,319
8701.9110,Free,319
8701.9120,Free,319
8701.9130,Free,319
8701.9140,Free,319
8701.9210,Free,319
8701.9220,Free,319
8701.9230,Free,319
8701.9240,Free,319
8701.9310,Free,319
8701.9320,Free,319
8701.9330,Free,319
8701.9340,Free,319
8701.9410,Free,319
8701.9420,Free,319
8701.9430,Free,319
8701.9440,Free,319
8701.9510,Free,319
8701.9520,Free,319
8701.9530,Free,319
8701.9540,Free,319
8702.1010,Free,319
8702.1020,5%,320
8702.1030,15%,320
8702.1040,15%,320
8702.1050,15%,320
8702.1060,15%,320
8702.2010,Free,320
8702.2020,5%,320
8702.2030,15%,320
8702.2040,15%,320
8702.2050,15%,320
8702.2060,15%,320
8702.3010,Free,320
8702.3020,5%,320
8702.3030,5%,320
8702.3040,5%,320
8702.3050,5%,320
8702.4010,Free,320
8702.4020,Free,320
8702.4030,Free,320
8702.4040,Free,320
8702.9010,Free,320
8702.9020,5%,320
8702.9030,15%,320
8702.9040,15%,320
8702.9050,15%,320
8702.9060,15%,320
8703.1010,35%,321
8703.1020,35%,321
8703.1030,35%,321
8703.1040,35%,321
8703.1050,35%,321
8703.2110,5%,321
8703.2120,15%,321
8703.2130,25%,321
8703.2140,25%,321
8703.2150,25%,321
8703.2160,25%,321
8703.2170,25%,321
8703.2210,5%,321
8703.2220,15%,321
8703.2230,25%,321
8703.2240,25%,321
8703.2250,25%,321
8703.2260,25%,321
8703.2270,25%,321
8703.2311,5%,321
8703.2312,15%,321
8703.2313,35%,321
8703.2314,35%,321
8703.2315,35%,321
8703.2316,35%,321
8703.2317,35%,321
8703.2321,5%,321
8703.2322,15%,322
8703.2323,35%,322
8703.2324,35%,322
8703.2325,35%,322
8703.2326,35%,322
8703.2327,35%,322
8703.2410,5%,322
8703.2420,15%,322
8703.2430,35%,322
8703.2440,35%,322
8703.2450,35%,322
8703.2460,35%,322
8703.2470,35%,322
8703.3110,5%,322
8703.3120,15%,322
8703.3130,25%,322
8703.3140,25%,322
8703.3150,25%,322
8703.3160,25%,322
8703.3170,25%,322
8703.3210,5%,322
8703.3220,15%,322
8703.3230,35%,322
8703.3240,35%,322
8703.3250,35%,322
8703.3260,35%,322
8703.3270,35%,322
8703.3311,5%,322
8703.3312,15%,322
8703.3313,35%,322
8703.3314,35%,323
8703.3315,35%,323
8703.3316,35%,323
8703.3317,35%,323
8703.3321,5%,323
8703.3322,15%,323
8703.3323,35%,323
8703.3324,35%,323
8703.3325,35%,323
8703.3326,35%,323
8703.3327,35%,323
8703.4011,5%,323
8703.4012,15%,323
8703.4013,25%,323
8703.4014,25%,323
8703.4015,25%,323
8703.4016,25%,323
8703.4017,25%,323
8703.4021,5%,323
8703.4022,15%,323
8703.4023,25%,323
8703.4024,25%,323
8703.4025,25%,323
8703.4026,25%,323
8703.4027,25%,323
8703.4031,5%,323
8703.4032,15%,323
8703.4033,25%,323
8703.4034,25%,323
8703.4035,25%,324
8703.4036,25%,324
8703.4037,25%,324
8703.4041,5%,324
8703.4042,15%,324
8703.4043,25%,324
8703.4044,25%,324
8703.4045,25%,324
8703.4046,25%,324
8703.4047,25%,324
8703.5011,5%,324
8703.5012,15%,324
8703.5013,25%,324
8703.5014,25%,324
8703.5015,25%,324
8703.5016,25%,324
8703.5017,25%,324
8703.5021,5%,324
8703.5022,15%,324
8703.5023,25%,324
8703.5024,25%,324
8703.5025,25%,324
8703.5026,25%,324
8703.5027,25%,324
8703.5031,5%,324
8703.5032,15%,324
8703.5033,25%,324
8703.5034,25%,324
8703.5035,25%,324
8703.5036,25%,325
8703.5037,25%,325
8703.5041,5%,325
8703.5042,15%,325
8703.5043,25%,325
8703.5044,25%,325
8703.5045,25%,325
8703.5046,25%,325
8703.5047,25%,325
8703.6011,5%,325
8703.6012,15%,325
8703.6013,25%,325
8703.6014,25%,325
8703.6015,25%,325
8703.6016,25%,325
8703.6017,25%,325
8703.6021,5%,325
8703.6022,15%,325
8703.6023,25%,325
8703.6024,25%,325
8703.6025,25%,325
8703.6026,25%,325
8703.6027,25%,325
8703.6031,5%,325
8703.6032,15%,325
8703.6033,25%,325
8703.6034,25%,325
8703.6035,25%,325
8703.6036,25%,325
8703.6037,25%,326
8703.6041,5%,326
8703.6042,15%,326
8703.6043,25%,326
8703.6044,25%,326
8703.6045,25%,326
8703.6046,25%,326
8703.6047,25%,326
8703.7011,5%,326
8703.7012,15%,326
8703.7013,25%,326
8703.7014,25%,326
8703.7015,25%,326
8703.7016,25%,326
8703.7017,25%,326
8703.7021,5%,326
8703.7022,15%,326
8703.7023,25%,326
8703.7024,25%,326
8703.7025,25%,326
8703.7026,25%,326
8703.7027,25%,326
8703.7031,5%,326
8703.7032,15%,326
8703.7033,25%,326
8703.7034,25%,326
8703.7035,25%,326
8703.7036,25%,326
8703.7037,25%,326
8703.7041,5%,327
8703.7042,15%,327
8703.7043,25%,327
8703.7044,25%,327
8703.7045,25%,327
8703.7046,25%,327
8703.7047,25%,327
8703.8011,Free,327
8703.8012,5%,327
8703.8013,15%,327
8703.8021,15%,327
8703.8022,15%,327
8703.8023,15%,327
8703.8024,15%,327
8703.9011,5%,327
8703.9012,15%,327
8703.9013,25%,327
8703.9014,25%,327
8703.9015,25%,327
8703.9016,25%,327
8703.9017,25%,327
8703.9021,5%,327
8703.9022,15%,327
8703.9023,35%,327
8703.9024,35%,327
8703.9025,35%,327
8703.9026,35%,327
8703.9027,35%,327
8703.9031,5%,328
8703.9032,15%,328
8703.9033,35%,328
8703.9034,35%,328
8703.9035,35%,328
8703.9036,35%,328
8703.9037,35%,328
8703.9041,5%,328
8703.9042,15%,328
8703.9043,35%,328
8703.9044,35%,328
8703.9045,35%,328
8703.9046,35%,328
8703.9047,35%,328
8704.1010,Free,328
8704.1020,Free,328
8704.1030,Free,328
8704.1040,Free,328
8704.2111,5%,328
8704.2112,15%,328
8704.2113,25%,328
8704.2114,25%,328
8704.2115,25%,328
8704.2116,25%,328
8704.2121,Free,328
8704.2122,5%,328
8704.2123,15%,328
8704.2124,15%,328
8704.2125,15%,329
8704.2126,15%,329
8704.2211,Free,329
8704.2212,5%,329
8704.2213,15%,329
8704.2221,15%,329
8704.2222,15%,329
8704.2223,15%,329
8704.2311,Free,329
8704.2312,5%,329
8704.2313,15%,329
8704.2321,15%,329
8704.2322,15%,329
8704.2323,15%,329
8704.3111,5%,329
8704.3112,15%,329
8704.3113,25%,329
8704.3114,25%,329
8704.3115,25%,329
8704.3116,25%,329
8704.3121,Free,329
8704.3122,5%,329
8704.3123,15%,329
8704.3124,15%,329
8704.3125,15%,329
8704.3126,15%,329
8704.3211,Free,330
8704.3212,5%,330
8704.3213,15%,330
8704.3221,15%,330
8704.3222,15%,330
8704.3223,15%,330
8704.9011,Free,330
8704.9012,5%,330
8704.9013,15%,330
8704.9021,15%,330
8704.9022,15%,330
8704.9023,15%,330
8705.1010,Free,330
8705.1020,Free,330
8705.1030,Free,330
8705.1040,Free,330
8705.2010,Free,330
8705.2020,Free,330
8705.2030,Free,330
8705.2040,Free,330
8705.3000,Free,330
8705.4010,Free,330
8705.4020,Free,330
8705.4030,Free,330
8705.4040,Free,330
8705.9000,Free,330
8706.0010,Free,331
8706.0090,15%,331
8707.1000,15%,331
8707.9000,15%,331
8708.1000,25%,331
8708.2100,25%,331
8708.2900,25%,331
8708.3000,25%,331
8708.4000,25%,331
8708.5000,25%,331
8708.7000,25%,331
8708.8000,25%,331
8708.9100,25%,331
8708.9200,25%,331
8708.9300,25%,331
8708.9400,25%,331
8708.9500,25%,331
8708.9900,25%,331
8709.1100,5%,331
8709.1900,5%,331
8709.9000,15%,331
8710.0000,Free,331
8711.1010,5%,331
8711.1020,15%,331
8711.1030,35%,331
8711.1040,35%,331
8711.2010,5%,332
8711.2020,15%,332
8711.2030,35%,332
8711.2040,35%,332
8711.3010,5%,332
8711.3020,15%,332
8711.3030,35%,332
8711.3040,35%,332
8711.4010,5%,332
8711.4020,15%,332
8711.4030,35%,332
8711.4040,35%,332
8711.5010,5%,332
8711.5020,15%,332
8711.5030,35%,332
8711.5040,35%,332
8711.6010,Free,332
8711.6020,5%,332
8711.6030,15%,332
8711.6040,15%,332
8711.9010,5%,332
8711.9020,15%,332
8711.9030,35%,332
8711.9040,35%,332
8712.0000,15%,332
8713.1000,Free,332
8713.9000,Free,332
8714.1000,15%,333
8714.2000,Free,333
8714.9100,15%,333
8714.9200,15%,333
8714.9300,15%,333
8714.9400,15%,333
8714.9500,15%,333
8714.9600,15%,333
8714.9900,15%,333
8715.0000,15%,333
8716.1010,5%,333
8716.1020,15%,333
8716.1030,15%,333
8716.2010,5%,333
8716.2020,15%,333
8716.2030,15%,333
8716.3110,5%,333
8716.3120,15%,333
8716.3130,15%,333
8716.3910,5%,333
8716.3920,15%,333
8716.3930,15%,333
8716.4010,5%,333
8716.4020,15%,333
8716.4030,15%,334
8716.8011,5%,334
8716.8012,5%,334
8716.8091,25%,334
8716.8092,25%,334
8716.9000,5%,334
8801.0000,Free,335
8802.1100,Free,335
8802.1200,Free,335
8802.2000,Free,335
8802.3000,Free,335
8802.4000,Free,335
8802.6000,Free,335
8803.1000,Free,335
8803.2000,Free,335
8803.3000,Free,335
8803.9000,Free,335
8804.0000,Free,335
8805.1000,Free,335
8805.2100,Free,335
8805.2900,Free,335
8901.1000,5%,336
8901.2000,5%,336
8901.3000,5%,336
8901.9000,Free,336
8902.0000,Free,336
8903.1000,Free,336
8903.9100,Free,336
8903.9200,Free,336
8903.9900,Free,336
8904.0000,Free,336
8905.1000,5%,336
8905.2000,5%,336
8905.9000,5%,336
8906.1000,Free,336
8906.9000,5%,336
8907.1000,Free,336
8907.9000,Free,336
8908.0000,5%,336
9001.1000,5%,338
9001.2000,5%,338
9001.3000,5%,338
9001.4000,15%,338
9001.5000,15%,338
9001.9000,15%,338
9002.1100,15%,338
9002.1900,15%,338
9002.2000,15%,338
9002.9000,15%,338
9003.1100,25%,339
9003.1900,25%,339
9003.9000,15%,339
9004.1000,35%,339
9004.9010,5%,339
9004.9090,25%,339
9005.1000,35%,339
9005.8010,5%,339
9005.8090,35%,339
9005.9000,15%,339
9006.3010,5%,339
9006.3090,35%,339
9006.4000,35%,339
9006.5100,35%,339
9006.5200,35%,339
9006.5300,35%,339
9006.5900,35%,339
9006.6100,35%,339
9006.6900,35%,339
9006.9100,35%,339
9006.9900,35%,339
9007.1000,15%,340
9007.2000,15%,340
9007.9100,15%,340
9007.9200,15%,340
9008.5000,15%,340
9008.9000,15%,340
9010.1000,15%,340
9010.5000,15%,340
9010.6000,15%,340
9010.9000,15%,340
9011.1000,Free,340
9011.2000,Free,340
9011.8000,Free,340
9011.9000,5%,340
9012.1000,Free,340
9012.9000,Free,340
9013.1000,35%,340
9013.2000,35%,340
9013.8000,Free,340
9013.9000,15%,340
9014.1000,5%,340
9014.2000,5%,340
9014.8000,5%,340
9014.9000,5%,340
9015.1000,Free,341
9015.2000,Free,341
9015.3000,Free,341
9015.4000,Free,341
9015.8000,Free,341
9015.9000,5%,341
9016.0000,5%,341
9017.1000,15%,341
9017.2000,15%,341
9017.3000,15%,341
9017.8000,15%,341
9017.9000,15%,341
9018.1100,Free,341
9018.1200,Free,341
9018.1300,Free,341
9018.1400,Free,341
9018.1900,Free,341
9018.2000,Free,341
9018.3100,Free,341
9018.3200,Free,341
9018.3900,Free,341
9018.4100,Free,341
9018.4900,Free,341
9018.5000,Free,341
9018.9000,Free,341
9019.1000,Free,342
9019.2000,Free,342
9020.0000,Free,342
9021.1000,Free,342
9021.2100,Free,342
9021.2900,Free,342
9021.3100,Free,342
9021.3900,Free,342
9021.4000,Free,342
9021.5000,Free,342
9021.9000,Free,342
9022.1200,Free,342
9022.1300,Free,342
9022.1400,Free,342
9022.1900,Free,342
9022.2100,Free,342
9022.2900,Free,342
9022.3000,Free,342
9022.9000,5%,342
9023.0000,Free,342
9024.1000,Free,343
9024.8000,Free,343
9024.9000,5%,343
9025.1100,Free,343
9025.1900,Free,343
9025.8000,Free,343
9025.9000,5%,343
9026.1000,15%,343
9026.2000,Free,343
9026.8000,Free,343
9026.9000,Free,343
9027.1000,Free,343
9027.2000,Free,343
9027.3000,Free,343
9027.5000,Free,343
9027.8000,Free,343
9027.9000,Free,343
9028.1000,15%,343
9028.2010,15%,343
9028.2020,25%,343
9028.3010,15%,343
9028.3030,25%,343
9028.9000,5%,343
9029.1000,25%,344
9029.2000,15%,344
9029.9000,15%,344
9030.1000,5%,344
9030.2000,5%,344
9030.3100,35%,344
9030.3200,35%,344
9030.3300,35%,344
9030.3900,35%,344
9030.4000,35%,344
9030.8200,35%,344
9030.8410,5%,344
9030.8490,35%,344
9030.8900,15%,344
9030.9000,15%,344
9031.1000,15%,344
9031.2000,15%,344
9031.4100,15%,344
9031.4900,15%,344
9031.8000,15%,344
9031.9000,15%,344
9032.1000,15%,344
9032.2000,15%,344
9032.8100,Free,344
9032.8910,5%,345
9032.8920,15%,345
9032.8990,25%,345
9032.9000,5%,345
9033.0000,15%,345
9101.1100,35%,346
9101.1900,35%,346
9101.2100,35%,346
9101.2900,35%,346
9101.9100,35%,346
9101.9900,35%,346
9102.1100,35%,346
9102.1200,35%,347
9102.1900,35%,347
9102.2100,35%,347
9102.2900,35%,347
9102.9100,35%,347
9102.9900,35%,347
9103.1000,35%,347
9103.9000,35%,347
9104.0000,35%,347
9105.1100,35%,347
9105.1900,35%,347
9105.2100,35%,347
9105.2900,35%,347
9105.9100,35%,347
9105.9900,35%,347
9106.1000,35%,347
9106.9000,35%,347
9107.0000,35%,347
9108.1100,35%,347
9108.1200,35%,347
9108.1900,35%,347
9108.2000,35%,347
9108.9000,35%,348
9109.1000,35%,348
9109.9000,35%,348
9110.1100,35%,348
9110.1200,35%,348
9110.1900,35%,348
9110.9000,35%,348
9111.1000,35%,348
9111.2000,35%,348
9111.8000,35%,348
9111.9000,35%,348
9112.2000,35%,348
9112.9000,35%,348
9113.1000,35%,348
9113.2000,35%,348
9113.9000,35%,348
9114.1000,35%,348
9114.3000,35%,348
9114.4000,35%,348
9114.9000,35%,348
9201.1000,15%,349
9201.2000,15%,349
9201.9000,15%,349
9202.1000,15%,349
9202.9000,15%,349
9205.1000,15%,349
9205.9000,15%,349
9206.0000,15%,349
9207.1000,15%,349
9207.9000,15%,349
9208.1000,15%,350
9208.9000,15%,350
9209.3000,15%,350
9209.9100,15%,350
9209.9200,15%,350
9209.9400,15%,350
9209.9900,15%,350
9301.1000,Free,351
9301.2000,Free,351
9301.9000,Free,351
9302.0000,35%,351
9303.1000,35%,351
9303.2000,35%,351
9303.3000,35%,351
9303.9000,35%,351
9304.0000,35%,351
9305.1000,35%,351
9305.2000,35%,351
9305.9100,Free,351
9305.9900,35%,352
9306.2100,35%,352
9306.2900,35%,352
9306.3000,35%,352
9306.9000,35%,352
9307.0000,35%,352
9401.1000,Free,354
9401.2000,35%,354
9401.3000,35%,354
9401.4000,35%,354
9401.5200,35%,354
9401.5300,35%,354
9401.5900,35%,354
9401.6100,35%,354
9401.6900,35%,354
9401.7100,35%,354
9401.7900,35%,354
9401.8000,35%,354
9401.9000,25%,354
9402.1000,15%,354
9402.9000,15%,354
9403.1010,15%,354
9403.1090,35%,354
9403.2000,35%,354
9403.3010,15%,354
9403.3090,35%,354
9403.4000,35%,354
9403.5000,35%,354
9403.6000,35%,354
9403.7000,35%,354
9403.8200,35%,355
9403.8300,35%,355
9403.8900,35%,355
9403.9000,15%,355
9404.1000,35%,355
9404.2100,35%,355
9404.2900,35%,355
9404.3000,35%,355
9404.9000,35%,355
9405.1010,15%,355
9405.1090,25%,355
9405.2010,Free,355
9405.2020,5%,355
9405.2030,15%,355
9405.2090,25%,355
9405.3000,25%,355
9405.4010,Free,355
9405.4020,5%,355
9405.4030,15%,355
9405.4090,25%,356
9405.5010,15%,356
9405.5020,25%,356
9405.5090,5%,356
9405.6010,15%,356
9405.6020,25%,356
9405.6030,35%,356
9405.9100,5%,356
9405.9200,5%,356
9405.9900,5%,356
9406.1000,25%,356
9406.9000,25%,356
9503.0010,5%,358
9503.0090,35%,358
9504.2000,35%,358
9504.3000,35%,358
9504.4000,35%,358
9504.5000,35%,358
9504.9000,35%,358
9505.1000,35%,358
9505.9000,35%,358
9506.1100,15%,358
9506.1200,15%,358
9506.1900,15%,358
9506.2100,15%,358
9506.2900,15%,358
9506.3100,15%,359
9506.3200,15%,359
9506.3900,15%,359
9506.4000,15%,359
9506.5100,15%,359
9506.5900,15%,359
9506.6100,15%,359
9506.6200,15%,359
9506.6900,15%,359
9506.7000,15%,359
9506.9100,15%,359
9506.9900,15%,359
9507.1000,35%,359
9507.2000,35%,359
9507.3000,35%,359
9507.9000,35%,359
9508.1000,35%,359
9508.9000,35%,359
9601.1000,35%,360
9601.9000,35%,360
9602.0000,35%,360
9603.1000,35%,361
9603.2100,15%,361
9603.2900,35%,361
9603.3000,15%,361
9603.4000,35%,361
9603.5000,35%,361
9603.9000,35%,361
9604.0000,35%,361
9605.0000,35%,361
9606.1000,15%,361
9606.2100,15%,361
9606.2200,15%,361
9606.2900,15%,361
9606.3000,15%,361
9607.1100,15%,361
9607.1900,15%,361
9607.2000,15%,361
9608.1000,35%,361
9608.2000,35%,361
9608.3000,35%,361
9608.4000,35%,362
9608.5000,35%,362
9608.6000,15%,362
9608.9100,15%,362
9608.9900,15%,362
9609.1000,15%,362
9609.2000,15%,362
9609.9000,15%,362
9610.0000,15%,362
9611.0000,25%,362
9612.1000,15%,362
9612.2000,35%,362
9613.1000,35%,362
9613.2000,35%,362
9613.8000,35%,362
9613.9000,35%,362
9614.0000,35%,362
9615.1100,35%,362
9615.1900,35%,362
9615.9000,35%,362
9616.1000,35%,363
9616.2000,35%,363
9617.0000,35%,363
9618.0000,35%,363
9619.0010,15%,363
9619.0090,35%,363
9620.0000,15%,363
9701.1000,15%,364
9701.9000,15%,364
9702.0000,15%,364
9703.0000,15%,364
9704.0000,15%,364
9705.0000,15%,364
9706.0000,15%,364
