code_HS_8,description,unite,droits_importation,accise_1186_2020
0101.2100,Pure-bred breeding animals,U,Free,
0101.2900,Other,U,Free,
0101.3000,Asses,U,Free,
0101.9000,Other Live bovine animals. Cattle:,U,Free,
0102.2100,Pure-bred breeding animals,U,Free,
0102.2900,Other Buffalo :,U,Free,
0102.3100,--Pure-bred breeding animals,U,Free,
0102.3900,--Other,U,Free,
0102.9000,Other Live swine.,U,Free,
0103.1000,Pure-bred breeding animals Other:,U,Free,
0103.9100,Weighing less than 50 kg,U,Free,
0103.9200,Weighing 50 kg or more Live sheep and goats.,U,Free,
0104.1000,Sheep 2 Description (4) Standard Unit of Quantity (5) Duty Rate (6),U,Free,
0104.2000,"Goats Live poultry, that is to say, fowls of the species Gallus domesticus, ducks, geese, turkeys and guinea fowls. Weighing not more than 185 g :",U,Free,
0105.1100,--Fowls of the species Gallusdomesticus,U,Free,
0105.1200,--Turkeys,U,Free,
0105.1300,Ducks,U,Free,
0105.1400,Geese,U,Free,
0105.1500,--Guinea fowls. Other:,U,Free,
0105.9400,--Flows of the species Gallusdomesticus,U,Free,
0105.9900,Other Other live animals. Mammals :,U,Free,
0106.1100,Primates,U,Free,
0106.1200,"Whales, dolphins and porpoises mammals of the order cetacea); manatees and dugongs (mammals of the order sirenia); seals, sea lions and walrues (mammals of the suborder pinnipedia).",U,Free,
0106.1300,Camels and other camelids (Camelidae),U,Free,
0106.1400,Rabbits and hares.,U,Free,
0106.1900,Other,U,Free,
0106.2000,Reptiles (including snakes and turtles) Birds:,U,Free,
0106.3100,Birds of prey,U,Free,
0106.3200,"--Psittaciformes (including parrots,parakeets, macaws and cockatoos)",U,Free,
0106.3300,Ostriches; emus (Dromaiusovaehollandiae).,U,Free,
0106.3900,--Other Insects :,U,Free,
0106.4100,--Bees,U,Free,
0106.4900,Other,U,Free,
0106.9000,"Other 3 Chapter 2 Meat and edible meat offal cover: described in headings 02.01 to 02.08 or 02.10, unfit or unsuitable for human consumption; stomachs of animals (heading 05.04) or animal blood (heading 05.11 or 30.02); or than products of heading 02.09 (Chapter 15). Item Description (4) Standard Unit of Quantity (5) Duty Rate (6) Meat of Bovine animals, fresh or chilled.",U,Free,
0201.1000,Carcasses and half-carcasses,Kg,35%,
0201.2000,Other cuts with bone in,Kg,35%,
0201.3000,"Boneless Meat of bovine animals, frozen.",Kg,35%,
0202.1000,Carcasses and half-carcasses,Kg,35%,
0202.2000,Other cuts with bone in,Kg,35%,
0202.3000,"Boneless Meat of swine, fresh, chilled or frozen. Fresh or chilled:",Kg,35%,
0203.1100,Carcasses and half-carcasses,Kg,35%,
0203.1200,"Hams, shoulders and cuts thereof, with bone in",Kg,35%,
0203.1900,Other Frozen:,Kg,35%,
0203.2100,Carcasses and half-carcasses,Kg,35%,
0203.2200,"Hams, shoulders and cuts thereof, with bone in",Kg,35%,
0203.2900,"Other. Meat of sheep or goats, fresh, chilled or frozen.",Kg,35%,
0204.1000,"Carcasses and half-carcasses of lamb, fresh or chilled Other meat of sheep, fresh or chilled:",Kg,35%,
0204.2100,Carcasses and half-carcasses,Kg,35%,
0204.2200,Other cuts with bone in,Kg,35%,
0204.2300,Boneless,Kg,35%,
0204.3000,"Carcasses and half-carcasses of lamb, frozen Other meat of sheep, frozen:",Kg,35%,
0204.4100,Carcasses and half-carcasses,Kg,35%,
0204.4200,Other cuts with bone in,Kg,35%,
0204.4300,Boneless,Kg,35%,
0204.5000,Meat of goats,Kg,35%,
0205.0000,"Meat of horses, asses, mules or hinnies, fresh, child or frozen. Edible offal of bovine animals, swine, sheep, goats, horses, asses, mules or hinnies, fresh, chilled or frozen.",Kg,35%,
0206.1000,"Of bovine animals, fresh or chilled Of bovine animals, frozen:",Kg,35%,
0206.2100,Tongues,Kg,35%,
0206.2200,Livers,Kg,35%,
0206.2900,Other,Kg,35%,
0206.3000,"Of swine, fresh or chilled Of swine, frozen:",Kg,35%,
0206.4100,Livers,Kg,35%,
0206.4900,Other,Kg,35%,
0206.8000,"Other, fresh or chilled",Kg,35%,
0206.9000,"Other, frozen Meat and edible offal, of the poultry of heading 0105, fresh, chilled or frozen. Of fowls of the species Gallus domesticus:",Kg,35%,
0207.1100,"Not cut in pieces, fresh or chilled 4 Item Description (4) Standard Unit of Quantity (5) Duty Rate (6)",Kg,35%,
0207.1200,"Not cut in pieces, frozen",Kg,35%,
0207.1300,"--Cuts and offal, fresh or chilled",Kg,35%,
0207.1400,"Cuts and offal, frozen Of turkeys :",Kg,35%,
0207.2400,"--Not cut in pieces, fresh or chilled",Kg,35%,
0207.2500,"--Not cut in pieces, frozen",Kg,35%,
0207.2600,"--Cuts and offal, fresh or chilled",Kg,35%,
0207.2700,"--Cuts and offal, frozen Of ducks:",Kg,35%,
0207.4100,"--Not cut in pieces, fresh or chilled",Kg,35%,
0207.4200,"--Not cut in pieces, frozen",Kg,35%,
0207.4300,"--Fatty livers, fresh or chilled",Kg,35%,
0207.4400,"--Other, fresh or chilled",Kg,35%,
0207.4500,"--Other, frozen Of geese :",Kg,35%,
0207.5100,"--Not cut in pieces, fresh or chilled",Kg,35%,
0207.5200,"--Not cut in pieces, frozen",Kg,35%,
0207.5300,"--Fatty livers, fresh or chilled",Kg,35%,
0207.5400,"--Other, fresh or chilled",Kg,35%,
0207.5500,"--Other, frozen",Kg,35%,
0207.6000,"Of guinea fowls Othermeat and edible meat offal, fresh, chilled or frozen.",Kg,35%,
0208.1000,Of rabbits or hares,Kg,35%,
0208.3000,Of primates,Kg,35%,
0208.4000,"Of whales, dolphins and porpoises (mammals of the order Cetacea);of manatees and dugongs (mammals of the order Sirenia); of seals,sea lions and walruses (mammals of the suborder Pinnipedia)",kg,35%,
0208.5000,Of reptiles (including snakes and turtles),Kg,35%,
0208.6000,Of camels and other camelids (Camelidae).,Kg,35%,
0208.9000,"Other Pig fat, free of lean meat, and poultry fat, not rendered or otherwise extracted, fresh, chilled, frozen, salted, in brine, dried or smoked.",Kg,35%,
0209.1000,Of pigs,Kg,35%,
0209.9000,"Other Meat and edible meat offal, salted, in brine, dried or smoked; edible flours and meals of meat or meat offal. Meat of swine፡",Kg,35%,
0210.1100,"Hams, shoulders and cuts thereof, with bone in",Kg,35%,
0210.1200,Bellies ( Streaky ) and cuts thereof,Kg,35%,
0210.1900,Other,Kg,35%,
0210.2000,"Meat of bovine animals Other, including edible flours and meals of meat or meat offal:",Kg,35%,
0210.9100,Of primates,Kg,35%,
0210.9200,"Of whales, dolphins and porpoises (mammals of the order Cetacea); of manatees and dugongs (mammals of the order Sirenia); of seals, sea lions and walruses (mammals of the suborder Pinnipedia).",kg,35%,
0210.9300,Of reptiles (including snakes and turtles),Kg,35%,
0210.9900,"Other 5 Chapter 3 Fish and crustaceans, molluscs and other aquatic invertebrates cover: 01.06; of heading 01.06 (heading 02.08 or 02.10); livers, roes and milt thereof) or crustaceans, molluscs or other aquatic invertebrates, dead and unfit or human consumption by reason of either their species or their condition (Chapter 5); flours, meals or pellets molluscs or other aquatic invertebrates, unfit for humanconsumption (heading 23.01); or substitutes prepared from fish eggs (heading 16.04). term “pellets” means products which have been agglomerated either directly by compression or by the quantity of binder. Description (4) Standard Unit of Quantity (5) Duty Rate (6) Live fish. Ornamental fish :",Kg,35%,
0301.1100,Fresh water:,kg,Free,
0301.1900,--Other Other live fish :,kg,25%,
0301.9100,"--Trout (Salmo trutta, Oncorhynchus mykiss, Oncorhynchus clarki, Oncorhynchus aguabonita, Oncorhynchus gilae, Oncorhynchus apacheand Oncorhynchuschrysogaster)",kg,25%,
0301.9200,Eels (Anguilla spp.),kg,25%,
0301.9300,"--Carp (Cyprinus spp., Carassius spp., Ctenopharyngodonidellus, Hypophthalmichthys spp., Cirrhinus spp., Mylopharyngodonpiceus, Catlacatla, Labeo spp., Osteochilushasselti, Leptobarbushoeveni, Megalobrama spp.)",kg,25%,
0301.9400,"--Atlantic and Pacific bluefin tunas (Thunnusthynnus, Thunnus orientalis)",kg,25%,
0301.9500,Southern Bluefin tunas (Thunnus maccoyii),kg,25%,
0301.9900,"Other Fish, fresh or chilled, excluding fish fillets and other fish meat ofheading 03.04. Salmonidae, excluding edible fish offal of subheadings 0302.91 to 0302.99:",kg,Free,
0302.1100,"--Trout (Salmo trutta, Oncorhynchus mykiss, Oncorhynchus clarki, Oncorhynchus aguabonita, Oncorhynchusgilae, Oncorhynchusapache and Oncorhynchuschrysogaster)",kg,25%,
0302.1300,"--Pacific salmon (Oncorhynchus nerka, Oncorhynchus gorbuscha, Oncorhynchus keta, Oncorhynchus tschawytscha, Oncorhynchus kisutch, Oncorhynchus masouand Oncorhynchus rhodurus)",kg,25%,
0302.1400,Atlantic salmon (Salmo salar) and Danube salmon (Huchohucho),kg,25%,
0302.1900,"Other Flat fish (Pleuronectidae,Bothidae, Cynoglossidae, Soleidae, Scophthalmidae and Citharidae),excluding edible fish offal of subheadings 0302.91 to 0302.99 :",kg,25%,
0302.2100,"Halibut (Reinhardtiushippoglossoides, Hippoglossushippoglossus, Hippoglossusstenolepis)",kg,25%,
0302.2200,--Plaice (Pleuronectes platessa ) 6 Description (4) Standard Unit of Quantity (5) Duty Rate (6),kg,25%,
0302.2300,Sole (Solea spp.),Kg,25%,
0302.2400,--Turbots (Psetta maxima),Kg,25%,
0302.2900,"Other Tunas (of the genus Thunnus), skipjack or stripe-bellied bonito (Euthynnus (Katsuwonus) pelamis), excluding edible fish offal of subheadings 0302.91 to 0302.99:",Kg,25%,
0302.3100,Albacore or longfinned tunas (Thunnus alalunga),Kg,25%,
0302.3200,Yellowfin tunas (thunnus albacores),Kg,25%,
0302.3300,Skipjack or stripe-bellied bonito,Kg,25%,
0302.3400,Bigeye tunas (Thunnus obesus),Kg,25%,
0302.3500,"Atlantic and Pacific bluefin tunas(Thunnus thynnus, Thunnus orientalis)",Kg,25%,
0302.3600,Southern bluefin tunas (Thunnus maccoyii),Kg,25%,
0302.3900,"Other Herrings (Clupeaharengus, Clupeapallasii), anchovies (Engraulisspp) sardines (Sardinapilchardus, Sardinopsspp), sardinella (sardinella spp.), brisling or sprats (sprattussprattus), mackerel (Scomberscombrus, Scomberaustralasicus, Scomberjaponicus), Indian mackerels (Rastrelliger spp.), seerfishes (Scomberomorus spp.), jack and horse mackerel (Trachurusspp), jacks, crevalles (Caranx spp.), cobia (Rachycentroncanadum), silver pomfrts(pampus spp.),pasficsaury(cololabissaira), scads(Decapterusspp.), capelin (Mallotusvillosus), and swordfish (Xiphiasgladius), Kawakawa (Euthynnusaffinis), bonitos(saradaspp.), marlins, sailfishes, spearfish (Istiophoridae), excluding edible fish offal of subheadings 0302.91 to 0302.99:",Kg,25%,
0302.4100,"Harrings(clupeaharengus, clupeapallasii)",Kg,25%,
0302.4200,--Anchovies (Engraulisspp),Kg,25%,
0302.4300,"--Sardines (sardine pilchardus, Sardinops spp.), sardinella (sardinella spp.), brisling or sprats (sprattus sprattus)",Kg,25%,
0302.4400,"--Mackerel (scomberscombrus, Scomberaustralasicus, Scomber Japonicus)",Kg,25%,
0302.4500,--Jack and horse mackerel (Trachurus spp.),Kg,25%,
0302.4600,--Cobia (Rachycentron candadum),Kg,25%,
0302.4700,--Swordfish (Xiphias gladius),Kg,25%,
0302.4900,"Other Fish of the familiesBregmacerotidae, Euclichthyidae, Gadidae, Macrouridae, Melanonidae, Merlucciidae, Moridae and Muraenolepididae, excluding edible fish offal of subheadings 0302.91 to 0302.99:",Kg,25%,
0302.5100,"--Cod (Gadus morhua, gadusogac, Gadus macrocephalus)",Kg,25%,
0302.5200,--Haddock (melanogrammus aeglefinus),Kg,25%,
0302.5300,--Coalfish (pollachius virens),Kg,25%,
0302.5400,"--Hake (Merluccius spp., Urophycis spp.)",Kg,25%,
0302.5500,Alaska pollack (Theragrachalcogramma),Kg,25%,
0302.5600,"--Blue whitings(Micromesistiuspoutassou, Micromesistius australis)",Kg,25%,
0302.5900,"Other Tilapias (Oreochromis spp.), catfish (Pangasius spp., Silurusspp.,Clarias spp., Ictalurus spp.), carp (Cyprinusspp.,Carassiusspp.,Ctenopharyngodonidellus, Hypophthalmichthys spp., Cirrhinus spp., Mylopharyngodonpiceus, Catlacatla, Labeo spp., Osteochilushasselti, Leptobarbushoeveni, Megalobrama spp.), eels (Anguilla spp.), Nile perch (Lates niloticus) and snakeheads (Channa spp.), excluding edible fish offal of subheadings 0302.91 to 0302.99:",Kg,25%,
0302.7100,Tilapias (Oreochromis spp.) 7 Description (4) Standard Unit of Quantity (5) Duty Rate (6),Kg,25%,
0302.7200,"Catfish (Pangasius spp., silurus spp., Clarias Spp., Ictalwus spp.)",Kg,25%,
0302.7300,"--Carp (Cyprinus spp., Carassius spp., Ctenopharyngodonidellus, Hypophthalmichthys spp., Cirrhinus spp., Mylopharyngodonpiceus, Catlacatla, Labeo spp., Osteochilushasselti, Leptobarbushoeveni, Megalobrama spp.)",Kg,25%,
0302.7400,Eels (Anguilla spp.),Kg,25%,
0302.7900,"Other Other fish, excluding edible fish offal of subheadings 0302.91 to 0302.99:",Kg,25%,
0302.8100,dogfish and other sharks,Kg,25%,
0302.8200,rays and skates (Rajidae),Kg,25%,
0302.8300,--Toothfish (dissostichus spp.),Kg,25%,
0302.8400,Seabass (dicentrarchus spp.),Kg,25%,
0302.8500,Seabream (sparidae),Kg,25%,
0302.8900,"other Livers, roes, milt, fish fins, heads, tails, maws and other edible fish offal:",Kg,25%,
0302.9100,"Livers, roes and milt",Kg,25%,
0302.9200,Shark fins,Kg,25%,
0302.9900,"Other Fish, frozen, excluding fish fillets and other fish meat of heading 03.04. Salmonidae, excluding edible fish offal of subheadings 0303.91 to 0303.99:",Kg,25%,
0303.1100,Sockeye salmon (red salmon) (Oncorhynchus nerka),Kg,25%,
0303.1200,"--Other Pacific salmon (Oncorhynchus gorbuscha, Oncorhynchus keta, Oncorhynchus tschawytscha, Oncorhynchus kisutch, Oncorhynchus masouand Oncorhynchus rhodurus)",Kg,25%,
0303.1300,Atlantic salmon (Salmo salar) and Danube salmon (Huchohucho),Kg,25%,
0303.1400,"Trout (Salmo trutta, Oncorhynchusmykiss, Oncorhynchusclarki, Oncorhynchusaguabonita, Oncorhynchus gilae, Oncorhynchus apacheand Oncorhynchus chrysogaster)",Kg,25%,
0303.1900,"Other -Tilapias (Oreochromis spp.), catfish (Pangasius spp., Silurus spp., Clarias spp., Ictalurus spp.), carp (Cyprinus spp.,Carassiusspp.,Ctenopharyngodonidellus, Hypophthalmichthysspp.,Cirrhinus spp., Mylopharyngodonpiceus, Catlacatla, Labeo spp., Osteochilushasselti, Leptobarbushoeveni, Megalobrama spp.), eels (Anguilla spp.), Nile perch (Latesniloticus) and snakeheads (Channa spp.), excluding edible fish offal of subheadings 0303.91 to 0303.99:",Kg,25%,
0303.2300,Tilapias (Oreochromis spp.),Kg,25%,
0303.2400,"Catfish (Pangasius spp., Silurus spp., Clarias spp., Ictalurus spp.)",Kg,25%,
0303.2500,"Carp(Cyprinus spp.,Carassius spp.,Ctenopharyngodonidellus, Hypophthalmichthys spp., Cirrhinus spp., Mylopharyngodonpiceus, Catlacatla, Labeo spp., Osteochilushasselti, Leptobarbushoeveni, Megalobrama spp.)",Kg,25%,
0303.2600,Eels (Anguilla spp.),Kg,25%,
0303.2900,"Other Flat fish (Pleuronectidae, Bothidae, Cynoglossidae, Soleidae, Scophthalmidae and Citharidae), excluding edible fish offal of subheadings 0303.91 to 0303.99:",Kg,25%,
0303.3100,"--Halibut (Reinhardtiushippoglossoides, HippoglossushippoglossusHippolossusstenolepis)",Kg,25%,
0303.3200,Plaice(Pleuronectes platessa),Kg,25%,
0303.3300,Sole (Solea spp.) k.g,,25%,
0303.3400,--Turbots (Psetta maxima) k.g,,25%,
0303.3900,"Other 8 Description (4) Standard Unit of Quantity (5) Duty Rate (6) Tunas (of the genus Thunnus), skipjack or stripe-bellied bonito (Euthynnus (Katsuwonus) pelamis), excluding edible fish offal of subheadings 0303.91 to 0303.99:",Kg,25%,
0303.4100,Albacore or longfinned tunas (Thunnus alalunga),Kg,25%,
0303.4200,Yellowfin tunas (Thunnus albacares),Kg,25%,
0303.4300,Skipjack or stripe-bellied bonito,Kg,25%,
0303.4400,Bigeye tunas (Thunnus obesus),Kg,25%,
0303.4500,"Atlantic and Pacific Bluefin tunas (Thunnus thynnus,Thunnusorientalis)",Kg,25%,
0303.4600,Southern bluefin tunas (Thunnus maccoyii),Kg,25%,
0303.4900,"Other Herrings (Clupea harengus, Clupea pallasii), anchovies (Engraulis spp.), sardines (Sardina pilchardus, Sardinops spp.), sardinella (Sardinella spp.), brisling or sprats (Sprattus sprattus), mackerel (Scomberscombrus, Scomberaustralasicus, Scomber japonicus), Indian mackerels (Rastrelliger spp.), seerfishes (Scomberomorus spp.), jack and horse mackerel (Trachurus spp.), jacks, crevalles (Caranx spp.), cobia (Rachycentron canadum), silver pomfrets (Pampus spp.), Pacific saury (Cololabissaira), scads (Decapterus spp.), capelin (Mallotusvillosus), swordfish (Xiphias gladius), Kawakawa (Euthynnusaffinis), bonitos (Sarda spp.), marlins, sailfishes, spearfish (Istiophoridae), excluding edible fish offal of subheadings 0303.91 to 0303.99:",Kg,25%,
0303.5100,"Herrings (Clupea harengus, Clupea pallasii)",Kg,25%,
0303.5300,"Sardines (Sardina pilchardus, Sardinops spp.),sardinella (Sardinella spp.), brisling or sprats (Sprattus sprattus)",Kg,25%,
0303.5400,"Mackerel (Scomberscombrus, Scomberaustralasicus, Scomber japonicus)",Kg,25%,
0303.5500,Jack and horse mackerel (Trachurus spp.),Kg,25%,
0303.5600,Cobia (Rachycentron canadum),Kg,25%,
0303.5700,Swordfish (Xiphias gladius),Kg,25%,
0303.5900,"Other Fish of the families Bregmacerotidae, Euclichthyidae, Gadidae, Macrouridae, Melanonidae, Merlucciidae, MoridaeandMuraenolepididae, excluding edible fish offal of subheadings 0303.91 to 0303.99:",Kg,25%,
0303.6300,"Cod (Gadus morhua, Gadus ogac, Gadus macrocephalus)",Kg,25%,
0303.6400,Haddock (Melanogrammus aeglefinus),Kg,25%,
0303.6500,Coalfish (Pollachius virens),Kg,25%,
0303.6600,"Hake (Merluccius spp., Urophycis spp.)",Kg,25%,
0303.6700,Alaska Pollack (Theragrachalcogramma),Kg,25%,
0303.6800,"Blue whitings (Micromesistiuspoutassou, Micromesistius australis)",Kg,25%,
0303.6900,"Other -Other fish, excluding edible fish offal of subheading0303.91to 0303.99:",Kg,25%,
0303.8100,Dogfish and other sharks,Kg,25%,
0303.8200,Rays and skates (Rajidae),Kg,25%,
0303.8300,--Toothfish (Dissostichus spp.),Kg,25%,
0303.8400,Seabass (Dicentrarchus spp.),Kg,25%,
0303.8900,"Other Livers, roes, milt, fish fins, heads, tails,mawsand other edible fish offal:",Kg,25%,
0303.9100,"Livers, roes and milt",Kg,Free,
0303.9200,--Shark fins,Kg,25%,
0303.9900,"Other Fish fillets and other fish meat (whether or not minced), fresh, chilled or frozen. 9 Description (4) Standard Unit of Quantity (5) Duty Rate (6) Fresh or chilled fillets oftilapias(Oreochromis spp.), catfish (Pangasius spp., Silurus spp., Clarias spp., Ictalurus spp.), carp (Cyprinus spp., Carassius spp., Ctenopharyngodonidellus, Hypophthalmichthys spp., Cirrhinus spp., Mylopharyngodonpiceus, Catlacatla, Labeo spp., Osteochilushasselti, Leptobarbushoeveni, Megalobrama spp.), eels (Anguilla spp.), Nile perch (Latesniloticus) and snakeheads (Channa spp.)",Kg,25%,
0304.3100,Tilapias (Oreochromis spp.),Kg,25%,
0304.3200,"Catfish (Pangasius spp., Silurus spp., Clarias spp., Ictalurus spp.)",Kg,25%,
0304.3300,Nile Perch (Lates niloticus),Kg,25%,
0304.3900,Other Fesh or chilled fillets of other fish :,Kg,25%,
0304.4100,"--Pacific salmon (Oncorhynchus nerka, Oncorhynchus gorbuscha, Oncorhynchus keta, Oncorhynchus tschawytscha, Oncorhynchus kisutch, Oncorhynchus masouand Oncorhynchus rhodurus), Atlantic salmon (Salmo salar) and Danube salmon (Huchohucho)",Kg,25%,
0304.4200,"--Trout (Salmo trutta, Oncorhynchus mykiss, Oncorhynchus clarki, Oncorhynchus aguabonita, Oncorhynchus gilae, Oncorhynchus apacheand Oncorhynchus chrysogaster)",Kg,25%,
0304.4300,"--Flat fish (Pleuronectidae, othidae, Cynoglossidae, Soleidae, Scophthalmidaeand Citharidae)",Kg,25%,
0304.4400,"--Fish of the families Bregmacerotidae, Euclichthyidae, Gadidae, Macrouridae, Melanonidae, Merlucciidae, Moridaeand Muraenolepididae",Kg,25%,
0304.4500,Swordfish (Xiphias gladius),Kg,25%,
0304.4600,Toothfish (Dissostichus spp.),Kg,25%,
0304.4700,Dogfish and other sharks,Kg,25%,
0304.4800,Rays and skates (Rajidae),Kg,25%,
0304.4900,"Other Other, fresh or chilled :",Kg,25%,
0304.5100,"Tilapias (Oreochromis spp.), catfish (Pangasius spp., Silurus spp., Clarias spp., Ictalurus spp.), carp (Cyprinus spp., Carassius spp., Ctenopharyngodonidellus, Hypophthalmichthys spp., Cirrhinus spp., Mylopharyngodonpiceus, Catlacatla, Labeo spp., Osteochilushasselt, Leptobarbushoeveni, Megalobrama spp.), eels (Anguilla spp.), Nile perch (Lates niloticus) and snakeheads (Channa spp.)",Kg,25%,
0304.5200,Salmonidae,Kg,25%,
0304.5300,"Fish of the families Bregmacerotidae, Euclichthyidae, Gadidae, Macrouridae, Melanonidae, Merlucciidae, Moridaeand Muraenolepididae",Kg,25%,
0304.5400,Swordfish (Xiphias gladius),Kg,25%,
0304.5500,Toothfish (Dissostichus spp.),Kg,25%,
0304.5600,Dogfish and other sharks,Kg,25%,
0304.5700,Rays and skates (Rajidae),Kg,25%,
0304.5900,"Other Frozen fillets of tilapias (Oreochromis spp.), catfish (Pangasius spp., Silurus spp., Clarias spp., Ictalurus spp.), carp (Cyprinus spp., Carassius spp., Ctenopharyngodonidellus, Hypophthalmichthys spp., Cirrhinus spp., Mylopharyngodonpiceus, Catlacatla, Labeo spp., Osteochilushasselti, Leptobarbushoeveni, Megalobrama spp.), eels (Anguilla spp.), Nile perch (Latesniloticus) and snakeheads (Channa spp.) :",Kg,25%,
0304.6100,Tilapias (Oreochromis spp.),Kg,25%,
0304.6200,"Catfish (Pangasius spp., Silurus spp., Clarias spp., Ictalurus spp.)",Kg,25%,
0304.6300,Nile Perch (Lates niloticus),Kg,25%,
0304.6900,"Other Frozen fillets of fish of the families Bregmacerotidae, Euclichthyidae, Gadidae, Macrouridae, Melanonidae, Merlucciidae, MoridaeandMuraenolepididae:",Kg,25%,
0304.7100,"Cod (Gadus morhua, Gadus ogac, Gadus macrocephalus) 10 Description (4) Standard Unit of Quantity (5) Duty Rate (6)",Kg,25%,
0304.7200,Haddock (Melanogrammus aeglefinus),Kg,25%,
0304.7300,Coalfish (Pollachius virens),Kg,25%,
0304.7400,"Hake (Merluccius spp., Urophycis spp.)",Kg,25%,
0304.7500,Alaska Pollack (Theragrachalcogramma),Kg,25%,
0304.7900,Other Frozen fillets of other fish :,Kg,25%,
0304.8100,"--Pacific salmon (Oncorhynchus nerka, Oncorhynchus gorbuscha, Oncorhynchus keta, Oncorhynchus tschawytscha, Oncorhynchus kisutch, Oncorhynchus masouand Oncorhynchus rhodurus),Atlantic salmon (Salmo salar) and Danube salmon (Huchohucho)",Kg,25%,
0304.8200,"--Trout (Salmo trutta, Oncorhynchus mykiss, Oncorhynchus clarki, Oncorhynchus aguabonita, Oncorhynchus gilae, Oncorhynchus apacheand Oncorhynchus chrysogaster)",Kg,25%,
0304.8300,"Flat fish (Pleuronectidae, Bothidae, Cynoglossidae, Soleidae, Scophthalmidaeand Citharidae)",Kg,25%,
0304.8400,Swordfish (Xiphias gladius),Kg,25%,
0304.8500,Toothfish (dissostichus spp.),Kg,25%,
0304.8600,"Herrings (Clupea harengus,Clupeapallasii)",Kg,25%,
0304.8700,"Tunas (of the genus Thunnus), skipjack or stripe-bellied bonito (Euthynnus(Katsuwonus) pelamis)",Kg,25%,
0304.8800,"Dogfish, other sharks, rays and skates (Rajidae)",Kg,25%,
0304.8900,"Other Other, frozen:",Kg,25%,
0304.9100,Swordfish( Xiphias gladius),Kg,25%,
0304.9200,Toothfish (Dissostichus spp.),Kg,25%,
0304.9300,"--Tilapias (Oreochromis spp.), catfish (Pangasius spp., Silurus spp., Clarias spp., Ictalurus spp.), carp (Cyprinus spp., Carassius spp., Ctenopharyngodonidellus, Hypophthalmichthys spp., Cirrhinus spp., Mylopharyngodonpiceus, Catlacatla, Labeo spp., Osteochilushasselti, Leptobarbushoeveni, Megalobrama spp.), eels (Anguilla spp.), Nile perch (Latesniloticus) and snakeheads (Channa spp.)",kg,25%,
0304.9400,Alaska Pollack (Theragrachalcogramma),Kg,25%,
0304.9500,"Fish of the families Bregmacerotidae, Euclichthyidae, Gadidae, Macrouridae, Melanonidae, Merlucciidae, Moridaeand Muraenolepididae, other than Alaska Pollack (Theragrachalcogramma)",kg,25%,
0304.9600,Dogfish and other sharks,Kg,25%,
0304.9700,Rays and skates (Rajidae),Kg,25%,
0304.9900,"Other Fish, dried, salted or in brine; smoked fish, whether or not cooked before or during the smoking process; flours, meals and pellets of fish, fit for human Consumption.",Kg,25%,
0305.1000,"Flours, meals and pellets of fish, fit for human consumption",Kg,25%,
0305.2000,"-Livers, roes and milt of fish, dried, smoked, salted or in brine Fish fillets, dried, salted or in brine, but not smoked :",Kg,25%,
0305.3100,"--Tilapias (Oreochromis spp.), catfish (Pangasius spp., Silurus spp., Clarias spp., Ictalurus spp.), carp (Cyprinus spp., Carassius spp., Ctenopharyngodonidellus, Hypophthalmichthys spp., Cirrhinus spp., Mylopharyngodonpiceus, Catlacatla, Labeo spp., Osteochilushasselti, Leptobarbushoeveni, Megalobrama spp.), eels (Anguilla spp.), Nile perch (Latesniloticus) and snakeheads (Channa spp.)",kg,25%,
0305.3200,"Fish of the families Bregmacerotidae, Euclichthyidae, Gadidae,Macrouridae, Melanonidae, Merlucciidae, Moridaeand Muraenolepididae",kg,25%,
0305.3900,"Other Smoked fish, including fillets, other than edible fish offal : 11 Description (4) Standard Unit of Quantity (5) Duty Rate (6)",Kg,25%,
0305.4100,"--Pacific Salmon (Oncorhynchus nerka, Oncorhynchus gorbuscha, Oncorhynchus keta, Oncorhynchus tschawytscha, Oncorhynchus kisutch, Oncorhynchus masou and Oncorhunchusrhodurus), Atlantic salmon (Salmo salar) and Danube salman (Huchohucho)",Kg,25%,
0305.4200,"Herrings(Clupea Harengus, Clupea pallasii)",Kg,25%,
0305.4300,"Trout (Salmo trutta, Oncorhynchus mykiss, Oncorhynchus clarki, Oncorhynchus aguabonita, Oncorhynchus gilae, Oncorhynchus apacheand Oncorhynchus chrysogaster)",Kg,25%,
0305.4400,"Tilapias (Oreochromis spp.), catfish (Pangasius spp., Silurus spp., Clarias spp., Ictalurus spp.), carp (Cyprinus spp., Carassius spp., Ctenopharyngodonidellus, Hypophthalmichthys spp., Cirrhinus spp., Mylopharyngodonpiceus, Catlacatla, Labeo spp., Osteochilushasselti, Leptobarbushoeveni, Megalobrama spp.), eels (Anguilla spp.), Nile perch (Latesniloticus) and snakeheads (Channa spp.)",kg,25%,
0305.4900,"Other Dried fish, other than edible fish offal, whether or not salted but not smoked:",Kg,25%,
0305.5100,"Cod(Gadus morhua, Gadus ogac, Gadus macrocephalus)",Kg,25%,
0305.5200,"--Tilapias (Oreochromis spp.), catfish (Pangasius spp., Silurus spp., Clarias spp., Ictalurus spp.), carp (Cyprinusspp.,Carassius spp., Ctenopharyngodonidellus, Hypophthalmichthys spp., Cirrhinus spp., Mylopharyngodonpiceus, Catlacatla, Labeo spp., Osteochilushasselti, Leptobarbushoeveni, Megalobrama spp.), eels (Anguilla spp.), Nile perch (Latesniloticus) and snakeheads (Channa spp.)",kg,25%,
0305.5300,"--Fishof thefamilies Bregmacerotidae, Euclichthyidae, Gadidae, Macrouridae, Melanonidae, Merlucciidae, Moridae and Muraenolepididae, other than cod (Gadusmorhua, Gadusogac, Gadus macrocephalus)",kg,25%,
0305.5400,"Herrings (Clupeaharengus, Clupeapallasii), anchovies (Engraulis spp.), sardines (Sardina pilchardus, Sardinops spp.), sardinella (Sardinella spp.), brisling or sprats (Sprattus sprattus), mackerel (Scomberscombrus, Scomberaustralasicus, Scomber japonicus), Indian mackerels (Rastrelliger spp.), seerfishes (Scomberomorus spp.), jack and horse mackerel (Trachurus spp.), jacks, crevalles (Caranx spp.), cobia (Rachycentron canadum), silver pomfrets (Pampus spp.), Pacific saury (Cololabissaira), scads (Decapterusspp.), capelin (Mallotusvillosus), swordfish (Xiphiasgladius), Kawakawa (Euthynnusaffinis), bonitos (Sarda spp.), marlins, sailfishes, spearfish (Istiophoridae)",kg,25%,
0305.5900,"Other Fish, salted but not dried or smoked and fish in brine, other than edible fish offal :",Kg,25%,
0305.6100,"Herrings(Clupea harengus, Clupea pallasii )",Kg,25%,
0305.6200,"Cod(Gadus morhua, Gadus ogac,Gadus macrocephalus)",Kg,25%,
0305.6300,Anchovies (Engraulis spp.),Kg,25%,
0305.6400,"Tilapias (Oreochromis spp.), catfish (Pangasius spp., Silurus spp., Clarias spp., Ictalurus spp.), carp (Cyprinus spp., Carassius spp., Ctenopharyngodonidellus, Hypophthalmichthys spp., Cirrhinus spp., Mylopharyngodonpiceus, Catlacatla, Labeo spp., Osteochilushasselti, Leptobarbushoeveni, Megalobrama spp.), eels (Anguilla spp.), Nile perch (Latesniloticus) and snakeheads (Channa spp.)",Kg,25%,
0305.6900,"Other Fish fins, heads, tails, maws and other edible fish offal :",Kg,25%,
0305.7100,Shark fins,Kg,25%,
0305.7200,"Fish heads, tails and maws 12 Description (4) Standard Unit of Quantity (5) Duty Rate (6)",Kg,25%,
0305.7900,"Other Crustaceans, whether in shell or not, live, fresh, chilled, frozen, dried, salted or in brine; smoked crustaceans, whether in shell or not, whether or not cooked before or during the smoking process; crustaceans, in shell, cooked by steaming or by boiling in water, whether or not chilled, frozen, dried, salted or in brine; flours, meals and pellets of crustaceans, fit for human consumption. Frozen:",Kg,25%,
0306.1100,"Rock lobster and other sea crawfish (Palinurus spp., Panulirus spp., Jasus spp.)",Kg,25%,
0306.1200,Lobsters (Homarus spp.),Kg,25%,
0306.1400,Crabs,Kg,25%,
0306.1500,Norway lobsters (Nephrops norvegicus),Kg,25%,
0306.1600,"Cold-water shrimps and prawns (Pandalus spp., Crangoncrangon)",Kg,25%,
0306.1700,Other shrimps and prawns,Kg,25%,
0306.1900,"Other, including flours, meals and pellets of crustaceans, fit for human consumption -Live, fresh or chilled",Kg,25%,
0306.3100,"Rock lobster and other sea crawfish (Palinurus spp., Panulirus spp., Jasus spp.)",Kg,25%,
0306.3200,--Lobsters (Homarus spp.),Kg,25%,
0306.3300,--Crabs,Kg,25%,
0306.3400,--Norway lobsters (Nephropsnorvegicus),Kg,25%,
0306.3500,"--Cold-water shrimps and prawns (Pandalus spp., Crangoncrangon)",Kg,25%,
0306.3600,--Other shrimps and prawns,Kg,25%,
0306.3900,"--Other, including flours, meals and pellets of crustaceans, fit for human consumption -Other :",Kg,25%,
0306.9100,"--Rock lobster and other sea crawfish (Palinurus spp., Panulirus spp., Jasus spp.)",Kg,25%,
0306.9200,--Lobsters (Homarus spp.),Kg,25%,
0306.9300,--Crabs,Kg,25%,
0306.9400,--Norway lobsters (Nephropsnorvegicus),Kg,25%,
0306.9500,--Shrimps and prawns,Kg,25%,
0306.9900,"--Other, including flours, meals and pellets of crustaceans, fit for human consumption Molluscs, whether in shell or not, live, fresh, chilled, frozen, dried, salted or in brine; smoked molluscs, whether in shell or not, whether or not cooked before or during the smoking process; flours, meals and pellets of molluscs, fit for human consumption. Oysters :",Kg,25%,
0307.1100,"Live, fresh or chilled",Kg,25%,
0307.1200,--Frozen,Kg,25%,
0307.1900,"Other Scallops, including queen Scallops, of the genera Pecten, Chlamys or Placopecten:",Kg,25%,
0307.2100,"Live, fresh or chilled",Kg,25%,
0307.2200,Frozen,Kg,25%,
0307.2900,"Other Mussels (Mytilus spp., Perna spp.):",Kg,25%,
0307.3100,"Live, fresh or chilled",Kg,25%,
0307.3200,Frozen,Kg,25%,
0307.3900,Other -Cuttle fish and squid :,Kg,25%,
0307.4200,"--Live, fresh or chilled",Kg,25%,
0307.4300,--Frozen,Kg,25%,
0307.4900,--Other Octopus (Octopus spp.):,Kg,25%,
0307.5100,"Live, fresh or chilled",Kg,25%,
0307.5200,--Frozen,Kg,25%,
0307.5900,Other 13 Description (4) Standard Unit of Quantity (5) Duty Rate (6),Kg,25%,
0307.6000,"Snails, other than sea snail Clams, cockles and ark shells (families Arcidae, Arcticdae, Cardiidae,Donacidae, Hiatellidae, Mactridae, Mesodesmatidae, Myiadae, Semelidae, Solecurtidae, Solenidae, Tridacnidae and Veneridae) :",Kg,25%,
0307.7100,"--Live, fresh or chilled",Kg,25%,
0307.7200,--Frozen,Kg,25%,
0307.7900,--Other Abalone (Haliotis spp.) and stromboidconchs (Strombus spp.):,Kg,25%,
0307.8100,"Live, fresh or chilled abalone (Haliotis spp.)",Kg,25%,
0307.8200,"Live, fresh or chilled stromboid conchs (Strombus spp.)",Kg,25%,
0307.8300,Frozen abalone (Haliotis spp.),Kg,25%,
0307.8400,Frozen stromboid conchs (Strombus spp.),Kg,25%,
0307.8700,Other abalone (Haliotis spp.),Kg,25%,
0307.8800,"Other stromboid conchs (strombus spp.) Other, including flours, meals and pellets, fit for human consumption፡",Kg,25%,
0307.9100,"Live, fresh or chilled",Kg,25%,
0307.9200,Frozen,Kg,25%,
0307.9900,"Other Aquatic invertebrates other than crustaceans and molluscs, live, fresh, chilled, frozen, dried, salted or in brine; smoked aquaticinvertebrates other than crustaceans and molluscs, whether or not cooked before or during the smoking process; flours, meals and pellets of aquatic invertebrates other than crustaceans andmolluscs, fit for human consumption. Sea cucumbers (Stichopusjaponicas,Holothuroidea):",Kg,25%,
0308.1100,"Live, fresh or chilled",Kg,25%,
0308.1200,Frozen,Kg,25%,
0308.1900,"Other Seaurchins(Strongylocentrotusspp., Paracentrotuslividus,Loxechinusalbus,Echinusesculentus):",Kg,25%,
0308.2100,"Live, fresh or chilled",Kg,25%,
0308.2200,Frozen,Kg,25%,
0308.2900,Other,Kg,25%,
0308.3000,Jellyfish (Rhopilema spp.),Kg,25%,
0308.9000,"Other 14 Chapter 4 Dairy produce; birds’ eggs; natural honey; edible products of animal origin, not elsewhere specified or included means full cream milk or partially or completely skimmed milk. 04.05 : means natural butter, whey butter or recombined butter (fresh, salted or rancid, including canned from milk, with a milk fat content of 80 % or more but not more than 95 % by weight, a content of 2 % by weight and a maximum water content of 16 % by weight. Butter does not but may contain sodium chloride, food colours, neutralising salts and cultures of harmless acteria. spreads"" means a spreadable emulsion of the water-in-oil type, containing milk fat as the only fat in a milk fat content of 39 % or more but less than 80 % by weight. the concentration of whey and with the addition of milk or milk fat are tobe classified as cheese in that they have the three following characteristics: by weight of the dry matter, of or more; by weight, of at least but not exceeding 85%, and or capable of being moulded. cover: from whey, containing by weight more than lactose, expressed as anhydrous lactose, calculated on 17.02 ); from milk by replacing one or more of its natural constituents (for example, butyric fats) by another oleic fats) (heading 19.01 or 21.06); or concentrates of two or more whey proteins, containing by weight more than whey proteins, matter) (heading 35.02) or globulins (heading 35.04). 0404.10, the expression “ modified whey “ means products consisting of whey constituents, all or part of the lactose, proteins orminerals have been removed, whey to which natural whey added, andproducts obtained by mixing natural whey constituents. 0405.10 the term ""butter"" does not include dehydrated butteror ghee (subheading 0405.90). Item Description (4) Standard Unit of Quantity (5) Duty Rate (6) Milk and cream, not concentrated norcontaining added sugar or other sweeteningmatter.",Kg,25% 5% 70% 95% 80%,
0401.1000,"Of a fat content, by weight, not exceeding",Kg,1% 35%,
0401.2000,"Of a fat content, by weight, exceeding but not exceeding",Kg,1% 6% 35%,
0401.4000,"Of a fat content, by weight, exceeding 6 % butnotexceeding 10 %",Kg,35%,
0401.5000,"Of a fat content, by weight,exceeding 10 % Milk and cream, concentrated or containing added sugar or other sweetening matter.",Kg,35%,
0402.1000,"In powder, granules or other solid forms, of a fat content, by weight not exceeding 1.5% In powder, granules or other solid forms, of a fat content, by weight, exceeding 1.5%:",Kg,5%,
0402.2100,Not containing added sugar or othersweetening matter,Kg,5%,
0402.2900,Other Other:,Kg,5%,
0402.9100,Not containing added sugar or othersweetening matter 15 Item Description (4) Standard Unit of Quantity (5) Duty Rate (6),Kg,5%,
0402.9900,"Other Buttermilk, curdled milk and cream, yogurt,kephir and other fermented or acidified milk and cream, whether or not concentrated or containing added sugar or other sweetening matter or flavoured or containing added fruit, nuts or cocoa.",Kg,5%,
0403.1000,Yogurt,Kg,35%,
0403.9000,"Other Whey, whether or not concentrated or containing added sugar or other sweetening matter; products consisting of natural milk constituents, whether or not containing added sugar other sweetening matter, notelsewhere specified or included.",Kg,35%,
0404.1000,"Whey and modified whey, whether or not concentrated or containing added sugar orother sweetening matter",Kg,5%,
0404.9000,Other Butter and other fats and oils derived from milk; dairy spreads.,Kg,5%,
0405.1000,Butter,Kg,35%,
0405.2000,Dairy spreads,Kg,35%,
0405.9000,Other Cheese and curd.,Kg,35%,
0406.1000,"Fresh (unripened or uncured) cheese, including whey cheese, and curd",Kg,35%,
0406.2000,"Grated or powdered cheese, of all kinds",Kg,35%,
0406.3000,"Processed cheese, not grated or powdered",Kg,35%,
0406.4000,Blue-veined cheese and other cheese containingveins produced by peniciliumroqueforti,Kg,35%,
0406.9000,"Other cheese Birds’ eggs, in shell, fresh, preserved or cooked. -Fertilised eggs for incubation :",Kg,35%,
0407.1100,--Of fowls of the species Gallus domesticus,Kg,Free,
0407.1900,--Other Other fresh eggs :,Kg,Free,
0407.2100,Of fowls of the speciesGallusdomesticus,Kg,15%,
0407.2900,Other,Kg,15%,
0407.9000,"Other Birds’ eggs, not in shell, and egg yolks, fresh, dried, cooked by steaming or by boiling in water, moulded, frozen or otherwise preserved, whether or not containing added sugar or other sweetening matter. Egg yolks:",Kg,15%,
0408.1100,Dried,Kg,15%,
0408.1900,Other Other :,Kg,15%,
0408.9100,Dried,Kg,15%,
0408.9900,Other,Kg,15%,
0409.0000,Natural honey.,Kg,35%,
0410.0000,"Edible products of animal origin, not elsewhere specified or included. 16 Chapter 5 of animal origin, not elsewhere specified or included guts, bladders and stomachs of animals, whole and pieces thereof, and animal blood, liquid or foreskins ) other than goods of heading 05.05 and parings and similar waste of raw hides or (Chapter 41or 43); other than horsehair and horsehair waste (Section XI); or broom or brush making (heading 96.03). 05.01, the sorting of hair by length (provided the root ends and tip ends respectively are not not to constitute working. hippopotamus, walrus, narwhal and wild boar tusks, rhinoceros horns and the teeth of all the expression “horsehair” means hair of the manes or tails of equine or bovine inter alia, horsehair and horsehair waste, whether or not put up as a layer with or without Item Description (4) Standard Unit of Quantity (5) Duty Rate (6)",Kg,35%,
0501.0000,"Human hair, unworked, whether ornot washed or scoured; waste of human hair. Pigs’, hogs’ or boars’ bristles and hair; badger hair and other brush making hair; waste of such bristlesor hair.",kg,35%,
0502.1000,"Pigs’, hogs’ or boars, bristles and hair and waste there of",kg,15%,
0502.9000,Other,kg,15%,
0504.0000,"Guts, bladders and stomachs of animals (other than fish), whole and pieces thereof, fresh, chilled, frozen, salted, in brine, driedor smoked. Skins and other parts of birds, with their feathers or down, feathers and parts of feathers (whether or not with trimmed edges) and down, not further worked than cleaned, disinfected or treated for preservation; powder and waste of feathers or parts of feathers.",kg,15%,
0505.1000,Feathers of a kind used for stuffing; down,kg,15%,
0505.9000,"Other Bones and horn-cores, unworked defatted,simply prepared (but not cut to shape), treated with acid or degelatinsed; powder and waste of these products.",kg,15%,
0506.1000,Ossein and bones treated with acid,Kg,15%,
0506.9000,"Other Ivory, tortoise-shell, whalebone and whalebone hair, horns, antlers, hooves, nails, claws and beaks, unworked or simply prepared but not cut to shape; powder and waste of these 17 Description (4) Standard Unit of Quantity (5) Duty Rate (6) products. Ivory; ivory powder and waste",Kg,15%,
0507.1010,Ivory of elephant tusks,Kg,35%,
0507.1090,Other,Kg,35%,
0507.9000,Other,Kg,35%,
0508.0000,"Coral and similar materials, unworked orsimply prepared but not otherwise worked; shells of molluscs, crustaceans of echinoderms and cattle-bone, unworked or simply prepared but not cut to shape, powder and waste thereof.",Kg,35%,
0510.0000,"Ambergris, castoreum, civet and musk; cantharides; bile, whether or not dried, glands and other animal products used in the preparation of pharmaceutical products, fresh, chilled, frozen or otherwise provisionally preserved. Animal products not elsewhere specified or included; dead animals of Chapter 1 or 3, unfit for human consumption.",Kg,Free,
0511.1000,Bovine semen Other:,Kg,Free,
0511.9100,"--Products of fish or crustaceans, molluscs or other aquaticinvertebrates; deadanimalsof Chapter 3",Kg,15%,
0511.9900,"Other 18 Section II VEGETABLE PRODUCTS “pellets” means products which have been agglomerated either directly by compressionor by the proportion not exceeding by weight. Chapter 6 trees and other plants; bulbs, roots and the like; cut flowers and ornamental foliage of heading 06.01, this Chapter covers only live trees and goods (including seedling vegetables) of a by nursery gardeners or florists for planting or for ornamental use; nevertheless it does not include garlic or other products of Chapter7. 06.03 or 06.04 to goods of any kind shall be construed as including a reference to bouquets, floral articles made wholly or partly of goods of that kind, account not being taken of accessories of do not include collages or similar decorative plaques of heading 97.01 Item Description (4) Standard Unit of Quantity (5) Duty Rate (6) Bulbs, tubers, tuberous roots, corms, crowns and rhizomes, dormant, in growth or in flower; chicory plants and roots other than roots of heading 12.12.",Kg,Free 3%,
0601.1000,"Bulbs, tubers, tuberous roots, corms, crowns and rhizomes, dormant",u,5%,
0601.2000,"Bulbs, tubers, tuberous roots, corms, crowns and rhizomes, in growth or in flower; chicory plants and roots Other live plants (including their roots), cuttingsand slips; mushroom spawn.",u,5%,
0602.1000,Unrooted cuttings and slips,u,5%,
0602.2000,"Trees, shrubs and bushes, grafted or not, of kinds which bear edible fruit or nuts",u,5%,
0602.3000,"Rhododendrons and azaleas, grafted or not",u,5%,
0602.4000,"Roses, grafted or not",u,5%,
0602.9000,"Other Cut flowers and flower buds of a kind suitable for bouquets or for ornamental purposes, fresh, dried, dyed, bleached, impregnated or otherwise prepared. Fresh:",kg,5%,
0603.1100,--Roses,kg,5%,
0603.1200,Carnations,kg,5%,
0603.1300,Orchids,kg,5%,
0603.1400,Chrysanthemums,kg,5%,
0603.1500,Lilies (Lilium spp.),kg,5%,
0603.1900,Other,kg,5%,
0603.9000,"Other Foliage, branches and other parts of plants, without flowers or flower buds, and grasses, mosses and lichens, being goods of a king suitable for bouquets or for ornamental purposes, fresh, dried, dyed, bleached, impregnated or otherwise prepared.",kg,5%,
0604.2000,Fresh,kg,5%,
0604.9000,"Other 19 Chapter 7 Edible vegetables and certain roots and tubers cover forage products of heading 12.14 07.10, 07.11 and 07.12 the word “Vegetables” includes edible mushrooms, truffles, olives, capers, aubergines, sweet corn (Zea mays var. saccharata), fruits of the genus Capsicum or of the genus chervil, tarragon, cress and sweet marjoram (Majoranahortensis or Origanum majorana). all dried vegetables of the kinds falling in headings 07.01 to 07.11, other than: shelled (heading 07.13); specified in heading 11.02 to 11.04; flakes, granules and pellets of potatoes (heading 11.05); of the dried leguminous vegetables of heading 07.13 (heading 11.06). or ground fruits of the genus capsicum or of the genus pimentaareexcluded from this Item Description (4) Standard Unit of Quantity (5) Duty Rate (6) Potatoes, fresh or chilled.",kg,5%,
0701.1000,Seed,kg,Free,
0701.9000,Other,kg,15%,
0702.0000,"Tomatoes, fresh or chilled. Onions, shallots, garlic, leeks and other alliaceous vegetables, fresh or chilled.",kg,15%,
0703.1000,Onions and shallots,kg,35%,
0703.2000,Garlic,kg,35%,
0703.9000,"Leeks and other alliaceous vegetables Cabbages, cauliflowers, kohlrabi, kale and similaredible brassicas, fresh or chilled.",kg,35%,
0704.1000,Cauliflowers and headed broccoli,kg,15%,
0704.2000,Brussels sprouts,kg,15%,
0704.9000,"Other Lettuce(lactuca sativa) and chicory(Cichorium spp.),fresh or chilled. Lettuce:",kg,15%,
0705.1100,Cabbage lettuce (head lettuce),kg,15%,
0705.1900,Other Chicory:,kg,15%,
0705.2100,Witloof chicory (Cichorium intybus var. foliosum),kg,15%,
0705.2900,"Other Carrots, turnips, salad beetroot, salsify, celeriac, radishes and similar 20 Item Description (4) Standard Unit of Quantity (5) Duty Rate (6) edible roots, fresh or chilled.",kg,15%,
0706.1000,Carrots and turnips,kg,15%,
0706.9000,Other,kg,15%,
0707.0000,"Cucumbers and gherkins, fresh or chilled. Leguminous vegetables, shelled or unshelled, freshor chilled.",kg,15%,
0708.1000,Peas (Pisum Sativum ),kg,35%,
0708.2000,"Beans (Vigna spp., Phaseolus spp.)",kg,35%,
0708.9000,"Other leguminous vegetables Other vegetables, fresh or chilled.",kg,35%,
0709.2000,Asparagus,kg,15%,
0709.3000,Aubergines (egg-plants),kg,15%,
0709.4000,Celery other than celeriac Mushrooms and truffles:,kg,15%,
0709.5100,Mushrooms of the genus Agaricus,kg,15%,
0709.5900,Other,kg,15%,
0709.6000,Fruits of the genus Capsicum or of the genusPimenta,kg,15%,
0709.7000,"Spinach, New Zealand spinach and orache spinach (garden spinach) Other:",kg,15%,
0709.9100,Globe artichokes,kg,15%,
0709.9200,Olives,kg,15%,
0709.9300,"Pumpkins, squash and gourds(Cucurbita spp.)",kg,15%,
0709.9900,"Other Vegetables (uncooked or cooked by steaming or boiling in water), frozen.",kg,15%,
0710.1000,"Potatoes Leguminous vegetables, shelled or unshelled:",kg,15%,
0710.2100,Peas (Pisum sativum ),kg,15%,
0710.2200,"Beans(vigna spp., Phaseolus spp.)",kg,15%,
0710.2900,Other,kg,15%,
0710.3000,"Spinach, New Zealand spinach and orache spinach (garden spinach)",kg,15%,
0710.4000,Sweet corn,kg,15%,
0710.8000,Other vegetables,kg,15%,
0710.9000,"Mixtures of vegetables Vegetables provisionally preserved (for example,by sulphur dioxide gas, in brine, in sulphur wateror in other preservative solutions), but unsuitable in that state for immediate consumption",kg,15%,
0711.2000,Olives,kg,15%,
0711.4000,Cucumbers and gherkins 21 Item Description (4) Standard Unit of Quantity (5) Duty Rate (6) Mushrooms and truffles :,kg,15%,
0711.5100,Mushrooms of the genus Agaricus,kg,15%,
0711.5900,Other,kg,15%,
0711.9000,"Other vegetables; mixtures of vegetables Dried vegetables, whole, cut, sliced, broken or in powder, but not further prepared.",kg,15%,
0712.2000,"Onions Mushrooms, wood ears (Auricularia spp.), jelly fungi(Tremella spp.) and truffles:",kg,15%,
0712.3100,Mushrooms of the genus Agaricus,kg,15%,
0712.3200,Wood ears (Auricularia spp.),kg,15%,
0712.3300,Jelly fungi (Tremella spp.),kg,15%,
0712.3900,Other,kg,15%,
0712.9000,"Other vegetables; mixtures of vegetables Dried leguminous vegetables, shelled, whether or notskinned or split.",kg,15%,
0713.1000,Peas (Pisum sativum),kg,25%,
0713.2000,"Chickpeas (garbanzos) Beans (Vigna spp., Phaseolus spp.) :",kg,15%,
0713.3100,Beans of the species vignamungo( L) Hepper or Vigna radiata (L)Wilczek,kg,15%,
0713.3200,Small red (Adzuki) beans (Phaseolus or Vigna angularis),kg,15%,
0713.3300,"--Kidney beans, including white pea beans (Phaseolus vulgaris)",kg,15%,
0713.3400,Bambara beans (Vigna subterraneaor Voandzeiasubterranea),kg,15%,
0713.3500,Cow peas (Vigna unguiculata),kg,15%,
0713.3900,Other,kg,15%,
0713.4000,Lentils,kg,15%,
0713.5000,"Broad beans (Vicia faba var. major) and horse beans(Vicia faba var. equina, Vicia faba var. minor )",kg,15%,
0713.6000,Pigeon peas (Cajanus cajan),kg,15%,
0713.9000,"Other Manioc, arrowroot, salep, Jerusalem artichokes, sweet potatoes and sim and tubers with high starch or inulin content,fresh, chilled, frozen or d whether or not sliced or in the form of pellets; sago pith.",kg,15%,
0714.1000,Manioc (cassava),kg,15%,
0714.2000,Sweet potatoes,kg,15%,
0714.3000,Yams (Dioscorea spp.),kg,15%,
0714.4000,Taro (Colocasia spp.),kg,15%,
0714.5000,Yautia (Xanthosoma spp.),kg,15%,
0714.9000,"Other 22 Chapter 8 Edible fruit and nuts; peel of citrus fruit or melons cover inedible nuts or fruits. are to be classified in the same headings as the corresponding fresh fruits and nuts. of this Chapter may be partially rehydrated, or treated for the following purposes: or stabilisation (for example, by moderate heat treatment, sulphuring, the additionof sorbic acid or maintain their appearance (e.g., by the addition of vegetable oil or small quantities of glucose that they retain the character of dried fruit or dried nuts. Item Description (4) Standard Unit of Quantity (5) Duty Rate (6) Coconuts brazil nuts and cashew nuts, fresh ordried, whether or not shelled or peeled. Coconuts:",kg,15%,
0801.1100,--Desiccated,Kg,25%,
0801.1200,In the inner shell (endocarp),Kg,25%,
0801.1900,--Other Brazil nuts:,Kg,25%,
0801.2100,--In shell,Kg,25%,
0801.2200,--Shelled Cashew nuts:,Kg,25%,
0801.3100,--In shell,Kg,25%,
0801.3200,"--Shelled Other nuts, fresh or dried, whether or notshelled or peeled. Almonds:",Kg,25%,
0802.1100,In shell,Kg,25%,
0802.1200,Shelled Hazelnuts or filberts (Corylus spp.):,Kg,25%,
0802.2100,In shell,Kg,25%,
0802.2200,Shelled Walnuts:,Kg,25%,
0802.3100,In shell,Kg,25%,
0802.3200,Shelled Chestnuts (Castanea spp.):,Kg,25%,
0802.4100,In shell,Kg,25%,
0802.4200,--Shelled Pistachios :,Kg,25%,
0802.5100,--In shell,Kg,25%,
0802.5200,Shelled Macadamia nuts :,Kg,25%,
0802.6100,In shell 23 Item Description (4) Standard Unit of Quantity (5) Duty Rate (6),Kg,25%,
0802.6200,Shelled,Kg,25%,
0802.7000,Kola nuts (Cola spp.),Kg,25%,
0802.8000,Areca nuts,Kg,25%,
0802.9000,"Other Bananas, including plantains, fresh or dried.",Kg,25%,
0803.1000,Plantains,Kg,25%,
0803.9000,"Other Dates, figs, pineapples, avocados, guavas,mangoes and mangosteens, fresh or dried.",Kg,25%,
0804.1000,Dates,Kg,25%,
0804.2000,Figs,Kg,25%,
0804.3000,Pineapples,Kg,25%,
0804.4000,Avocados,Kg,25%,
0804.5000,"Guavas, mangoes and mangosteens Citrus fruit, fresh or dried.",Kg,25%,
0805.1000,"Oranges Mandarins(including tangerines and satsumas); clementines, wilkings and similar citrus hybrids :",Kg,25%,
0805.2100,Mandarins (including tangerines and satsumas),Kg,25%,
0805.2200,--Clementines,Kg,25%,
0805.2900,--Other,Kg,25%,
0805.4000,"Grapefruit, including pomelos",Kg,25%,
0805.5000,"Lemons (Citrus limon, Citrus limonum) and limes (Citrusaurantifolia,Citrus latifolia )",kg,25%,
0805.9000,"Other Grapes, fresh or dried.",Kg,25%,
0806.1000,Fresh,Kg,25%,
0806.2000,"Dried Melons (including watermelons) and papaws(papayas), fresh. Melons ( including watermelons ):",Kg,25%,
0807.1100,Watermelons,Kg,25%,
0807.1900,Other,Kg,25%,
0807.2000,"Papaws (Papayas) Apples, pears and quinces, fresh.",Kg,25%,
0808.1000,Apples,Kg,25%,
0808.3000,Pears,Kg,25%,
0808.4000,"Quinces Apricots, cherries, peaches (including nectarines), plums and sloes, fresh.",Kg,25%,
0809.1000,Apricots Cherries: 24 Item Description (4) Standard Unit of Quantity (5) Duty Rate (6),Kg,25%,
0809.2100,Sour cherries (Prunus cerasus),Kg,25%,
0809.2900,Other,Kg,25%,
0809.3000,"Peaches, including nectarines",Kg,25%,
0809.4000,"Plums and sloes Other fruit, fresh.",Kg,25%,
0810.1000,Strawberries,Kg,25%,
0810.2000,"Raspberries, blackberries, mulberries and Loganberries",Kg,25%,
0810.3000,"Black, white or red currants and gooseberries",Kg,25%,
0810.4000,"Cranberries, bilberries and other fruits of the genus vaccinium",Kg,25%,
0810.5000,Kiwifruit,Kg,25%,
0810.6000,Durians,Kg,25%,
0810.7000,Persimmons,Kg,25%,
0810.9000,"Other Fruit and nuts, uncooked or cooked by steaming or boiling in water, frozen, whether or not containing added sugar or other sweetening matter.",Kg,25%,
0811.1000,Strawberries,Kg,25%,
0811.2000,"Raspberries, blackberries, mulberries, loganberries, black, white or red currants and gooseberries",Kg,25%,
0811.9000,"Other Fruit and nuts, provisionally preserved (for example, by sulphur dioxide gas, in brine, in sulphur water or in other preservative solutions), but unsuitable in that state for immediate consumption.",Kg,25%,
0812.1000,Cherries,Kg,25%,
0812.9000,"Other Fruit, dried, other than that of heading 08.01 to 08.06; mixtures of nuts or dried fruits of this Chapter",Kg,25%,
0813.1000,Apricots,Kg,25%,
0813.2000,Prunes,Kg,25%,
0813.3000,Apples,Kg,25%,
0813.4000,Other fruit,Kg,25%,
0813.5000,Mixtures of nuts or dried fruits of this Chapter,Kg,25%,
0814.0000,"Peel of citrus fruit or melons (including watermelons), fresh, frozen, dried or provisionally preserved in brine, in sulphur water or in other preservative solutions. 25 Chapter 9 Coffee, tea, mate and spices of headings 09.04 to 09.10 are to be classified as follows: more of the products of the same heading are to be classified in that heading; more of the products of different headings are to be classified in heading 09.10 substances to the products of headings 09.04 to 09.10/or to the mixtures referred to in paragraph (a) or their classification provided the resulting mixtures retain the essential character of the goods of such mixtures are not classified in this Chapter; those constituting mixed condiments or mixed in heading 21.03. cover cubeb pepper (Piper cubeba) or other products of heading 12.11. Item Description (4) Standard Unit of Quantity (5) Duty Rate (6) Coffee, whether or not roasted or decaffeinated; coffee husks and skins; coffee substitutes containing coffee in any proportion. Coffee, not roasted:",Kg,25%,
0901.1100,Not decaffeinated,Kg,Free,
0901.1200,"Decaffeinated Coffee, roasted:",Kg,Free,
0901.2100,Not decaffeinated,Kg,25%,
0901.2200,Decaffeinated,Kg,25%,
0901.9000,"Other Tea, whether or not flavoured.",Kg,25%,
0902.1000,Green tea (not fermented) in immediate packings ofa content notexceeding 3 kg,Kg,25%,
0902.2000,Other green tea (not fermented),Kg,25%,
0902.3000,"Black tea (fermented) and partly fermented tea, in immediate packings of a content not exceeding 3 kg.",Kg,25%,
0902.4000,Other black tea (fermented) and other partly fermented tea,Kg,25%,
0903.0000,Mate. Pepper of the genus Piper; dried or crushed or ground fruits of the genus Capsicumor of the genusPimenta. Pepper:,Kg,25%,
0904.1100,Neither crushed nor ground,kg,25%,
0904.1200,Crushed or ground Fruits of the genus Capsicum or of the genus Pimenta:,kg,25%,
0904.2100,"Dried, neither crushed nor ground",kg,25%,
0904.2200,Crushed or ground Vanilla.,kg,25%,
0905.1000,Neither crushed norground,kg,25%,
0905.2000,Crushed or ground Cinnamon and cinnamon-tree flowers. Neither crushed nor ground: 26 Item Description (4) Standard Unit of Quantity (5) Duty Rate (6),kg,25%,
0906.1100,Cinnamon (Cinnamomum Zeylanicum Blume),kg,25%,
0906.1900,Other,kg,25%,
0906.2000,"Crushed or ground: Cloves (whole fruit, cloves and stems).",kg,25%,
0907.1000,Neither crushed nor ground,kg,25%,
0907.2000,"Crushed or ground Nutmeg, mace and Cardamoms. -Nutmeg:",kg,25%,
0908.1100,Neither crushed nor ground,kg,25%,
0908.1200,Crushed or ground Mace :,kg,25%,
0908.2100,Neither crushed nor ground,kg,25%,
0908.2200,Crushed or ground Cardamoms :,kg,25%,
0908.3100,Neither crushed nor ground,kg,25%,
0908.3200,"Crushed or ground Seeds of anise, badian, fennel, coriander, cumin or caraway; juniper berries. Seeds of coriander:",kg,25%,
0909.2100,Neither crushed nor ground,kg,25%,
0909.2200,Crushed or ground Seeds of cumin :,kg,25%,
0909.3100,Neither crushed nor ground,kg,25%,
0909.3200,"Crushed or ground Seeds of anise, badian, caraway or fennel; juniper berries :",kg,25%,
0909.6100,Neither crushed nor ground,kg,25%,
0909.6200,"Crushed or ground Ginger, saffron, turmeric (curcuma),thyme, bay leaves, curry and other spices. Ginger:",kg,25%,
0910.1100,Neither crushed nor ground,kg,25%,
0910.1200,Crushed or ground,kg,25%,
0910.2000,Saffron,kg,25%,
0910.3000,Turmeric (curcuma) Other spices:,kg,25%,
0910.9100,Mixtures referred to in Note 1 (b) to this Chapter,kg,25%,
0910.9900,"Other 27 Chapter 10 Cereals in the headings of this Chapter are to be classified in those headings only if grains are present, ear or on the stalk. cover grains which have been hulled or otherwise worked. However, rice, husked, milled, polished, broken remains classified in heading 10.06. sweet corn (Chapter 7). wheat” means wheat of the Triticum durum species and the hybrids derived from the inter- of Tritiicum durum which have the same number (28) of chromosomes at that species. Item Description (4) Standard Unit of Quantity (5) Duty Rate (6) Wheat and meslin. Durum wheat:",kg,25%,
1001.1100,Seed,kg,Free,
1001.1900,Other Other :,kg,5%,
1001.9100,Seed,kg,Free,
1001.9900,Other Rye.,kg,5%,
1002.1000,Seed,kg,Free,
1002.9000,Other Barley.,kg,5%,
1003.1000,Seed,kg,Free,
1003.9000,Other Oats.,kg,5%,
1004.1000,Seed,kg,Free,
1004.9000,Other Maize (corn).,kg,5%,
1005.1000,Seed,kg,Free,
1005.9000,Other Rice.,kg,5%,
1006.1000,Rice in the husk (paddy or rough),kg,5%,
1006.2000,Husked (brown) rice,kg,5%,
1006.3000,"Semi-milled or wholly milled rice, whether or notpolished or glazed",kg,5%,
1006.4000,Broken rice Grain Sorghum.,kg,5%,
1007.1000,Seed,kg,Free,
1007.9000,"Other Buckwheat, millet and canary seeds; other cereals.",kg,5%,
1008.1000,Buckwheat Millet:,kg,5%,
1008.2100,Seed,kg,Free,
1008.2900,Other,kg,5%,
1008.3000,Canary seeds,kg,5%,
1008.4000,Fonio (Digitaria spp.),kg,5%,
1008.5000,Quinoa (Chenopodium quinoa),kg,5%,
1008.6000,Triticale Other cereals:,kg,5%,
1008.9010,Teff (eragrostis teff),kg,5%,
1008.9090,Other 29 Item Description (4) Standard Unit of Quantity (5) Duty Rate (6),kg,5% 45% 80% 45% 3% 80% 45% 5% 80% 45% 2% 90% 45% 80% 45% 4% 80% 95% 95%,
1101.0000,Wheat or meslin flour. Cereal flours other than of wheat or meslin,Kg,15%,
1102.2000,Maize ( corn ) flour,Kg,15%,
1102.9000,"Other Cereal groats, meal and pellets. Groats and meal: Of Wheat:",Kg,15%,
1103.1110,---Durum wheat semolina,Kg,5%,
1103.1190,---Other,Kg,15%,
1103.1300,Of maize (corn),Kg,15%,
1103.1900,Of other cereals,Kg,15%,
1103.2000,"Pellets Cereal grains otherwise worked (for example, hulled, rolled, flaked, pearled, sliced or kibbled), except rice of heading 10.06; germ of cereals, whole, rolled, flaked or ground. Rolled or flaked grains:",Kg,15%,
1104.1200,Of oats,Kg,15%,
1104.1900,"Of other cereals Other worked grains (for example, hulled, pearled, sliced or kibbled):",Kg,15%,
1104.2200,Of oats,kg,15%,
1104.2300,Of maize (corn),kg,15%,
1104.2900,"Of other cereals Germ of cereals, whole, rolled, flaked or ground",kg,15%,
1104.3010,Teff flour,kg,15%,
1104.3090,"Others Flour, meal, powder, flakes, granules and pelletsof potatoes.",kg,15%,
1105.1000,"Flour, meal and powder",kg,15%,
1105.2000,"Flakes, granules and pellets Flour, meal and powder of the dried leguminous vegetables of heading 07.13, of sago or of roots or tubers of heading 07.14 or of the products of Chapter 8.",kg,15%,
1106.1000,Of the dried leguminous vegetables of heading 07.13,kg,15%,
1106.2000,Of sago or of roots or tubers of heading 07.14,kg,15%,
1106.3000,"Of the products of Chapter 8. Malt, whether or not roasted.",kg,15%,
1107.1000,Not roasted,kg,15%,
1107.2000,Roasted Starches; inulin. Starches:,kg,15%,
1108.1100,Wheat starch,kg,Free,
1108.1200,Maize (corn) starch,kg,5%,
1108.1300,Potato starch,kg,5%,
1108.1400,Manioc (cassava) starch,kg,5%,
1108.1900,Other starches,kg,5%,
1108.2000,Inulin,kg,5%,
1109.0000,"Wheat gluten, whether or not dried. 30 Chapter 12 seeds and oleaginous fruits; miscellaneous grains, fruit; industrial or medicinal plants; straw and fodder alia, to palm nuts and kernels, cotton seeds, castor oil seeds, sesamum seeds, mustard seeds, and shea nuts ( karite nuts ). It does not apply to products of heading 08.01 or 08.02 or to olives only to non-defatted flours and meals but also to flours and meals which have been partially defatted partially defatted with their original oils. It does not, however, apply to residues of headings 23.04 12.09, beet seeds, grass and other herbage seeds, seeds of ornamental flowers, vegetable seeds, of fruit trees, seeds of vetches ( other than those of the species viciafaba ) or of lupines are to be kind used for sowing “. apply to the following even if for sowing. or sweet corn (Chapter 7); of Chapter 9; or 12.01 to 12.07 or 12.11. alia, to the following plants or parts thereof: basil, borage, ginseng, hyssop, liquorice, all species and wormwood. however, apply to: 30; or toilet preparations of Chapter 33; or herbicides, disinfectants or similar products of heading 38.08 12.12. the term “ seaweeds and other algae “ does not include: of heading 21.02; of heading 30.02; or 31.01 or 31.05. 1205.10, the expression ""low erucic acid rape or colza seeds"" means rape or colza seedsyielding erucic acid content of less than by weight and yielding a solidcomponent which contains less than per gram. Item Description (4) Standard Unit of Quantity (5) Duty Rate (6) Soya beans, whether or not broken.",kg,15% 2%,
1201.1000,Seed,Kg,Free,
1201.9000,"Other 31 Item Description (4) Standard Unit of Quantity (5) Duty Rate (6) Ground-nuts, not roasted or otherwise cooked, whether or not shelled or broken.",Kg,Free,
1202.3000,Seed Other:,Kg,Free,
1202.4100,In shell,Kg,Free,
1202.4200,"Shelled, whether or not broken",Kg,Free,
1203.0000,Copra.,Kg,Free,
1204.0000,"Linseed, whether or not broken. Rape or colza seeds, whether or not broken.",Kg,Free,
1205.1000,Low erucice acid rape or colza seeds,Kg,Free,
1205.9000,Other,kg,Free,
1206.0000,"Sunflower seeds, whether or not broken. Other oil seeds and oleaginous fruits, whether or not broken.",Kg,Free,
1207.1000,Palm nuts and kernels Cotton seeds :,Kg,Free,
1207.2100,Seed,Kg,Free,
1207.2900,Other,Kg,Free,
1207.3000,Castor oil seeds,Kg,Free,
1207.4000,Sesamum seeds,Kg,Free,
1207.5000,Mustard seeds,Kg,Free,
1207.6000,Safflower (Carthamus tinctorius) seeds,Kg,Free,
1207.7000,Melon seeds Other,Kg,Free,
1207.9100,Poppy seeds,Kg,Free,
1207.9900,"Other Flours and meals of oil seeds or oleaginous fruits, other than those of mustard.",Kg,Free,
1208.1000,Of soya beans,Kg,25%,
1208.9000,"Other Seeds, fruit and spores, of a kind used for sowing.",Kg,25%,
1209.1000,Sugar beet seeds Seeds of forage plants:,Kg,Free,
1209.2100,--Lucerne (alfalfa) seeds,Kg,Free,
1209.2200,--Clover (Trifolium spp) seed,Kg,Free,
1209.2300,--Fescue seeds,Kg,Free,
1209.2400,--Kentucky blue grass (PoapratensisL.)seeds,Kg,Free,
1209.2500,"--Rye grass (Lolium multiflorumLam.,Loliumperenne L.) seeds",Kg,Free,
1209.2900,--Other,Kg,Free,
1209.3000,Seeds of herbaceous plants cultivated principally for their flowers Other :,Kg,Free,
1209.9100,--Vegetable seeds,Kg,Free,
1209.9900,"--Other 32 Item Description (4) Standard Unit of Quantity (5) Duty Rate (6) Hop cones, fresh or dried, whether or notground, powdered or in the form of pellets;lupulin.",Kg,Free,
1210.1000,"Hop cones, neither ground nor powdered nor in the form of pellets",Kg,15%,
1210.2000,"Hop cones, ground, powdered or in the form of pellets; lupulin Plants and parts of plants (including seeds and fruits), of a kind used primarily in perfumery, in pharmacy or for insecticidal, fungicidal or similar purposes fresh, chilled, frozen or dried, whether or not cut, crushed or powdered.",Kg,15%,
1211.2000,Ginseng roots,Kg,Free,
1211.3000,Coca leaf,Kg,Free,
1211.4000,Poppy straw,Kg,Free,
1211.5000,Ephedra,Kg,Free,
1211.9000,"Other Locust beans, seaweeds and other algae, sugar beet and sugar cane, fresh, chilled, frozen or dried, whether or not ground; fruit stones and kernels and other vegetable products (including unroasted chicory roots of the variety cichorium intybus sativum) of a kind used primarily for human consumption, not elsewhere specified or included. Seaweeds and other algae :",Kg,Free,
1212.2100,Fit for human consumption,Kg,35%,
1212.2900,Other Other:,Kg,Free,
1212.9100,Sugar beet,Kg,35%,
1212.9200,Locust beans (carob),Kg,5%,
1212.9300,Sugar cane,Kg,5%,
1212.9400,Chicory roots,Kg,5%,
1212.9900,Other,Kg,5%,
1213.0000,"Cereal straw and husks, unprepared, whether or not chopped, ground, pressed or in the form of pellets. Swedes, mangolds, fodder roots, hay, lucerne (alfalfa), clover, sainfoin, forage kale, lupines, vetches and similar forage products, whether or not in the form &poilets.",Kg,5%,
1214.1000,Lucerne (alfalfa) meal and pellets,Kg,Free,
1214.9000,"Other 33 Chapter 13 gums, resins and other vegetables aps and extracts alia, to liquorice extract and extract of pyrethrum, extract of hops, extract of aloes and opium. to: more than by weight of sucrose or put up as confectionery (heading 17.04); 19.01); or mate (heading 21.01); constituting alcoholic beverages (Chapter 22); or other products of heading 29.14 or 29.38; straw containing not less than by weight of alkaloids (heading 29.39); 30.03 or 30.04 or blood-grouping reagents (heading 30.06 ); (heading 32.01 or 32.03); absolutes, resinoids, extracted oleoresins, aqueous distillates or aqueous solutionsof essential oils on odoriferous substances of a kind used for the manufacture ofbeverages (Chapter 33); or. gutta-percha, guayule, chicle or similar natural gums (heading 40.01). Item Description (4) Standard Unit of Quantity (5) Duty Rate (6) Lac; natural gums, resins, gum-resins andoleoresins (for example, balsams). Gum Arabic:",Kg,Free 10% 50%,
1301.2010,Pharmaceutical standard,Kg,Free,
1301.2090,Other,Kg,15%,
1301.9000,"Other Vegetable saps and extracts; pectic substances, pectinates and pectates; agar-agar and other mucilages and thickeners, whether or not modified, derived from vegetable products. Vegetable saps and extracts:",Kg,15%,
1302.1100,Opium,Kg,Prohibited,
1302.1200,Of liquorice,Kg,15%,
1302.1300,Of hops,Kg,25%,
1302.1400,--Of ephedra,Kg,15%,
1302.1900,Other,Kg,15%,
1302.2000,"Pectic substances, pectinates and pectates Mucilages and thickeners, whether or not modified, derived from vegetable products:",Kg,Free,
1302.3100,Agar-agar,Kg,15%,
1302.3200,"Mucilages and thickeners, whether or not modified, derived from locust beans, locust bean seeds or guar seeds",Kg,15%,
1302.3900,"Other 34 Chapter 14 Vegetable plaiting materials; vegetable products not elsewhere specified or included the following products which are to be classified in ‘ Section XI: vegetable materials or fibers of kind used primarily in the manufacture of textiles, however, prepared, or other vegetable materials so as to render them suitable for use only as textile materials. inter alia, to bamboos (whether or not split, sawn lengthwise, cut to length, rounded at the ends, polished or dyed), split osier, reeds and the like, to rattan cores and to drawn or split not apply to chip wood (heading 44.04). to wood wool (heading 44.05) and prepared knots or tufts for broom or brush making (heading Item Description (4) Standard Unit of Quantity (5) Duty Rate (6) Vegetable materials of a kind used primarily for plaiting (for example, bamboos, rattans, reeds, rushes, osier, raffia, cleaned, bleached or dyed cereal straw, andlime bark).",Kg,15%,
1401.1000,Bamboos,kg,15%,
1401.2000,Rattans,kg,15%,
1401.9000,Other Vegetable products not elsewhere specified or included.,kg,15%,
1404.2000,Cotton linters,kg,Free,
1404.9000,"Other 35 Section III ANIMAL OR VEGETABLE FATS AND OILS AND THEIR CLEAVAGE PRODUCTS; PREPARED EDIBLE FATS; ANIMAL OR VEGETABLE WAXES Chapter 15 Animal or vegetable fats and oils andtheir cleavage products; prepared ediblefats; animal or vegetable waxes not cover: fat of heading 02.09; fat or oil (heading 18.04); containing by weight more than of the products of heading 04.05 (generally Chapter 21); 23.01) or residues of headings 23.04 to 23.06; prepared waxes, medicaments, paints, varnishes, soap, perfumery, cosmetic or toilet preparations,sulphonated goods of Section VI; or from oils (heading 40.02). not apply to oils obtained from olives by solvent extraction (heading 15.10). not cover fats or oils or their fractions, merely denatured, which are to be classified in the heading corresponding undenatured fats and oils and their fractions. and dregs, stearin pitch, glycerol pitch and wool grease residues fall in heading 15.22. of subheadings 1514.11 and 1514.19, the expression ""low erucic acid rape or colza oil"" means thefixed oil acid content of less than 2 % by weight. Item Description (4) Standard Unit of Quantity (5) Customs Duty Rate (6) Pig fat (including lard) and poultry fat, other than that of heading 02.09 or 15.03.",kg,5% 15%,
1501.1000,Lard,Kg,15%,
1501.2000,Other pig fat,Kg,15%,
1501.9000,"Other Fats of Fats of bovine animals, sheep or goats, other than those of heading 15.03.",Kg,15%,
1502.1000,Tallow,Kg,15%,
1502.9000,Other,Kg,15%,
1503.0000,"Lard stearin, lard oil, oleostearin, oleo-oiland tallow oil, not emulsified or mixed or otherwise prepared. 36 Item Description (4) Standard Unit of Quantity (5) Customs Duty Rate (6) Fats and oils and their fractions, of fish or marinemammals, whether or not refined, but not chemically modified. Fish-liver oils and their fractions:",Kg,15%,
1504.1010,"With content of 40g or more saturated fat per 100g,or unable to determine the amount of saturated fat from the label",Kg,15%,
1504.1090,"---Other Fats and oils and their fractions, of fish, other than liver oils:",Kg,15%,
1504.2010,"With content of 40g or more saturated fat per 100g, or unable to determine the amount of saturated fat from the label 2090 ---Other Fats and oils and their fractions, of marine mammals:",Kg Kg,15% 15%,
1504.3010,"With content of 40g or more saturated fat per 100g, or unable to determine the amount of saturated fat from the label",Kg,15%,
1504.3090,---Other,Kg,15%,
1505.0000,"Wool grease and fatty substances derived therefrom(Including lanolin). Other animal fats and oils and their fractions, whether or not refined, but notchemically modified.",Kg,15%,
1506.0010,"With content of 40g or more saturated fat per 100g, or unable to determine the amount of saturated fat from the label",Kg,15%,
1506.0090,"---Other Soya-bean oil and its fractions, whether or not refined, but not chemically modified.",Kg,15%,
1507.1000,"Crude oil, whether or not degummed Other:",Kg,5%,
1507.9010,Cooking and edible oilfor direct consumption with content of less than 40g saturated fat per 100g,Kg,15%,
1507.9020,"Cooking and edible oil for direct consumption with content of 40g or more saturated fat per 100g, or unable to determine the amount of saturated fat from the label",Kg,15%,
1507.9090,"Other Ground-nut oil and its fractions, whether or not refined, but not chemically modified.",Kg,15%,
1508.1000,Crude oil Other:,Kg,5%,
1508.9010,Cooking and edible oilfor direct consumption with content of less than 40g saturated fat per 100g,Kg,15%,
1508.9020,"Cooking and edible oil for direct consumption with content of 40g or more saturated fat per 100g, or unable to determine the amount of saturated fat from the label",Kg,15%,
1508.9090,"Other Olive oil and its fractions, whether or not refined, butnot chemically modified Virgin:",Kg,15%,
1509.1010,Cooking and edible oil for direct consumption with content of less than 40g saturated fat per 100g,Kg,15%,
1509.1020,"Cooking and edible oil for direct consumption with content of 40g or more saturated fat per 100g, or unable to determine the amount of saturated fat from the label",Kg,15%,
1509.1090,Other Other: 37 Item Description (4) Standard Unit of Quantity (5) Customs Duty Rate (6),Kg,15%,
1509.9010,Cooking and edible oilfor direct consumption with content of less than 40g saturated fat per 100g,Kg,15%,
1509.9020,"Cooking and edible oil for direct consumption with content of 40g or more saturated fat per 100g, or unable to determine the amount of saturated fat from the label",Kg,15%,
1509.9090,"Other Other oils and their fractions, obtained solely from olives, whether or not refined, but not chemically modified, including blends of these oils or fractions with oils or fractions of heading 15.09",Kg,15%,
1510.0010,Cooking and edible oilfor direct consumption with content of less than 40g saturated fat per 100g,Kg,15%,
1510.0020,"Cooking and edible oil for direct consumption with content of 40g or more saturated fat per 100g, or unable to determine the amount of saturated fat from the label",Kg,15%,
1510.0090,"Other Palm oil and its fractions, whether or not refined, but not chemically modified.",Kg,15%,
1511.1000,Crude oil Other:,Kg,5%,
1511.9010,Cooking and edible oilfor direct consumption with content of less than 40g saturated fat per 100g,Kg,15%,
1511.9020,"Cooking and edible oil for direct consumption with content of 40g or more saturated fat per 100g, or unable to determine the amount of saturated fat from the label",Kg,15%,
1511.9090,"Other Sunflower-seed, safflower or cotton-seed oiland fractions thereof, whether or not refined, but not chemically modified. Sunflower-seed or safflower oil and fractions thereof:",Kg,15%,
1512.1100,Crude oil Other:,Kg,5%,
1512.1910,Cooking and edible oilfor direct consumption with content of less than 40g saturated fat per 100g,Kg,15%,
1512.1920,"Cooking and edible oil for direct consumption with content of 40g or more saturated fat per 100g, or unable to determine the amount of saturated fat from the label",Kg,15%,
1512.1990,Other Cotton-seed oil and its fractions:,Kg,15%,
1512.2100,"Crude oil, whether or not gossypol has been removed Other:",Kg,5%,
1512.2910,Cooking and edible oilfor direct consumption with content of less than 40g saturated fat per 100g,Kg,15%,
1512.2920,"Cooking and edible oil for direct consumption with content of 40g or more saturated fat per 100g, or unable to determine the amount of saturated fat from the label",Kg,15%,
1512.2990,"Other Coconut (copra), palm kernel or babassu oil and fractions thereof, whether or not refined, but not chemically modified. Coconut ( copra ) oil and its fractions:",Kg,15%,
1513.1100,Crude oil Other: 38 Item Description (4) Standard Unit of Quantity (5) Customs Duty Rate (6),Kg,5%,
1513.1910,Cooking and edible oilfor direct consumption with content of less than 40g saturated fat per 100g,Kg,15%,
1513.1920,"Cooking and edible oil for direct consumption with content of 40g or more saturated fat per 100g, or unable to determine the amount of saturated fat from the label.",Kg,15%,
1513.1990,Other Palm Kernel or babassu oil and fractions thereof:,Kg,15%,
1513.2100,Crude oil Other፡,Kg,5%,
1513.2910,Cooking and edible oilfor direct consumption with content of less than 40g saturated fat per 100g,Kg,15%,
1513.2920,"Cooking and edible oil for direct consumption with content of 40g or more saturated fat per 100g, or unable to determine the amount of saturated fat from the label",Kg,15%,
1513.2990,"Other Rape, colza or mustard oil and fractions thereof, whether or not refined, but not chemically modified. Low erucic acid rape or colza oil and its fractions:",Kg,15%,
1514.1100,Crude oil Other:,Kg,5%,
1514.1910,Cooking and edible oilfor direct consumption with content of less than 40g saturated fat per 100g,Kg,15%,
1514.1920,"Cooking and edible oil for direct consumption with content of 40g or more saturated fat per 100g, or unable to determine the amount of saturated fat from the label",Kg,15%,
1514.1990,Other Other :,Kg,15%,
1514.9100,Crude oil Other :,Kg,5%,
1514.9910,Cooking and edible oilfor direct consumption with content of less than 40g saturated fat per 100g,Kg,15%,
1514.9920,"Cooking and edible oil for direct consumption with content of 40g or more saturated fat per 100g, or unable to determine the amount of saturated fat from the label.",Kg,15%,
1514.9990,"Other Other fixed vegetable fats and oils (including jojoba oil) and their fractions, whether or not refined, but not chemically modified. Linseed oil and its fractions:",Kg,15%,
1515.1100,Crude oil Other,Kg,5%,
1515.1910,Cooking and edible fats and oils for direct consumption with content of less than 40g saturated fat per 100g,Kg,15%,
1515.1920,"Cooking and edible fats and oilsfor direct consumption with content of 40g or more saturated fat per 100g, or unable to determine the amount of saturated fat from the label",Kg,15%,
1515.1990,Other Maize ( corn ) oil and its fractions,Kg,15%,
1515.2100,Crude oil Other; 39 Item Description (4) Standard Unit of Quantity (5) Customs Duty Rate (6),Kg,5%,
1515.2910,Cooking and edible fats and oilsfor direct consumption with content of less than 40g saturated fat per 100g,Kg,15%,
1515.2920,"Cooking and edible fats and oilsfor direct consumption with content of 40g or more saturated fat per 100g, or unable to determine the amount of saturated fat from the label.",Kg,15%,
1515.2990,Other Castor oil and its fractions:,Kg,15%,
1515.3010,Cooking and edible fats and oilsfor direct consumption with content of less than 40g saturated fat per 100g,Kg,15%,
1515.3020,"Cooking and edible fats andoilsfor direct consumption with content of 40g or more saturated fat per 100g, or unable to determine the amount of saturated fat from the label",Kg,15%,
1515.3090,---Other Sesame oil and its fractions:,Kg,15%,
1515.5010,Cooking and edible fats and oilsfor direct consumption with content of less than 40g saturated fat per 100g,Kg,15%,
1515.5020,"Cooking and edible fats andoilsfor direct consumption with content of 40g or more saturated fat per 100g, or unable to determine the amount of saturated fat from the label",Kg,15%,
1515.5090,---Other Other:,Kg,15%,
1515.9010,Cooking and edible fats and oilsfor direct consumption with content of less than 40g saturated fat per 100g,Kg,15%,
1515.9020,"Cooking and edible fats and oilsfor direct consumption with content of 40g or more saturated fat per 100g, or unable to determine the amount of saturated fat from the label",Kg,15%,
1515.9090,"---Other Animal or vegetable fats and oils and their fractions, partly or wholly hydrogenated,inter-esterified, re-esterified or elaidinised, whether or not refined, but not further prepared. Animal fats and oils and their fractions:",Kg,15%,
1516.1010,"Cooking and edible fats and oils for direct consumption with content of less than 40g saturated fat per 100g,or less than 0.5g of trans fat per 100g",Kg,15%,
1516.1020,"Cooking and edible fats and oils for direct consumption, with content of 40g or more saturated fat per 100g, or more than 0.5g of trans fat per 100g, or unable to determine the amount of saturated fat from the label",Kg,15%,
1516.1090,---Other Vegetable fats and oils and their fractions:,Kg,15%,
1516.2010,"Cooking and edible fats and oils for direct consumption with content of less than 40g saturated fat per 100g, or less than 0.5g of trans fat per 100g",Kg,15%,
1516.2020,"Cooking and edible fats and oils for direct consumption, with content of 40g or more saturated fat per 100g, or more than 0.5g of trans fat per 100g, or unable to determine the amount of saturated fat from the label",Kg,15%,
1516.2030,Non -edible Hydrogenated Vegetable fats and oils,Kg,15%,
1516.2090,"---Other Margarine; edible mixtures or pre-parations of animal or vegetable fats or oil or of fractions of different fats or oils of this Chapter, other than edible fats or oils or their fractions of heading 15.16. Margarine, excluding liquid margarine:",Kg,15%,
1517.1010,"Edible,with content of less than 40g saturated fat per 100g, or less than 0.5g of trans fat per 100g 40 Item Description (4) Standard Unit of Quantity (5) Customs Duty Rate (6)",Kg,15%,
1517.1020,"Edible, with content of 40g or more saturated fat per 100g, or more than 0.5g of trans fat per 100g Other፡",Kg,15%,
1517.9010,"---Edible,with content of less than 40g saturated fat per 100g, or less than 0.5g of trans fat per 100g",Kg,15%,
1517.9020,"---Edible liquid margarine with content of 40g or more saturated fat per 100g, or more than 0.5g of trans fat per 100g",Kg,15%,
1517.9030,"---Edible mixtures or preparations of animal or vegetable fats or oil or of fractions of different fats or oil (Other than partly or wholly hydrogenated, inter- esterified, re-esterified or elaidinised, whether or not refined, but not further prepared) with content of 40g or more saturated fat per 100g, or more than 0.5g of trans fat per 100g",Kg,15%,
1517.9090,---Other,Kg,15%,
1518.0000,"Animal or vegetable fats and oils and their fractions, boiled, oxidised, dehydrated, sulphurised, blown, polymerised by heat in vacuum or in inert gas or otherwise chemically modified, excluding those of heading 15.16; inedible mixtures or preparations of animal or vegetable fats or oils or of fractions of different fats or oils of this Chapter, not elsewhere specified or included.",kg,15%,
1520.0000,"Glycerol, crude; glycerol waters and glycerol lyes. Vegetable waxes (other than triglycerides), beeswax, other insect waxes and spermaceti,whether or not refined or coloured.",Kg,5%,
1521.1000,Vegetable waxes,Kg,5%,
1521.9000,Other,Kg,5%,
1522.0000,"Degras; residues resulting from the treatment offatty substances of animal or vegetable waxes. 41 Section IV PREPARED FOOD STUFFS; BEVERAGES, SPIRITS AND VINEGAR; AND MANUFACTURED TOBACCO SUBSTITUTES means products which have been agglomerated either directly by compression or by the proportion not exceeding by weight. Chapter 16 Preparations of meat, of fish or of crustaceans, molluscs or other aquaticin vertebrates meat, meat offal, fish, crustaceans, molluscs or other aquatic invertebrates, prepared or preserved in Chapter 2 or 3 or heading 05.04. this Chapter provided that they contain more than by weight of sausage, meat, meat offal, molluscs or other aquatic invertebrates, or any combination thereof. In cases where the preparation the products mentioned above, it is classified in the heading of Chapter 16 corresponding to the by weight. These provisions do not apply to the stuffed products of heading 19.02 or to the or 21.04. 1602.10, the expression “ homogenised preparations “ means preparations of meat, meat offal put up for retail sale as food suitable for infants or young children or for dietetic purposes, in content not exceeding 250g. For the application of this definition no account is to be taken of small which may have been added to the preparations for seasoning, preservation or other purposes. contain a small quantity of visible pieces of meat or meat offal. This subheading takes precedence of heading 16.02. and other aquatic invertebrates specified in the subheadings of heading 16.04 or 16.05 under are of the same species as those mentioned in Chapter 3 under the same name. Item Description (4) Standard Unit of Quantity (5) Duty Rate (6)",Kg,5% 3% 20%,
1601.0000,"Sausages and similar products, of meat, meatoffal or blood; food preparations based on theseproducts. Other prepared or preserved meat, meat offal or blood.",kg,35%,
1602.1000,Homogenised preparations,kg,35%,
1602.2000,Of liver of any animal Of poultry of heading 01.05:,kg,35%,
1602.3100,Of turkeys,kg,35%,
1602.3200,Of fowls of the species Gallus domesticus,kg,35%,
1602.3900,Other Of swine:,kg,35%,
1602.4100,Hams and cuts thereof,kg,35%,
1602.4200,Shoulders and cuts thereof,kg,35%,
1602.4900,"Other, including mixtures 42 Item Description (4) Standard Unit of Quantity (5) Duty Rate (6)",kg,35%,
1602.5000,Of bovine animals,kg,35%,
1602.9000,"Other, including preparations of blood of any animal",kg,35%,
1603.0000,"Extracts and juices of meat, fish or crustaceans, molluscs or other aquatic invertebrates. Prepared or preserved fish; caviar and caviar substitutes prepared from fish eggs. Fish, whole or in pieces, but not minced:",kg,35%,
1604.1100,Salmon,kg,35%,
1604.1200,Herrings,kg,35%,
1604.1300,"Sardines, sardinella and brisling or sprats",kg,35%,
1604.1400,"Tunas, skipjack and bonito (sarda spp.)",kg,35%,
1604.1500,Mackerel,kg,35%,
1604.1600,Anchovies,kg,35%,
1604.1700,Eels,kg,35%,
1604.1800,Shark fins,kg,35%,
1604.1900,Other,kg,35%,
1604.2000,Other prepared or preserved fish Caviar and caviar substitutes :,kg,35%,
1604.3100,Caviar,kg,35%,
1604.3200,"Caviar substitutes Crustaceans, molluscs and other aquatic invertebrates prepared or preserved.",kg,35%,
1605.1000,Crab Shrimps and prawns:,kg,35%,
1605.2100,Not in airtight container,kg,35%,
1605.2900,Other,kg,35%,
1605.3000,Lobster,kg,35%,
1605.4000,Other crustaceans -Molluscs :,kg,35%,
1605.5100,Oysters,kg,35%,
1605.5200,"Scallops, including queen scallops",kg,35%,
1605.5300,Mussels,kg,35%,
1605.5400,Cuttle fish and squid,kg,35%,
1605.5500,Octopus,kg,35%,
1605.5600,"Clams, cockles andarkshells",kg,35%,
1605.5700,Abalone,kg,35%,
1605.5800,"Snails, other than sea snails",kg,35%,
1605.5900,Other Other aquatic invertebrates :,kg,35%,
1605.6100,Sea cucumbers,kg,35%,
1605.6200,Sea urchins,kg,35%,
1605.6300,Jellyfish,kg,35%,
1605.6900,"Other 43 Chapter 17 Sugars and sugar confectionery cocoa (heading 18.06); (other than sucrose, lactose, maltose, glucose and fructose) or other products of heading 29.40; or products or Chapter 30. 1701.12, 1701.13 and 1701.14“raw sugar” means sugar whose content of sucrose by to a polarimeter reading of less than 99.50. only cane sugar obtained without centrifugation, whose content of sucrose by weight, in the a polarimeter reading of 69° or more but less than 93°. The product contains only natural anhedral shape, not visible to the naked eye, which are surrounded by residues of molasses and other Item Description (4) Standard Unit of Quantity (5) Duty Rate (6) Cane or beet sugar and chemically pure sucrose, in solid form. Raw sugar not containing added flavouring or colouring matter:",kg,35%,
1701.1200,Beet sugar Cane sugar specified in Subheading Note 2 tothis Chapter:,kg,35%,20%
1701.1310,Of a kind used for medical purpse,kg,Free,
1701.1390,Other,kg,35%,
1701.1400,Other cane sugar Other:,kg,35%,20%
1701.9100,Containing added flavouring or colouring matter,kg,35%,20%
1701.9900,"Other Other sugars, including chemically pure lactose, maltose, glucose and fructose, in solid form; sugar syrups not containing added flavouring or colouring matter; artificial honey, whether or not mixed with natural honey; caramel. Lactose and lactose syrup:",kg,35%,30%
1702.1100,"Containing by weight or more lactose, expressed asanhydrous lactose, calculated on the dry matter",kg,99% Free,
1702.1900,Other,kg,Free,
1702.2000,Maple sugar and maple syrup,kg,Free,30%
1702.3000,"Glucose and glucose syrup, not containing fructose or containing in the dry state less than by weight of fructose",kg,20% Free,
1702.4000,"Glucose and glucose syrup, containing in the dry state at least but less than by weight of fructose, excluding invert sugar 44 Item Description (4) Standard Unit of Quantity (5) Duty Rate (6)",kg,20% 50% Free,
1702.5000,Chemically pure fructose,kg,Free,
1702.6000,"Other fructose and fructose syrup, containing in the dry state more than by weight of fructose, excluding invert sugar",kg,50% Free,
1702.9000,"Other, including invert sugar and other sugar and sugar syrup blends containing in the dry state 50 % by weight of fructose Molasses resulting from the extraction or refiningof sugar.",kg,Free,
1703.1000,Cane molasses,kg,Free,
1703.9000,Other Sugar confectionery (including white chocolatenot containing cocoa.,kg,Free,
1704.1000,"Chewing gum, whether or not sugar coated",kg,35%,30%
1704.9000,"Other 45 Chapter 18 Cocoa and cocoa preparations the preparations of heading 04.03, 19.01, 19.04, 19.05, 21.05, 22.02, 22.08, 30.03 or 30.04. confectionery containing cocoa and, subject to Note 1 to this Chapter othefood preparations Item Description (4) Standard Unit of Quantity (5) Duty Rate (6)",kg,35%,30%
1801.0000,"Cocoa beans, whole or broken, raw or roasted.",kg,Free,
1802.0000,"Cocoa shells, husks, skins and other cocoa waste. Cocoa paste, whether or not defatted.",kg,Free,
1803.1000,Not defatted,kg,25%,
1803.2000,Wholly or partly defatted,kg,25%,
1804.0000,"Cocoa butter, fat and oil.",kg,25%,
1805.0000,"Cocoa powder, not containing added sugar or other sweetening matter. Chocolate and other food preparations containing cocoa.",kg,25%,
1806.1000,"Cocoa powder, containing added sugar or other sweetening matter Other preparations in blocks, slabs or bars weighing more than 2 or in liquid, paste, powder, granular or other bulk form incontainers or immediate packings, of a content exceeding 2 kg:",kg kg,35%,
1806.2010,Chocolate imported in bulk form by food processing industries for further processing,kg,35%,
1806.2090,"Other Other, in blocks, slabs or bars:",kg,35%,
1806.3100,Filled,kg,35%,
1806.3200,Not filled Other:,kg,35%,
1806.9010,"Chocolate and other food preparations containing cocoa in liquid, paste, powder, granular form in immediate packings of a content not exceeding 2 kg",kg,35%,
1806.9090,"Other 46 Chapter 19 of cereals, flour, starch or milk; Pastrycooks’ products products of heading 19.02, food preparations containing more than by weight of blood, fish or crustaceans, molluscs or other aquatic invertebrates, or any combination from flour or from starch, specially prepared for use in animal feeding (heading 23.09); or of chapter 30. groats of Chapter 11; mean: 11, and of vegetable origin of any Chapter, other than flour, meal or powder of dried vegetables (heading 11.05) or of dried leguminous vegetable(heading 11.06). containing more than by weight of cocoa calculated on a totally defatted basis or other food preparations containing cocoa of heading 18.06(heading 18.06). the expression “otherwise prepared” means prepared or processed to an extent beyond that Notes to Chapter 10 or11. Description (4) Standard Unit of Quantity (5) Duty Rate (6) Malt extract; food preparations of flour, groats, meal, starch or malt extract, not containing cocoa or containing less than by weight of cocoa calculated on a totally defatted basis, not elsewhere specified or included; food preparations of goods of headings 04.01 to 04.04, not containing cocoa or containing less than 5 % by weight of cocoa calculated on a totally defatted basis, not elsewhere specified or included.",kg,35% 20% 6% 40%,30%
1901.1000,"Preparations suitable for infants or young children, put up for retail sale",kg,5%,
1901.2000,Mixes and doughs for the preparation of bakers’ wares of heading 19.05 Other;,kg,25%,
1901.9010,Malt extract,kg,15%,
1901.9090,"Other Pasta, whether or not cooked or stuffed (with meat or other substances) or otherwise prepared, such as spaghetti, macaroni, noodles, lasagne, gnocchi, ravioli, cannelloni, couscous, whether or not prepared. Uncooked pasta, not stuffed or otherwise prepared:",kg,25%,
1902.1100,Containing eggs,kg,25%,
1902.1900,Other 47 Description (4) Standard Unit of Quantity (5) Duty Rate (6),kg,25%,
1902.2000,"Stuffed pasta, whether or not cooked or otherwise prepared",kg,25%,
1902.3000,Other pasta,kg,25%,
1902.4000,Couscous,kg,25%,
1903.0000,"Tapioca and substitutes therefore prepared from starch, in the form of flakes, grains, pearls, siftings or in similar forms. Prepared foods obtained by the swelling or roasting of cereals or cereal products (for example, corn flakes); cereals, (other than maize(corn)) in grain form or in the form of flakes or other worked grains (except flour, groats and meal), pre-cooked, or otherwise prepared, not elsewhere specified or included.",Kg,25%,
1904.1000,Prepared foods obtained by the swelling or roasting of cereals or cereal products,kg,25%,
1904.2000,Prepared foods obtained from un roasted cereal flakes or from mixtures of un roasted cereal flakes and roasted cereal flakes or swelled cereals.,Kg,25%,
1904.3000,Bulgur wheat,kg,25%,
1904.9000,"Other Bread, pastry, caskes, biscuits and other bakers’ wares, whether or not containing cocoa; communion wafers, empty cachets of a kind suitable for pharmaceutical use, sealing wafers, rice paper and similar products.",kg,25%,
1905.1000,Crisp bread,kg,35%,
1905.2000,Gingerbread and the like Sweet biscuits; waffles and wafers:,kg,35%,
1905.3100,Sweet biscuits,kg,35%,
1905.3200,Waffles and wafers,kg,25%,
1905.4000,"Rusks, toasted bread and similar toasted products Other:",kg,35%,
1905.9010,Empty cachets of a kind suitable for pharmaceutical use,kg,Free,
1905.9020,Fresh Injera,kg,5%,
1905.9090,"---Other 48 Chapter 20 of vegetables, fruit, nutsor other parts of plants or preserved by the processes specified in Chapter 7, 8 or 11; more than by weight of sausage, meat, meat offal, blood, fish or crustaceans, molluscs or any combination thereof (Chapter 16); of heading 19.05; or preparations of heading 21.04. apply to fruit jellies, fruit pastes, sugar-coated almonds or the like in the form of sugar chocolate confectionery (heading 18.06). cover, as the case may be, only those products of Chapter 7 or of heading 11.05 or 11.06 of theproducts of Chapter 8) which have been prepared or preserved by processes other of which is or more is to be classified in heading 20.02. the expression ""obtained by cooking"" means obtained by heat treatment at atmospheric to increase the viscosity of a product through reduction of water content or other means. the expression “juices, unfermented and not containing added spirit” means juices of an Note 2 to Chapter 22) not exceeding 0.5% vol. the expression “homogenized vegetables “means preparations of vegetables, finely as food suitable for infants or young children or for dietetic purposes, in containers of anet For the application of this definition no account is to be taken of small quantities of any added to the preparation for seasoning, preservation or other purposes. These preparations pieces of vegetables. Subheading 2005.10 takes precedence over all other subheadings 2007.10, the expression “homogenized preparations” means preparations of fruit, finely as food suitable for infants or young children or for dietetic purposes, in containers of 250g. For the application of this definition no account is to be taken of small may have been added to the preparation for seasoning, preservation or other contain a small quantity of visible pieces of fruit. Subheading 2007.10 takes of heading 20.07. 2009.21, 2009.31, 2009.41, 2009.61 and 2009.71, the expression ""Brix value"" Brix obtained from a Brix hydrometer or of refractive index expressed in terms of from a refractometer, at a temperature of 20 oC or corrected for 20 oC if the reading is Description (4) Standard Unit of Quantity (5) Duty Rate (6) Vegetables, fruit, nuts and other edibleparts of plants prepared or preservedby vinegar or acetic acid.",kg,35% 20% 7%,
2001.1000,Cucumbers and gherkins,kg,35%,
2001.9000,Other Tomatoes prepared or preserved otherwise than by vinegar or acetic acid.,kg,35%,
2002.1000,"Tomatoes, whole or in pieces Other:",kg,35%,
2002.9010,---Tomato concentrate,kg,25%,
2002.9090,"Other Mushrooms and truffles, prepared orpreserved otherwise 49 Description (4) Standard Unit of Quantity (5) Duty Rate (6) than by vinegar oracetic acid.",kg,35%,
2003.1000,Mushrooms of the genus Agaricus,kg,35%,
2003.9000,"Other Other vegetables prepared or preservedotherwise than by vinegar or acetic acid,frozen, other than products of heading 20.06.",kg,35%,
2004.1000,Potatoes,kg,35%,
2004.9000,"Other vegetables and mixtures of vegetables Other vegetables prepared or preservedotherwise than by vinegar or aceticacid, not frozen, other than productsof heading 20.06..",kg,35%,
2005.1000,Homogenised vegetables,kg,35%,
2005.2000,Potatoes,kg,35%,
2005.4000,"Peas (Pisum sativum ) Beans (Vigna spp., Phaseolus spp.):",kg,35%,
2005.5100,"Beans, shelled",kg,35%,
2005.5900,Other,kg,35%,
2005.6000,Asparagus,kg,35%,
2005.7000,Olives,kg,35%,
2005.8000,Sweet corn (zea mays var. saccharata) Other vegetables and mixtures of Vegetables:,kg,35%,
2005.9100,Bamboo shoots,kg,35%,
2005.9900,Other,kg,35%,
2006.0000,"Vegetables, fruit, nuts, fruit-peel andother parts of plants, preserved bysugar (drained, glacé or crystallised). Jams, fruit jellies, marmalades, fruit ornut puree and fruit or nut pastes, obtained by cooking, whether or not containing added sugar or other sweetening matter.",kg,35%,
2007.1000,Homogenised preparations Other:,kg,35%,
2007.9100,Citrus fruit,kg,35%,
2007.9900,"Other Fruit, nuts and other edible parts of plants, otherwise prepared or preserved, whetheror not containing added sugar or othersweetening matter or spirit, not elsewherespecified or included. Nuts, ground-nuts and other seeds, whether or not mixed together:",kg,35%,
2008.1100,Ground nuts,kg,35%,
2008.1900,"Other, including mixtures",kg,35%,
2008.2000,Pineapples,kg,35%,
2008.3000,Citrus fruit,kg,35%,
2008.4000,Pears,kg,35%,
2008.5000,Apricots,kg,35%,
2008.6000,Cherries,kg,35%,
2008.7000,"Peaches, including nectarines",kg,35%,
2008.8000,"Strawberries Other, including mixtures other than those of subheading 2008.19:",kg,35%,
2008.9100,Palm hearts,kg,35%,
2008.9300,"Cranberries (Vaccinium macrocarpon, Vaccinium oxycoccos, Vaccinium vitis-idaea)",kg,35%,
2008.9700,Mixtures,kg,35%,
2008.9900,"Other Fruit juices (including grape must)and vegetable juices, 50 Description (4) Standard Unit of Quantity (5) Duty Rate (6) unfermented andnot containing added sprit, whetheror not containing added sugar or othersweetening matter. Orange juice:",kg,35%,
2009.1100,Frozen,kg,35%,
2009.1200,"Not frozen, of a Brix value not exceeding 20 Other:",kg,35%,
2009.1910,Orange Concentrate,kg,25%,
2009.1990,Other Grapefruit (including pomelo) juice:,kg,35%,
2009.2100,Of a Brix value not exceeding 20 Other:,kg,35%,
2009.2910,Grape Fruit Concentrate,kg,25%,
2009.2990,Other Juice of any other single citrus fruit:,kg,35%,
2009.3100,Of a Brix value not exceeding 20 Other:,kg,35%,
2009.3910,Concentrate of any other single citrus fruit,kg,25%,
2009.3990,Other Pineapple juice:,kg,35%,
2009.4100,Of a Brix value not exceeding 20 Other:,kg,35%,
2009.4910,Pineapple Concentrate,kg,25%,
2009.4990,Other,kg,35%,
2009.5000,Tomato juice Grape juice (including grape must):,kg,35%,
2009.6100,Of a Brix value not exceeding 30 Other:,kg,35%,
2009.6910,Grape Concentrate,kg,25%,
2009.6990,Other Apple juice:,kg,35%,
2009.7100,Of a Brix value not exceeding 20 Other:,kg,35%,
2009.7910,Apple Concentrate,kg,25%,
2009.7990,"Other Juice of any other single fruit or vegetable: Cranberry (Vaccinium macrocarpon, Vaccinium oxycoccos, Vaccinium vitis-idaea) juice:",kg,35%,
2009.8110,"Concentrate of Cranberry (Vacciniummacrocarpon,Vacciniumoxycoccos, Vacciniumvitis-idaea)juice",kg,35%,
2009.8190,Other Other,kg,35%,
2009.8910,Concentrate of Single fruit vegetable,kg,25%,
2009.8990,Other Mixtures of juices:,kg,35%,
2009.9010,Mixed Concentrate,kg,25%,
2009.9090,"Other 51 Chapter 21 Miscellaneous edible preparations cover: of heading 07.12; substitutes containing coffee in any proportion (heading 09.01); 09.02); products of headings 09.04 to 09.10; other than the products described in heading 21.03 or 21.04, containing morethan by weight of meat offal, blood, fish or crustaceans, molluscs or other aquatic invertebrates, or any combination thereof a medicament or other products of heading 30.03 or 30.04; or of heading 35.07. referred to in Note 1 (b) above are to be classified in heading 21.01. heading 21.04, the expression “homogenized composite food preparations” means preparations consisting mixture of two or more basic ingredients such as meat, fish, vegetables, fruits or nuts, put up for retail for infants or young children or for dietetic purposes, in containers of a net weight content not exceeding of this definition, no account is to be taken of small quantities of any ingredients which may be added preservation or other purposes. Such preparations may contain a small quantity of visible pieces of Item Description (4) Standard Unit of Quantity (5) Duty Rate (6) Extracts, essences and concentrates, ofcoffee, tea or mate and preparations with a basis of these products or with a basis of coffee, tea or mate; roasted coffee substitutes, and extracts, essences and concentrates thereof. Extracts, essences and concentrates of coffee,and preparations with a basis of these extracts, essences or concentrates or with a basis ofcoffee:",kg,35% 20%,
2101.1100,"Extracts, essences and concentrates",kg,35%,
2101.1200,"Preparations with a basis of extracts, essences or concentrates or with a basis of coffee",kg,35%,
2101.2000,"Extracts, essences and concentrates, of tea or mate, and preparations with a basis of these extracts, essences or concentrates or with a basis of tea or mate",kg,35%,
2101.3000,"Roasted chicory and other roasted coffee substitutes, and extracts, essences and concentrates thereof Yeast (active or inactive); other single-cellmicro-organisms, dead (but not includingvaccines of heading 30.02); preparedbaking powders.",kg,35%,
2102.1000,Active yeasts,kg,5%,
2102.2000,"Inactive yeasts; other single-cell micro-organisms, dead 52 Item Description (4) Standard Unit of Quantity (5) Duty Rate (6)",kg,5%,
2102.3000,Prepared baking powders Sauces and preparations therefor; mixedcondiments and mixedseasonings; mustard flour and meal and preparedmustard.,kg,5%,
2103.1000,Soya sauce,kg,35%,
2103.2000,Tomato ketchup and other tomato sauces,kg,35%,
2103.3000,Mustard flour and meal and prepared mustard,kg,35%,
2103.9000,Other Soups and broths and preparations therefor; homogenised composite food preparations.,kg,35%,
2104.1000,Soups and broths and preparations therefor,kg,35%,
2104.2000,Homogenised composite food preparations,kg,35%,
2105.0000,"Ice cream and other edible ice, whether or not containing cocoa. Food preparations not elsewhere specified or included.",kg,35%,
2106.1000,Protein concentrates and textured protein substances Other:,kg,15%,
2106.9010,Of a kind used in pharmaceutical industries,kg,Free,
2106.9020,"---Therapeutic foods and health nutrition supplements other than those of heading 13.02, 19.01, 29.36 and 30.04, packed for retail sale",kg,5%,
2106.9030,Infant or invalid foods;flavoured or coloured syrupsexceptfruitjuices containing added sugar in any proportion; preparation of a kind used in alcoholic drinks industries and food additives and flavours; preparations of a kind used in non-alcoholic drinks industries or preparing food or flavouring food,kg,15%,
2106.9040,Powder soft drinks,kg,35%,30%
2106.9090,"Other 53 Chapter 22 Beverages, spirits and vinegar (other than those of heading 22.09) prepared for culinary purposes and thereby rendered as beverages (generally heading 21.03 ); water or water of similar purity (heading 28.53); exceeding by weight of acetic acid (heading 29.15); 30.03 or 30.04; or (Chapter 33). and of Chapters 20 and 21, the “alcoholic strength by volume” shall be determined at a 22.02, the term “non-alcoholic beverages” means beverages of an alcoholic strength by volume beverages are classified in headings 22.03 to 22.06 or heading 22.08 as appropriate. 2204.10, the expression “sparkling wine” means wine which, when kept at a containers, has an excess pressure of not less than 3 bars. Item Description (4) Standard Unit of Quantity (5) Duty Rate (6) Waters, including natural or artificial mineral waters and aerated waters, not containing added sugar or other sweetening matter nor flavoured; ice and snow.",kg,35% 10%,
2201.1000,Mineral waters and aerated waters,l,15%,
2201.9000,"Other 1 Waters, including mineral waters and aerated water, containing added sugar or other sweetening matter or flavoured, and other non- alcoholic beverages, not including fruit or vegetable juices of heading 20.09.",,15%,25%
2202.1000,"Waters, including mineral waters and aeratedwaters, containing added sugar or other sweetening matter or flavoured 1 Other:",,25%,25%
2202.9100,Non-alcoholic beer 1 Other:,,25%,25%
2202.9910,---Therapeutic drinks 1,,5%,
2202.9990,Others 1,,35%,25%
2203.0000,"Beer made from malt. 1 Wine of fresh grapes, including fortified wines; grape must other than that of heading 20.09.",,35%,25%
2204.1000,Sparkling wine 1 Other wine; grape must with fermentation prevented or arrested by the addition of alcohol:,,35%,40%
2204.2100,In containers holding 2L or less 1,,35%,40%
2204.2200,In containers holding more than 2L but not more than 10L 1 54 Item Description (4) Standard Unit of Quantity (5) Duty Rate (6),,35%,40%
2204.2900,Other 1,,35%,
2204.3000,Other grape must 1 Vermouth and other wine of fresh grapes flavoured with plants or aromatic substances.,,35%,40%
2205.1000,In containers holding 2 1 or less 1,,35%,30%
2205.9000,"Other 1 Other fermented beverages (for example, cider, perry,mead, sake); mixtures of fermented beverages and non-alcoholic beverages, not elsewhere specified or included.",,35%,60%
2206.0010,"Fermented beverages (for example, cider, perry,mead, sake, opaque beer), and with mixtures offermented beverages with non-alcoholicbeverages and sprituos beverages and stout andof other beer kind, powdered beer, of analcoholic content not more than vol 1 Other 1 Undenatured ethyl alcohol of an alcoholic strength by volume of vol of higher; ethyl alcohol and other spirits, denatured, of any strength.",,7% 35% 35% 80%,
2207.1000,Undenatured ethyl alcohol of an alcoholic strength by volume of vol or higher 1,,80% 35%,60%
2207.2000,"Ethyl alcohol and other spirits, denatured, of any strength 1 Undenatured ethyl alcohol of an alcoholic strength by volume of less than vol; spirits, liqueurs and other spirituous beverages.",,35% 80%,60%
2208.2000,Spirits obtained by distilling grape wine or grape marc 1,,35%,
2208.3000,Whiskies 1,,35%,60%
2208.4000,Rum and other spirits obtained by distilling fermentedsugarcane products 1,,35%,60%
2208.5000,Gin and Geneva 1,,35%,
2208.6000,Vodka 1,,35%,
2208.7000,Liqueurs and cordials 1 Other:,,35%,60%
2208.9010,"Ready to drink mixtures, of an alcoholic content not more than vol 1",,7% 35%,25%
2208.9090,Other 1,,35%,60%
2209.0000,"Vinegar and substitutes for vinegar obtained from acetic acid. 1 55 Chapter 23 Residues and waste from the food industries; prepared animal fodder products of a kind used in animal feeding, not elsewhere specified or included, obtained by processing materials to such an extent that they have lost the essential characteristics of the original material, other vegetable residues and by-products of such processing. subheading 2306.41, the expression ""low erucic acid rape or colza seeds"" means seeds as defined in to chapter 12. Item Description (4) Standard Unit of Quantity (5) Duty Rate (6) Flours, meals and pellets, of meat or meat offal,of fish or of crustaceans, molluscs or otheraquatic invertebrates, unfit for humanconsumption; greaves.",,35%,
2301.1000,"Flours, meals and pellets, of meat or meat offal; greaves",Kg,Free,
2301.2000,"Flours, meals and pellets, of fish or of crustaceans, molluscs or other aquatic Invertebrates Bran, sharps and other residues, whether ornot in the form of pellets,derived from thesifting milling or other working of cereals or ofleguminous plants.",Kg,Free,
2302.1000,Of maize (corn),Kg,Free,
2302.3000,Of wheat,Kg,Free,
2302.4000,Of other cereals,Kg,Free,
2302.5000,"Of leguminous plants Residues of starch manufacture and similarresidues, beet-pulp, bagasseand other waste ofsugar manufacture, brewing in distilling dregsand waste, whether or not in the form of pellets.",Kg,Free,
2303.1000,Residues of starch manufacture and similar residues,Kg,Free,
2303.2000,"Beet-pulp, bagasse and other waste of sugar Manufacture",Kg,Free,
2303.3000,Brewing or distilling dregs and waste,Kg,Free,
2304.0000,"Oil-cake and other solid residues, whether or not ground or in the form of pellets, resulting from the extraction of soya-bean oil.",Kg,Free,
2305.0000,"Oil-cake and other solid residues, whether or notground or in the form of pellets, resulting fromthe extraction of ground-nut oil. Oil-cake and other solid residues, whether or notground or in the form of pellets, resulting fromthe extraction of vegetable fats or oils, other thanthose of heading 23.04 or 23.05.",Kg,Free,
2306.1000,Of cotton seeds,Kg,Free,
2306.2000,Of linseed,kg,Free,
2306.3000,Of sunflower seeds Of rape or colza seeds:,kg,Free,
2306.4100,Of low erucic acid rape or colza seeds,kg,Free,
2306.4900,Other,kg,Free,
2306.5000,Of coconut or copra,kg,Free,
2306.6000,Of palm nuts or kernels,kg,Free,
2306.9000,Other,kg,Free,
2307.0000,Wine lees; argol.,kg,Free,
2308.0000,"Vegetable materials and vegetable waste,vegetable residues and by- products, whether or not in the form of pellets, of a kind used in animal feeding, not elsewhere specified or included. Preparations of a kind used in animal feeding.",kg,Free,
2309.1000,"Dog or cat food, put up for retail sale Other:",kg,35%,
2309.9010,Premixes used in the manufacture of animal or poultry feeds,kg,Free,
2309.9020,Poultry or fish feeds whether or not containingadded vitamins or antibiotics,kg,Free,
2309.9090,"Other 56 Chapter 24 Tobacco and manufactured tobacco substitutes medicinal cigarettes ( Chapter 30 ). 2403.11, the expression “water pipe tobacco” means tobacco intended for smoking in a water mixture of tobacco and glycerol, whether or not containing aromatic oils and extracts, molasses or flavoured with fruit. However, tobacco-free products intended for smoking in a water pipe are Item Description (4) Standard Unit of Quantity (5) Duty Rate (6) Un manufactured tobacco; tobacco refuse.",kg,Free,
2401.1000,"Tobacco, not stemmed/stripped",kg,25%,60%
2401.2000,"Tobacco, partly or wholly stemmed/stripped",kg,25%,60%
2401.3000,"Tobacco refuse Cigars, cheroots, cigarillos and cigarettes, of tobacco or of tobacco substitutes.",kg,25%,
2402.1000,"Cigars, cheroots and cigarillos, containing tobacco",kg,35%,60%
2402.2000,Cigarettes containing tobacco,kg,35%,60%
2402.9000,"Other Other manufactured tobacco andmanufactured tobacco substitutes; “homogenised” or “reconstituted”tobacco; tobacco extracts and essences. Smoking tobacco, whether or not containing tobacco substitutes in any proportion",kg,35%,60%
2403.1100,Water pipe tobacco specified in Subheading Note 1 to this Chapter,kg,35%,
2403.1900,Other Other:,kg,35%,60%
2403.9100,“Homogenised ” or “reconstituted” tobacco,kg,35%,60%
2403.9900,"Other 57 SECTION V MINERAL PRODUCTS Chapter 25 Salt; sulphur; earths and stone; plastering materials, lime and cement context or Note 4 to this Chapter otherwise requires, the headings of this Chapter cover only in the crude state or which have been washed (even with chemical substances eliminating the changing the structure of the product), crushed, ground, powdered, levigated, sifted, screened, magnetic separation or other mechanical or physical processes (except crystallisation), but not been roasted, calcined, obtained by mixing or subjected to processing beyond that mentioned in Chapter may contain an added anti-dusting agent, provided that such addition does not render the product for specific use rather than for general use. cover: precipitated sulphur or colloidal sulphur(heading 28.02); or more by weight of combined iron evaluated as Fe203 (heading 28.21); other products of Chapter 30; or toilet preparations (Chapter 33); or flagstones (heading 68.01); mosaic cubes or the like (heading 68.02); roofing, facing or damp course 68.03); stones (heading 71.02 or 71.03); (other than optical elements) weighing not less than 2.5 g each, of sodium chloride or of magnesium 38.24; optical elements of sodium chloride or of magnesium oxide (heading 90.01); (heading 95.04); or chalks or tailors’chalks (heading 96.09). in heading 25.17 and any other heading of the Chapter are to be classified inheading 25.17. inter alia, to: vermiculite, perlite and chlorites, unexpanded; earth colours, whether or not together; natural micaceous iron oxides; meerschaum (whether or not in polished pieces); amber; and agglomerated amber, in plates, rods, sticks or similar forms not worked after moulding; or not calcined), other than strontium oxide; brokenpieces of pottery, brick or concrete. Item Description (4) Standard Unit of Quantity (5) Duty Rate (6) Salt (including table salt and denatured salt)and pure sodium chloride, whether or not inaqueous solution or containing added anti-cakingor free-flowing agents; sea water.",kg,35% 70%,60%
2501.0010,"Table salt,whether or not iodized 58 Item Description (4) Standard Unit of Quantity (5) Duty Rate (6)",Kg,35%,
2501.0020,Sodium Chloride for injection in solid or powder form,Kg,Free,
2501.0030,Sea water,Kg,35%,
2501.0090,---Other,Kg,35%,60%
2502.0000,Un-roasted iron pyrites.,Kg,Free,
2503.0000,"Sulphur of all kinds, other than sublimedsulphur, precipitated sulphur and colloidal sulphur. Natural graphite.",Kg,Free,
2504.1000,In powder or in flakes,Kg,Free,
2504.9000,"Other Natural sands of all kinds, whether or notcoloured, other than metal- bearing sandsof Chapter 26.",Kg,Free,
2505.1000,Silica sands and quartz sands,Kg,Free,
2505.9000,"Other Quartz (other than natural sands); quartzite,whether or not roughly trimmed or merely cut,by sawing or otherwise, into blocks or slabs of a rectangular (including square) shape.",Kg,Free,
2506.1000,Quartz,kg,Free,
2506.2000,Quartzite,kg,Free,
2507.0000,"Kaolin and other kaolinic clays, whetheror not calcined. Other clays (not including expanded clays of heading 68.06), andalusite, kyanite andsillimanite, whether or not calcined; mullite;chamotte or dinas earths.",kg,Free,
2508.1000,Bentonite,kg,Free,
2508.3000,Fire-clay,kg,Free,
2508.4000,Other clays,kg,Free,
2508.5000,"Andalusite, kyanite and sillimanite",kg,Free,
2508.6000,Mullite,kg,Free,
2508.7000,Chamotte or dinas earths,kg,Free,
2509.0000,"Chalk. Natural calcium phosphates, natural aluminiumcalcium phosphates and phosphatic chalk.",kg,Free,
2510.1000,Unground,kg,Free,
2510.2000,"Ground Natural barium sulphate (barytes); naturalbarium carbonate (witherite), whether or notcalcined, other than barium oxide of heading 28.16.",kg,Free,
2511.1000,Natural barium sulphate (barytes),kg,Free,
2511.2000,Natural barium carbonate (witherite),kg,Free,
2512.0000,"Siliceous fossil meals (for example, kieselguhr,tripolite and diatomite) and similar siliceous earths, whether or not calcined, of anapparentspecific gravity of 1 or less. Pumice stone; emery; natural corundum,natural garnet and other natural abrasives,whether or not heat-treated.",kg,Free,
2513.1000,Pumice stone,kg,Free,
2513.2000,"Emery, natural corundum, natural garnet and other natural abrasives",kg,Free,
2514.0000,"Slate, whether or not roughly trimmed or merelycut, by sawing or otherwise, into blocks or slabsof a rectangular (including square) shape. 59 Item Description (4) Standard Unit of Quantity (5) Duty Rate (6) Marble, travertine, ecaussine and othercalcareous monumental or building stone of anapparent specific gravity of 2.5 or more, andalabaster, whether or not roughly trimmed ormerely cut, by sawing or otherwise, into blocksor slabs of a rectangular (including square)shape. Marble and travertine:",kg,Free,
2515.1100,Crude or roughly trimmed,kg,Free,
2515.1200,"Merely cut, by sawing or otherwise, into blocks or slabs of a rectangular including (square) shape",kg,Free,
2515.2000,"Ecaussine and other calcareous monumental or building stone; alabaster Granite, porphyry, basalt, sandstone andother monumental or building stone, whetheror not roughly trimmed or merely cut, bysawing or otherwise, into blocks or slabs of arectangular( including square) shape Granite:",kg,Free,
2516.1100,Crude or roughly trimmed,kg,Free,
2516.1200,"Merely cut, by sawing or otherwise, into blocks or slabs of a rectangular(including square) shape",kg,Free,
2516.2000,Sandstone,kg,Free,
2516.9000,"Other monumental or building stone Pebbles, gravel, broken or crushed stone, of a kind commonly used for concrete aggregates, for road metalling or for railway or other ballast, shingle and flint whether or not heat-treated; macadam of slag, dross or similar industrial waste, whether or not incorporating the materials cited in the first part of the heading; tarred macadam; granules, chippings and powder, of stones of heading 25.15 or 25.16, whether or not heat-treated.",kg,Free,
2517.1000,"Pebbles, gravel, broken or crushed stone, of a kind commonly used for concrete aggregates, for road metalling or for railway or other ballast, shingle and flint whether or not heat-treated",kg,Free,
2517.2000,"Macadam of slag, dross or similar industrial waste, whether or notincorporating the materials cited in subheading 2517.10",kg,Free,
2517.3000,"Tarred macadam Granules, chippings and powder, of stones of heading 25.15 or 25.16, whether or notheat-treated:",kg,Free,
2517.4100,Of marble,kg,Free,
2517.4900,"Other Dolomite, whether or not calcined or sintered, including dolomite roughly trimmed or merely cut, by sawing or otherwise, into blocks or slabs of a rectangular (including square) shape; dolomite ramming mix.",kg,Free,
2518.1000,Dolomite not calcined or sintered,kg,Free,
2518.2000,Calcined or sintered dolomite,kg,Free,
2518.3000,"Dolomite ramming mix Natural magnesium carbonate (magnesite);fused magnesia; dead-burned (sintered)magnesia, whether or not containing smallquantities of other oxides added beforesintering; other magnesium oxide, whether ornot pure.",kg,Free,
2519.1000,Natural magnesium carbonate (magnesite),kg,Free,
2519.9000,"Other Gypsum; anhydrite; plasters (consisting ofcalcined gypsum or calcium sulphate) whether or not coloured, with or without smallquantitiesof 60 Item Description (4) Standard Unit of Quantity (5) Duty Rate (6) accelerators or retarders.",kg,Free,
2520.1000,Gypsum; anhydrite,kg,15%,
2520.2000,Plasters,kg,Free,
2521.0000,"Limestone flux; limestone and other calcareousstone, of a kind used for the manufacture oflime or cement. Quicklime, slaked lime and hydraulic lime, otherthan calcium oxide and hydroxide of heading 28.25.",kg,Free,
2522.1000,Quicklime,kg,Free,
2522.2000,Slaked lime,kg,Free,
2522.3000,"Hydraulic lime Portland cement, aluminous cement, slag cement,supersulphate cement and similar hydrauliccements, whether or not coloured or in the formof clinkers.",kg,Free,
2523.1000,Cement clinkers Portland cement:,kg,15%,
2523.2100,"White cement, whether or not artificially coloured",kg,25%,
2523.2900,Other,kg,25%,
2523.3000,Aluminous cement,Kg,5%,
2523.9000,Other hydraulic cement Asbestos.,Kg,5%,
2524.1000,Crocidolite,Kg,35%,
2524.9000,"Other Mica, including splittings; mica waste.",Kg,35%,
2525.1000,Crude mica and mica rifted into sheets or splittings,Kg,5%,
2525.2000,Mica powder,Kg,5%,
2525.3000,"Mica waste Natural steatite, whether or not roughly trimmedor merely cut, by sawing or otherwise, intoblocks or slabs of a rectangular (includingsquare) shape; talc.",Kg,5%,
2526.1000,"Not crushed, not powdered",Kg,Free,
2526.2000,Crushed or powdered,Kg,Free,
2528.0000,"Natural borates and concentrates thereof (whetheror not calcined), but not including borates separatedfrom natural brine; natural boric acid containingnot more than of H3B03calculated on the dryweight. Feldspar; leucite; nepheline and nepheline syenite; fluorspar.",Kg,85% Free,
2529.1000,Feldspar Fluorspar:,Kg,Free,
2529.2100,Containing by weight or less of calcium fluoride,Kg,97% Free,
2529.2200,Containing by weight more than of calcium Fluoride,Kg,97% Free,
2529.3000,Leucite; nepheline and nepheline syenite Mineral substances not elsewhere specified or included.,Kg,Free,
2530.1000,"Vermiculite, perlite and chlorites, unexpanded",Kg,Free,
2530.2000,"Kieserite, epsomite (natural magnesium sulphates)",Kg,Free,
2530.9000,"Other 61 Chapter 26 Ores, slag and ash cover: industrial waste prepared as macadam (heading 25.17); carbonate (magnesite), whether or not calcined (heading 25.19); storage tanks of petroleum oils, consisting mainly of such oils (heading 27.10); 31; wool or similar mineral wools (heading 68.06) of precious metal or of metal clad with precious metal; other waste or scrap containing precious metal compounds, of a kind used principally for the recovery of precious metal (heading 71.12); or cobalt mattes produced by any process of smelting (section XV). of headings 26.01 to 26.17, the term “ores” means minerals of mineralogical species actually industry for the extraction of mercury, of the metals of the heading 28.44 or of the metal XV, even if they are intended for non metallurgical purposes. Headings 26.01 to 26.17 do not, minerals which have been submitted to processes not normal to the metallurgical industry. only to: residues of a kind used in industry either for the extraction of metals or as a basis for the manufacture of of metals, excluding ash and residues from theincineration of municipal waste (heading 26.21); and residues containing arsenic, whether or not containing metals, of a kind used either for the extraction of or for the manufacture of their chemical compounds. subheading 2620.21, ""leaded gasoline sludges and leaded anti-knock compound sludges"" mean storage tanks of leaded gasoline and leaded anti-knock compounds (for example, tetraethyl lead), of lead, lead compounds and iron oxide. containing arsenic, mercury, thallium or their mixtures, of a kind used for the extraction of or for the manufacture of their chemical compounds, are to be classified in subheading 2620.60. Item Description (4) Standard Unit of Quantity (5) Duty Rate (6) Iron ores and concentrates, includingroasted iron pyrites. Iron ores and concentrates, other than roasted iron pyrites:",Kg,Free,
2601.1100,Non-agglomerated,Kg,Free,
2601.1200,Agglomerated,Kg,Free,
2601.2000,Roasted iron pyrites,Kg,Free,
2602.0000,"Manganese ores and concentrates,includingferruginous manganese ores and concentrateswith a manganese content of 20 % or more,calculated on the dry weight.",Kg,Free,
2603.0000,Copper ores and concentrates.,Kg,Free,
2604.0000,Nickel ores and concentrates.,Kg,Free,
2605.0000,Cobalt ores and concentrates.,Kg,Free,
2606.0000,Aluminium ores and concentrates.,Kg,Free,
2607.0000,Lead ores and concentrates.,kg,Free,
2608.0000,Zinc ores and concentrates.,kg,Free,
2609.0000,Tin ores and concentrates. 62 Item Description (4) Standard Unit of Quantity (5) Duty Rate (6),kg,Free,
2610.0000,Chromium ores and concentrates.,kg,Free,
2611.0000,Tungsten ores and concentrates. Uranium or thorium ores and concentrates.,kg,Free,
2612.1000,Uranium ores and concentrates,kg,Free,
2612.2000,Thorium ores and concentrates Molybdenum ores and concentrates.,kg,Free,
2613.1000,Roasted,kg,Free,
2613.9000,Other,kg,Free,
2614.0000,"Titanium ores and concentrates. Niobium, tantalum, vanadium or zirconiumores and concentrates.",kg,Free,
2615.1000,Zirconium ores and concentrates,kg,Free,
2615.9000,Other Precious metal ores and concentrates.,kg,Free,
2616.1000,Silver ores and concentrates,kg,Free,
2616.9000,Other Other ores and concentrates.,kg,Free,
2617.1000,Antimony ores and concentrates,kg,Free,
2617.9000,Other,kg,Free,
2618.0000,Granulated slag (slag sand) from themanufacture of iron or steel.,kg,Free,
2619.0000,"Slag, dross (other than granulated slag),scalings and other waste from the manufactureof iron or steel. Slag, ash and residues (other than from the manufacture of iron or steel) containing metals, arsenic or their compounds. Containing mainly zinc:",kg,Free,
2620.1100,Hard zinc spelter,kg,Free,
2620.1900,Other Containing mainly lead:,kg,Free,
2620.2100,Leaded gasoline sludges and leaded anti-knock compound sludges,kg,Free,
2620.2900,Othe,kg,Free,
2620.3000,Containing mainly copper,kg,Free,
2620.4000,Containing mainly aluminium,kg,Free,
2620.6000,"Containing arsenic, mercury, thallium or their mixtures, of a kind used for the extraction of arsenic or those metals or for the manufactureof their chemical compounds Other:",kg,Free,
2620.9100,"--Containing antimony, beryllium, cadmium, chromium or their mixtures",kg,Free,
2620.9900,"--Other Other slag and ash, including seaweed ash (kelp); ash and residues from the incinerationof municipal waste.",kg,Free,
2621.1000,Ash and residues from the incineration of municipal waste,kg,Free,
2621.9000,"Other 63 Chapter 27 fuels, mineral oils and products of their distillation; bituminous substances; mineral waxes cover: defined organic compounds, other than pure methane and propane which are to be classified in heading 30.03 or 30.04; or hydrocarbons of heading 33.01, 33.02 or 38.05. 27.10 to “petroleum oils and oils obtained from bituminous minerals include not only petroleum oils from bituminous minerals but also similar oils, as well as those consisting mainly of mixed unsaturated by any process, provided that the weight of the non-aromatic constituents exceeds that of the aromatic do not include liquid synthetic polyolefins of which less than by volume distils at 3000c, after millibars when a reduced-pressure distillation method is used (Chapter 39). of heading 27.10, ""waste oils"" means waste containing mainly petroleum oils and oils obtained from (as described in Note 2 to this Chapter), whether or not mixed with water. These include: longer fit for use as primary products (for example, used lubricating oils, used hydraulic oils and used the storage tanks of petroleum oils, mainly containing such oils and a highConcentration of additives (for used in the manufacture of the primary Products; and form of emulsions in water or mixtures with water, such as those resulting fromoil spills, storage tank the use of cutting oils for machining operations. subheading 2701.11, “anthracite means coal having a volatile matter limit (on a dry, mineral-matter-free 14%. subheading 2701.12, “bituminous coal” means coal having a volatile matter limit on a dry, mineral- exceeding and a calorific value limit ( on a moist,mineral-matter-free basis) equal to or greater than of subheadings 2707.10, 2707.20, 2707.30 and 2707.40 the terms “ benzol (benzene)”, “toluol (xylenes)” and “naphthalene” apply to products which contain more than by weight of benzene, or naphthalene, respectively. of subheading 2710.12, “light oils and preparations” are those of which or more by volume distil at 210°C according to the ISO 3405 method (equivalent to the ASTM D 86 method). subheadings of heading 27.10, the term “biodiesel” means mono-alkyl esters of fatty acids of a kind used animal or vegetable fats and oils whether or not used. Item Description (4) Standard Unit of Quantity (5) Duty Rate (6) Coal; briquettes, ovoids and similarsolid fuels manufactured from coal. Coal, whether or not pulverised, but not agglomerated:",kg,Free 60% 14% 50% 90%,
2701.1100,Anthracite,kg,5%,
2701.1200,Bituminous coal,kg,5%,
2701.1900,Other coal,kg,5%,
2701.2000,"Briquettes, ovoids and similar solid fuelsmanufactured from coal Lignite, whether or not agglomerated,excluding jet.",kg,5%,
2702.1000,"Lignite, whether or not pulverised, but notagglomerated 64 Item Description (4) Standard Unit of Quantity (5) Duty Rate (6)",kg,5%,
2702.2000,Agglomerated lignite,kg,5%,
2703.0000,"Peat (including peat litter), whether ornot agglomerated.",kg,Free,
2704.0000,"Coke and semi-coke of coal, of lignite or of peat, whether of not agglomerated; retortcarbon.",kg,Free,
2705.0000,"Coal gas, water gas, producer gas andsimilar gases, other than petroleum gasesand other gaseous hydrocarbons.",kg,5%,
2706.0000,"Tar distilled from coal, from lignite or from peat, and other mineral tars, whether ornot dehydrated or partially distilled,including reconstituted tars. Oils and other products of the distillation ofhigh temperature coal tar; similar products inwhich the weight of the aromatic constituentsexceeds that of the non-aromatic constituents.",kg,5%,
2707.1000,Benzol (benzene),kg,Free,
2707.2000,Toluol (toluene),kg,Free,
2707.3000,Xylol (xylenes),kg,Free,
2707.4000,Naphthalene,kg,Free,
2707.5000,-Other aromatic hydrocarbon mixtures of which or more by volume (including losses) distils at 250 °c by the ISO 3405 method(equivalent to the ASTM D 86 method) Other:,kg,65% Free,
2707.9100,Creosote oils,kg,Free,
2707.9900,"Other Pitch and pitch coke, obtained from coal tar orfrom other mineral tars.",kg,Free,
2708.1000,Pitch,kg,5%,
2708.2000,Pitch coke,kg,5%,
2709.0000,"Petroleum oils and oils obtained from bituminous minerals, crude. Petroleum oils and oils obtained frombituminous minerals, other than crude; preparations not elsewhere specified orincluded, containing by weight or more of petroleum oils or of oils obtained from bituminous minerals, these oils being the basic constituents of the preparations; waste oils. -Petroleum oils and oils obtained from bituminous minerals (other than crude) and preparations not elsewhere specified or included,containing by weight 70 % or more of petroleum oils or of oils obtained from bituminous minerals, these oils being the basic constituents of the preparations, other than those containing biodiesel and other than waste oils:",kg,Free 70%,
2710.1200,--Light oils and preparations --Other:,kg,Free,
2710.1910,Benzene regular or super,kg,Free,40 birr per
2710.1920,Petrol regular or super,kg,Free,40 birr per
2710.1930,Kerosene,kg,Free,
2710.1940,"White oils, liquid paraffin, and their preparations",kg,15%,
2710.1950,Jet fuel,kg,Free,40 birr per
2710.1960,"Lubricating, mould release, and transformer oils",kg,Free,
2710.1990,"Other -Petroleum oils and oils obtained from bituminous minerals (other than crude) and preparations not elsewhere specified or included, containing by weight or more of petroleum oils or of oils obtained from bituminous minerals, these oils being the basic constituents of the preparations, containing biodiesel, other than waste oils”. 65 Item Description (4) Standard Unit of Quantity (5) Duty Rate (6)",kg,Free 70%,
2710.2010,Benzene regular or super,kg,Free,40 birr per
2710.2020,Petrol regular or super,kg,Free,40 birr per
2710.2030,Kerosene,kg,Free,
2710.2040,"White oils, liquid paraffin and their preparations",kg,5%,
2710.2050,Jet fuel,kg,Free,40 birr per
2710.2060,"Lubricating, mould release, batching and transformer oils",kg,Free,
2710.2090,Other Waste oils:,kg,Free,
2710.9100,"Containing polychlorinated biphenyls (PCBs),polychlorinated terphenyls (PCTs) or polybrominated biphenyls (PBBs)",kg,15%,
2710.9900,Other Petroleum gases and other gaseous hydrocarbons. Liquefied:,kg,15%,
2711.1100,Natural gas,kg,Free,
2711.1200,Propane,kg,Free,
2711.1300,Butanes,kg,Free,
2711.1400,"Ethylene, propylene, butylene and butadiene Other",kg,Free,
2711.1910,Liquified petroleum gas (LPG) or compound of Propane & Butane,kg,Free,
2711.1990,---Other In gaseous state:,kg,Free,
2711.2100,Natural gas,kg,Free,
2711.2900,"Other Petroleum jelly; paraffin wax,microcrystalline petroleum wax, slackwax, ozokerite, lignite wax, peat wax,other mineral waxes, and similarproducts obtained by synthesis or byother processes, whether or notcoloured.",kg,Free,
2712.1000,Petroleum jelly,kg,15%,
2712.2000,Paraffin wax containing by weight less than 0.75% of oil,kg,5%,
2712.9000,"Other Petroleum coke, petroleum bitumen and other residues of petroleum oils or of oils obtained from bituminous minerals. Petroleum coke:",kg,15%,
2713.1100,Not calcined,kg,5%,
2713.1200,Calcined,kg,5%,
2713.2000,Petroleum bitumen,kg,5%,
2713.9000,"Other residues of petroleum oils or of oils obtained from bituminous minerals Bitumen and asphalt, natural;bituminous or oil shale and tar sands;asphaltites and asphaltic rocks.",kg,5%,
2714.1000,Bituminous or oil shale and tar sands,kg,5%,
2714.9000,Other,kg,5%,
2715.0000,"Bituminous mixture based on natural asphalt, on natural bitumen, on petroleum bitumen, on mineral tar or on mineral tar pitch (for example, bituminous mastics, cut-backs).",kg,5%,
2716.0000,"Electrical energy. 68 Item Description (4) Standard Unit of Quantity (5) Duty Rate (6) I. CHEMICAL ELEMENTS Flourine, chlorine, bromine and iodine.",1000 kwh,Free 15%,
2801.1000,Chlorine,kg,5%,
2801.2000,Iodine,kg,5%,
2801.3000,Fluorine; bromine,kg,5%,
2802.0000,"Sulphur, sublimed or precipitated; colloidal sulphur.",kg,5%,
2803.0000,"Carbon (carbon blacks and other forms ofcarbon not elsewhere specified or included). Hydrogen, rare gases and other non-metals.",kg,5%,
2804.1000,Hydrogen ( * ) Rare gases:,m3,5%,
2804.2100,Argon ( * ),m3,5%,
2804.2900,Other ( * ),m3,5%,
2804.3000,Nitrogen ( * ),m3,5%,
2804.4000,Oxygen ( * ),m3,5%,
2804.5000,Boron; tellurium Silicon:,m3,(*) 5%,
2804.6100,Containing by weight not less than99.99% of silicon,kg,5%,
2804.6900,Other,kg,5%,
2804.7000,Phosphorus,kg,5%,
2804.8000,Arsenic,kg,5%,
2804.9000,"Selenium Alkali or alkaline-earth metals; rare-earth metals,scandium and yttrium, whether or not intermixed or interalloyed; mercury. Alkali or alkaline-earth metals :",kg,5%,
2805.1100,--Sodium,kg,5%,
2805.1200,--Calcium,kg,5%,
2805.1900,--Other,kg,5%,
2805.3000,"Rare-earth metals, scandium and yttrium, whether or not intermixed or interalloyed",kg,5%,
2805.4000,Mercury II. INORGANIC ACIDS AND INORGANICOXYGEN COMPOUNDS OF NON-METALS Hydrogen chloride (hydrochloric acid);chlorosulphuric acid.,kg,5%,
2806.1000,Hydrogen chloride (hydrochloric acid),kg,5%,
2806.2000,Chlorosulphuric acid,kg,5%,
2807.0000,Sulphuric acid; oleum.,kg,15%,
2808.0000,"Nitric acid; sulphonitric acids. Diphosphrouspentaoxide; phosphoric acid; polyphosphoric acids, whether or not chemically defined.",kg,5%,
2809.1000,Diphosphoruspentaoxide,kg,5%,
2809.2000,Phosphoric acid and polyphosphoric acids,kg,5%,
2810.0000,Oxides of boron; boric acids. Other inorganic acids and other inorganicoxygencompounds of non-metals. Other inorganic acids:,kg,Free,
2811.1100,Hydrogen fluoride (hydrofluoric acid),kg,5%,
2811.1200,Hydrogen cyanide (hydrocyanic acid) 69 Item Description (4) Standard Unit of Quantity (5) Duty Rate (6),kg,5%,
2811.1900,Other Other inorganic oxygen compounds of non-metals:,kg,5%,
2811.2100,Carbon dioxide,kg,5%,
2811.2200,Silicon dioxide,kg,5%,
2811.2900,Other III. HALOGEN OR SULPHUR COMPOUNDS OF NON-METALS Halides and halide oxides of non-metals. Chlorides and chloride oxides:,kg,5%,
2812.1100,Carbonyl dichloride (phosgene),kg,5%,
2812.1200,Phosphorus oxychloride,kg,5%,
2812.1300,Phosphorus trichloride,kg,5%,
2812.1400,Phosphorus pentachloride,kg,5%,
2812.1500,Sulphurmonochloride,kg,5%,
2812.1600,Sulphur dichloride,kg,5%,
2812.1700,Thionyl chloride,kg,5%,
2812.1900,--Other,kg,5%,
2812.9000,Other Sulphides of non-metals; commercialphosphorus trisulphide.,kg,5%,
2813.1000,Carbon disulphide,kg,5%,
2813.9000,"Other IV. INORGANIC BASES AND OXIDES, HYDROXIDES ANDPEROXIDES OFMETALS Ammonia, anhydrous or in aqueous solution.",kg,5%,
2814.1000,Anhydrous ammonia,kg,5%,
2814.2000,Ammonia in aqueous solution Sodium hydroxide (caustic soda); Potassium hydroxide (caustic potash); Peroxides of sodium or potassium. Sodium hydroxide (caustic soda):,kg,5%,
2815.1100,Solid,kg,Free,
2815.1200,In aqueous solution (soda lye or liquid soda),kg,5%,
2815.2000,Potassium hydroxide (caustic potash),kg,5%,
2815.3000,"Peroxides of sodium or potassium Hydroxide and peroxide of magnesium;oxides, hydroxides and peroxides, of strontium or barium.",kg,5%,
2816.1000,Hydroxide and peroxide of magnesium,kg,5%,
2816.4000,"Oxides, hydroxides and peroxides of strontium or barium Zinc oxide, zinc peroxide.",kg,5%,
2817.0010,Zinc oxide,kg,Free,
2817.0020,"Zinc peroxide Artificial corundum, whether or notchemically defined; aluminium oxide;aluminium hydroxide.",kg,5%,
2818.1000,"Artificial corundum, whether or not chemically defined",kg,5%,
2818.2000,"Aluminium oxide, other than artificial Corundum",kg,5%,
2818.3000,Aluminium hydroxide Chromium oxides and hydroxides.,kg,5%,
2819.1000,Chromium trioxide,kg,5%,
2819.9000,Other Manganese oxides. 70 Item Description (4) Standard Unit of Quantity (5) Duty Rate (6),kg,5%,
2820.1000,Manganese dioxide,kg,5%,
2820.9000,Other Iron oxides and hydroxides; earth colourscontaining or more by weight ofcombined iron evaluated as Fe203.,kg,5% 70%,
2821.1000,Iron oxides and hydroxides,kg,5%,
2821.2000,Earth colours,kg,5%,
2822.0000,Cobalt oxides and hydroxides; commercial cobalt oxides.,kg,5%,
2823.0000,Titanium oxides. Lead oxides; red lead and orange lead.,kg,Free,
2824.1000,"Lead monoxide (litharge, massicot)",kg,5%,
2824.9000,"Other Hydrazine and hydroxylamine and theirinorganic salts; other inorganic bases; othermetal oxides, hydroxides and peroxides.",kg,5%,
2825.1000,Hadrazine and hydroxylamine and their inorganic salts,kg,5%,
2825.2000,Lithium oxide and hydroxide,kg,5%,
2825.3000,Vandaium oxides and hydroxides,kg,5%,
2825.4000,Nickel oxides and hydroxides,kg,5%,
2825.5000,Copper oxides and hydroxides,kg,5%,
2825.6000,Germanium oxides and zirconium dioxide,kg,5%,
2825.7000,Molybdenum oxides and hydroxides,kg,5%,
2825.8000,Antimony oxides,kg,5%,
2825.9000,"Other V. SALTS AND PEROXYSALTS, OF INORGANIC ACIDS AND METALS Fluorides; fluorosilicates, fluoroalluminates and other complex fluorine salts. Fluorides:",kg,5%,
2826.1200,Of aluminium,kg,5%,
2826.1900,Other,kg,5%,
2826.3000,Sodium hexafluoroaluminate (synthetic cryolite),kg,5%,
2826.9000,"Other Chlorides, chloride oxides and chloride hydroxides; bromides and bromide oxides; iodides and iodide oxides.",kg,5%,
2827.1000,Ammonium chloride,kg,5%,
2827.2000,Calcium chloride Other Chlorides:,kg,5%,
2827.3100,Of magnesium,kg,5%,
2827.3200,Of aluminum,kg,5%,
2827.3500,Of nickel,kg,5%,
2827.3900,Other 5 % Chloride oxides and chloride hydroxides:,kg,5%,
2827.4100,Of copper,kg,5%,
2827.4900,Other Bromides and bromide oxides:,kg,5%,
2827.5100,Bromides of sodium or of potassium,kg,5%,
2827.5900,Other,kg,5%,
2827.6000,Iodides and iodide oxides Hypochlorites; commercial calciumhypochlorite; chlorites; hypobromites.,kg,5%,
2828.1000,Commercial calcium hypochlorite and other calcium hypochlorites 71 Item Description (4) Standard Unit of Quantity (5) Duty Rate (6),kg,5%,
2828.9000,Other Chlorates and perchlorates; bromatesandperbromates; iodates and periodates. Chlorates:,kg,5%,
2829.1100,Of sodium --Other:,kg,5%,
2829.1910,Potassium iodate,kg,Free,
2829.1990,Other,kg,5%,
2829.9000,"Other Sulphides; polysulphides, whether or notchemically defined.",kg,5%,
2830.1000,Sodium sulphides,kg,5%,
2830.9000,Other Dithionites and stulphoxylates.,kg,5%,
2831.1000,Of sodium,kg,5%,
2831.9000,Other Sulphites; thiosulphates.,kg,5%,
2832.1000,Sodium sulphites,kg,5%,
2832.2000,Other sulphates,kg,5%,
2832.3000,Thiosulphates Sulphates; alums; peroxosulphates(persulphates). Sodium sulphates:,kg,5%,
2833.1100,Disodium sulphate,kg,5%,
2833.1900,Other Other sulphates:,kg,5%,
2833.2100,Of magnesium,kg,5%,
2833.2200,Of aluminium,kg,15%,
2833.2400,Of nickel,kg,5%,
2833.2500,Of copper,kg,5%,
2833.2700,Of barium,kg,5%,
2833.2900,Other,kg,5%,
2833.3000,Alums,kg,5%,
2833.4000,Peroxosulphates (persulphates) Nitrites; nitrates.,kg,5%,
2834.1000,Nitrites Nitrates:,kg,5%,
2834.2100,Of potassium,kg,Free,
2834.2900,"Other Phosphinates(hypophosphites), phosphonates (phosphites) and phosphates; polyphosphates, whether or not chemically defined.",kg,5%,
2835.1000,Phosphinates (hypophosphites) and phosphonates (phosphites) Phosphates:,kg,5%,
2835.2200,Of mono-or disodium,kg,5%,
2835.2400,Of potassium,kg,5%,
2835.2500,Calcium hydrogenorthophosphate (“dicalcium phosphate ”),kg,5%,
2835.2600,Other phosphates of calcium,kg,5%,
2835.2900,Other Polyphosphates:,kg,5%,
2835.3100,Sodium triphosphate (sodium tripolyphosphate) 72 Item Description (4) Standard Unit of Quantity (5) Duty Rate (6),kg,5%,
2835.3900,Other Carbonates; peroxocarbonates (ercarbonates); commercial ammonium carbonate containing ammonium carbonate.,kg,5%,
2836.2000,Disodium carbonate,kg,5%,
2836.3000,Sodium hydrogencarbonate (sodium bicarbonate),kg,5%,
2836.4000,Potassium carbonates,kg,5%,
2836.5000,Calcium carbonate,kg,5%,
2836.6000,Barium carbonate Other:,kg,5%,
2836.9100,Lithium carbonates,kg,5%,
2836.9200,Strontium carbonate,kg,5%,
2836.9900,"Other Cyanides, cyanide oxides and complex cyanides. Cyanides and cyanide oxides:",kg,5%,
2837.1100,Of sodium,kg,5%,
2837.1900,Other,kg,5%,
2837.2000,Complex cyanides Sillicates; commercial alkali metal silicates. Of sodium:,kg,5%,
2839.1100,Sodium metasilicates,kg,15%,
2839.1900,Other,kg,15%,
2839.9000,Other Borates; peroxoborates (perborates). Disodium tetraborate (refined borax):,kg,5%,
2840.1100,Anhydrous,kg,5%,
2840.1900,Other,kg,5%,
2940.2000,Other borates,kg,5%,
2840.3000,Peroxoborates (perborates) Salts of oxometallic or peroxometalic acids.,kg,5%,
2841.3000,Sodium dichromate,kg,5%,
2841.5000,"Other chromates and dichromates; peroxochromates Manganites, manganates and permanganates:",kg,5%,
2841.6100,Potassium permanganate,kg,5%,
2841.6900,Other,kg,5%,
2841.7000,Molybdates,kg,5%,
2841.8000,Tungstates (wolframates),kg,Free,
2841.9000,"Other Other salts of inorganic acids or peroxoacids (including aluminosilicates whether or notchemically defined), other than azides.",kg,5%,
2842.1000,"Double or complex silicates, including aluminosilicates whether or not chemically defined",kg,15%,
2842.9000,"Other VI. MISCELLANEOUS Colloidal precious metals; inorganic or organic compounds of precious metals, whether or not chemically defined; amalgams of precious metals.",kg,5%,
2843.1000,Colloidal precious metals Silver compounds:,kg,5%,
2843.2100,Silver nitrate,kg,5%,
2843.2900,Other,kg,5%,
2843.3000,Gold compounds,kg,5%,
2843.9000,Other compounds; amalgams Radioactive chemical elements and radioactive isotopes(including the fissile 73 Item Description (4) Standard Unit of Quantity (5) Duty Rate (6) or fertile chemical elements and isotopes) and their compounds; mixtures and residues containing theseproducts.,kg,5%,
2844.1000,"Natural uranium and its compounds; alloys, dispersions (including cermets), ceramic products and mixtures containing natural uranium or natural uranium compounds",kg,5%,
2844.2000,"Uranium enriched in U235 and its compounds; plutonium and its compounds; alloys, dispersions (includingcermets), ceramic products and mixtures containing uranium enriched in U235, plutonium or compounds of these products",kg,5%,
2844.3000,"Uranium depleted in U235 and its compounds; thorium and its compounds; alloys, dispersions (including cermets), ceramic products and mixtures containing uranium depleted in U235, thorium or compounds of these products",kg,5%,
2844.4000,"Radioactive elements and isotopes and compounds other than those of subheading 2844.10, 2844.20 or 2844.30; alloys, dispersions (including cermets), ceramic products and mixtures containing these elements, isotopes or compounds; radioactive residues",kg,5%,
2844.5000,"Spent (irradiated) fuel elements (cartridges) of nuclear reactors Isotopes other than those of heading 28.44; compounds, inorganic or rganic, of suchisotopes, whether or not chemically defined.",kg,5%,
2845.1000,Heavy water (deuterium oxide),kg,5%,
2845.9000,"Other Compounds, inorganic or organic, of rare-earth metals, of yttrium or of scandium or of mixtures of these metals.",kg,5%,
2846.1000,Cerium compounds,kg,5%,
2846.9000,Other,kg,5%,
2847.0000,"Hydrogen peroxide, whether or not solidified with urea. Carbides, whether or not chemically defined.",kg,5%,
2849.1000,Of calcium,kg,5%,
2849.2000,Of silicon,kg,5%,
2849.9000,Other,kg,5%,
2850.0000,"Hydrides, nitrides, azides, silicides and borides, whether or not chemically defined, other than compounds which are also carbides of heading 28.49. Inorganic or organic compounds of mercury, whether or not chemically defined, excluding amalgams.",kg,5%,
2852.1000,Chemically defined,kg,5%,
2852.9000,"Other Phosphides, whether or not chemically defined, excluding ferrophosphorus; other inorganic compounds (including distilled or conductivity water and water of similar purity); liquid air (whether or not rare gases have been removed); compressed air; amalgams, other than amalgams of precious metals.",kg,5%,
2853.1000,Cyanogen chloride (chlorcyan),kg,5%,
2853.9000,"Other 76 Description (4) Standard Unit of Quantity (5) Duty Rate (6) I.-HYDROCARBONS AND THEIRHALOGENATED, SULPHONATED,NITRATED OR NITROSATEDDERIVATIVES Acyclic hydrocarbons.",kg,5%,
2901.1000,Saturated Unsaturated:,kg,5%,
2901.2100,Ethylene,kg,5%,
2901.2200,Propene (propylene),kg,5%,
2901.2300,Butene (butylene) and isomers thereof,kg,5%,
2901.2400,"Buta-1, 3- diene and isoprene",kg,5%,
2901.2900,"Other Cyclic hydrocarbons. Cyclanes, cyclenes and cycloterpenes:",kg,5%,
2902.1100,Cyclohexane,kg,5%,
2902.1900,Other,kg,5%,
2902.2000,Benzene,kg,5%,
2902.3000,Toluene Xylenes:,kg,5%,
2902.4100,o- Xylene,kg,5%,
2902.4200,m- Xylene,kg,5%,
2902.4300,p-Xylene,kg,5%,
2902.4400,Mixed xylene isomers,kg,Free,
2902.5000,Styrene,kg,5%,
2902.6000,Ethylbenzene,kg,5%,
2902.7000,Cumene,kg,5%,
2902.9000,Other Halogenated derivatives of hydrocarbons. Saturated chlorinated derivatives of acyclic hydrocarbons:,kg,5%,
2903.1100,Chloromethane (methyl chloride) and chloroethane (ethyl chloride),kg,5%,
2903.1200,Dichloromethane (methylene chloride),kg,5%,
2903.1300,Chloroform (trichloromethane),kg,5%,
2903.1400,Carbon tetrachloride,kg,5%,
2903.1500,"Ethylene dichloride (ISO) (1, 2-dichloroethane) Other:",kg,5%,
2903.1910,"1,1,1- Trichloroethane (methyl chloroform)",kg,5%,
2903.1990,Other Unsaturated chlorinated derivatives of acyclic hydrocarbons:,kg,5%,
2903.2100,Vinyl chloride (chloroethylene),kg,5%,
2903.2200,Trichloroethylene,kg,5%,
2903.2300,Tetracholoroethylene (perchloroethylene),kg,5%,
2903.2900,"Other Fluorinated, brominated or iodinated derivatives of acyclic hydrocarbons: Ethylene dibromide (ISO) (1, 2-dibromoethane):",kg,5%,
2903.3110,"1,1,2-tetraflouroethane (HFC 134a)",kg,5%,
2903.3120,Bromomethane (methyl bromide),kg,5%,
2903.3130,"1,1,3,3,3, Pentafluoro -2 (trifluoromethyl)-prop 1 ene",kg,5%,
2903.3190,Other,kg,5%,
2903.3900,Other 77 Description (4) Standard Unit of Quantity (5) Duty Rate (6) Halogenated derivatives of acyclic hydrocarbons containing two or more different halogens:,kg,5%,
2903.7100,Chlorodifloromethane,kg,5%,
2903.7200,Dichlorotrifluorethanes,kg,5%,
2903.7300,Dichlorofluoroethanes,kg,5%,
2903.7400,Chlorodifluoroethanes,kg,5%,
2903.7500,"Dichloropentafluoropropanes Bromochlorodifluoromethane,bromotrifluoromethaneanddibromotetrafluor oethanes",kg,5%,
2903.7610,Bromochlorodifluoromethane(Halon1211),kg,5%,
2903.7620,Bromotrifluoromethane (Halon1301),kg,5%,
2903.7630,Dibromotetrafluoroethane (Halon 2402),kg,5%,
2903.7690,Other Other derivatives perhalogenated only with fluorine and chlorine,kg,5%,
2903.7710,Chlorodifluoroethane (HCFC 22),kg,5%,
2903.7720,"2,2-Dichloro-1,1,1-trifluorothane (HCFC123)",kg,5%,
2903.7730,"Chlorotrifluoromethane, pentachlorofluoroethane, tetrachlorodifluoroethane, heptachlorofluoropropanes, hexachlorodifluoropropanes,pentachlorotrifluoropropanes,tetrachlorotetrafl uoropropanes,trichloropentafluoropropanes, dichlorohexafluoropropanesandchloroheptafluoropropanes",kg,5%,
2903.7790,Other,kg,5%,
2903.7800,Other perhalogenated derivatives --Other,kg,5%,
2903.7910,Dichlorotetrafluoroethane (CFC-114),kg,5%,
2903.7920,Chloropentafluoroethane (CFC-115),kg,5%,
2903.7990,"Other Halogenated derivatives of cyclanic, Cyclenicorcycloterpenichydrocarbons:",kg,5%,
2903.8100,"--1,2,3,4,5,6 Hexachlorocyclohexane (HCH(ISO)), including lindane (ISO, INN)",kg,5%,
2903.8200,"Aldrin (ISO), Chlordane (ISO) and heptachloro (ISO)",kg,5%,
2903.8300,Mirex(ISO),kg,5%,
2903.8900,--Other -Haloginated derivatives of aromatic hydrocarbons :,kg,5%,
2903.9100,"--Chlorobenzene, O-dichlorobenzene and p-dichlorobenzine",kg,5%,
2903.9200,"--Hexachlorobenzene (ISO) and DDT (ISO) (clofenotane (INN), 1,1,1- trichlor-2-2-bis (p-clorophenyl) ethane))",kg,5%,
2903.9300,--Pentachlorobenzene (ISO),kg,5%,
2903.9400,Hexabromobiphenyls,kg,5%,
2903.9900,"--Other Sulphonated, nitrated or nitrosated derivatives of hydrocarbons, whether or not halogenated.",kg,5%,
2904.1000,"Derivatives containing only sulpho groups, their salts and ethyl esters",kg,Free,
2904.2000,"Derivatives containing only nitro or only nitroso groups -Perfluorooctanesulphonic acid, its salts andPerfluorooctanesulphonyl fluoride:",kg,5%,
2904.3100,--Perfluorooctanesulphonic acid,kg,5%,
2904.3200,--Ammonium perfluorooctanesulphonate 78 Description (4) Standard Unit of Quantity (5) Duty Rate (6),kg,5%,
2904.3300,--Lithium perfluorooctanesulphonate,kg,5%,
2904.3400,--Potassium perfluorooctanesulphonate,kg,5%,
2904.3500,--Other salts of Perfluorooctanesulphonic acid,kg,5%,
2904.3600,--Perfluorooctanesulphonyl fluoride Other:,kg,5%,
2904.9100,--Trichloronitromethane (chloropicrin),kg,5%,
2904.9900,"Other II. ALCOHOLS AND THEIR HALOGENATED, SULPHONATED, NITRATED OR NITROSATED DERIVATIVES Acyclic alcohols and their halogenated, sulphonated, nitrated or nitrosated derivatives. Saturated monohydric alcohols:",kg,5%,
2905.1100,Methanol (methyl alcohol),kg,5%,
2905.1200,Propan-1-ol (prophyl alcohol) and propan-2-ol(isopropyl alcohol),kg,5%,
2905.1300,Butan-1-ol (n-butyl alcohol),kg,5%,
2905.1400,Other butanols,kg,5%,
2905.1600,Octanol (octyl alcohol) and isomers thereof,kg,5%,
2905.1700,"Dodecan-1-ol (lauryl alcohol), hexadecan-1-ol (cetyl alcohol) and octadecan-1-ol (stearylalcohol) --Other:",kg,5%,
2905.1910,"3,3- Dimethylbutan-2-ol (pinacolyl alcohol)",kg,5%,
2905.1990,Other Unsaturated monohydric alcohols:,kg,5%,
2905.2200,Acyclic terpene alcohols,kg,5%,
2905.2900,--Other Diols:,kg,5%,
2905.3100,--Ethylene glycol (ethanediol),kg,5%,
2905.3200,"--Propylene glycol (propane-1, 2-diol)",kg,5%,
2905.3900,Other Other polyhydric alcohols:,kg,5%,
2905.4100,"--2-Ethyl-2-(hydroxymethyl) propane-1, 3-diol (trimethylolpropane)",kg,5%,
2905.4200,--Pentaerythritol,kg,Free,
2905.4300,--Mannitol,kg,5%,
2905.4400,D-glucitol (sorbitol ),kg,5%,
2905.4500,--Glycerol,kg,Free,
2905.4900,"--Other Halogenated, sulphonated, nitrated or nitrosated derivatives of acyclic alcohols:",kg,5%,
2905.5100,--Ethchlorvynol (INN),kg,5%,
2905.5900,"--Other Cyclic alcohols and their halogenated, sulphonated, nitrated or nitrosated derivatives. Cyclanic, cyclenic or cycloterpenic:",kg,5%,
2906.1100,Menthol,kg,5%,
2906.1200,"Cyclohexanol, methylcyclohexanolsanddimethylcyclohexanols",kg,5%,
2906.1300,Sterols and inositols,kg,5%,
2906.1900,Other 79 Description (4) Standard Unit of Quantity (5) Duty Rate (6) Aromatic:,kg,5%,
2906.2100,Benzyl alcohol,kg,5%,
2906.2900,"Other III. PHENOLS, PHENOL-ALCOHOLS, AND THEIR HALOGENATED, SULPHONATED, NITRATED OR NITROSATED DERIVATIVES Phenols; phenol-alcohols. Monophenols:",kg,5%,
2907.1100,Phenol (hydroxybenzene) and its salts,kg,5%,
2907.1200,Cresols and their salts,kg,5%,
2907.1300,"Octylphenol, nonylphenol and their isomers; salts thereof",kg,Free,
2907.1500,Naphthols and their salts,kg,5%,
2907.1900,Other Polyphenols; phenol- alcohols:,kg,5%,
2907.2100,Resorcinol and its salts,kg,5%,
2907.2200,Hydroquinone (quinol) and its salts,kg,5%,
2907.2300,"4,4’-Isopropylidenediphenol (bisphenol A,diphenylolpropane) and its salts",kg,5%,
2907.2900,"Other Halogenated, sulphonated, nitrated or nitrosated derivatives of phenols or phenol-alcohols. Derivatives containing only halogensubstituents and their salts:",kg,5%,
2908.1100,Pentachlorophenol (ISO),kg,5%,
2908.1900,Other Other :,kg,5%,
2908.9100,Dinoseb (ISO) and its salts,kg,5%,
2908.9200,"--4,6-Dinitro-o-cresol (DNOC (ISO)) and its salts",kg,5%,
2908.9900,"Other IV. ETHERS, ALCOHOL PEROXIDES, ETHER PEROXIDES, KETONE PEROXIDES, EPOXIDES WITH A THREE MEMBERED RING, ACETALS AND HEMIACETALS, AND THEIR HALOGENATED, SULPHONATED, NITRATED OR NITROSATED DERIVATIVES Ethers, ether-alcohols, ether-phenols, ether-alcohol-phenol, alcohol peroxides, ether peroxides, ketone peroxides (whether or not chemically defined), and their halogenated, sulphonated,nitrated or nitrosated derivatives. Acyclic ethers and their halogenated, sulphonated, nitrated or nitrosated derivatives",kg,5%,
2909.1100,Diethyl ether,kg,5%,
2909.1900,Other,kg,5%,
2909.2000,"Cyclanic, cyclenic or cycloterpenic ethers and theirhalogenated, sulphonated, nitrated or nitrosated derivatives",kg,5%,
2909.3000,"Aromatic ethers and their halogenated, sulphonated, nitrated or nitrosated derivatives Ether-alcohols and their halogenated, sulphonated, nitrated or nitrosated derivatives:",kg,5%,
2909.4100,"2,2’-Oxydiethanol (diethylene glycol, digol)",kg,5%,
2909.4300,Monobutyl ethers of ethylene glycol or of diethylene glycol,kg,5%,
2909.4400,Other monoalkylethers of ethylene glycol or of diethylene glycol 80 Description (4) Standard Unit of Quantity (5) Duty Rate (6),kg,5%,
2909.4900,Other,kg,5%,
2909.5000,"Ether-phenols, ether-alcohol-phenols and their halogenated, sulphonated, nitrated or nitrosated derivatives",kg,5%,
2909.6000,"Alcohol peroxides, ether peroxides, ketone peroxides and their halogenated, sulphonated, nitrated or nitrosated derivatives Epoxides, epoxyalcohols, epoxyphenols and epoxyethers, with a three- membered ring, and their halogenated, sulphonated, nitrated or nitrosated derivatives.",kg,5%,
2910.1000,Oxirane (ethylene oxide),kg,5%,
2910.2000,Methyloxirane (propylene oxide),kg,5%,
2910.3000,"1-Chloro-2,3-epoxypropane (epichlorohydrin)",kg,5%,
2910.4000,"Dieldrin (ISO, INN)",kg,5%,
2910.5000,-Endrin (ISO),kg,5%,
2910.9000,Other,kg,5%,
2911.0000,"Acetals and hemiacetals, whether or not with other oxygen function, and their halogenated, sulphonated, nitrated or nitrosated derivatives. V. ALDEHYDE-FUNCTION COMPOUNDS Aldehydes, whether or not with other oxygen function; cyclic polymers of aldehydes; paraformaldehyde Acyclic aldehydes without other oxygen function:",kg,5%,
2912.1100,Methanal (formaldehyde),kg,Free,
2912.1200,Ethanal (acetaldehyde),kg,5%,
2912.1900,Other Cyclic aldehydes without other oxygen function:,kg,5%,
2912.2100,Benzaldehyde,kg,5%,
2912.2900,"Other Aldehyde-alcohols, aldehyde-ethers, aldehyde-phenols and aldehydes with other oxygen function:",kg,5%,
2912.4100,Vanillin (4-hydroxy-3methoxy- benzaldehyde),kg,5%,
2912.4200,Ethylvanillin (3-ethoxy-4-hydroxybenzadehyde),kg,5%,
2912.4900,Other,kg,5%,
2912.5000,Cyclic polymers of aldehydes,kg,5%,
2912.6000,Paraformaledehyde,kg,5%,
2913.0000,"Halogenated, sulphonated, nitrated or nitrosated derivatives of products of heading 29.12. VI. KETONE-FUNCTION COMPOUNDS AND QUINONE-FUNCTION COMPOUNDS Ketones and quinones, whether or not with other oxygen function, and their halogenated, sulphonated, nitrated or nitrosated derivatives. Acyclic ketones without other oxygen function:",kg,5%,
2914.1100,Acetone,kg,5%,
2914.1200,Butanone (methyl ethyl ketone),kg,5%,
2914.1300,4-methylpentan-2-one (methylisobutyl ketone),kg,5%,
2914.1900,"Other Cyclanic, cyclenic or cycloterpenic ketones without other oxygen function:",kg,5%,
2914.2200,Cyclohexanone and methylcyclohexanones,kg,5%,
2914.2300,Ionones and methylionones,kg,5%,
2914.2900,Other Aromatic ketones with out other oxygen function: 81 Description (4) Standard Unit of Quantity (5) Duty Rate (6),kg,5%,
2914.3100,Phenylacetone (phenylpropan 2- one),kg,5%,
2914.3900,Other,kg,5%,
2914.4000,Ketone-alcohols and ketone-aldehydes,kg,5%,
2914.5000,Ketone-phenols and ketones with other oxygen function Quinones:,kg,5%,
2914.6100,Anthraquinone,kg,5%,
2914.6200,Coenzyme Q10 (ubidecarenone (INN)),kg,5%,
2914.6900,"Other --Halogenated, sulphonated, nitrated or nitrosated derivatives:",kg,5%,
2914.7100,--Chlordecone (ISO),kg,5%,
2914.7900,"--Other VII. CARBOXYLIC ACIDS AND THEIR ANHYDRIDES, HALIDES, PEROXIDES AND PEROXYACIDS AND THEIR HALOGENATED, SHULPHONATED,OR NITROSATEDDERIVATIVES Saturated acyclic monocarboxylic acids andtheir anhydrides, halides,peroxidesandperoxyacids; their halogenated, sulphonated,nitrated or nitrosated derivatives. Formic acid, its salts and esters:",kg,5%,
2915.1100,Formic acid,kg,Free,
2915.1200,Salts of formic acid,kg,Free,
2915.1300,Esters of formic acid Acetic acid and its salts; acetic anhydride:,kg,Free,
2915.2100,Acetic acid,kg,Free,
2915.2400,Acetic anhydride,kg,Free,
2915.2900,Other Esters of acetic acid:,kg,Free,
2915.3100,Ethyl acetate,kg,Free,
2915.3200,Vinyl acetate,kg,Free,
2915.3300,n-Butyl acetate,kg,Free,
2915.3600,Dinoseb (ISO) acetate,kg,Free,
2915.3900,Other,kg,Free,
2915.4000,"Mono-, di-or trichloroacetic acids, theirsalts and esters",kg,Free,
2915.5000,"Propionic acid, its salts and esters",kg,Free,
2915.6000,"Butanoic acids, pentanoic acids, their salts and esters Palmitic acid, stearic acid, their salts and esters፡",kg,Free,
2915.7010,Palmitic salts,kg,15%,
2915.7020,Stearic acid,kg,Free,
2915.7090,Other,kg,Free,
2915.9000,"Other Unsaturated acyclic monocarbonxylic acids, cyclicmonocarboxylic acids, their anhydrides, halides,peroxides and peroxyacids; their halogenated,sulphonated, nitrated or nitrosated derivatives: Unsaturated acylic monocarboxylic acids, their anhydrides, halides, peroxides, peroxyacids and their derivatives :",kg,Free,
2916.1100,Acrylic acid and its salts,kg,5%,
2916.1200,Esters of acrylic acid,kg,5%,
2916.1300,Methacrylic acid and its salts 82 Description (4) Standard Unit of Quantity (5) Duty Rate (6),kg,5%,
2916.1400,Esters of methacrylic acid,kg,5%,
2916.1500,"Oleic, linoleic or linolenic acids, their salts and esters",kg,5%,
2916.1600,--Binaparcyl (ISO),kg,5%,
2916.1900,Other,kg,5%,
2916.2000,"Cyclanic, cyclenic or cycloterpenic monocarboxylic acids, their anhydrides, halides, peroxides, peroxyacids and their derivatives Aromatic monocarboxylic acids, their anhydrides, halides, peroxides, eroxyacids and their derivatives:",kg,5%,
2916.3100,"Benzoic acid, its salts and esters",kg,5%,
2916.3200,Benzoyl peroxide and benzoyl chloride,kg,5%,
2916.3400,Phenylacetic acid and its salts,kg,5%,
2916.3900,"Other Polycarboxylic acids, their anhydrides, halides,peroxides and peroxyacids; their halogenatedsulphonated, nitrated or nitrosated derivatives. Acylicpolycarboxylic acids, their anhydrides, halides, peroxides peroxyacids and their derivatives:",kg,Free,
2917.1100,"Oxalic acid, its salts and esters",kg,5%,
2917.1200,"Adipic acid, its salts and esters",kg,5%,
2917.1300,"Azelaic acid, sebacic acid, their salts and esters",kg,5%,
2917.1400,Maleic anhydride,kg,Free,
2917.1900,Other,kg,5%,
2917.2000,"Cyclanic, cyclenic or cycloterpenicpolycarboxylic acids, their anhydrides, halides, peroxides, peroxyacids and their derivatives Aromatic polycarboxylic acids, their anhydrides, halides, peroxides, peroxyacids and their derivatives:",kg,5%,
2917.3200,Dioctyl orthophthalates,kg,5%,
2917.3300,Dinonyl or didecylorthophthalates,kg,5%,
2917.3400,Other esters of orthophthalic acid,kg,5%,
2917.3500,Phthalic anhydride,kg,5%,
2917.3600,Terephthalic acid and its salts,kg,5%,
2917.3700,Dimethyl terephthalate,kg,5%,
2917.3900,"Other Carboxylic acids wtih additional oxygen functionand their anhydrides, halides, peroxides andperoxyacids; their halogenated, sulphonated,nitrated or nitrosated derivatives. Carboxylic acids with alcohol function but without other oxygen function, their anhydrides, halides, peroxides, peroxides and their derivatives:",kg,5%,
2918.1100,"Lactic acid, its salts and esters",kg,5%,
2918.1200,Tertaric acid,kg,5%,
2918.1300,Salts and esters of tertaric acid,kg,5%,
2918.1400,Citric acid,kg,5%,
2918.1500,Salts and esters of citric acid,kg,5%,
2918.1600,"Gluconic acid, its salts and esters",kg,5%,
2918.1700,"--2, 2-Diphenyl-2-hydroxyacetic acid (benzilic acid)",kg,5%,
2918.1800,Chlorobenzilate (ISO),kg,5%,
2918.1900,"--Other Carboxylic acids with phenol function but without other oxygen function, their anhydrides, halides, peroxides, peroxyacids and their derivatives: 83 Description (4) Standard Unit of Quantity (5) Duty Rate (6)",kg,5%,
2918.2100,Salicylic acid and its salts,kg,5%,
2918.2200,"O-Acetylsalicylic acid, its salts and esters",kg,5%,
2918.2300,Other esters of salicylic acid and their salts,kg,5%,
2918.2900,Other,kg,5%,
2918.3000,"Carboxylic acids with aldehyde or ketone function but without other oxygen function, their anhydrides, halides, peroxides, peroxyacids and their derivatives Other :",kg,5%,
2918.9100,"2,4,5-T (ISO) (2,4,5-trichlorophenoxyacetic acid), its salts and esters",kg,5%,
2918.9900,"Other VIII. ESTERS OF INORGANIC ACIDS OFNON-METALS ANDTHEIR SALTS,AND THEIRHALOGENATED,SULPHONATED, NITRATEDORNITROSATED DERIVATIVES Phosphoric esters and their salts, including lactophosphates; their halogenated, sulphonated, nitrated or nitrosated derivatives.",kg,5%,
2919.1000,"Tris(2,3 –dibromopropyl) phosphate",kg,5%,
2919.9000,"Other Esters of other inorganic acids of non-metals(excluding esters of hydrogen halides) and their salts;their halogenated, sulphonated, nitrated or nitrosated derivatives Thiophosphoric esters ( phosphorothioates) and their salts; their halogenated, sulphonated, nitrated or nitrosated derivatives:",kg,5%,
2920.1100,Parathion (ISO) and parathion- methyl (ISO) (methyl-parathion),kg,5%,
2920.1900,"Other -Phosphite esters and their salts; their halogenated, sulphonated,nitrated or nitrosated derivatives:",kg,5%,
2920.2100,--Dimethyl phosphite,kg,5%,
2920.2200,--Diethyl phosphite,kg,5%,
2920.2300,--Trimethylphosphite,kg,5%,
2920.2400,--Triethylphosphite,kg,5%,
2920.2900,--Other,kg,5%,
2920.3000,-Endosulfan (ISO),kg,5%,
2920.9000,-Other IX. NITROGEN-FUNCTION COMPOUNDS Amine-function compounds. Acyclic monoamines and their derivatives; salts thereof:,kg,5%,
2921.1100,"Methylamine, di-ortrimethylamine and their salts",kg,5%,
2921.1200,"--2-(N,N-Dimethylamino)ethylchloridehydrochloride",kg,5%,
2921.1300,"--2-(N,N-Diethylamino)ethylchloridehydrochloride",kg,5%,
2921.1400,"--2-(N,N-Diisopropylamino)ethylchloridehydrochloride",kg,5%,
2921.1900,--Other Acyclic polyamines and their derivatives; salts thereof:,kg,5%,
2921.2100,Ethylenediamine and its salts,kg,5%,
2921.2200,Hexamethylenediamine and its salts,kg,5%,
2921.2900,Other,kg,5%,
2921.3000,"Cyclanic, cyclenic or cycloterpenic mono-or polyamines, and their derivatives; salts thereof Aromatic monoamines and their derivatives; salts thereof: 84 Description (4) Standard Unit of Quantity (5) Duty Rate (6)",kg,5%,
2921.4100,Aniline and its salts,kg,5%,
2921.4200,Aniline derivatives and their salts,kg,5%,
2921.4300,Toluidines and their derivatives; salts thereof,kg,5%,
2921.4400,Diphenylamine and its derivatives; salts thereof,kg,5%,
2921.4500,"--1-Naphtylamine (alpha-naphthy-lamine),2-naphthylamine (betanaphthylamine) and their derivatives; salts thereof",kg,5%,
2921.4600,"--Amfetamine (INN), benzfetamine (INN), dexamfetamine (INN), etilamfetamine (INN), fencamfamine (INN), lefetamine (INN), levamfetamine (INN), mefenorex (INN) and phentermine (INN); salts thereof",kg,5%,
2921.4900,Other Aromatic polyamines and their derivatives; salts thereof:,kg,5%,
2921.5100,"--o-, m-, p-Phenylenediamine, diaminotoluenes, and their derivatives; salts thereof",kg,5%,
2921.5900,"Other Oxygen-fuction amino-compounds. Amino-alcohols, other than those containing more than one kind of oxygen function, their ethers and esters; salts thereof:",kg,5%,
2922.1100,Monoethanolamine and its salts,kg,5%,
2922.1200,Diethanolamine and its salts,kg,5%,
2922.1400,Dextropropoxyphene (INN) and its salts,kg,5%,
2922.1500,--Triethanolamine,kg,5%,
2922.1600,--Diethanolammoniumperfluorooctane Sulphonate,kg,5%,
2922.1700,Methyldiethanolamine and ethyldiethanolamine,kg,5%,
2922.1800,"2-(N,N-Diisopropylamino)ethanol Other:",kg,5%,
2922.1910,"N,N-Dialkyl (methyl, ethyl, n-propyl or isopropyl) 2-aminoethanols and their protonated salts, EthyldiethanolamineandMethyldiethanolamine",kg,5%,
2922.1990,"Other Amino-naphthols and other amino-phenols, other than those containing more than one kind of oxygen function, their ethers and esters; salts thereof:",kg,5%,
2922.2100,Aminohydroxynaphthalenesulphonic acids and their salts,kg,5%,
2922.2900,"Other Amino-aldehydes, amino-ketones and amino quinones, other than those containing more than one kind of oxygen function; salts thereof:",kg,5%,
2922.3100,"--Amfepramone (INN), methadone (INN) and normethadone (INN); salts thereof",kg,5%,
2922.3900,"--Other Amino-acids, other than those containing more than one kind of oxygen function; and their esters; salts thereof:",kg,5%,
2922.4100,Lysine and its esters; salts thereof,kg,Free,
2922.4200,Glutamic acid and its salts,kg,5%,
2922.4300,Anthranilic acid and its salts,kg,5%,
2922.4400,--Tilidine (INN) and its salts Other:,kg,5%,
2922.4910,Sodium iron EDTA,kg,Free,
2922.4990,Other,kg,5%,
2922.5000,"Amino-alcohol-phenols, amino-acid-phenols and other amino-compounds 85 Description (4) Standard Unit of Quantity (5) Duty Rate (6) with oxygen function Quaternary ammonium salts and hydroxides;lecithins and other phosphoaminolipids, whether ornot chemically defined.",kg,5%,
2923.1000,Choline and its salts,kg,5%,
2923.2000,Lecithins and other phosphoaminolipids,kg,5%,
2923.3000,Tetraethylammonium perfluorooctane sulphonate,kg,5%,
2923.4000,-Didecyldimethylammoniumperfluorooctanesulphonate,kg,5%,
2923.9000,Other Carboxyamide-function compounds; amide-function compounds of carbonic acid. Acyclic amides (including acyclic carbamates) and their derivatives; salts thereof:,kg,5%,
2924.1100,--Meprobamate (INN),kg,5%,
2924.1200,"Flouroacetamide (ISO), monocrotophos (ISO) and phosphamidon (ISO)",kg,5%,
2924.1900,--Other Cyclic amides (including cyclic carbamates) and their derivatives; salts thereof:,kg,5%,
2924.2100,Ureines and their derivatives; salts thereof,kg,5%,
2924.2300,--2-Acetamidobenzoic acid (N-acetylanthranillic acid) and its salts,kg,5%,
2924.2400,--Ethinamate (INN),kg,5%,
2924.2500,--Alachlor (ISO),kg,5%,
2924.2900,Other Carboxyimide-function compounds(including saccharin and its salts) andimine-function compounds. Imides and their derivatives; salts thereof:,kg,5%,
2925.1100,Saccharin and its salts,kg,5%,
2925.1200,Glutethimide (INN),kg,5%,
2925.1900,Other Imines and their derivatives; salts thereof:,kg,5%,
2925.2100,Chlorodimeform (ISO),kg,5%,
2925.2900,Other Nitrile-function compounds.,kg,5%,
2926.1000,Acrylonitrile,kg,5%,
2926.2000,1-Cyanoguanidine (dicyandiamide),kg,5%,
2926.3000,"Fenproporex (INN) and its salts; methadone (INN) intermediate (4-cyano-2- dimethylamino- 4, 4-diphenylbutane)",kg,5%,
2926.4000,alpha-Phenylacetoacetonitrile,kg,5%,
2926.9000,Other,kg,5%,
2927.0000,"Diazo-, azo-or azoxy-compounds.",kg,5%,
2928.0000,Organic derivatives of hydrazine or ofhydroxylamine. Compounds with other nitrogen function.,kg,5%,
2929.1000,Isocyanates Other:,kg,5%,
2929.9010,"N,N-Dialkyl (methyl,ethyl, n-propyl or isopropyl) phosphoramidic dihalides, Dialkyl (methyl, ethyl, n-propyl or isopropyl) N,N-dialkyl (methyl, ethyl, n-propyl or Isopropyl) phosphoramidates",kg,5%,
2929.9090,"Other X. ORGANO-INORGANIC COMPOUNDS, HETEROCYCLIC COMPOUNDS, NUCLEIC ACIDS AND THEIR SALTS, AND 86 Description (4) Standard Unit of Quantity (5) Duty Rate (6) SULPHONAMIDES Organo-sulphur compounds.",kg,5%,
2930.2000,Thiocarbamates and dithiocarbamates,kg,5%,
2930.3000,"Thiuram mono-, di-or tetrasulphides",kg,5%,
2930.4000,Methionine,kg,Free,
2930.6000,"2-(N,N-Diethylamino)ethanethiol",kg,5%,
2930.7000,Bis(2-hydroxyethyl)sulfide (thiodiglycol (INN)),kg,5%,
2930.8000,"Aldicarb (ISO),captafol (ISO) andmethamidophos (ISO)",kg,5%,
2930.9000,Other Other organo-inorganic compounds.,kg,5%,
2931.1000,Tetramethyl lead and tetraethyl,kg,5%,
2931.2000,Tributyltin compounds Other organo-phosphorous derivatives :,kg,5%,
2931.3100,--Dimethyl methylphosphonate,kg,5%,
2931.3200,--Dimethyl propylphosphonate,kg,5%,
2931.3300,--Diethyl ethylphosphonate,kg,5%,
2931.3400,--Sodium 3-(trihydroxysilyl)propyl methylphosphonate,kg,5%,
2931.3500,"--2,4,6-Tripropyl-1,3,5,2,4,6 trioxatriphosphinane 2,4,6-trioxide",kg,5%,
2931.3600,"(5-Ethyl-2-methyl-2-oxido-1,3,2-dioxaphosphinan-5-yl)methyl methylmethylphosphonate",kg,5%,
2931.3700,"Bis[(5-ethyl-2-methyl-2-oxido-1,3,2-dioxaphosphinan-5-yl)methyl] methylphosphonate",kg,5%,
2931.3800,Salt of methylphosphonic acid and(aminoiminomethyl)urea (1 : 1),kg,5%,
2931.3900,--Other,kg,5%,
2931.9000,Other Hetrocyclic compounds with oxygen hetro-atom(s) only. Compounds containing an unfused furan ring (whether or not hydrogenated) in the structure:,kg,5%,
2932.1100,Tetrahydrofuran,kg,5%,
2932.1200,2-Furaldehyde (furfuraldehyde),kg,5%,
2932.1300,Furfuryl alcohol and tetrahydrofurfuryl alcohol,kg,5%,
2932.1400,Sucralose,kg,5%,
2932.1900,Other,kg,5%,
2932.2000,Lactones Other :,kg,5%,
2932.9100,--Isosafrole,kg,5%,
2932.9200,"--1-(1,3-Benzodioxol-5-yl) propan-2-one",kg,5%,
2932.9300,--Piperonal,kg,5%,
2932.9400,Safrole,kg,5%,
2932.9500,Tetrahydrocannabinols (all isomers),kg,5%,
2932.9900,Other Hetrocyclic compounds with nitrogen hetroatom(s) only. Compounds containing an unfused pyrazole ring (whether or not hydrogenated) in the structure:,kg,5%,
2933.1100,Phenazone (antipyrin) and its derivatives,kg,5%,
2933.1900,Other Compounds containing an unfused imidazole ring (whether or not hydrogenated) in the structure: 87 Description (4) Standard Unit of Quantity (5) Duty Rate (6),kg,5%,
2933.2100,Hydantoin and its derivatives,kg,5%,
2933.2900,Other Compounds containing an unfused pyridine ring (whether or not hydrogenated) in the structure:,kg,5%,
2933.3100,Pyridine and its salts,kg,5%,
2933.3200,Piperidine and its salts,kg,5%,
2933.3300,"--Alfentanil (INN), anileridine (INN),bezitramide (INN), bromazepam (INN), difenoxin (INN), diphenoxylate (INN), dipipanone (INN), fentanyl (INN), ketobemidone (INN),methylphenidate (INN), pentazocine (INN), pethidine (INN), pethidine (INN) intermediate A, phencyclidine (INN), (PCP),phenoperidine (INN), pipradrol (INN), piritramide (INN), propiram (INN) and trimeperidine (INN); salts thereof",kg,5%,
2933.3900,Other Compounds containing in the structure a quinoline or isoquinoline ring- system (wthether or not hydrogenated) not further fused:,kg,5%,
2933.4100,Levorphanol (INN) and its salts,kg,5%,
2933.4900,Other Compounds containing a pyrimidine ring (whether or not hydrogenated) or piperazine ring in the structure:,kg,5%,
2933.5200,Malonylurea (barbituric acid) and its salts,kg,5%,
2933.5300,"Allobarital (INN), amobarbital (INN), barbital (INN), butalbital (INN), butobarbital,cyclobarbital (INN), methylphenobarbital (INN), pentobarbital (INN), phenobarbital (INN), secbutabarbital (INN), secobarbital (INN), and venylbital (INN); salts thereof",kg,5%,
2933.5400,Other derivatives of malonylurea (barbituric acid); salts thereof,kg,5%,
2933.5500,"Loprazolam (INN), mecloqualone (INN), methaqualone (INN) and zipeprol (INN); salts thereof",kg,5%,
2933.5900,Other Compounds containing an unfused triazine ring (whether or not hadrogenated) in the structure:,kg,5%,
2933.6100,Melamine,kg,5%,
2933.6900,Other Lactams:,kg,5%,
2933.7100,6-Hexanelactam (epsilon-caprolactam),kg,5%,
2933.7200,Clobazam (INN) and methyprylon (INN),kg,5%,
2933.7900,Other lactams Other :,kg,5%,
2933.9100,"--Alprazolam (INN), camazepam (INN),chlordiazepoxide (INN), clonazepam (INN),clorazepate, delotazepam (INN), diazepam(INN), estazolam (INN), ethylloflazepate(INN), fludiazepam (INN), flunitrazepam(INN),flurazepam (INN), halazepam (INN), lorazepam (INN), lormetazepam (INN), mazindol (INN), medazepam (INN),midazolam (INN), nimetazepam (INN),nitrazepam (INN), nordazepam (INN), oxazepam (INN), pinazepam (INN),prazepam (INN), pyrovalerone (INN),temazepam (INN), tetrazepam (INN) andtriazolam (INN); salts thereof",kg,5%,
2933.9200,--Azinphos-methyl (ISO),kg,5%,
2933.9900,"Other Nucleic acids and their salts, wether or not chemically defined; other heterocyclic compounds.",kg,5%,
2934.1000,Compounds containing an unfused thiazole ring (whether or not 88 Description (4) Standard Unit of Quantity (5) Duty Rate (6) hydrogenated) in the structure,kg,5%,
2934.2000,"Compounds containing in the structure a benzothiazole ring-system (whether or not hydrogenated), not further fused",kg,5%,
2934.3000,"Compounds containing in the sturcture a phenothiazine ring-system(whether or not hydrogenated), not further fused Other:",kg,5%,
2934.9100,"--Aminorex (INN), brotizolam (INN), clotiazepam (INN), cloxazolam (INN), dextromoramide (INN), haloxazolam (INN), ketazolam (INN), mesocarb (INN), oxazolam (INN), pemoline (INN), phendimetrazine (INN), phenmetrazine (INN) and sufentanil (INN); salts thereof",kg,5%,
2934.9900,Other Sulphonamides.,kg,5%,
2935.1000,N-Methylperfluorooctanesulphonamide,kg,5%,
2935.2000,N-Ethylperfluorooctanesulphonamide,kg,5%,
2935.3000,N-Ethyl-N-(2-hydroxyethyl) perfluorooctanesulphonamide,kg,5%,
2935.4000,N-(2-Hydroxyethyl)-N-methylperfluorooctanesulphonamide,kg,5%,
2935.5000,Other perfluorooctanesulphonamides,kg,5%,
2935.9000,"Other XI. PROVITAMINS, VITAMINS AND HORMONES Provitamins and vitamins, natural or reproduced by synthesis (including natural concentrates), derivatives thereof used primarily as vitamins, and intermixture of the foregoing, whether or not in any solvent. Vitamins and their derivatives, unmixed:",kg,5%,
2936.2100,--Vitamin A and their derivatives,kg,Free,
2936.2200,Vitamin B1 and its derivatives,kg,Free,
2936.2300,Vitamin B2 and its derivatives,kg,Free,
2936.2400,D-or DL-Pantothenic acid (Vitamin B3 or Vitamin B5) and its derivatives,kg,Free,
2936.2500,Vitamin B6 and its derivatives,kg,Free,
2936.2600,Vitamin B12 and its derivatives,kg,Free,
2936.2700,Vitamin C and its derivatives,kg,Free,
2936.2800,Vitamin E and its derivatives,kg,Free,
2936.2900,Other Vitamins and their derivatives,kg,Free,
2936.9000,"Other, including natural concentrates Hormones, prostaglandins, thromboxanes and leukotrienes, natural or reproduced by synthesis; derivatives and structural analogues thereof, including chain modified polypeptides, used primarily as hormones. Polypeptide hormones, protein hormones and glycoprotein hormones, their derivatives and structural analogues:",kg,Free,
2937.1100,"Somatotropin, its derivatives and structuralanalogues",kg,Free,
2937.1200,Insulin and its salts,kg,Free,
2937.1900,"Other Steroidal hormones, their derivatives and structural analogues:",kg,Free,
2937.2100,"Cortisone, hydrocortisone, prednisone (dehydrocortisone) and predisolone (dehydrohydrocortisone)",kg,Free,
2937.2200,Halogenated derivatives of corticosteroidal hormones,kg,Free,
2937.2300,Oestrogens and progestogens,kg,Free,
2937.2900,Other 89 Description (4) Standard Unit of Quantity (5) Duty Rate (6),kg,Free,
2937.5000,"Prostaglandins, thromboxanes and leukotrienetheir derivatives andstructural analogues",kg,Free,
2937.9000,"Other XII. GLYCOSIDES AND VEGETABLE ALKALOIDS, NATURAL OR PRODUCED BY SYNTHESIS, AND THEIR SALTS, ETHERS, ESTERS AND OTHER DERIVATIVES Glycosides, natural or reproduced by synthesis, and their salts, ethers, esters and other derivatives.",kg,Free,
2938.1000,Rutoside (rutin) and its derivatives,kg,5%,
2938.9000,"Other Alkaloids, natural or reproduced by synthesis, and their salts, ethers, esters and other derivatives. Alkaloids of opium and their derivatives; salts thereof:",kg,5%,
2939.1100,"--Concentrates of poppy straw; buprenorphine (INN), codeine,dihyrocodeine (INN),ethylmorphine, etorphine (INN), heroin,hydrocodone (INN), hydromorphone (INN),morphine, nicomorphine (INN), oxycodone(INN), oxymorphone (INN), pholcodine (INN), thebacon (INN) and thebaine; saltsthereof",kg,5%,
2939.1900,--Other,kg,5%,
2939.2000,Alkaloids of cinchona and their derivatives; salts thereof,kg,5%,
2939.3000,Caffeine and its salts Ephedrine and their salts:,kg,5%,
2939.4100,Ephedrine and its salts,kg,5%,
2939.4200,Pseudoephedrine ( INN ) and its salts,kg,5%,
2939.4300,Cathine (INN) and its salts,kg,5%,
2939.4400,--Norephedrine and its salts,kg,5%,
2939.4900,Other Theophylline and aminophylline (theophylline-ethylenediamine) and theirderivatives; salts thereof:,kg,5%,
2939.5100,Fenetyline (INN) and its salts,kg,5%,
2939.5900,Other Alkaloids of rye ergot and their derivatives; salts thereof:,kg,5%,
2939.6100,--Ergometrine (INN) and its salts,kg,5%,
2939.6200,--Ergotamine (INN) and its salts,kg,5%,
2939.6300,--Lysergic acid and its salts,kg,5%,
2939.6900,"Other -Other, of vegetal origin:",kg,5%,
2939.7100,"--Cocaine, ecgonine, levometamfetamine, metamfetamine (INN), metamfetamineracemate; salts, esters and other derivatives thereof",kg,5%,
2939.7900,--Other,kg,5%,
2939.8000,Other XIII. OTHER ORGANIC COMPOUNDS,kg,5%,
2940.0000,"Sugars, chemically pure, other than sucrose, lactose, maltose, glucose and fructose; sugar ethers, sugar acetals and sugar esters, and their salts, other than products of heading 29.37, 29.38 or 29.39. Antibiotics.",kg,5%,
2941.1000,Penicillins and their derivatives with a penicillanic acid structure; salts 90 Description (4) Standard Unit of Quantity (5) Duty Rate (6) thereof,kg,5%,
2941.2000,Streptomycin and their derivatives; salts thereof,kg,5%,
2941.3000,Tetracyclines and their derivatives; salts thereof,kg,5%,
2941.4000,Chloramphenicol and its derivatives; salts thereof,kg,5%,
2941.5000,Erythromycin and its derivatives; salts thereof,kg,5%,
2941.9000,Other,kg,5%,
2942.0000,"Other organic compounds. 92 other dental fillings; bone reconstruction cements; kits; preparations based on hormones, on other products of heading 29.37 or on spermicides; designed to be used in human or veterinary medicine as a lubricant for parts of the body for surgical operations or or as a coupling agent between the body and medical instruments; that is, pharmaceutical products which are unfit for their original intended purpose due to, of shelf life; and for ostomy use, that is, colostomy, ileostomy and urostomy pouches cut to shape and their adhesive 3002.13 and 3002.14, the following are to be treated: pure products, whether or not containing impurities; have been mixed: in (a)above dissolved in water or in other solvents; in (a) and (b) (1) above with an added stabilizernecessary for their preservation or transport; and in (a), (b) (1) and(b) (2) above with any other additives. and 3004.60 cover medicaments containing artemisinin (INN) for oral ingestion combined with other ingredients, or containing any of the following active principles, whether or not combined with other ingredients : amodiaquine (INN); artelinic acid or its salts; artenimol (INN); artemotil (INN); artemether chloroquine (INN); dihydroartemisinin (INN); lumefantrine (INN); mefloquine (INN); piperaquine (INN) or sulfadoxine (INN). Description (4) Standard Unit of Quantity (5) Duty Rate (6) Glands and other organs for organo-therapeutic uses, dried, whether or not powdered; extracts of glands or other organs or of their secretions for organo-therapeutic uses; heparin and its salts; other human or animal substances prepared for therapeutic or prophylactic used, not elsewhere specified or included.",kg,5%,
3001.2000,Extracts of glands or other organs or of their secretions,kg,Free,
3001.9000,"Other Human blood; animal blood prepared for therapeutic, prophylactic or diagnostic uses; antisera , other blood fractions and immunological products, whether or not modified or obtained by means of biotechnological processes; vaccines, toxins, cultures of micro-organisms (excluding yeasts) and similar products. Antisera, other blood fractions and immunological products, whether or not modified or obtained by means of biotechnological processes:",kg,Free,
3002.1100,Malaria diagnostic test kits,kg,Free,
3002.1200,Antisera and other blood fractions 93 Description (4) Standard Unit of Quantity (5) Duty Rate (6),kg,Free,
3002.1300,"Immunological products, unmixed, not put up in measured doses or in forms or packings for retail sale",kg,Free,
3002.1400,"Immunological products, mixed, not put up in measureddoses or in forms or packings for retail sale",kg,Free,
3002.1500,"Immunological products, put up in measured doses or in forms or packings for retail sale",kg,Free,
3002.1900,Other,kg,Free,
3002.2000,Vaccines for human medicine,kg,Free,
3002.3000,Vaccines for veterinary medicine Other:,kg,Free,
3002.9010,Saxitoxin,kg,25%,
3002.9020,Ricin,kg,25%,
3002.9090,"Other Medicaments (excluding goods of heading 30.02, 30.05 or 30.06) consisting of two or more constituents which have been mixed together for therapeutic or prophylactic uses, not put up in measured doses or in forms or packings for retail sale.",kg,Free,
3003.1000,"Containing penicillins or derivatives thereof, with a pencillianic acid structure, or streptomycins or their derivatives",kg,5%,
3003.2000,"Other, containing antibiotics Other, containing hormones or other products of heading 29.37:",kg,5%,
3003.3100,Containing insulin,kg,5%,
3003.3900,"--Other -Other,containing alkaloids or derivatives thereof:",kg,5%,
3003.4100,Containing ephedrine or its salts,kg,5%,
3003.4200,--Containing pseudoephedrine (INN) or its salts,kg,5%,
3003.4300,--Containing norephedrine or its salts,kg,5%,
3003.4900,--Other,kg,5%,
3003.6000,"Other, containing antimalarial active principles described in Subheading Note 2 to this Chapter Other:",kg,5%,
3003.9010,Anaesthetics,kg,5%,
3003.9090,"Other Medicaments (excluding goods of heading 30.02, 30.05 or 30.06) consisting of mixed or unmixed products for therapeutic or prophylactic uses, put up in measured doses (including those in the form of transdermal administration systems) or in forms or packings for retail sale.",kg,5%,
3004.1000,"-Containing penicillins or derivatives thereof, with a penicillanic acid structure, or sterptomycins or their derivatives",kg,5%,
3004.2000,"Other, containing antibiotics Other, containing hormones or other products of heading 29.37 :",kg,5%,
3004.3100,--Containing insulin,kg,5%,
3004.3200,"--Containing corticosteroid hormones, their derivatives or structural analogues",kg,5%,
3004.3900,"Other Other, containing alkaloids or derivatives thereof: 94 Description (4) Standard Unit of Quantity (5) Duty Rate (6)",kg,5%,
3004.4100,Containing ephedrine or its salts,kg,5%,
3004.4200,Containing pseudoephedrine (INN) or its salts,kg,5%,
3004.4300,Containing norephedrine or its salts,kg,5%,
3004.4900,Other,kg,5%,
3004.5000,"Other, containing vitamins or other products of heading 29.36",kg,5%,
3004.6000,"Other, containing antimalarial active principles described in Subheading Note 2 to this Chapter Other:",kg,5%,
3004.9010,Anaesthetics,kg,5%,
3004.9090,"Other Wadding, gauze, bandages and similar articles (for example, dressings, adhesive plasters, poultices), impregnated or coated with pharmaceutical substances or put up in forms or packings for retail sale for medical, surgical, dental or veterinary purposes.",kg,5%,
3005.1000,Adhesive dressings and other articles having an adhesive layer,kg,5%,
3005.9000,Other Pharmaceutical goods specified in Note 4 to this Chapter.,kg,5%,
3006.1000,"Sterile surgical catgut, similar sterile suture materials (including sterile absorbable surgical or dental yarns) and sterile tissue adhesives for surgical wound closure; sterile laminaria and sterile laminaria tents; sterile absorbable surgical or dental haemostatics; sterile surgical or dental adhesion barriers, whether or not absorbable",kg,5%,
3006.2000,Blood-grouping reagents,kg,5%,
3006.3000,Opacifying preparations for X-ray examinations; diagnostic reagents designed to be administered to the patient,kg,5%,
3006.4000,Dental cements and other dental fillings; bone reconstruction cements,kg,5%,
3006.5000,First-aid boxes and kits,kg,5%,
3006.6000,"Chemical contraceptive preparations based on hormones, on other products of heading 29.37 or on spermicides",kg,Free,
3006.7000,Gel preparations designed to be used in human or veterinary medicine as a lubricant for parts of the body for surgical operations or physical examinations or as a coupling agent between the body and medical instruments Other :,kg,5%,
3006.9100,Appliances identifiable for ostomy use,kg,Free,
3006.9200,"Waste pharmaceuticals 96 of any of the goods described in (a) or (b) above, but with no accountbeing taken of the limit, mixed with chalk, gypsum or other inorganic non-fertilizing substances. only to the following goods, provided that they are not put up in the forms or packages described to one or other of the descriptions given below: potassium salts (for example, carnallite, kainite and sylvite); whether or not pure, except as provided in Note 1(c) above; sulphate, whether or not pure; potassium sulphate, whether or not pure. of any of the goods described in (a) above mixed together. (monoammonium phosphate) and diammonium hydrogenorthophosphate whether or not pure and intermixtures thereof, are to be classified in heading 31.05. heading 31.05, the term “other fertilizers” applies only to products of a kind used as fertilizers and constituent, at least one of thefertilizing elements nitrogen, phosphorus of potassium. Item Description (4) Standard Unit of Quantity (5) Duty Rate (6)",kg,35%,
3101.0000,"Animal or vegetable fertilizers, whether or not mixed together or chemically treated; fertilizers produced by the mixing or chemical treatment of animal or vegetableproducts. Mineral or chemical fertilizers,nitrogenous.",kg,Free,
3102.1000,"Urea, whether or not in aqueous solution Ammonium sulphate; double salts and mixtures of ammonium sulphate and ammonium nitrate:",kg,Free,
3102.2100,Ammonium sulphate,kg,Free,
3102.2900,Other,kg,Free,
3102.3000,"Ammonium nitrate, whether or not in aqueous solution",kg,Free,
3102.4000,Mixtures of ammonium nitrate with calcium carbonate or other in-organic non-fertilizing substances,kg,Free,
3102.5000,Sodium Nitrate,kg,Free,
3102.6000,Double salts and mixtures of calciumnitrate and ammonium nitrate,kg,Free,
3102.8000,Mixtures of urea and ammonium nitrate in aqueous or ammoniacal solution,kg,Free,
3102.9000,"Other, including mixtures not specified in the foregoing subheadings Mineral or chemical fertilizers, phosphatic. Superphosphates:",kg,Free,
3103.1100,--Containing by weight 35 % or more of diphosphoruspentaoxide (P2O5),kg,Free,
3103.1900,Other,kg,Free,
3103.9000,"Other Mineral or chemical fertilizers, potassic.",kg,Free,
3104.2000,Potassium chloride,kg,Free,
3104.3000,Potassium sulphate 97 Item Description (4) Standard Unit of Quantity (5) Duty Rate (6),kg,Free,
3104.9000,"Other Mineral or chemical fertilizers containing two or three of the fertilizing elements nitrogen, phosphorus and potassium; other fertilizers; goods of this Chapter in tablets or similar forms or in packages of a gross weight not exceeding10 kg.",kg,Free,
3105.1000,Goods of this chapter in tablets or similar forms in packages of a gross weight not exceeding10kg,kg,Free,
3105.2000,"-Mineral or chemical fertilizers containing the three fertilizing elements nitrogen,phosphorusand potassium",kg,Free,
3105.3000,Diammonium hydrogenorthophosphate(diammonium phosphate),kg,Free,
3105.4000,-Ammonium dihydrogenorthophosphate (monoammonium phosphate) and mixturesthereof with diammonium hydrogenorthophosphate (diammonium phosphate) Other mineral or chemical fertilizers containing the two fertilizing elements nitrogen and phosphorus:,kg,Free,
3105.5100,Containing nitrates and phosphates,kg,Free,
3105.5900,Other,kg,Free,
3105.6000,Mineral or chemical fertilizers containing the two fertilizing elements phosphorus and potassium,kg,Free,
3105.9000,"Other 98 Chapter 32 extracts; tannins and their derivatives; dyes, Pigments and other matter; Paints and varnishes; putty and other mastics; inks cover: defined elements or compounds (except those of heading 32.03 or 32.04, inorganic products of a (heading 32.06), glass obtained from fused quartz or other fused silica in the forms provided 32.07, and also dyes and other colouring matter put up in forms or packings for retail sale, of heading tannin derivatives of products of headings 29.36 to 29.39, 29.41 or 35.01 to 35.04; or or other bituminous mastics (heading 27.15). mixtures of stabilised diazonium salts and couplers for the production of azo dyes. 32.05 and 32.06 apply also to preparations based on colouring matter (including, in the case of heading of heading 25.30 or Chapter 28, metal flakes and metal powders), of a kind used for colouring as ingredients in the manufacture of colouring preparations. Theheadings do not apply, however, to in non-aqueous media, in liquid or paste form, of a kind used in themanufacture of paints, including 32.12), or to other preparations of heading 32.07, 32.08, 32.09, 32.10,32.12, 32.13, or 32.15. solutions (other than collodions) consisting of any of the products specified in headings 39.01 to solvents when the weight of the solvent exceeds of the weight of the solution. matter” in this chapter does not include products of a kind used as extenders in oil paints, whether or for colouring distempers. foils “ in heading 32.12 applies only to thin sheets of a kind used for printing, for example, book and consisting of: (including powder of precious metal) or pigment, agglomerated with glue, gelatin or other binder; or precious metal) or pigment, deposited on a supporting sheet of any material. Item Description (4) Standard Unit of Quantity (5) Duty Rate (6) Tanning extracts of vegetable origin; tannins and their salts, ethers, esters and other derivatives.",kg,Free 50%,
3201.1000,Quebracho extract,kg,5%,
3201.2000,Wattle extract,kg,5%,
3201.9000,"Other Synthetic organic tanning substances; inorganic tanning substances; tanning preparations, whether or not containing natural tanning substances; enzymatic preparations for pre-tanning.",kg,5%,
3202.1000,Synthetic organic tanning substances,kg,5%,
3202.9000,Other,kg,5%,
3203.0000,"Colouring matter of vegetable or animal origin (including dyeing extracts but excluding animal black), whether or not chemically defined; preparations as specified in Note 3 to this Chapter based on colouring matter of vegetable or animal origin. 99 Item Description (4) Standard Unit of Quantity (5) Duty Rate (6) Synthetic organic colouring matter, whether or not chemically defined; preparations as specified in Note 3 to this Chapter based on synthetic organic colouring matter; synthetic organic products of a kind used as fluorescent brightening agents or as luminophores, whether or not chemically defined. Synthetic organic colouring matter and preparations based thereon as specifiedin Note 3 to this Chapter.",kg,5%,
3204.1100,--Disperse dyes and preparations based thereon,kg,5%,
3204.1200,"--Acid dyes, whether or not premetallised and preparations based thereon; mordant dyes and preparations based thereon",kg,5%,
3204.1300,Basic dyes and preparations based thereon,kg,5%,
3204.1400,Direct dyes and preparations based thereon,kg,5%,
3204.1500,Vat dyes (including those usable in that state as pigments) and preparations based thereon,kg,5%,
3204.1600,--Reactive dyes and preparations based thereon,kg,5%,
3204.1700,--Pigments and preparations based thereon,kg,5%,
3204.1900,"--Other, including mixtures of colouring matter of two ormore of the subheading3204.11 to 3204.19",kg,5%,
3204.2000,Synthetic organic products of a kind used as fluorescent brightening agents,kg,5%,
3204.9000,Other,kg,5%,
3205.0000,"Colour lakes; preparations as specified in Note 3 to this Chapter based oncolour lakes. Other colouring matter; preparations as specified in Note 3 to this Chapter other than those of heading 32.03, 32.04 or 32.05; inorganic products of a kindused as luminophores, whether or not chemically defined. Pigments and preparations based on titanium dioxide:",kg,5%,
3206.1100,--Containing or more by weight of titanium dioxide calculated on the dry matter,kg,80% 5%,
3206.1900,Other,kg,5%,
3206.2000,Pigments and preparations based on chromium compounds Other colouring matter and other preparations:,kg,5%,
3206.4100,--Ultramarine and preparations based thereon,kg,5%,
3206.4200,Lithopone and other pigments and preparations based on zinc sulphide,kg,5%,
3206.4900,Other,kg,5%,
3206.5000,"Inorganic products of a kind used as luminophores Prepared pigments, prepared opacifiers and prepared colours, vitrifiable enamels and glazes, engobes (slips), liquid lustres and similar preparations, of a kind used in the ceramic, enamelling or glass, industry; glass frit and other glass, in the form of powder, granules of flakes.",kg,5%,
3207.1000,"Prepared pigments, prepared opacifiers, prepared colours and similar preparations",kg,5%,
3707.2000,"Vitrifiable enamels and glazes, engobes (slips) and similar preparations",kg,5%,
3207.3000,Liquid lustres and similar preparations,kg,5%,
3207.4000,"Glass frit and other glass, in the form of powder, granules or flakes Paints and varnishes (including enamels and lacquers) based on synthetic polymers or chemically modified natural polymers, dispersed or dissolved in a non-aqueous medium; solutions as defined in Note 4 to this Chapter.",kg,5%,
3208.1000,Based on polyesters,kg,35%,
3208.2000,Based on acrylic or vinyl polymers 100 Item Description (4) Standard Unit of Quantity (5) Duty Rate (6) Other፡,kg,35%,
3208.9010,Lacquers,kg,15%,
3208.9090,"Other Paints and varnishes (including enamels andlacquers) based on synthetic polymers or chemically modified natural polymers, dispersed or dissolved in an aqueous medium. Based on acrylic or vinyl polymers:",kg,35%,
3209.1010,Lacquers,kg,15%,
3209.1090,Other Other:,kg,35%,
3209.9010,Lacquers,kg,15%,
3209.9090,Other Other paints and varnishes (including enamels and lacquers and distempers); prepared water pigments of a kind used for finishing leather.,kg,35%,
3210.0010,Prepared water pigments of a kindusedforfinishing leather,kg,5%,
3210.0020,Lacquers,kg,15%,
3210.0090,Other,kg,35%,
3211.0000,"Prepared driers. Pigments (including metallic powders and flakes) dispersed in non- aqueous media, in a liquid or paste form, of a kind used in the manufacture of paints (including enamels); stamping foils; dyes and other colouring matter put up in forms or packings for retail sale.",kg,5%,
3212.1000,Stamping foils Other:,kg,15%,
3212.9010,Dyes and other colouring matter put upinforms or packing for retail sale,kg,35%,
3212.9090,"Other Artists’, students’ or sign board printers’ colours modifying tints, amusement colours and the like, in tablets, tubes, jars, bottles, pans or in similar form or packings.",kg,5%,
3213.1000,Colours in sets,kg,15%,
3213.9000,"Other Glaziers’ putty, grafting putty, resin cements, caulking compounds and other mastics; painters’ fillings; non-refractory surfacing preparations for facades, indoor walls, floors, ceilings or the like.",kg,15%,
3214.1000,"Glaziers’ putty, grafting putty, resin cements, caulking compounds and other mastics; painters’ fillings",kg,15%,
3214.9000,"Other Printing ink, writing or drawing ink and other inks, whether or not concentrated or solid. Printing ink:",kg,15%,
3215.1100,Black,kg,5%,
3215.1900,Other,kg,5%,
3215.9000,"Other 101 Chapter 33 Essential oils and resinoids; perfumery, cosmetic or toilet preparations cover: or vegetable extracts of heading13.01 or 13.02; of heading 34.01; or sulphate turpentine or other products or heading 38.05 substances” in heading 33.02 refers only to the substances of heading 33.01, to odoriferous substances or to synthetic aromatics. 33.07 apply, inter alia, to products, whether or not mixed (other than aqueous distillates and aqueous oils ), suitable for use as goods of these headings and put up in packings of a kind sold by retail for such cosmetic or toilet preparations” in heading 33.07 applies, inter alia, to the following products: preparations which operate by burning; perfumed papers and papers impregnated or coated with lens or artificial eye solutions; wadding, felt and non woven, impregnated, coated or covered with perfume toilet preparations. Item Description (4) Standard Unit of Quantity (5) Duty Rate (6) Essential oils (terpeneless or not), including concretes and absolutes; resinoids; extracted oleoresins; concentrates of essential oils in fats, in fixed oils, in waxes or the like, obtained by enfleurage or maceration; terpenic by- products of thedeterpenation of essential oils; aqueous distillates and aqueous solutions of essential oils. Essential oils of citrus fruit:",kg,5%,
3301.1200,Of orange,kg,15%,
3301.1300,Of lemon,kg,15%,
3301.1900,Other Essential oils other than those of citrus fruit:,kg,15%,
3301.2400,Of peppermint (Mentha piperita),kg,15%,
3301.2500,Of other mints,kg,15%,
3301.2900,Other,kg,15%,
3301.3000,Resinoids Other:,kg,15%,
3301.9010,Of a kind used as medicament (aqueous distillates),kg,Free,
3301.9090,"Other Mixtures of odoriferous substances and mixtures (including alcoholic solutions) with a basis of one or more of these substances, of a kind used as raw materials in industry; other preparations based on odoriferous substances, of a kind used for the manufacture of beverages.",kg,15%,
3302.1000,Of a kind used in the food or drink industries Other :,kg,15%,
3302.9010,Of a kind used for pharmaceutical and mosquito repellent jelly manufacturing,kg,Free,
3302.9090,Other,kg,15%,
3303.0000,"Perfumes and toilet waters. 102 Item Description (4) Standard Unit of Quantity (5) Duty Rate (6) Beauty or make-up preparations and preparations for the care of the skin (other than medicaments), including sunscreen or sun tan preparations; manicure or pedicure preparations.",kg,25%,40 birr per
3304.1000,Lip make-up preparations,kg,25%,
3304.2000,Eye make-up preparations,kg,25%,
3304.3000,"Manicure or pedicure preparations Other : Powders, whether or not compressed:",kg,25%,
3304.9110,Facepoweder,kg,25%,
3304.9120,Baby powder,kg,15%,
3304.9190,Other Other:,kg,25%,
3304.9910,"Grease paints, beauty creams, cold creams, make-up creams, cleansing creams, injectable intracutaneous gels for wrinkle elimination and lip enhancement (including those containing hyaluronic acid)",kg,25%,
3304.9990,Other Preparations for use on the hair.,kg,25%,
3305.1000,Shampoos,kg,15%,
3305.2000,Preparations for permanent waving or straightening,kg,25%,
3305.3000,Hair lacquers Other:,kg,25%,
3305.9010,"Hair sprays, brilliantines, hair dyes and bleaches",kg,25%,
3305.9090,"Other Preparations for oral or dental hygiene, including denture fixative pastes and powders; yarn used to clean between the teeth (dental floss),in individual retail packages.",kg,25%,
3306.1000,Dentifrices,kg,25%,
3306.2000,Yarn used to clean between the teeth (dental floss),kg,25%,
3306.9000,"Other Pre-shave, shaving or after-shave preparations, personal deodorants, bath preparations, depilatories and other perfumery, cosmetic or toilet preparations, not elsewhere specified or included; prepared room deodorizers, whether or not perfumed or having disinfectant properties.",kg,25%,
3307.1000,"Pre-shave, shaving or after-shave preparations",kg,25%,
3307.2000,Personal deodorants and antiperspirants,kg,25%,
3307.3000,"Perfumed bath salts and other bath preparations Preparations for perfuming or deodorizing rooms, including odoriferous preparationsused during religious rites:",kg,25%,
3307.4100,“Agarbatti” and other oderiferous preparations which operate by burning,kg,25%,
3307.4900,Other,kg,25%,
3307.9000,"Other 103 Chapter 34 Soap, organic surface-active agents, washing preparations, lubricating preparations, artificial waxes, prepared waxes, or scouring preparations, candles and similar articles, modelling pastes, “dental waxes” and dental preparations with a basis of plaster cover: or preparations of animal or vegetable fats or oils of a kind used as mould release preparations (heading defined compounds; or shaving creams and foams, or bath preparations, containing soap or other organic surface-active 33.05, 33.06 or 33.07). heading 34.01, the expression “soap” applies only to soap soluble in water. Soap and the other products of contain added substances (for example, disinfectants, abrasive powders, fillers or medicaments). Products powders remain classified in heading 34.01 only if in the form of bars, cakes or moulded pieces or shapes. are to be classified in heading 34.05 as “scouring powders and similar preparations”. of heading 34.02, “Organic surface-active agents” are products which when mixed with water at at 20oc and left to stand for one hour at the same temperature: or translucent liquid or stable emulsion without separation of insoluble matter; and tension of water to 4.5 X10-2N/m (45 dyne/cm) or less expression “petroleum oils and oils obtained from bituminous minerals” applies to the products defined 27. to the exclusions provided below, the expression “artificial waxes and prepared waxes” applies only organic products of a waxy character, whether or not water-soluble; by mixing different waxes; waxy character with a basis of one or more waxes and containing fats, resins, mineral substances or apply to: 15.16, 34.02 or 38.23, even if having a waxy character; waxes or unmixed vegetable waxes, whether or not refined or coloured, of heading 15.21; or similar products of heading 27.12, whether or not intermixed or merely coloured; or dispersed in on dissolved in a liquid medium (heading 34.05, 38.09, etc.). Item Description (4) Standard Unit of Quantity (5) Duty Rate (6) Soap; organic surface-active productsand preparations for use as soap, in the form of bars, cakes, moulded pieces or shapes, whether or not containing soap; organic surface-active products and preparations for washing the skin, in the form of liquid or cream and put up for retail sale, whether or not containing soap; paper, wadding, felt and nonwovens, impregnated, coated or covered with soap or detergent. Soap and organic surface-active products and preparations, in the form of bars, cakes, moulded pieces or shapes, and paper, wadding, felt and non woven, impregnated, coated or covered with soap or detergent:",kg,25%,
3401.1100,For toilet use (including medicated products) 104 Item Description (4) Standard Unit of Quantity (5) Duty Rate (6),kg,35%,
3401.1900,Other Soap in other forms:,kg,35%,
3401.2010,Soap noodles,kg,15%,
3401.2090,Other,kg,35%,
3401.3000,"Organic surface-active products and preparations for washing the skin, in the form of liquid or cream and put up for retail sale,whether or not containing soap Organic surface-active agents (other than soap); surface-active preparations, washingpreparations (including auxiliary washing preparations) and cleaning preparations,whether or not containing soap, other thanthose of heading 34.01. Organic surface-active agents, whether or not put upfor retail sale:",kg,35%,
3402.1100,--Anionic,kg,15%,
3402.1200,Cationic,kg,15%,
3402.1300,Non-ionic,kg,15%,
3402.1900,Other,kg,15%,
3402.2000,Preparations put up for retail sale,kg,15%,
3402.9000,"Other Lubricating preparations (including cutting-oil preparations, bolt or nut release preparations, anti-rust or anti-corrosion preparations, and mould release preparations, based on lubricants) and preparations of a kind used for the oil or grease treatment of textile materials, leather, furskins or other materials, but excluding preparations containing, as basic constituents, or more by weight of petroleum oils or of oils obtained from bituminous minerals. containing petroleum oils or oils obtained frombituminous minerals:",kg,15% 70%,
3403.1100,"Preparations for the treatment of textilematerials, leather, furskins or other materials",kg,5%,
3403.1900,Other other:,kg,5%,
3403.9100,"Preparations for the treatment of textilematerials, leather, furskins or other materials",kg,5%,
3403.9900,Other Artificial waxes and prepared waxes.,kg,5%,
3404.2000,Of poly(oxyethylene) (polyethylene glycol),kg,35%,
3404.9000,"Other Polishes and creams, for footwear, furniture, floors, coachwork, glass or metals, scouring pastes and powders and similar preparations (whether or not in the form of paper, wadding, felt, nonwovens, cellular plastics or cellular rubber, impregnated, coated orcovered with such preparations), excluding waxes of heading 34.04.",kg,35%,
3405.1000,"Polishes, creams and similar preparations for footwear or leather",kg,15%,
3405.2000,"Polishes, creams and similar preparations for the maintenance of wooden furniture, floors or other woodwork",kg,15%,
3405.3000,"Polishes and similar preparations for coachwork, other than metal polishes",kg,15%,
3405.4000,Scouring pastes and powders and other scouring preparations 105 Item Description (4) Standard Unit of Quantity (5) Duty Rate (6),kg,15%,
3405.9000,Other,kg,15%,
3406.0000,"Candles, tapers and the like. Modelling pastes, including those put up for children's amusement;preparationsknown as “dental wax” or as “dentalimpression compounds”, put up in sets, in packings for retail sale or in plates,horseshoe shapes, sticks or similar forms;other preparations for use in denistry, with a basis of plaster (of calcined gypsum or calcium sulphate).",kg,15%,
3407.0010,"Dental wax or dental impressioncompounds; other preparations forusein dentistry, with a basis of plaster (of calcined gypsum or calcium sulphate)",kg,5%,
3407.0090,"Other 106 Chapter 35 Albuminoidal substances; modified starches; glues; enzymes cover: 21.02); (other than blood albumin not prepared for therapeutic or prophylactic uses), medicaments or other 30; for pre-tanning heading 32.02); or washing preparations or other products of Chapter 34; (heading 39.13); or of the printing industry (Chapter 49). of heading 35.05, the term “dextrines” means starch degradation products with a reducing sugar content, on the dry substance, not exceeding 10%. Such products with a reducing sugar content exceeding10% Item Description (4) Standard Unit of Quantity (5) Duty Rate (6) Casein, caseinates and other casein derivatives; casein glues.",kg,25%,
3501.1000,Casein,kg,Free,
3501.9000,"Other Albumins (including concentrates of two or more whey proteins, containing by weight more than whey proteins, calculated on the dry matter), albuminates and other albuminderivatives. Egg albumin:",kg,15% 80%,
3502.1100,Dried,kg,15%,
3502.1900,Other,kg,15%,
3502.2000,"Milk albumin, including concentrates of two or more whey proteins",kg,15%,
3502.9000,Other,kg,15%,
3503.0000,"Gelatin (including gelatin in rectangular (including square) sheets, whether or not surface-worked or coloured) and gelatin derivatives; isinglass; other glues of animal origin, excluding casein glues of heading 35.01.",kg,15%,
3504.0000,"Peptones and their derivatives; other protein substances and their derivatives, not elsewhere specified or included; hide powder, whether or not chromed. Dextrins and other modified starches(for example, pregelatinised or esterified starches); glues based on starches, or on dextrins or other modified starches.",kg,15%,
3505.1000,Dextrins and other modified starches,kg,5%,
3505.2000,"Glues Prepared glues and other prepared adhesives, not elsewhere specified or included; products suitable for use as glues or adhesives, put up for retail sale as glues or adhesives, not exceeding a net weight of 1 kg.",kg,15%,
3506.1000,"Products suitable for use as glues or adhesives, put up for retail sale as glues or adhesives, not exceeding a net weight of 1 kg Other:",kg,15%,
3506.9100,Adhesives based on polymers of headings 39.01 to39.13 or on rubber,kg,15%,
3506.9900,Other Enzymes; prepared enzymes not elsewhere specified or included.,kg,15%,
3507.1000,Rennet and concentrates thereof,kg,5%,
3507.9000,"Other 107 Chapter 36 Explosives; pyrotechnic products; matches; pyrophoric alloys; certain combustible preparations cover separate chemically defined compounds other than those described in Note 2 (a) or (b) below. of combustible materials” in heading 36.06 applies only to: hexamethyleneteramine and similar substances, put up in forms (for example, tablets, sticks or similar as fuels; fuels with a basis of alcohol, and similar prepared fuels, in solid or semi-solid form; fuels in containers or a kind used for filling or refilling cigarette or similar lighters and of a capacity cm3; and firelighters and the like. Item Description (4) Standard Unit of Quantity (5) Duty Rate (6)",kg,15%,
3601.0000,Propellent powders.,kg,5%,
3602.0000,"Prepared explosives, other than propellent powders.",kg,5%,
3603.0000,"Safety fuses; detonating fuses; percussion or detonating caps;igniters; electric detonators. Fireworks, signalling flares, rain rockets, fog signals and other pyrotechnic articles.",kg,5%,
3604.1000,Fireworks,kg,35%,
3604.9000,Other,kg,35%,
3605.0000,"Matches, other than pyrotechnic articles of heading 36.04. Ferro-cerium and other pyrophoric alloys inall forms; articles of combustible materials as specified in Note 2 to this Chapter.",kg,35%,
3606.1000,Liquid or liquefied-gas fuels in containers of a kind used for filling or refilling cigarette or similar lighters and ofa capacity not exceeding 300 cm3,kg,35%,
3606.9000,"Other 108 Chapter 37 Photographic or cinematographic goods cover waste or scrap. word “photographic” relates to the process by which visible images are formeddirectly or indirectly, by forms of radiation on photosensitive surfaces. Item Description (4) Standard Unit of Quantity (5) Duty Rate (6) Photographic plates and film in the flat, sensitised, unexposed, of any material other than paper, paperboard or textiles; instant print film in the flat, sensitised, unexpoed, whether or not in packs.",kg,35%,
3701.1000,For X-ray,m2,Free,
3701.2000,Instant print film,kg,15%,
3701.3000,"Other plates and film, with any side exceeding 25 mm Other:",m2,15%,
3701.9100,For colour photography (polychrome),kg,15%,
3701.9900,"--Other Photographic film in rolls, sensitized, unexposed, of any material other than paper, paperboard or textiles; instant print film in rolls, sensitised, unexposed.",m2,15%,
3702.1000,"For X-ray Other film, without perforations, of a widthnot exceeding 105 mm:",m2,Free,
3702.3100,--For colour photography (polychrome),m2,15%,
3702.3200,"--Other, with silver halide emulsion",m2,15%,
3702.3900,"--Other Other film, without perforations, of a width exceeding 105 mm :",m2,15%,
3702.4100,"--Of a width exceeding 610 mm and of a length exceeding 200 m, for colour photography (polychrome)",m2,15%,
3702.4200,"--Of a width exceeding 610 mm and of a length exceeding 200m, other than for colour photography",m2,15%,
3702.4300,--Of a width exceeding 610 mm and of a lengthnot exceeding 200 m,m2,15%,
3702.4400,"--Of a width exceeding 105 mm but notexceeding 610 mm -Other film, for colour photography(polychrome):",m2,15%,
3702.5200,Of a width not exceeding 16 mm,m2,15%,
3702.5300,"Of a width exceeding 16 mm but notexceeding 35 mm and of a length notexceeding 30 m, for slides",m2,15%,
3702.5400,"Of a width exceeding 16 mm but not exceeding 35 mm and of a length not exceeding 30 m,other than for slides",m2,15%,
3702.5500,Of a width exceeding 16 mm but not exceeding35 mmand of a length exceeding 30m,m2,15%,
3702.5600,Of a width exceeding 35 mm Other:,m2,15%,
3702.9600,Of a width not exceeding 35 mm and of a length not exceeding 30m 109 Item Description (4) Standard Unit of Quantity (5) Duty Rate (6),m2,15%,
3702.9700,Of a width not exceeding 35 mm and of a length exceeding 30 m,m2,15%,
3702.9800,"Of a width exceeding 35 mm Photographic paper, paperboard and textiles, senstitised, unexposed.",m2,15%,
3703.1000,In rolls of a width exceeding 610 mm,kg,25%,
3703.2000,"Other, for colour photography (polychrome)",kg,25%,
3703.9000,Other,kg,25%,
3704.0000,"Photographic plates, film, paper paperboard and textiles, exposed but not developed.",kg,25%,
3705.0000,"Photographic plates, film, paper exposed and developed, other thancinematographic film. Cinematographic film, exposed and developed, whether or not incorporating sound track or consisting only of sound track.",kg,15%,
3706.1000,Of a width of 35 mm or more m,,15%,
3706.9000,"Other m Chemical preparations for photographic uses (other than varnishes, glues, adhesives and similar preparations); unmixed products for photographic uses, put up in measured portions or put up for retail sale in a form ready for use.",,15%,
3707.1000,Sensitising emulsion,kg,25%,
3707.9000,"Other 112 phosphate, aldrin (ISO), camphechlor (ISO) (toxaphene), chlordane (ISO), chlordecone (clofenotane (INN),1,1,1-trichloro-2,2-bis(p- chlorophenyl)ethane), dieldrin (ISO, INN), endosulfan (ISO), (ISO),mirex (ISO), 1,2,3,4,5,6-hexachlorocyclohexane(HCH(ISO)), including lindane (ISO, INN), (ISO),hexachlorobenzene(ISO), perfluorooctanesulphonic acid, its salts, perfluorooctanesulphonamides, fluoride or tetra-, penta-, hexa-, hepta- or octabromodiphenyl ethers. of subheadings 3825.41 and 3825.49, ""waste organic solvents"" are wastes containing mainly organic further use as presented as primary products, whether or not intended for recovery of the solvents. Item Description (4) Standard Unit of Quantity (5) Duty Rate (6) Artificial graphite; colloidal or semi-colloidal graphite, preparations based on graphite or other carbon in the form of pastes, blocks,plates or other semi-manufactures.",kg,25%,
3801.1000,Artificial graphite,kg,Free,
3801.2000,Colloidal or semi-colloidal graphite,kg,5%,
3801.3000,Carbonaceous pastes for electrodes and similar pastes for furnace linings,kg,5%,
3801.9000,"Other Activated carbon; activated natural mineral products; animal black, including spent animal black.",kg,5%,
3802.1000,Activated carbon,kg,5%,
3802.9000,Other,kg,5%,
3803.0000,"Tall oil, whether or not refined.",kg,5%,
3804.0000,"Residual lyes from the manufacture of wood pulp, whether or not concentrated desugared or chemically treated, including lignin sulphonates, but excluding tall oil of heading 38.03. Gum, wood or sulphate turpentine and other terpenic oils produced by the distillation or other treatment of coniferous woods; crude dipentene; sulphite turpentine and other crude para-cymine; pine oil containing alpha-terpineol as the main constituent.",kg,5%,
3805.1000,"Gum, wood or sulphate turpentine oils",kg,5%,
3805.9000,"Other Rosin and resin acids, and derivatives thereof; rosin spirit and rosin oils; run gums.",kg,5%,
3806.1000,Rosin and resin acids,kg,5%,
3806.2000,"Salts of rosin, of resin acids or of derivatives of rosin or resin acids, other than salts ofrosin adducts",kg,5%,
3806.3000,Ester gums,kg,5%,
3806.9000,Other,kg,5%,
3807.0000,"Wood tar; wood tar oils; wood creosote; wood naphtha; vegetable pitch; brewers’ pitch and similar preparations based on rosin, resin acids or on vegetable pitch. Insecticides, rodenticides, fungicides, herbicides, anti-sprouting products and plant-growth regulators, disinfectants and similar products, put up informs or packings for retail sale or as preparations or articles (for example, sulphur treated bands, wicks and candles, and fly-papers) Goods specified in subheading Note 1 to this Chapter:",kg,5%,
3808.5200,"DDT (ISO) (clofenotane (INN)), in packings of a net weight content not exceeding 300 g 113 Item Description (4) Standard Unit of Quantity (5) Duty Rate (6) Other:",kg,Free,
3808.5910,---Containingbromomethane (methyl bromide) or bromochloromethane,kg,25%,
3808.5990,Other Goods specified in Subheading Note 2 to this Chapter:,kg,Free,
3808.6100,In packings of a net weight content not exceeding 300 g,kg,Free,
3808.6200,In packings of a net weightcontent exceeding 300 g but not exceeding 7.5,kg kg,Free,
3808.6900,Other Insecticides:,kg,Free,
3808.9110,Containing bromomethane (methyl bromide) or bromochloromethane,kg,25%,
3808.9190,Other Fungicides:,kg,Free,
3808.9210,Containing bromomethane (methyl bromide) orbromochloromethane,kg,25%,
3808.9290,"Other Herbicides, anti-sprouting products and plant–growth regulators:",kg,Free,
3808.9310,Containing bromomethane (methyl bromide) or bromochloromethane,kg,25%,
3808.9390,Other Disinfectants:,kg,Free,
3808.9410,Containing bromomethane (methyl bromide) or bromochloromethane,kg,25%,
3808.9490,Other Other:,kg,Free,
3808.9910,Containing bromomethane (methyl bromide) or bromochloromethane,kg,25%,
3808.9990,"Other Finishing agents, dye carriers to accelerate the dyeing or fixing of dyestuffs and other products and preparations(for example, dressings and mordants), of a kind used in the textile, paper, leather or like industries not elsewhere specified or included",kg,Free,
3809.1000,With a basis of amylaceous substances Other:,kg,5%,
3809.9100,Of a kind used in the textile or like industries,kg,5%,
3809.9200,Of a kind used in the paper or like industries,kg,5%,
3809.9300,"Of a kind used in the leather or like industries Pickling preparations for metal surfaces; fluxes and other auxiliary preparations for soldering, brazing or welding; soldering, brazing or welding powders and pastes consisting of metal and other materials; preparations of a kind used as cores orcoatings for welding electrodes or rods",kg,5%,
3810.1000,"Pickling preparations for metal surfaces; soldering, brazing or welding powders and pastes consisting of metal and other materials",kg,5%,
3810.9000,"Other Anti-knock preparations, oxidation inhibitors, gum inhibitors, viscosity improvers, anti-corrosive preparations and other prepared additives, for mineral oils (including gasoline) or for other liquids used for the same purposes as mineral oils. Anti-knock preparations:",kg,5%,
3811.1100,--Based on lead compounds,kg,25%,
3811.1900,--Other Additives for lubricating oils: 114 Item Description (4) Standard Unit of Quantity (5) Duty Rate (6),kg,25%,
3811.2100,--Containing petroleum oils or oils obtained from bituminous minerals,kg,25%,
3811.2900,--Other,kg,25%,
3811.9000,"Other Prepared rubber accelerators; compundplasticisers for rubber or plastics, not elsewhere specified or included; anti-oxidising preparations and other compound stablisersfor rubber or plastics.",kg,25%,
3812.1000,Prepared rubber accelerators,kg,Free,
3812.2000,Compound plasticisers for rubber or plastics Anti-oxidising preparations and other compound stabilizers for rubber orplastics:,kg,Free,
3812.3100,"Mixtures of oligomers of 2,2, 4-trimethyl-1,2-dihydroquinoline (TMQ)",kg,5%,
3812.3900,Other,kg,5%,
3813.0000,Preparations and charges for fire-extinguishers; charged fire-extinguishing grenades.,kg,Free,
3814.0000,"Organic composite solvents and thinners, not elsewhere specified or included; prepared paint or varnish removers. Reaction initiators, reaction accelerators and catalytic preparations, not elsewhere specified or included. Supported catalysts:",kg,15%,
3815.1100,--With nickel or nickel compounds as the activesubstance,kg,5%,
3815.1200,--With precious metal or precious metal compounds as the active substance,kg,5%,
3815.1900,--Other,kg,5%,
3815.9000,Other,kg,5%,
3816.0000,"Refractory cements, mortars, concretes and similar compositions, other than products of heading 38.01.",kg,5%,
3817.0000,"Mixed alkyl benzenes and mixed alkyl naphthalenes, other than those of heading 27.07 or 29.02.",kg,5%,
3818.0000,"Chemical elements doped for use in electronics, in the form of discs, wafers or similar forms; chemical compounds doped for use in electronics.",kg,5%,
3819.0000,"Hydraulic brake fluids and other prepared liquids for hydraulictransmission, not containing or containing less than by weight ofpetroleum oils or oils obtained from bituminous minerals.",kg,70% 5%,
3820.0000,Anti-freezing preparations and prepared de-icing fluids.,kg,5%,
3821.0000,"Prepared culture media for the development or maintenance of micro- organisms (including viruses and the like) or of plant, human or animal cells.",kg,Free,
3822.0000,"Diagnostic or laboratory reagents on a backing and prepared diagnostic or laboratory reagents whether or not on a backing, other than those of heading 30.02 or 30.06; certified reference materials. Industrial monocarboxylic fatty acids; acid oils from refining; industrial fatty alcohols. Industrial monocarboxylic fatty acids; acid oils from refining:",kg,Free,
3823.1100,Stearic acid,kg,5%,
3823.1200,Oleic acid,kg,5%,
3823.1300,Tall oil fatty acids,kg,5%,
3823.1900,Other,kg,5%,
3823.7000,"Industrial fatty alcohols Prepared binders for foundry moulds or cores;chemical products and 115 Item Description (4) Standard Unit of Quantity (5) Duty Rate (6) preparations of the chemical or allied industries (including thoseconsisting of mixtures of natural products), not elsewhere specified or included.",kg,5%,
3824.1000,Prepared binders for foundry moulds or coresinsoluble salts and their esters,Kg,5%,
3824.3000,Non-agglomerated metal carbides mixed together or with metallic binders,Kg,5%,
3824.4000,"Prepared additives for cements, mortars or concretes",Kg,5%,
3824.5000,Non-refractory mortars and concretes,kg,5%,
3824.6000,"Sorbitol other than that of subheading 2905.44 Mixtures containing halogenated derivatives of methane, ethane or propane:",kg,5%,
3824.7100,"--Containing chlorofluorocarbons (CFCs),whether or not containing hydrochlorofluorocarbons (HCFCs), perfluorocarbons (PFCs) or hydrofluorocarabons (HFCs)",kg,5%,
3824.7200,"Containing bromochlorodifluoromethane, bromotrifluoromethaneordibromotetrafluoroethanes",kg,5%,
3824.7300,Containing hydrobromofluorocarbons (HBFCs),kg,5%,
3824.7400,"Containing hydrochlorofluorocarbons (HCFCs), whether or not containing perfluorocarbons (PFCs) or hydrofluorocarbons (HFCs), but not contining chlorofluorocarbons (CFCs)",kg,5%,
3824.7500,Containing carbon tetrachloride,kg,5%,
3824.7600,"Containing 1, 1,1-trichloroethane (methyl chloroform)",kg,5%,
3824.7700,Containing bromomethane (methyl bromide) or bromochloromethane,kg,5%,
3824.7800,"Containing perfluorocarbons (PFCs) or hydrofluorocarbons (HFCs), but not containing chlorofluorocarbons (CFCs) or hydrochlorofluorocarbons (HCFCs)",kg,5%,
3824.7900,Other Goods specified in Subheading Note 3 to this Chapter:,kg,5%,
3824.8100,Containing oxirane (ethylene oxide),kg,5%,
3824.8200,"Containing polychlorinated biphenyls (PCBs), polychlorinated terphenyls (PCTs) or polybrominated biphenyls (PBBs)",kg,5%,
3824.8300,"Containing tris(2,3-dibromopropyl) phosphate Goods specified in Subheading Note 3 to this Chapter:",kg,5%,
3824.8400,"Containing aldrin (ISO), camphechlor (ISO) (toxaphene), chlordane(ISO), chlordecone (ISO), DDT (ISO) (clofenotane (INN), 1,1,1-trichloro-2,2-bis(p- chlorophenyl) ethane), dieldrin (ISO, INN), endosulfan (ISO), endrin (ISO), heptachlor (ISO) or mirex (ISO)",kg,5%,
3824.8500,"--Containing 1,2,3,4,5,6-hexachlorocyclohexane (HCH (ISO)), including lindane (ISO, INN)",kg,5%,
3824.8600,--Containing pentachlorobenzene (ISO) or hexachlorobenzene (ISO),kg,5%,
3824.8700,"--Containing perfluorooctanesulphonic acid, its salts, perfluorooctanesulphonamides, or perfluorooctanesulphonyl fluoride",kg,5%,
3824.8800,"Containing tetra-, penta-, hexa-, hepta- or octabromodiphenyl ethers Other :",kg,5%,
3824.9100,"Mixtures and preparations consisting mainly of (5-ethyl-2-methyl-2-oxido- 1,3,2-dioxaphosphinan-5-yl) methyl methylmethylphosphonate and bis[(5- ethyl-2-methyl-2-oxido-1,3,2dioxaphosphinan-5-yl)methyl] methylphosphonate Other:",kg,5%,
3824.9910,Ion-exchangers and anti-scaling compounds for use in boilers and pipes; extenders 116 Item Description (4) Standard Unit of Quantity (5) Duty Rate (6),kg,5%,
3824.9920,"---Correction fluid, stencil correctors and ink removers",kg,5%,
3824.9990,"---Other Residual products of the chemical or allied industries, not elsewhere specified or included; municipal waste; sewage sludge; other wastes specified in Note 6 to this Chapter.",kg,5%,
3825.1000,Municipal waste,kg,35%,
3825.2000,Sewage sludge,kg,35%,
3825.3000,Clinical waste Waste organic solvents:,kg,35%,
3825.4100,--Halogenated,kg,35%,
3825.4900,--Other,kg,35%,
3825.5000,"Wastes of metal pickling liquors, hydraulic fluids, brake fluids and anti-freeze fluids Other wastes from chemical or allied industries:",kg,35%,
3825.6100,Mainly containing organic constituents,kg,35%,
3825.6900,Other,kg,35%,
3825.9000,Other,kg,35%,
3826.0000,"Biodiesel and mixtures thereof, not containing or containing less than by weight of petroleum oils or oils obtained from bituminous minerals. 120 named in subheadings 3901.30, 3901.40, 3903.20, 3903.30 and 3904.30 are to be classified in provided that the co-monomer units of thenamed copolymers contribute or more by weight polymer content. modified polymers are to be classified in the subheading named ""Other"", provided that the chemically polymers are not more specifically covered by another subheading. not meeting (1), (2) or (3) above, are to be classified in the subheading, among the remaining subheadings covering polymers of that monomer unit which predominates by weight over every other unit. For this purpose, constituent monomer units of polymers falling in the same subheading shall together. Only the constituent comonomer units of the polymers in the series of subheadings are to be compared. subheading named “Other’ in the same series: are to be classified in the subheading covering polymers of that monomer unit which predominates by every other single comonomer unit. For this purpose, constituent monomer units of polymers falling subheading shall be taken together.Only the constituent comonomer units of the polymers in the consideration are to be compared. modified polymers are to be classified in the subheading appropriate to the unmodified polymer. are to be classified in the same subheading as polymers of the same monomer units in the same 3920.43,the term “plasticisers” includes secondary plasticisers. Item Description (4) Standard Unit of Quantity (5) Duty Rate (6) I. PRIMARY FORMS Polymers of ethylene, in primary forms",kg,70% Free 60% 95%,
3901.1000,-Polyethylene having a specific gravity of less than 0.94,kg,5%,
3901.2000,Polyethylene having a specific gravity of 0.94 or more,kg,5%,
3901.3000,Ethylene-vinyl acetate copolymers,kg,5%,
3901.4000,"Ethylene-alpha-olefin copolymers, having a specific gravity of less than 0.94",kg,5%,
3901.9000,"Other Polymers of propylene or of other olefins, in primary forms.",kg,5%,
3902.1000,Polypropylene,kg,5%,
3902.2000,Polyisobutylene,kg,5%,
3902.3000,Propylene copolymers,kg,5%,
3902.9000,"Other Polymers of styrene, in primary forms. Polystyrene:",kg,5%,
3903.1100,Expansible,kg,5%,
3903.1900,Other,kg,5%,
3903.2000,Styrene-acrylonitrile (SAN) copolymers,kg,5%,
3903.3000,Acrylonitrile-butadiens-styrene (ABS) coploymers,kg,5%,
3903.9000,"Other Polymers of vinyl chloride or of other halogenated olefins, in primary forms.",kg,5%,
3904.1000,"Poly(vinyl chloride), not mixed with any other substances Other poly(vinyl chloride): 121 Item Description (4) Standard Unit of Quantity (5) Duty Rate (6)",kg,Free,
3904.2100,Non-plasticised,kg,5%,
3904.2200,Plasticised,kg,5%,
3904.3000,Vinyl chloride-vinyl acetate copolymers,kg,5%,
3904.4000,Other vinyl chloride polymers,kg,5%,
3904.5000,Vinylidene chloride polymers Fluoro polymers:,kg,5%,
3904.6100,Polytetrafluoroethylene,kg,5%,
3904.6900,Other,kg,5%,
3904.9000,"Other Polymers of vinyl acetate or of other vinyl esters, in primary forms; other vinyl polymers in primary forms. Poly(vinyl acetate) :",kg,5%,
3905.1200,In aqueous dispersion,kg,5%,
3905.1900,Other Vinyl acetate copolymers :,kg,5%,
3905.2100,In aqueous dispersion,kg,5%,
3905.2900,Other,kg,5%,
3905.3000,"Poly(vinyl alcohol), whether or not containing unhydrolysed acetate groups Other :",kg,5%,
3905.9100,Copolymers,kg,5%,
3905.9900,Other Acrylic polymers in primary forms.,kg,5%,
3906.1000,Poly(methyl methacrylate),kg,5%,
3906.9000,"Other Polyacetals, other polyethers and epoxide resins,in primary forms; polycarbonates, alkyd resins,polyallyl esters and other polyesters in primaryforms.",kg,5%,
3907.1000,Polyactals,kg,5%,
3907.2000,Other polyexhers,kg,5%,
3907.3000,Expoxide resins,kg,5%,
3907.4000,Polycrbonates,kg,5%,
3907.5000,Alkyd resins -Poly(ethylene terephthalate):,kg,15%,
3907.6100,Having a viscosity number of 78 ml/g or higher,kg,5%,
3907.6900,--Other,kg,5%,
3907.7000,Poly(lactic acid) Other polyesters:,kg,5%,
3907.9100,Unsaturated,kg,5%,
3907.9900,Other Polyamides in primary forms.,kg,5%,
3908.1000,"Polyamide 6, -11,-12, -6, 6, -6, 9, -6, 10, or -6, 12",kg,5%,
3908.9000,"Other Amino-resins, phenolic resins and polyurethanes, in primary forms.",kg,5%,
3909.1000,Urea resins; thiourea resins,kg,5%,
3909.2000,Melamine resins Other amino-resins :,kg,5%,
3909.3100,"Poly(methylene phenyl isocyanate) (crude MDI, polymeric MDI)",kg,5%,
3909.3900,--Other 122 Item Description (4) Standard Unit of Quantity (5) Duty Rate (6),kg,5%,
3909.4000,Phenolic resins,kg,5%,
3909.5000,Polyurethanes,kg,5%,
3910.0000,"Silicones in primary forms. Petroleum resins, coumarone-indene resins, polyterpenes, polysulphides, polysulphones and other products specified in Note 3 to this Chapter, not eleswhere specified or included, in primary forms.",kg,5%,
3911.1000,"Petroleum resins, coumarone, indene or cumarone-indene resins andpolyterpenes",kg,5%,
3911.9000,"Other Cellulose and its chemical derivatives, not elsewhere specified or included, in primary forms. Cellulose acetates:",kg,5%,
3912.1100,--Non-plasticised,kg,5%,
3912.1200,--Plasticised,kg,5%,
3912.2000,Cellulose nitrates (including collodions) Cellulose ethers:,kg,5%,
3912.3100,--Carboxymethylcellulose and its salts,kg,5%,
3912.3900,--Other,kg,5%,
3912.9000,"Other Natural polymers (for example, alginic acid) and modified natural polymers(for example, hardened proteins, chemical derivatives of natural rubber) not elsewhere specified or included, in primary forms.",kg,5%,
3913.1000,"Alginic acid, its salts and esters",kg,5%,
3913.9000,Other,kg,5%,
3914.0000,"Ion-exchangers based on polymers of headings 39.01 to 39.13, in primary forms. II. WASTE, PARINGS AND SCRAP; SEMI-MANUFACTURES; ARTICLES Waste, parings and scrap, of plastics.",kg,5%,
3915.1000,Of polymers of ethylene,kg,5%,
3915.2000,Of polymers of styrene,kg,5%,
3915.3000,Of polymers of vinyl chloride,kg,5%,
3915.9000,"Of other plastics Monofilament of which any cross sectional dimension exceeds 1 mm rods, sticks and profile shapes, whether or not surface-worked but not otherwise worked, of plastics.",kg,5%,
3916.1000,Of polymers of ethylene,kg,5%,
3916.2000,Of polymers of vinyl chloride,kg,5%,
3916.9000,"Of other plastics Tubes, pipes and hoses and fittings thereof(for example, joints, elbows, flanges) of plastics.",kg,5%,
3917.1000,"Artificial guts (sausage casings) of hardened protein or of cellulosic materials Tubes, pipes and hoses, rigid:",kg,25%,
3917.2100,Of polymers of ethylene,kg,25%,
3917.2200,Of polymers of propylene,kg,25%,
3917.2300,Of polymers of vinyl chloride,kg,25%,
3917.2900,"Of other plastics Tubes, pipes and hoses:",kg,25%,
3917.3100,"Flexible tubes, pipes and hoses having a minimum burst pressure of 27.6 Mpa 123 Item Description (4) Standard Unit of Quantity (5) Duty Rate (6)",kg,25%,
3917.3200,"Other, not reinforced or otherwise combined with other materials, without fittings",kg,25%,
3917.3300,"Other, not reinforced or otherwise combined with other materials, with fittings Other:",kg,25%,
3917.3910,Of a diameter exceeding 630 mm,kg,5%,
3917.3990,Other Fittings:,kg,25%,
3917.4010,Designed for a diameter exceeding 630 mm,kg,5%,
3917.4090,"Other Floor coverings of plastics, whether or not self-adhesive, in rolls or in the form of tiles; wall or ceiling coverings of plastics, as defined in Note 9 to this Chapter.",kg,25%,
3918.1000,Of polymers of vinyl chloride,kg,35%,
3918.9000,"Of other plastics Self-adhesive plates, sheets, film, foil, tape, strip and other flat shapes of plastics, whether or not in rolls. In rolls of a width not exceeding 20 cm:",kg,35%,
3919.1010,Not printed,kg,5%,
3919.1090,Other Other:,kg,15%,
3919.9010,Not printed,kg,5%,
3919.9090,"Other Other plates, sheets, film, foil and strip, of plastics, non-cellular and not reinforced, laminated, supported or similarly combined with other materials. Of polymers of ethylene:",kg,15%,
3920.1010,Not printed,kg,5%,
3920.1090,Other Of polymers of propylene:,kg,15%,
3920.2010,Not printed,kg,5%,
3920.2090,Other Of polymers of styrene:,kg,15%,
3920.3010,Not printed,kg,5%,
3920.3090,Other Of polymers of vinyl chloride: Containing by weight not less than of plasticisers:,kg,15% 6%,
3920.4310,Not printed,kg,5%,
3920.4390,Other Other:,kg,15%,
3920.4910,Not printed,kg,5%,
3920.4990,Other Of acrylic polymers: Of poly(methyl methacrylate):,kg,15%,
3920.5110,Not printed,kg,5%,
3920.5190,Other Other:,kg,15%,
3920.5910,Not printed,kg,5%,
3920.5990,"Other 124 Item Description (4) Standard Unit of Quantity (5) Duty Rate (6) Of polycarbonates,alkyd resins, polyallyl esters or other polyesters: Of polycarbonates:",kg,15%,
3920.6110,Not printed,kg,5%,
3920.6190,Other Of poly(ethlene terephthalate):,kg,15%,
3920.6210,Not printed,kg,5%,
3920.6290,Other Of unsaturated polyesters:,kg,15%,
3920.6310,Not printed,kg,5%,
3920.6390,Other Of other polyesters:,kg,15%,
3920.6910,Not printed,kg,5%,
3920.6990,Other Of cellulose or its chemical derivatives: Of regenerated cellulose:,kg,15%,
3920.7110,Not printed,kg,5%,
3920.7190,Other Of cellulose acetate:,kg,15%,
3920.7310,Not printed,kg,5%,
3920.7390,Other Of other cellulose derivatives:,kg,15%,
3920.7910,Not printed,kg,5%,
3920.7990,Other Of other plastics: Of poly(vinyl butyral):,kg,15%,
3920.9110,Not printed,kg,5%,
3920.9190,Other Of polyamides:,kg,15%,
3920.9210,Not printed Other Of amino-resins:,kg kg,5% 15%,
3920.9310,Not printed,kg,5%,
3920.9390,Other Of phenolic resins:,kg,15%,
3920.9410,Not printed,kg,5%,
3920.9490,Other Of other plastics:,kg,15%,
3920.9910,Not printed,kg,5%,
3920.9990,"Other Other plates, sheets, film, foil and strip, of plastics. Cellular: Of polymers of styrene:",kg,15%,
3921.1110,Not printed,kg,5%,
3921.1190,Other Of polymers of vinyl chloride:,kg,15%,
3921.1210,Not printed,kg,5%,
3921.1290,Other 125 Item Description (4) Standard Unit of Quantity (5) Duty Rate (6) Of polyurethanes:,kg,15%,
3921.1310,Not printed,kg,5%,
3921.1390,Other Of regenerated cellulose:,kg,15%,
3921.1410,Not printed,kg,5%,
3921.1490,Other Of other plastics:,kg,15%,
3921.1910,Not printed,kg,5%,
3921.1990,Other Other፡,kg,15%,
3921.9010,Not printed,kg,5%,
3921.9090,"Other Baths, shower-baths, sinks, wash-basins, bidets, lavatory pans, seats and covers, flushing cisterns and similar sanitary ware, of plastics.",kg,15%,
3922.1000,"Baths, shower-baths, sinks and wash-basins",kg,35%,
3922.2000,Lavatory seats and covers,kg,35%,
3922.9000,"Other Articles for the conveyance or packing of goods, of plastics; stoppers lids, caps and other closures of plastics.",kg,35%,
3923.1000,"Boxes, cases, crates and similar articles Sacks and bags (including cones): --Of polymers of ethylene:",kg,35%,
3923.2110,Shopping bags,kg,35%,
3923.2190,Other --Of other plastics:,kg,15%,
3923.2910,Shopping bags,kg,35%,
3923.2990,Other,kg,15%,
3923.3000,"Carboys, bottles, flasks and similar articles",kg,35%,
3923.4000,"Spools, cops, bobbins and similar supports",kg,35%,
3923.5000,"Stoppers, lids, caps and other closures Other:",kg,35%,
3923.9010,Articles for the packingof for pharmaceutical products,kg,Free,
3923.9020,"Articles for the packing of tooth pasts, cosmotics and similar products",kg,15%,
3923.9090,"Other Tableware, kitchenware, other household articles and hygienic or toilet articles, of plastics. Tableware and kitchenware:",kg,35%,
3924.1010,Infant feeding bottles with or without nipples,kg,25%,
3924.1090,Other,kg,35%,
3924.9000,"Other Builders’ ware of plastics, not elsewhere specified or included.",kg,35%,
3925.1000,"Reservoirs, tanks, vats and similar containers, of a capacity exceeding 300",l kg,35%,
3925.2000,"Doors, windows and their frames and thresholds for doors",kg,35%,
3925.3000,"Shutters, blinds (including venetian blinds) and similar articles and parts thereof",kg,35%,
3925.9000,Other Other articles of plastics and articles of other materials of heading 39.01 to 3 9.14.,kg,35%,
3926.1000,Office or school supplies 126 Item Description (4) Standard Unit of Quantity (5) Duty Rate (6),kg,35%,
3926.2000,"Articles of apparel and clothing accessories (including gloves, mittens and mitts)",kg,35%,
3926.3000,"Fittings for furniture, coachwork or the like",kg,15%,
3926.4000,Statuettes and other ornamental articles Other:,kg,35%,
3926.9010,"Shoe lasts , articles of a kind used for road construction, articles of a kind used as insect attractants (control), conveyor belts or belting, plastic knob",kg,5%,
3926.9020,"Transmission belts or belting, accessories of garment",kg,15%,
3926.9090,"Other 128 of the following substances in any rubber or mixture of rubbers shall not affect its clasification in 40.02, as the case may be, provided that such rubber or mixture of rubbers retains its essential character anti-tack agents; of breakdown products of emulsifiers; amounts of the following: heat-sensitive agents (generally for obtaining thermosensitive rubber latexes), agents (generally for obtaining electro-positive rubber latexes), antioxidants, coagulants, freeze-resisting agents, peptisers, preservatives, stabilisers, viscosity-control agents, or similar special- heading 40.04, the expression “waste, parings and scrap” means rubber waste, parings and scrap from the of rubber and rubber goods definitely not usable as such because of cutting-up, wear or other reasons. rubber, of which any cross-sectional dimension exceeds 5 mm, is to be classified as strip, rods or 40.08. conveyor or transmission belts or belting of textile fabric impregnated, coated, covered or laminated from textile yarn or cord impregnated, coated, covered or sheathed with rubber. 40.03. 40.05 and 40.08, the expressions “plates”, “sheets” and “strip” apply only to plates, sheets and of regular geometric shape, uncut or simply cut to rectangular (including square) shape, whether or not of articles and whether or not printed or otherwise surface-worked, but not otherwise cut to shape or expression “rods” and “profile shapes” apply only to such products, whether or not cut to length or not otherwise worked. Item Description (4) Standard Unit of Quantity (5) Duty Rate (6) Natural rubber, balata, gutta-percha guayule, chicle and similar natural gums, in primary forms or in plates, sheets or strip.",kg,35%,
4001.1000,"Natural rubber latex, whether or not pre-vulcanised Natural rubber in other forms:",kg,Free,
4001.2100,Smoked sheets,kg,Free,
4001.2200,Technically specified naturalrubber (TSNR),kg,Free,
4001.2900,Other,kg,Free,
4001.3000,"Balata, gutta-percha, guayule, chicle andsimilar natural gums Synthetic rubber and factice derivedforms oils, in primapry forms or in plates, sheets or strip; mixtures of any product of heading No. 40.01 with any product of this heading, in primary forms or in plates, sheets or strip. Styrene-butadiene rubber (SBR) carboxylated styrene-butadiene rubber (XSBR)",kg,Free,
4002.1100,Latex,kg,5%,
4002.1900,Other,kg,5%,
4002.2000,Butadiene rubber (BR) Isobutene-isoprene (buty l) rubber (IIR); halo-isobutene-isoprene rubber (CIIR or BIIR):,kg,5%,
4002.3100,Isobutene-isoprene (butyl) rubber (IIR) 129 Item Description (4) Standard Unit of Quantity (5) Duty Rate (6),kg,5%,
4002.3900,Other Chloroprene (Chlorobutadiene) rubber (CR):,kg,5%,
4002.4100,Latex,kg,5%,
4002.4900,Other Acrylonitrile-butadiene rubber (NBR),kg,5%,
4002.5100,Latex,kg,5%,
4002.5900,Other,kg,5%,
4002.6000,Isoprene rubber (IR),kg,5%,
4002.7000,Ethylene-propylene-non-conjugated diene rubber (EPDM),kg,5%,
4002.8000,Mixtures of any product of heading 40.01 with any product of this heading Other:,kg,5%,
4002.9100,Latex,kg,5%,
4002.9900,Other,kg,5%,
4003.0000,"Reclaimed rubber in primary forms or in plates, sheets or strip.",kg,5%,
4004.0000,"Waste, parings and scrap of rubber(other than hard rubber) and powders and granules obtained therefrom. Compounded rubber, unvulcanised, in primary forms or in plates, sheets or strip. Compounded rubber, unvulcanised, inprimary forms or in plates, sheets orstrip.",kg,5%,
4005.1000,Compounded with carbon black orsilica,kg,5%,
4005.2000,Solutions; dispersions other than those of subheading No.4005.10 Other:,kg,5%,
4005.9100,"Plates, sheets and strip",kg,5%,
4005.9900,"Other Other forms (for exapmle, rods,tubes and profile shapes) and articles (for exapmle, discs and rings), of unvulcanised rubber.",kg,5%,
4006.1000,“Camel-back” strips for retreading rubber tyres,kg,5%,
4006.9000,Other,kg,5%,
4007.0000,"Vulcanised rubber thread and cord. Plates, sheets, strip, rods and pro- file shapes, of vulcanised rubber other than hard rubber. Of cellular rubber:",kg,15%,
4008.1100,"Plates, sheets and strip",kg,15%,
4008.1900,Other Of non-cellular rubber:,kg,15%,
4008.2100,"--Plates, sheets and strip",kg,15%,
4008.2900,"--Other Tubes, pipes and hoses, of vulcanized rubber other than hard rubber, with or without their fittings (for example, joints, elbows, flanges). Not reinforced or otherwise combined with other materials:",kg,15%,
4009.1100,Without fittings,kg,35%,
4009.1200,--With fittings Reinforced or otherwise combined onlywith metal:,kg,35%,
4009.2100,--Without fittings,kg,35%,
4009.2200,--With fittings 130 Item Description (4) Standard Unit of Quantity (5) Duty Rate (6) Reinforced or otherwise combined only with textile materials:,kg,35%,
4009.3100,--Without fittings,kg,35%,
4009.3200,--With fittings Reinforced or otherwise combined with other materials:,kg,35%,
4009.4100,--Without fittings,kg,35%,
4009.4200,"--With fittings Conveyor or transmission belts or belting, of vulcanised rubber. Conveyor belts or belting:",kg,35%,
4010.1100,Reinforced only with metal,kg,5%,
4010.1200,Reinforced only with textile materials,kg,5%,
4010.1900,Other Transmission belts or belting :,kg,5%,
4010.3100,"--Endless transmission belts of trapezoidal cross-section(V-belts), V– ribbed, of an outside circumference exceeding 60 cm but not exceeding 180 cm",kg,35%,
4010.3200,"Endless transmission belts of trapezoidal cross-section (V-belts),other than V– ribbed, of an outside circumference exceeding 60 cm but not exceeding 180 cm",kg,35%,
4010.3300,"--Endless transmission belts of trapezoidal cross-section (V-belts), V- ribbed, of an outside circumference exceeding 180 cm but not exceeding 240 cm",kg,35%,
4010.3400,"Endless transmission belts, of trapezoidal cross-section (V-belts),other than V- ribbed, of an outside circumference exceeding 180 cm but not exceeding 240 cm",kg,35%,
4010.3500,"Endless synchronous belts, of an outside circumference exceeding 60 cm but not exceeding 150 cm",kg,35%,
4010.3600,"--Endless synchronous belts, of an outside circumference exceeding 150 cm but not exceeding 198 cm",kg,35%,
4010.3900,"--Other New pneumatic tyres, of rubber.",kg,35%,
4011.1000,Of a kind used on motor cars (including station wagons and racing cars),u,35%,5%
4011.2000,Of a kind used on buses or lorries,u,15%,
4011.3000,Of a kind used on aircraft,u,Free,
4011.4000,Of a kind used on motorcycles,u,25%,
4011.5000,-Of a kind used on bicycles,u,25%,
4011.7000,Of a kind used on agricultural or forestry vehicles and machines,u,15%,
4011.8000,"Of a kind used on construction, mining or industrial handling vehicles and machines",u,15%,
4011.9000,"Other Retreaded or used pneumatic tyres of rubber;solid or cushion tyres, tyre treads and tyre flaps, of rubber. Retreaded tyres:",u,35%,
4012.1100,Of a kind used on motor cars (including station wagons and racing cars),u,35%,
4012.1200,Of a kind used on buses or lorries,u,15%,
4012.1300,Of a kind used on aircraft,u,Free,
4012.1900,--Other -Used pneumatic tyres: 131 Item Description (4) Standard Unit of Quantity (5) Duty Rate (6),u,25%,
4012.2010,"Of a kind fit for a wheel of rim diameter of 20"" or more or of a ply rating of 18 or more",u,15%,
4012.2090,Other,u,25%,
4012.9000,"Other Inner tubes, of rubber.",u,5%,
4013.1000,"Of a kind used on motor cars (including station wagons and racing cars), buses or lorries",u,35%,
4013.2000,Of a kind used on bicycles Other:,u,25%,
4013.9010,Of a kind used on aircraft,u,Free,
4013.9090,"Other Hygienic or pharmaceutical articles (including teats), of vulcanised rubber other than hard rubber, with or without fittings of hard rubber.",u,25%,5%
4014.1000,Sheath contraceptives,kg,Free,
4014.9000,"Other Articles of apparel and clothing accessories(including gloves, mittens and mitts), for all purposes, of vulcanised rubber other than hard rubber. Gloves, mittens and mitts:",kg,25%,
4015.1100,--Surgical --Other:,kg,5%,
4015.1910,For medical examination use,kg,5%,
4015.1990,Other,kg,35%,
4015.9000,Other Other articles of vulcanisedrubberother than hard rubber.,kg,15%,
4016.1000,Of cellular rubber Other:,kg,35%,
4016.9100,Floor coverings and mats,kg,35%,
4016.9200,Erasers,kg,15%,
4016.9300,"Gaskets, washers and other seals",kg,15%,
4016.9400,"Boat or dock fenders, whether or not inflatable",kg,35%,
4016.9500,Other inflatable articles --Other:,kg,35%,
4016.9910,"Labeling, solar water heater, metal tools and articles suitable for use in the leather products manufacture",kg,15%,
4016.9990,Other,kg,35%,
4017.0000,"Hard rubber(for example, ebonite) in all forms, including waste and scrap; articles of hard rubber. 132 SECTION VIII RAW HIDES AND SKINS, LEATHER, FURSKINS AND THEREOF; SADDLERY AND HARNESS; TRAVEL GOODS, HANDBAGS AND SIMILARCONTAINERS; OF ANIMAL GUT (OTHER THAN SILK-WORM GUT) Chapter 41 Raw hides and skins (other than furskins) and leather cover: waste, of raw hides or skins (heading 05.11); of birdskins, with their feathers or down, of heading 05.05 or 67.01; or with the hair or wool on, raw, tanned or dressed (Chapter 43); the following are, however, to be classified namely, raw hides and skins with the hair or wool on, of bovine animals (including buffalo), of equine or lambs (except Astrakhan, Broadtail, Caracul, Persian or similar lambs, Indian, Chinese, Mongolian , of goats or kids (except Yemen, Monogolian or Tibetan goats and kids), of swine (including peccary), gazelle, of camels (includingdromedaries), of reindeer, of elk, of deer, of roebucks or of dogs. 41.06 do not cover hides and skins which have undergone a tanning (including pre-tanning) process which 41.01 to 41.03, as the case may be). of headings 41.04to 41.06, the term ""crust"" includes hides and skins that have been retanned, coloured or prior to drying. the expression “composition leather” means only substances of the kind referred to in heading 41.15. Item Description (4) Standard Unit of Quantity (5) Duty Rate (6) Raw hides and skins of bovine(including buffalo)or equine animals (fresh, or salted, dried, limed, pickled or otherwise preserved, but not tanned,parchment-dressed or further prepared) whether or not dehaired or split.",kg,35%,
4101.2000,"Whole hides and skins, unsplit, of bovine animals, of a weight per skin notexceeding 8 kg when simply dried, 10 kg when dry-salted, or 16 whenfresh, wet-salted or otherwise preserved",kg kg,Free,
4101.5000,"Whole hides and skins, of a weight exceeding 16 k",kg,Free,
4101.9000,"Other, including butts, bends and bellies Raw skins of sheep or lambs (fresh, or salted,dried, limed, pickled orotherwise preserved, but not tanned, parchment-dressed orfurtherprepared), whether or not with wool on or split, other than thoseexcluded by Note 1(c) to this Chapter.",kg,Free,
4102.1000,With wool on Without wool on:,kg,Free,
4102.2100,Pickled,kg,Free,
4102.2900,"Other Other raw hides and skins (fresh, or salted, dried, limed, pickled or otherwise preserved, but not tanned, partchment-dressed or further 133 Item Description (4) Standard Unit of Quantity (5) Duty Rate (6) prepared), whether or not dehaired or split, other than those excluded by Note 1(b), or 1(c) to this Chapter.",kg,Free,
4103.2000,Of reptiles,kg,Free,
4103.3000,Of swine,kg,Free,
4103.9000,"Other Tanned or crust hides and skins of bovine (including buffalo) orequine animals, without hair on, whether or not split, but not further prepared. In the wet state (including wet- blue):",kg,Free,
4104.1100,"--Full grains, unsplit; grain splits",kg,Free,
4104.1900,--Other In the dry state (crust):,kg,Free,
4104.4100,"--Full grains, unsplit; grain splits",kg,Free,
4104.4900,"Other Tanned or crust skins of sheep or lambs, without wool on, whether or not split, but not further prepared.",kg,Free,
4105.1000,In the wet state (including wet- blue),kg,Free,
4105.3000,"In the dry state (crust) Tanned or crust hides and skins of other animals, without wool or hair on, whether or not split, but not further prepared. Of goats or kids:",kg,Free,
4106.2100,In the wet state (including wet- blue),kg,Free,
4106.2200,In the dry state (crust) Of swine:,kg,Free,
4106.3100,In the wet state (including wet- blue),kg,Free,
4106.3200,--In the dry state (crust),kg,Free,
4106.4000,Of reptiles Other:,kg,Free,
4106.9100,In the wet state (including wet- blue),kg,Free,
4106.9200,"In the dry state (crust) Leather further prepared after tanning or crusting, including parchment- dressed leather, of bovine (including buffalo) or equine animals, without hair on, whether or not split, other than leather of heading 41.14. Whole hides and skins:",kg,Free,
4107.1100,"--Full grains, unsplit",kg,Free,
4107.1200,"--Grains, splits",kg,Free,
4107.1900,"--Other Other, including sides:",kg,Free,
4107.9100,"--Full grains, unsplit",kg,Free,
4107.9200,"Grains, splits",kg,Free,
4107.9900,Other,kg,Free,
4112.0000,"Leather further prepared after tanning or crusting, including parchment- dressed leather, of sheep or lamb, without wool on, whether or not split, other than leather of heading 41.14. Leather further prepared after tanning or crusting, including parchment- dressed leather, of other animals, without wool or hair on, whether or not split, other than leather of heading 41.14. 134 Item Description (4) Standard Unit of Quantity (5) Duty Rate (6)",kg,Free,
4113.1000,Of goats or kids,kg,Free,
4113.2000,Of swine,kg,Free,
4113.3000,Of reptiles,kg,Free,
4113.9000,Other Chamois (including combination chamois) leather; patent leather and patent laminated leather; metallised leather.,kg,Free,
4114.1000,Chamois (including combination chamois) leather,kg,Free,
4114.2000,"Patent leather and patent laminated leather; metallised leather Composition leather with a basis of leather or leather fibre, in slabs, sheets or strip, whether or not in rolls; parings and other waste of leather or of composition leather, not suitable for the manufacture of leather articles; leather dust,powder and flour.",kg,Free,
4115.1000,"Composition leather with a basis of leather or leather fibre, in slabs, sheets or strip, whether or not in rolls",kg,Free,
4115.2000,"-Parings and other waste of leather or of composition leather, not suitable for the manufacture of leather articles; leather dust, powder and flour 135 Chapter 42 Articles of leather; saddlery and harness; travel goods, hand bags and similar containers; articles of animal gut (other than silk-worm gut) this chapter, the term “leather” includes chamois (including combination chamois) leather, patent leather, leather and metallised leather not cover: catgut or similar sterile suture materials (heading 30.06); apparel or clothing accessories (except gloves, mittens and mitts), lined with furskinorartificial fur or or artificial fur is attached on the outside except as mere trimming(heading 43.03 or 43.04); of netting (heading 56.08); 64; parts thereof of Chapter 65; or other articles of heading 66.02; or other imitation jewellery (heading 71.17); for harness, such as stirrups, bits, horse brasses and buckles, separately presented(generally for drums or the like, or other parts of musical instruments (heading 92.09); 94 (for example, furniture, lamps and lighting fittings); 95 (for example, toys, games, sports requisites); or snap-fastners, press-studs, button moulds or other parts of these articles, button blancks, of provisions of Note 2 above, heading 42.02 does not cover: sheeting of plastics, whether or not printed, with handles, not designed for prolongeduse (heading 39.23); materials (heading 46.02). 42.02 and 42.03 which have parts of precious metal or metal clad with precious metal, of natural or of precious or semi-precious stones (natural, synthetic or reconstructed) remain classified in those if such parts constitute more than minor fittings or minor ornamentation,provided that these parts do not their essential character. If, on the other hand, the parts givethe articles their essential character, the classified in Chapter 71."" of heading 42.03, the expression “articles of apparel and clothing accessories ” appliesinter alia, and mitts (including those for sport or protection), aprons and other protective clothing, braces, and wrist straps, but excluding watch straps (heading 91.13). Item Description (4) Standard Unit of Quantity (5) Duty Rate (6)",kg,Free,
4201.0000,"Saddlery and harness for any animal(including traces, leads, knee pads, muzzles, saddle cloths, saddle bags, dog coats and the like), of any material. Trunks, suit-cases, vanity-cases, executive-case, brief-cases, school satchels, spectacle cases, binocular cases, camera cases, musical instrument cases, gun cases, holsters and similar containers; traveling- bags, insulated food handbags, shopping-bags, wallets, purses, map-cases, cigarette-cases, tobacco-pouches, tool bags, sports bags, bottle-cases, jeweler boxes, powder- boxes, cutlery cases and similar containers, of leather or of composition leather, of sheeting of plastics of textile materials, of vulcanized fibre or of paperboard, or wholly or mainly covered with such materials or with paper. 136 Item Description (4) Standard Unit of Quantity (5) Duty Rate (6) Trunks, suit-cases, vanity-cases, executive-cases, brief-cases, school satchels and similar containers:",Kg,25%,
4202.1100,With outer surface of leather or of composition leather,U,25%,
4202.1200,--With outer surface of plastics or of textile materials,U,25%,
4202.1900,"Other Handbags, whether or not with shoulder strap, including those without handle:",U,25%,
4202.2100,With outer surface of leather or of composition leather,U,25%,
4202.2200,With outer surface of sheeting of plastics or of textile materials,Kg,25%,
4202.2900,Other Articles of a kind normally carried in the pocket or in the handbag:,U,25%,
4202.3100,With outer surface of leather or of composition leather,Kg,25%,
4202.3200,With outer surface of sheeting of plastics or of textile materials,Kg,25%,
4202.3900,Other Other:,Kg,25%,
4202.9100,With outer surface of leather or of composition leather,Kg,25%,
4202.9200,With outer surface of sheeting of plastics or of textile materials,Kg,25%,
4202.9900,"Other Articles of apparel and Clothing accessories, of leather or of composition leather.",Kg,25%,
4203.1000,"Articles of apparel Gloves, mittens and mitts:",Kg,25%,
4203.2100,Specifically designed for use in sports,Kg,25%,
4203.2900,Other,Kg,25%,
4203.3000,Belts and bandoliers,Kg,25%,
4203.4000,Other clothing accessories,Kg,25%,
4205.0000,Other articles of leather or of composition leather.,Kg,25%,
4206.0000,"Articles of gut (other than silk-worm gut), of goldbeater’s skin, of bladders or of tendons. 137 Chapter 43 Furskins and artificial fur;manufactures thereof to “furskins”, other than to raw furskins of heading No. 43.01, apply to hides or skins of all animal or dressed with the hair or wool on. cover: or birdskins, with their feathers or down (heading 05.05 or 67.01); with the hair or wool on, of Chapter 41 (see Note 1 (c) to that Chapter); and mitts consisting of leather and furskins or of leather and artificial fur (heading 42.03); 64; thereof of Chapter 65; or 95 (for example, toys, games, sports, requisities). furskins and parts thereof, assembled with the addition of other materials, and furskins and parts in the form of garments or parts or accessories of garments or in the form of other articles. clothing accessories (except those excluded by Note 2) lined with furskin or artificial fur or to which fur is attached on the outside except as mere trimming are to be classified in heading 43.03 or 43.04 as the “artificial fur” means any imitation of furskin consisting of wool, hair or other fibers gummed or woven fabric or other materials, but does not include imitation furskins obtained by weaving or knitting 58.01 or 60.01). Item Description (4) Standard Unit of Quantity (5) Duty Rate (6) Raw furskins (including heads, tails, pawsand other pieces or cuttings, suitable for furriers' use), other than raw hides and skins of heading 41.01, 41.02 or 41.03",Kg,25%,
4301.1000,"Of mink, whole, with or without head, tail or paws",Kg,15%,
4301.3000,"Of lamb, the following: Astrakhan, Broadtail, Caracul, Persian and similar lamb, Indian, Chinese, Mongolian or Tibetan lamb, whole, with or without head, tail or paws",Kg,15%,
4301.6000,"Of fox, whole, with or without head, tail or paws",Kg,15%,
4301.8000,"Other furskins, whole, with or without head, tail or paws",Kg,15%,
4301.9000,"Heads, tails, paws and other pieces or cuttings, suitable for furriers' use Tanned or dressed furskins (including heads, tails, paws and other pieces or currings), unassembled, or assembled (without the addition of other materials) other than those of heading 43.03. Whole skins, with or without head, tail or paws,not assembled:",Kg,15%,
4302.1100,--Of mink,Kg,15%,
4302.1900,--Other,Kg,15%,
4302.2000,"Heads, tails, paws and other pieces or cuttings, not assembled",Kg,15%,
4302.3000,"Whole skins and pieces or cuttings thereof, assembled Articles of apparel, clothing accessories and other articles of furskin.",Kg,15%,
4303.1000,Articles of apparel and clothing accessories,Kg,15%,
4303.9000,Other,Kg,15%,
4304.0000,"Artificial fur and articles thereof. 139 4401.31, the Expression “Wood pallets” means by-products such as cutter shavings, sawdust or wood processing industry, furniture-making industry or other wood transformation activities, which either directly by compression or by the addition of a binder in a proportion not exceeding by are cylindrical, with a diameter not exceeding 25mm and a length not exceeding 100 mm. Item Description (4) Standard Unit of Quantity (5) Duty Rate (6) Fuel wood in logs, in billets, in twigs, infaggots or in similar forms; wood in chips or particles sawdust and wood waste and scrap, whether or not agglomerated in logs, briquettes, pellets or similar forms. Fuel wood, in logs, in billets, in twigs, in faggots or in similar forms:",Kg,15% 3%,
4401.1100,Coniferous,kg,Free,
4401.1200,Non-coniferous Wood in chips or particles:,kg,Free,
4401.2100,--Coniferous,kg,Free,
4401.2200,"--Non-coniferous Sawdust wood waste and scrap, whether or notagglomerated in logs, briquettes, pellets or similar forms:",kg,Free,
4401.3100,Wood pellets,kg,Free,
4401.3900,--Other,kg,Free,
4401.4000,"Sawdust and wood waste and scrap, not agglomerated Wood charcoal (including shell or nut charcoal), whether or notagglomerated.",kg,Free,
4402.1000,Of bamboo,kg,Free,
4402.9000,"Other Wood in the rough, whether or not stripped of bark or sapwood, or roughly squared. Treated with paint, stains, creosote or other preservatives :",kg,Free,
4403.1100,Coniferous,m³,Free,
4403.1200,"Non-coniferous Other, coniferous :",m³,Free,
4403.2100,"Of pine (Pinus spp.), of which any cross-sectional dimension is 15 cm or more",m³,Free,
4403.2200,"Of pine (Pinus spp.), other",m³,Free,
4403.2300,"--Of fir (Abies spp.) and spruce (Picea spp.), of which any crosssectional dimension is 15 cm or more",m³,Free,
4403.2400,"Of fir (Abies spp.) and spruce (Picea spp.), other",kg,Free,
4403.2500,"Other, of which any cross-sectional dimension is 15 cm or more",kg,Free,
4403.2600,"Other Other, of tropical wood",m³,Free,
4403.4100,"--Dark Red Meranti, Light Red Meranti and Meranti Bakau",m3,Free,
4403.4900,--Other Other:,m3,Free,
4403.9100,--Of oak (Quercus spp.),m3,Free,
4403.9300,"Of beech (Fagus spp.), of which any cross-sectional dimension is 15 cm or more",m3,Free,
4403.9400,"Of beech (Fagus spp.), other",m3,Free,
4403.9500,"Of birch (Betula spp.), of which any cross-sectional dimension is 15 cm or more",m3,Free,
4403.9600,"Of birch (Betula spp.), other",m3,Free,
4403.9700,Of poplar and aspen (Populus spp.) 140 Item Description (4) Standard Unit of Quantity (5) Duty Rate (6),m3,Free,
4403.9800,Of eucalyptus (Eucalyptus spp.),m3,Free,
4403.9900,"--Other Hoopwood; split poles; piles, pickets and stakes of wood, pointed but not sawn lengthwise; wooden sticks, roughly trimmed but not turned, bent or otherwise worked, suitable for the manufacture of walking-sticks, umbrellas, tool handles or the like; chipwood and the like.",m3,Free,
4404.1000,Coniferous,kg,Free,
4404.2000,Non–coniferous,kg,Free,
4405.0000,Wood wool; wool flour. Railway or tramway sleepers (cross-ties) of wood. Not impregnated :,kg,Free,
4406.1100,Coniferous,m³,Free,
4406.1200,Non-coniferous Other :,m³,Free,
4406.9100,Coniferous,m³,Free,
4406.9200,"Non-coniferous Wood swan or chipped lengthwise, sliced or peeled, whether or not planed, sanded or end jointedof a thickness exceeding 6 mm Coniferous :",m³,Free,
4407.1100,Of pine (Pinus spp.),m3,Free,
4407.1200,Of fir (Abies spp.) and spruce (Picea spp.),m3,Free,
4407.1900,Other Of tropical wood:,m3,Free,
4407.2100,Mahogany (Swietenia Spp.),m3,Free,
4407.2200,"Virola, lmbuia and Balsa",m3,Free,
4407.2500,"Dark Red Meranti, Light Red Meranti and Meranti Bakau",m3,Free,
4407.2600,"White Lauan, White Meranti, WhiteSeraya, Yellow Meranti and Alan",m3,Free,
4407.2700,Sapelli,m3,Free,
4407.2800,Iroko,m3,Free,
4407.2900,--Other Other:,m3,Free,
4407.9100,Of oak (Quercus spp.),m3,Free,
4407.9200,Of beech (Fagus spp.),m3,Free,
4407.9300,Of maple (Acer spp.),m3,Free,
4407.9400,Of cherry (prunus spp.),m3,Free,
4407.9500,Of ash (Fraxinus spp.),m3,Free,
4407.9600,Of birch (Betula spp.),m3,Free,
4407.9700,Of poplar and aspen (Populus spp.),m3,Free,
4407.9900,"Other Sheesheets for veneering(including those obtainedby slicing laminated wood),for plywood or forsimilar laminated wood and other wood swanlengthwise,sliced or peeled,whetherornotplaned,sanded,spliced or end- jointed,ofathickness not exceeding 6mm.",m3,Free,
4408.1000,Coniferous Of tropical wood:,kg,15%,
4408.3100,"Dark Red Meranti, Light Red Meranti andMerantibakau",kg,15%,
4408.3900,Other,kg,15%,
4408.9000,"Other 141 Item Description (4) Standard Unit of Quantity (5) Duty Rate (6) Wood (including strips and freizes for parquetflooring, not assembled) continuouslyshaped(tongued, grooved, rebated, chamfered, V-jointed, beaded,moulded, rounded or the like)along any of its edges, or faces, whether or notplanned sanded or end-jointed.",kg,15%,
4409.1000,-Coniferous -Non –coniferous,kg,15%,
4409.2100,--Of bamboo,kg,15%,
4409.2200,--Of tropical wood,kg,15%,
4409.2900,"--Other Particle board, Oriented strand board (OSB) and similar board (forexample, wafer board) of wood or other ligneous materials, whether or not agglomerated with resins or other organic binding substances. Of wood :",kg,15%,
4410.1100,Particle board,kg,15%,
4410.1200,Oriented strand board (OSB),kg,15%,
4410.1900,Other,kg,15%,
4410.9000,"Other Fibreboard of wood or other ligneous materials, whether or not bonded with resins or other organic substances. Medium density fibreboard (MDF) :",kg,15%,
4411.1200,Of a thickness not exceeding 5 mm,kg,15%,
4411.1300,Of a thickness exceeding 5 mm but not exceeding 9mm,kg,15%,
4411.1400,Of a thickness exceeding 9 mm Other :,kg,15%,
4411.9200,Of a density exceeding 0.8 g/cm3,kg,15%,
4411.9300,Of a density exceeding 0.5 g/cm3 but not exceeding 0.8 g/cm3,kg,15%,
4411.9400,"Of a density not exceeding 0.5 g/cm 3 Plywood, veneered panels and similar laminated wood.",kg,15%,
4412.1000,"Of bamboo Other plywood, consisting solely of sheets of wood (other than bamboo), each ply not exceeding 6 mm thickness :",m3,15%,
4412.3100,--With at least one outer ply of tropical wood,m3,15%,
4412.3300,"Other, with at least one outer ply of non-coniferous wood of the species alder (Alnus spp.), ash (Fraxinus spp.), beech (Fagus spp.), birch (Betula spp.), cherry (Prunus spp.), chestnut (Castanea spp.), elm (Ulmus spp.), eucalyptus (Eucalyptus spp.), hickory (Carya spp.), horse chestnut (Aesculus spp.),lime(Tilia spp.), maple (Acer spp.), oak (Quercus spp.), plane tree (Platanus spp.), poplar and aspen (Populus spp.), robinia (Robinia spp.), tulipwood (Liriodendron spp.) or walnut (Juglans spp.)",m3,15%,
4412.3400,"Other, with at least one outer ply of non-coniferous wood not specified under subheading 4412.33",m3,15%,
4412.3900,"Other, with both outer plies of coniferous wood Other :",m3,15%,
4412.9400,"Block board, laminboard and batten board",m3,15%,
4412.9900,Other,m3,15%,
4413.0000,"Densified wood, in blocks, plates, strips or profile shapes.",kg,15%,
4414.0000,"Wooden frames for paintings, photographs,mirrors or similar objects. Packing cases, boxes, crates, drumsand similar packings, of wood; cabledrums of wood; pallets, box pallets and other load boards, of wood; pallet collars of wood. 142 Item Description (4) Standard Unit of Quantity (5) Duty Rate (6)",kg,35%,
4415.1000,"Cases, boxes, crates, drums and similar packings; cable-drums",u,35%,
4415.2000,"Pallets, box pallets and other load boards; pallet collars",u,35%,
4416.0000,"Casks, barrels, vats, tubs and other coopers' products and parts thereof, of wood, including staves.",kg,35%,
4417.0000,"Tools, tool bodies, tool handles, broom or brush bodies and handles, of wood; boot or shoe lasts and trees, of wood. Builders’ joinery and carpentry of wood, including cellular wood panels assembled flooring panels, shingles and shakes.",kg,5%,
4418.1000,"Windows, French-windows and theirframes",kg,35%,
4418.2000,Doors and their frames and thresholds,kg,35%,
4418.4000,Shuttering for concrete constructional work,kg,35%,
4418.5000,Shingles and shakes,kg,35%,
4418.6000,Posts and beams Assembled flooring panels :,kg,35%,
4418.7300,--Of bamboo or with at least the top layer (wear layer) of bamboo,kg,35%,
4418.7400,"--Other, for mosaic floors",kg,35%,
4418.7500,"--Other, multilayer",kg,35%,
4418.7900,--Other Other :,kg,35%,
4418.9100,--Of bamboo,kg,35%,
4418.9900,"--Other Tableware and kitchenware, of wood. Of bamboo :",kg,35%,
4419.1100,"Bread boards, chopping boards and similar boards",kg,35%,
4419.1200,--Chopsticks,kg,35%,
4419.1900,--Other,kg,35%,
4419.9000,"Other Wood marquetry and inlaid wood; caskets and cases for jewellery or cutlery, and similar articles, of wood; statuettes and other ornaments, of wood; wooden articles of furniture not falling in Chapter 94.",kg,35%,
4420.1000,"Statuettes and other ornaments, of wood",kg,35%,
4420.9000,Other Other articles of wood.,kg,35%,
4421.1000,Clothes hangers -Other --Of bamboo:,kg,35%,
4421.9110,Match splints,kg,5%,
4421.9190,Other Other:,kg,35%,
4421.9910,"Identifiable ship and boat parts, match splints, spools, cops, bobbins, sewing thread reels and the like, wooden pegs or pins for footwear",kg,5%,
4421.9990,"Other 143 Chapter 45 Cork and articles of cork not cover: of footwear of Chapter 64; of headgear of Chapter 65; or 95 (for example, toys, games, sports requisites) Item Description (4) Standard Unit of Quantity (5) Duty Rate (6) Natural cork, raw or simply prepared; waste cork; crushed, granulated or ground cork.",kg,35%,
4501.1000,"Natural cork, debacked or roughly prepared",kg,5%,
4501.9000,Other,kg,5%,
4502.0000,"Natural cork, debacked or roughly squared, or in rectangular (includingsquare) blocks, plates, sheets or strip, (including sharp-edged blanks for corks orstoppers). Articles of natural cork.",kg,5%,
4503.1000,Corks and stoppers,kg,5%,
4503.9000,Other Agglomerated cork (with or without a binding substance) and articles of agglomerated cork.,kg,15%,
4504.1000,"Blocks, plates, sheets and strip; tiles of any shape; solid cylinders, including discs",kg,15%,
4504.9000,"Other 144 Chapter 46 Manufactures of straw, of esparto or of other plaiting materials; basketware and wickerwork expression “Plaiting materials” means materials in a state or form suitable for plaiting, interlacing or it includes straw, osier or willow, bamboos, rattans, rushes, reeds, strips pf wood, strips of other vegetable strips of bark, narrow leaves and raffia or other strips obtained from broad leaves),unspun natural and strip and the like of plastics and strips of paper, but not strips of leather or composition nonwovens, human hair, horsehair, textile rovings or yarns, or monofilament and strip and the like of cover: of heading 48.14; ropes or cables, plaited or not (heading 56.07); or parts thereof of Chapter 64 or 65; for vehicles of basketware (Chapter 87); or 94 (for example, furniture, lamps and lighting fittings). of heading 46.01, the expression “plaiting materials, plaits and similar products of plaiting materials, bound strands” means plaiting materials, plaits and similar products of plaiting materials, placed side by side in the form of sheets, whether or not the binding materials are of spun textile materials. Item Description (4) Standard Unit of Quantity (5) Duty Rate (6) Plaits and similar products of plaiting materials, whether or not assembled into strips; plaiting materials, plaits and similar products of plaiting materials, bound together in parallel strands or woven, in sheet form, whether or not being finished articles (for example, mats, matting, screens). Mats, matting and screens of vegetable materials :",kg,15%,
4601.2100,Of bamboo,kg,15%,
4601.2200,Of rattan,kg,15%,
4601.2900,Other Other:,kg,15%,
4601.9200,Of bamboo,kg,15%,
4601.9300,Of rattan,kg,15%,
4601.9400,Of other vegetable materials,kg,15%,
4601.9900,"--Other Basketwork, wickerwork and other articles, made directly to shape from plaiting materials or made up from goods of heading No. 46.01; articles of loofah. Of vegetable materials:",kg,15%,
4602.1100,Of bamboo,kg,25%,
4602.1200,Of rattan,kg,25%,
4602.1900,Other,kg,25%,
4602.9000,"Other 145 SECTION X WOOD OR OF OTHER FIBROUS CELLULOSIC MATERIAL; (WASTE AND SCRAP) PAPER OR PAPERBOARD; AND PAPERBOARD AND ARTICLES THEREOF Chapter 47 Pulp of wood or of other fibrous cellulosic material; recovered (waste and scrap) paperor paperboard of heading 47.02, the expression “chemical wood pulp, dissolving grades” means chemical wood pulp an insoluble fraction of or more for soda or sulphate wood pulp or of or more for sulphite wood in a caustic soda solution containing sodium hydroxide (NaOH) at 20oc, and for sulphite wood that does not exceed 0.15% by weight. Item Description (4) Standard Unit of Quantity (5) Duty Rate (6)",kg,25% 92% 88% 18%,
4701.0000,Mechanical wood pulp.,kg,Free,
4702.0000,"Chemical wood pulp, dissolving grades. Chemical wood pulp, soda or sulphate,other than dissolving grades. Unbleached:",kg,Free,
4703.1100,--Coniferous,kg,Free,
4703.1900,--Non-coniferous Semi-bleached or bleached:,kg,Free,
4703.2100,--Coniferous,kg,Free,
4703.2900,"--Non-coniferous Chemical wood pulp, sulphite, other than dissolving grades. Unbleached:",kg,Free,
4704.1100,--Coniferous,kg,Free,
4704.1900,--Non-confireous Semi -bleached or bleached:,kg,Free,
4704.2100,--Coniferous,kg,Free,
4704.2900,--Non-coniferous,kg,Free,
4705.0000,Wood pulp obtained by a combination of mechanical and chemical pulping processes. Pulps of fibres derived from recovered (waste and scrap) paper orpaper board or of other fibrous cellulosic material.,kg,Free,
4706.1000,Cotton linters pulp,kg,Free,
4706.2000,Pulps of fibres derived from recovered (waste and scrap) paper or paperboard,kg,Free,
4706.3000,"Other, of bamboo Other:",kg,Free,
4706.9100,--Mechanical,kg,Free,
4706.9200,--Chemical,kg,Free,
4706.9300,--Obtained by a combination of mechanical and chemical processes”. Recovered (waste and scrap) paper or paperboard.,kg,Free,
4707.1000,Unbleached Kraft paper or paperboard or corrugated paper or paperboard,kg,Free,
4707.2000,Other paper or paperboard made mainly ofbleached chemical pulp notcoloured in the mass,kg,Free,
4707.3000,"Paper or paperboard made minly of mechanical pulp (for example, newspapers, journals and similar printed matter)",kg,Free,
4707.9000,"Other, including unsorted waste and scrap 149 Item Description (4) Standard Unit of Quantity (5) Duty Rate (6)",kg,Free 50% 10% 8% 3% 60% 3% 8% 3% 60% 60% 60% 80% 80% 80% 2% 65% 50% 50% 40% 8%,
4801.0000,"Newsprint, in rolls or sheets. Uncoated paper and paperboard, of a kind used for writing, printing or other graphic purposes, and non perforated punch –card and punch tape paper, in rolls or rectangular (including square) sheets, of any size, other than paper of heading 48.01 or 48.03; hand-made paper and paperboard.",kg,5%,
4802.1000,Hand-made paper and paperboard,kg,5%,
4802.2000,"Paper and paperboard of a kind used as a base for photo-sensitive, heat- sensitive or electro-sensitive paper or paperboard",kg,5%,
4802.4000,"Wallpaper base Other paper and paperboard, not containing fibres obtained by a mechanical or chemi- mechanical process or of which not more than by weight of the total fibre content consists of such fibres:",Kg,5% 10%,
4802.5400,--Weighing less than 40 g/m²,Kg,5%,
4802.5500,--Weighing 40 g/m² or more but not more than 150 g/m² in rolls,Kg,5%,
4802.5600,"--Weighing 40 g/m2 or more but not more than 150 g/m2, in sheets with one side not exceeding 435 mm and the other side not exceeding 297 mm in the unfolded state",Kg,5%,
4802.5700,"--Other, weighing 40 g/m2 or more but not more than 150 g/m2",Kg,5%,
4802.5800,"--Weighing more than 150 g/m2 Other paper and paperboard, of which more than by weight of the total fibre content consists of fibres obtained by amechanical or chemi- mechanicalprocess:",Kg,5% 10%,
4802.6100,--In rolls,Kg,5%,
4802.6200,--In sheets with one side not exceeding 435 mm and the other side not exceeding 297 mm in the unfolded state,Kg,5%,
4802.6900,"--Other Toilet or facial tissue stock, towel or napkin stock and similar paper of a kind used for household or sanitary purposes, cellulose wadding and webs of cellulose fibres, whether or not creped, crinkled, embossed, perforated, surface-coloured, surface-decorated or printed, in rolls or sheets.",Kg,5%,
4803.0010,cellulose wadding and webs of cellulose fibres,Kg,Free,
4803.0090,"Other Uncoated kraft paper and paperboard, in rolls or sheets, other than that of heading 48.02 or 48.03. Kraftliner:",Kg,5%,
4804.1100,--Unbleached,Kg,5%,
4804.1900,--Other Sack kraft paper:,Kg,5%,
4804.2100,--Unbleached,Kg,5%,
4804.2900,--Other Other kraft paper and paperboard weighing 150 g/m² or less:,Kg,5%,
4804.3100,--Unbleached,Kg,5%,
4804.3900,--Other Other kraft paper and paperboard weighing more than150 g/m² but less than 150 Item Description (4) Standard Unit of Quantity (5) Duty Rate (6) 225 g/m²:,Kg,5%,
4804.4100,--Unbleached,Kg,5%,
4804.4200,--Bleached uniformly throughout the mass and of which more than by weight of the total fibre content consists of wood fibre obtained by a chemical process,Kg,95% 5%,
4804.4900,Other Other kraft paper and paperboard weighing 225 g/m² or more:,Kg,5%,
4804.5100,--Unbleached,Kg,5%,
4804.5200,--Bleached uniformly throughout the mass and of which more than by weight of the total fibre content consists of wood fibres obtained by a chemical process,Kg,95% 5%,
4804.5900,"--Other Other unquoted paper and paperboard, inrolls or sheets, not further worked or processed than asspecified in Note 3 tothis Chapter. Fluting paper:",Kg,5%,
4805.1100,--Semi-chemical fluting paper,Kg,5%,
4805.1200,--Straw fluting paper,Kg,5%,
4805.1900,--Other Testliner (recycled liner board):,Kg,5%,
4805.2400,--Weighing 150 g/m2 or less,Kg,5%,
4805.2500,--Weighing more than150 g/m2,Kg,5%,
4805.3000,Sulphite wrapping paper,Kg,5%,
4805.4000,Filter paper and paperboard,Kg,5%,
4805.5000,Felt paper and paperboard Other :,Kg,5%,
4805.9100,--Weighing 150 g/m2 or less,Kg,5%,
4805.9200,--Weighing more than150 g/m2 but less than 225 g/m2,Kg,5%,
4805.9300,"--Weighing 225 g/m2 or more Vegetable parchment, greaseproof papers, tracing papers and glassine and other glazed transparent or translucent papers, in rolls or sheets.",Kg,5%,
4806.1000,Vegetable parchment,Kg,5%,
4806.2000,Greaseproof papers,Kg,5%,
4806.3000,Tracing papers,Kg,5%,
4806.4000,Glassine and other glazed transparent or translucent papers,Kg,5%,
4807.0000,"Composite paper and paperboard (made by sticking flat layers of paper or paperboard together with an adhesive), not surface coated or impregnated, whether or not internally reinforced, in rolls or sheets. Paper and paperboard, corrugated (with or without glued flat surface sheets), creped, crinkled, embossed or perforated, in rolls or sheets, other than paper of the kind described in heading 48.03.",Kg,5%,
4808.1000,"Corrugated paper and paperboard, whether or not perforated",Kg,5%,
4808.4000,"Kraft paper, creped or crinkled, whether or not embossed or perforated",Kg,5%,
4808.9000,"Other Carbon paper, self-copy paper and other copying or transfer papers 151 Item Description (4) Standard Unit of Quantity (5) Duty Rate (6) (including coated orimpregnated paper forduplicator stencils oroffset plates), whether ornot printed, in rolls or sheets.",Kg,5%,
4809.2000,Self-copy paper,Kg,15%,
4809.9000,"Other Paper and paperboard, coated on one or bothsides with kaolin (china clay) or other inorganicsubstances with or without a binder, and withno other coating, whether or not surface-coloured,surface-decorated or printed, in rolls orrectangular (including square) sheets, of any size. Paper and paperboard of a kind used for writing, printing or other graphic purposes not containing fibres obtained by a mechanical or chemi- mechanical process or of which not more than by weight of the total fibre content consists of such fibres:",Kg,15% 10%,
4810.1300,--In rolls,Kg,5%,
4810.1400,In sheets with one side not exceeding 435 mm and the other side notexceeding 297mm in the unfolded state,Kg,15%,
4810.1900,"--Other Paper and paperboard of a kind used for writing, printing or other graphic purposes, of which more than by weight of the total fibre content consists of fibres obtained by a mechanical or chemi- mechanical process:",Kg,15% 10%,
4810.2200,Light-weight coated paper,Kg,15%,
4810.2900,"Other Kraft paper and paperboard other than thatof a kind used for writing, printing or other graphic purposes:",Kg,15%,
4810.3100,"Bleached uniformly throughout the mass andofwhich more than by weight of thetotalfibre content consists of wood fibresobtained by a chemical process, andweighing 150 g/m2 or less",Kg,95% 15%,
4810.3200,"Bleached uniformly throughout the massand of which more than by weight of the total fibre content consists ofwoodfibres obtained by a chemicalprocess, and weighing more than150 g/m2 or less",Kg,95% 15%,
4810.3900,--Other Other paper and paperboard:,Kg,15%,
4810.9200,--Multi-ply Other፡,Kg,15%,
4810.9910,In rolls,kg,5%,
4810.9990,"Other Paper, paperboard, cellulose wadding and webs of cellulose fibres, coated, impregnated, covered, surface-coloured, surface-decorated or printed, in rolls or rectangular(including square) sheets, of any size other than goods of the kind described in heading 48.03, 48.09 or 48.10.",kg,15%,
4811.1000,"Tarred, bituminised or asphalted paper and paperboard Gummed or adhesive paper and paperboard:",kg,15%,
4811.4100,--Self-adhesive,kg,15%,
4811.4900,"--Other Paper and paperboard coated, impregnated or covered with plastics (excluding adhesives):",kg,15%,
4811.5100,"--Bleached, weighing more than 150 g/m2 152 Item Description (4) Standard Unit of Quantity (5) Duty Rate (6)",kg,15%,
4811.5900,Other,kg,15%,
4811.6000,"Paper and paperboard, coated impregnated or covered with wax, paraffin wax, stearin, oil or glycerol",kg,15%,
4811.9000,"Other paper, paperboard cellulose wadding and webs of cellulose fibres",kg,5%,
4812.0000,"Filter blocks, slabs and plates, of paper pulp. Cigarette paper, whether or not cut to size or in the form of booklets or tubes.",kg,15%,
4813.1000,In the form of booklets or tubes,kg,15%,
4813.2000,In rolls of a width not exceeding 5 cm,kg,15%,
4813.9000,Other Wallpaper and similar wall coverings; window transparencies of paper.,kg,15%,
4814.2000,"Wallpaer and similar wall coverings, consisting of paper coated or covered, on the face side, with a grained embossed, coloured, design printed or otherwise decorated layer of plastics",kg,35%,
4814.9000,"Other Carbon paper, self-copy paper and other copying or transfer papers(other than those of heading 48.09) duplicator stencils and offset plates of paper whether or not put up in boxes.",kg,35%,
4816.2000,Self-copy paper,kg,15%,
4816.9000,"Other Envelopes, letter cards, plain postcards and correspondence cards, of paper or paperboard; boxes, pouches, wallets and writing compendiums, of paper or paperboard, containing an assortment or paper stationery.",kg,15%,
4817.1000,Envelops,kg,35%,
4817.2000,"Letter cards, plain postcards and correspondence cards",kg,35%,
4817.3000,"Boxes, pouches, wallets and writing compendiums, of paper or paperboard, containing an assortment of paper stationery Toilet paper and similar paper, cellulose wadding or webs of cellulose fibres, of a kind used for household or sanitary purposes, in rolls of a width not exceeding 36 cm, or cut to size or shape; handkerchiefs, cleansing tissues, towels, tablecloths, serviettes, bed sheets and similar household, sanitary or hospital articles, articles of apparel and clothing accessories, of paper pulp, paper, cellulose wadding or webs ofcellulose fibres.",kg,35%,
4818.1000,Toilet paper,kg,35%,
4818.2000,"Handkerchiefs, cleansing or facial tissues and towels",kg,35%,
4818.3000,Tablecloths and serviettes,kg,35%,
4818.5000,Articles of apparel and clothing accessories,kg,15%,
4818.9000,"Other Cartons, boxes, cases, bags and other packing containers, of paper, paper- board, cellulose wadding or webs of cellulose fibres; box files, letter trays, and similar articles, of paper or paperboard of a kind used in offices, shops or the like.",kg,35%,
4819.1000,"Cartons, boxes and cases, of corrugated paper or paperboard Folding cartons, boxes and cases, of non- corrugated paper or paperboard:",kg,35%,
4819.2010,"Match skillet, whether or not coated with chemical 153 Item Description (4) Standard Unit of Quantity (5) Duty Rate (6)",kg,15%,
4819.2090,Other,kg,35%,
4819.3000,"Sacks and bags, having a base of a width of 40 cm or more",kg,35%,
4819.4000,"Other sacks and bags, including cones",kg,35%,
4819.5000,"Other packing containers, including record sleeves",kg,35%,
4819.6000,"Box files, letter trays, storage boxes and similar articles, of a kind used in offices, shops or the like Registers, account books, note books, order books, receipt books, letter pads, memorandum pads, diaries and similar articles, exercise books, blotting-pads, binders (loose-leaf or other), folders, file covers, manifold business forms, interleaved carbon sets and other articles of stationery, of paper or paperboard; albums for samples or for collections and book covers, of paper or paperboard.",kg,35%,
4820.1000,"Registers, account books, note books, order books, receipt books, letter pads, memorandum pads, diaries and similar articles",kg,35%,
4820.2000,Exercise books,kg,15%,
4820.3000,"Binders (other than book covers), folders and file covers",kg,35%,
4820.4000,Manifold business forms and interleaved carbon sets,kg,35%,
4820.5000,Albums for samples or for collections,kg,35%,
4820.9000,"Other Paper or paperboard labels of all kinds, whether or not printed.",kg,35%,
4821.1000,Printed,kg,35%,
4821.9000,"Other Bobbins, spools, cops and similar supports of paper pulp, paper orpaperboard (whether or not perforated or hardened).",kg,25%,
4822.1000,Of a kind used for winding textile yarn,kg,25%,
4822.9000,"Other Other paper, paperboard, cellulose wadding and webs of cellulose fibres, cut to size or shape; other articles of paper pulp, paper, paperboard, cellulose wadding or webs of cellulose fibres.",kg,25%,
4823.2000,Filter paper and paperboard,kg,5%,
4823.4000,"Rolls, sheets and dials, printed for self- recording apparatus Trays, dishes, plates, cups and the like, of paper or paperboard:",kg,35%,
4823.6100,Of bamboo,kg,35%,
4823.6900,Other,kg,35%,
4823.7000,Moulded or pressed articles of paper pulp,kg,35%,
4823.9000,"Other 154 Chapter 49 Printed books, newspapers, pictures and other products of the printing industry; manuscripts, typescripts and plans cover: or positives on transparent bases (Chapter 37); globes, in relief, whether or not printed (heading 90.23); other goods of Chapter 95; or prints or lithographs (heading 97.02), postage or revenue stamps, stamp-postmarks, first-day covers, or the like of heading 97.04, antiques of an age exceeding one hundred years or other articles of Chapter Chapter 49, the term “printed” also means reproduced by means of a duplicating machine, produced under data processing machine , embossed, photographed, photocopied, thermocopied or typewritten. and periodicals which are bound otherwise than in paper, and sets of newspapers, journals or periodicals one number under a single cover are to be classified in heading 49.01, whether or not containing covers: printed reproductions of, for example, works of art or drawings, with a relative text, put up with numbered suitable for binding into one or more volumes; accompanying, and subsidiary to, a bound volume; and books or booklets, in the form of assembled or separated sheets or signatures, constituting the whole or a work and designed for binding. pictures or illustrations not bearing a text, whether in the form of signatures or separate sheets, fall in this Chapter, heading 49.01 does not cover publications which are essentially devoted to advertising (for pamphlets, leaflets, trade catalogues, year books published by trade associations, tourist propaganda). to be classified in heading 49.11”. heading 49.03, the expression “children’s picture books” means books for children in which the pictures interest and the next is subsidiary. Item Description (4) Standard Unit of Quantity (5) Duty Rate (6) Printed books, brochures, leaflets and similar printed matter, whether or not in single sheets.",kg,35%,
4901.1000,"In single sheets, whether or not folded Other:",kg,5%,
4901.9100,"Dictionaries and encyclopedias, and serial instalments thereof",kg,5%,
4901.9900,"Other Newspapers, journals and periodicals, whether or not illustrated or 155 Item Description (4) Standard Unit of Quantity (5) Duty Rate (6) containing advertising material.",kg,5%,
4902.1000,Appearing at least four times a week,kg,5%,
4902.9000,Other,kg,5%,
4903.0000,"Children's picture, drawing or colouring books.",kg,5%,
4904.0000,"Music, printed or in manuscript, whether or not bound or illustrated Maps and hydrographic or similar charts of all kinds, including atlases, wall maps, topographical plans and globes, printed.",kg,5%,
4905.1000,Globes Other:,kg,5%,
4905.9100,In book form,kg,5%,
4905.9900,Other,kg,5%,
4906.0000,"Plans and drawings for architectural, engineering, industrial, commercial, topographical or similar purposes, being originals drawn by hand; hand- written texts; photographic reproductions on sensitised paper and carbon copies of the foregoing. Unused postages, revenue or similar stamps of current or new issue in the country in which they have, or will have, a recognized face value;stamp- impressed paper; banknotes; cheque forms; stock, share or bond certificates and similar documents of title.",kg,5%,
4907.0010,---Cheque forms,kg,25%,
4907.0090,---Other (including travellers' cheques and tax bandlets) Transfers (decalcomanias).,kg,Free,
4908.1000,"Transfers (decalcomanias), vitrifiable",kg,25%,
4908.9000,Other,kg,25%,
4909.0000,"Printed or illustrated postcards; printed cards bearing personal greetings, messages or announcements, whether or not illustrated, with or without envelops or trimmings.",kg,35%,
4910.0000,"Calendars of any kind, printed, including calendar blocks. Other printed matter, including printed pictures and photographs.",kg,35%,
4911.1000,"Trade advertising material, commercial catalogues and the like Other: --Pictures, designs and photographs:",kg,15%,
4911.9110,"Photographs, enlargements and reproductions having only a personal orsentimental value tothe importer and not intended for sale",kg,Free,
4911.9190,Other,Kg,35%,
4911.9900,"--Other 160 has been printed in the piece, whether or not made from yarns of different colours also regarded as printed woven fabrics: woven fabrics bearing designs made, for example, with a brush means of transfer paper, by flocking or by the batik process.) does not affect the classification of yarns or fabrics within the above categories. (h) above apply, Mutatis mutandis, to knitted or crocheted fabrics. in which each yarn of the weft passes alternately over and under successive yarns of the warp, and warp passes alternately over and under successive yarns of the weft. Chapters 56 to 63 containing two or more textile materials are to be regarded as consisting wholly of that which would be selected under Note 2 to this Section for the classification of a product of Chapters 50 to 58.09 consisting of the same textile materials. of this rule: only the part which determines the classification under interpretative Rule 3 shall be taken into of textile products consisting of a ground fabric and a pile or looped surface no account shall be taken of fabric. of embroidery of heading 58.10 and goods thereof, only the ground fabric shallbe taken into account. embroidery without visible ground, and goods thereof, shall be classified with reference to the threads alone. Chapter 50 Silk Item Description (4) Standard Unit of Quantity (5) Duty Rate (6)",kg,35%,
5001.0000,Silk-worm cocoons suitable for reeling.,kg,Free,
5002.0000,Raw silk (not thrown).,kg,Free,
5003.0000,"Silk waste (including cocoons unsuitable for reeling, yarn waste and garnetted stock)",kg,Free,
5004.0000,Silk yarn (other than yarn spun from silk waste) not put up for retail sale.,kg,5%,
5005.0000,"Yarn spun from silk waste, not put up for retail sale.",kg,5%,
5006.0000,"Silk yarn and yarn spun from silk waste, put up for retail sale; silk-worm gut. Woven fabrics of silk or of silk waste.",kg,5%,
5007.1000,Fabrics of noil silk,kg,25%,
5007.2000,"-Other fabrics, containing or more byweight of silk or of silk waste other than noil silk:",kg,85% 25%,
5007.9000,"Other fabrics 161 Chapter 51 fine or coarse animal hair; horsehair yarn and woven fabric the natural fibre grown by sheep or lambs; hair” means the hair of alpaca, llama, vicuna, camel (including dromedary), yak, Angora, or similar goats (but not common goats), rabbit (including Angora rabbit), hare, beaver, nutria or hair” means the hair of animals not mentioned above, excluding brush-making hair and bristles and horsehair (heading 05.11). Item Description (4) Standard Unit of Quantity (5) Duty Rate (6) Wool, not carded or combed. Greasy, including fleece-washed wool:",kg,25%,
5101.1100,Shorn wool,kg,Free,
5101.1900,"Other Degreased, not carbonised:",kg,Free,
5101.2100,Shorn wool,kg,Free,
5101.2900,Other,kg,Free,
5101.3000,"-Carbonised Fine or coarse animal hair, not carded or combed. Fine animal hair:",kg,Free,
5102.1100,Of Kashmir (cashmere) goats,kg,Free,
5102.1900,Other,kg,Free,
5102.2000,"Coarse animal hair Waste of wool of fine or coarse animal hair, including yarn waste but excluding garnetted stock.",kg,Free,
5103.1000,Noils of wool or of fine animal hair,kg,Free,
5103.2000,Other waste of wool or of fine animal hair,kg,Free,
5103.3000,Waste and coarse animal hair,kg,Free,
5104.0000,"Garnetted stock of wool or of fine or coarse animal hair. Wool and fine or coarse animal hair, carded or combed(including combed wool in fragments).",kg,Free,
5105.1000,Carded wool Wool tops and other combed wool:,kg,Free,
5105.2100,Combed wool in fragments,kg,Free,
5105.2900,"Other Fine animal hair, carded or combed:",kg,Free,
5105.3100,Of Kashmir (cashmere) goats,kg,Free,
5105.3900,Other,kg,Free,
5105.4000,"Coarse animal hair, carded or combed Yarn of carded wool, not put up for retail sale.",kg,Free,
5106.1000,Containing or more by weight of wool 162 Item Description (4) Standard Unit of Quantity (5) Duty Rate (6),kg,85% 5%,
5106.2000,"Containing less than by weight of wool Yarn of combed wool, not put up for retail sale.",kg,85% 5%,
5107.1000,Containing or more by weight of wool,kg,85% 5%,
5107.2000,"Containing less than or more by weight of wool Yarn of fine animal hair (carded or combed), not put up for retail sale.",kg,85% 5%,
5108.1000,Carded,kg,5%,
5108.2000,"Combed Yarn of wool or of fine animal hair, put up for retail sale.",kg,5%,
5109.1000,Containing or more by weight of wool or of fine animalhair,kg,85% 5%,
5109.9000,Other,kg,5%,
5110.0000,"Yarn of coarse animal hair or of horsehair(including gimped horsehair yarn), whether or not put up for retail sale. Woven fabrics of carded wool or of carded fine animalhair. Containing or more by weight of wool or of fine animal hair:",kg,5% 85%,
5111.1100,Of a weight not exceeding 300 g/m2,kg,25%,
5111.1900,Other:,kg,25%,
5111.2000,"Other, mixed mainly or solely with man-made filaments",kg,25%,
5111.3000,"Other, mixed mainly or solely with man-made staple Fibres",kg,25%,
5111.9000,Other Woven fabrics of combed wool or of combed fine animal hair. Containing or more by weight of wool or of fine animal hair:,kg,25% 85%,
5112.1100,Of a weight not exceeding 200 g/m2,kg,25%,
5112.1900,Other,kg,25%,
5112.2000,"Other, mixed mainly or solely with man-made Filaments",kg,25%,
5112.3000,"Other, mixed mainly or solely with man-made staple fibres",kg,25%,
5112.9000,Other,kg,25%,
5113.0000,"Woven fabrics of coarse animal hair or of horsehair. 163 Chapter 52 Cotton subheadings 5209.42 and 5211.42, the expression “denim” means fabrics of yarns of different colours, of 3 including broken twill, warp faced, the warp yarns of which are of one and the same colour and the weft bleached, dyed grey or coloured a lighter shade of the colour of the warp yarns. Item Description (4) Standard Unit of Quantity (5) Duty Rate (6)",kg,25%,
5201.0000,"Cotton, not carded or combed. Cotton waste (including yarn waste and garnetted stock).",kg,Free,
5202.1000,-Yarn waste (including thread waste) Other:,kg,Free,
5202.9100,--Garnetted stock,kg,Free,
5202.9900,--Other,kg,Free,
5203.0000,"Cotton, carded or combed. Cotton sewing thread, whether or not putup for retail sale. Not put up for retail sale:",kg,Free,
5204.1100,--Containing or more by weight of cotton,kg,85% 5%,
5204.1900,Other,kg,5%,
5204.2000,"Put up for retail sale Cotton yarn (other than sewing thread), containing or more by weight of cotton, not put up for retail sale. Single yarn, of uncombed fibres:",kg,5% 85%,
5205.1100,--Measuring 714.29 decitex or more (not exceeding14 metric number),kg,5%,
5205.1200,--Measuring less than 714.29 decitex but not less than 232.56 decitex (exceeding 14 metric number but not exceeding 43 metric number),kg,5%,
5205.1300,--Measuring less than 232.56 decitex but not less than 192.31 decitex (exceeding 43 metric number but not exceeding 52 metric number),kg,5%,
5205.1400,--Measuring less than 192.31 decitex but not less than 125 decitex (exceeding 52 metric number but not exceeding 80 metric number),kg,5%,
5205.1500,"--Measuring less than 125 decitex (not exceeding 80 metric number) Single yarn, of combed fibres:",kg,5%,
5205.2100,--Measuring 714.29 decitex or more(not exceeding 14 metric number),kg,5%,
5205.2200,--Measuring less than 714.29 decitex but not less than232.56 decitex (exceeding 14 metric number but not exceeding 43 metric number),kg,5%,
5205.2300,--Measuring less than 232.56 decitex but not less than 192.31 decitex (exceeding 43 metric number but not exceeding 52 metric number),kg,5%,
5205.2400,--Measuring less than 192.31 decitex but not less than 125 decitex (exceeding 52 metric number but not exceeding 80 metric number),kg,5%,
5205.2600,--Measuring less than 125 decitex but not less than 106.38 decitex(exceeding 80 metric number but not exceeding 94 metric number),kg,5%,
5205.2700,--Measuring less than 106.38 decitex but not less than 83.33 decitex (exceeding 94 metric number but not exceeding 120 metric number),kg,5%,
5205.2800,"Measuring less than 83.33 decitex (exceeding 120 metric number) 164 Item Description (4) Standard Unit of Quantity (5) Duty Rate (6) Multiple (folded) or cabled yarn, of uncombed fibres:",kg,5%,
5205.3100,--Measuring per single yarn 714.29 decitexormore (not exceeding 14 metric number per single yarn),kg,5%,
5205.3200,--Measuring per single yarn less than 714.29decitex but not less than 232.56 decitex (exceeding 14 metric number but not exceeding 43 metric number per single yarn),kg,5%,
5205.3300,--Measuring per single yarn less than 232.56 decitex but not less than 192.31 decitex (exceeding 43 metric number but not exceeding 52 metric number per single yarn),kg,5%,
5205.3400,--Measuring per single yarn less than 192.31decitex but not less than 125decitex(exceeding 52 metric number but not exceeding 80 metric number per single yarn),kg,5%,
5205.3500,"Measuring per single yarn less than 125 decitex(exceeding 80 metric number per single yarn) Multiple (folded) or cabled yarn, of combed fibres:",kg,5%,
5205.4100,--Measuring per single yarn 714.29 decitex or more (not exceeding 14 metric number per single yarn),kg,5%,
5205.4200,--Measuring per single yarn less than 714.29decitex but not less than 232.56 decitex (exceeding 14 metric number but not exceeding 43 metric number per single yarn),kg,5%,
5205.4300,--Measuring per single yarn less than 232.56 decitex but not less than 192.31 decitex(exceeding 43 metric number but not exceeding 52 metric number per single yarn),kg,5%,
5205.4400,--Measuring per single yarn less than 192.31 decitexbut not less than 125 decitex(exceeding 52 metric number but not exceeding 80 metric number per single yarn),kg,5%,
5205.4600,--Measuring per single yarn less than 125 decitex but not less than 106.38 decitex (exceeding 80 metric numberbut not exceeding 94 metric number per single yarn),kg,5%,
5205.4700,--Measuring per single yarn less than 106.38 decitexbutnot less than 83.33 decitex (exceeding 94 metric number but not exceeding 120 metric number per single yarn),kg,5%,
5205.4800,"--Measuring per single yarn less than 83.33 decitex (exceeding 120 metric number per single yarn) Cotton yarn (other than sewing thread),containing less than by weight of cotton,not put up for retail sale. Single yarn, of uncombed fibres:",kg,5% 85%,
5206.1100,--Measuring 714.29 decitex or more (not exceeding 14 metric number),kg,5%,
5206.1200,--Measuring less than 714.29 decitex but not lessthan 232.56 decitex (exceeding 14 metric number but not exceeding 43 metric number),kg,5%,
5206.1300,--Measuring less than 232.56 decitex but not lessthan 192.31 decitex (exceeding 43 metric number but not exceeding 52 metric number),kg,5%,
5206.1400,--Measuring less than 192.31 decitex but not less than 125 decitex (exceeding52 metric number but not exceeding 80 metric number),kg,5%,
5206.1500,"--Measuring less than 125 decitex(exceeding 80 metric number) Single yarn, of combed fibres:",kg,5%,
5206.2100,--Measuring 714.29 decitex or more (not exceeding 14 metric number) 165 Item Description (4) Standard Unit of Quantity (5) Duty Rate (6),kg,5%,
5206.2200,--Measuring less than 714.29 decitex but not less than 232.56 decitex(exceeding 14 metric number but not exceeding 43 metric number),kg,5%,
5206.2300,--Measuring less than 232.56 decitex but not less than 192.31 decitex (exceeding 43 metric number but not exceeding 52 metric number),kg,5%,
5206.2400,--Measuring less than 192.31 decitex but not lessthan 125 decitex (exceeding 52 metric number but not exceeding 80 metric number),kg,5%,
5206.2500,"--Measuring less than 125 decitex (exceeding 80 metric number) Multiple (folded) or cabled yarn, of uncombed fibres:",kg,5%,
5206.3100,Measuring per single yarn 714.29 decitexormore (not exceeding 14 metric number per single yarn),kg,5%,
5206.3200,Measuring per single yarn less than 714.29 decitex but not less than 232.56 decitex (exceeding 14 metric number but not exceeding 43 metric number per single yarn),kg,5%,
5206.3300,Measuring per single yarn less than 232.56 decitex but not less than 192.31 decitex (exceeding 43 metric number but not exceeding 52 metric number per single yarn),kg,5%,
5206.3400,--Measuring per single yarn less than 192.31 decitex but not less than 125 decitex (exceeding 52 metric number but not exceeding 80 metric number per single yarn),kg,5%,
5206.3500,"--Measuring per single yarn less than 125 decitex (exceeding 80 metric number per single yarn ) Multiple (folded) or cabled yarn, of combed fibres:",kg,5%,
5206.4100,--Measuring per single yarn 714.29 decitex or more (not exceeding 14 metric number per single yarn),kg,5%,
5206.4200,--Measuring per single yarn less than 714.29 decitex but not less than 232.56 decitex(exceeding 14 metric number but not exceeding 43 metric number per single yarn),kg,5%,
5206.4300,--Measuring per single yarn less than 232.56decitexbut not less than 192.31 decitex (exceeding 43metric number but notexceeding 52 metric number per single yarn),kg,5%,
5206.4400,--Measuring per single yarn less than 192.31 decitex but not less than 125 decitex (exceeding 52 metric number but not exceeding 80 metric number per single yarn),kg,5%,
5206.4500,--Measuring per single yarn less than 125 decitex(exceeding 80 metric number per single yarn Cotton yarn (other than sewing thread) put up for retail sale.,kg,5%,
5207.1000,Containing or more by weight of cotton,kg,85% 5%,
5207.9000,"Other Woven fabrics of cotton, containing85% or more by weight of cotton, weighing not more than 200 g/m2. Unbleached:",kg,5%,
5208.1100,"Plain weave, weighing not more than 100 g/m2:",kg,15%,
5208.1200,"Plain weave, weighing more than 100 g/m2",kg,15%,
5208.1300,"3-thread or 4-thread twill, including cross twill",kg,15%,
5208.1900,Other fabrics 166 Item Description (4) Standard Unit of Quantity (5) Duty Rate (6) Bleached:,kg,15%,
5208.2100,"Plain weave, weighing not more than 100 g/m2",kg,25%,
5208.2200,"Plain weave, weighing more than 100 g/m2",kg,25%,
5208.2300,"3-thread or 4-thread twill, including cross twill",kg,25%,
5208.2900,Other fabrics Dyed:,kg,25%,
5208.3100,"Plain weave, weighing not more than 100 g/m2",kg,25%,
5208.3200,"Plain weave, weighing more than 100 g/m2",kg,25%,
5208.3300,"3-thread or 4-thread twill, including cross twill",kg,25%,
5208.3900,Other fabrics Of yarns of different colours:,kg,25%,
5208.4100,"Plain weave, weighing not more than 100 g/m2",kg,25%,
5208.4200,"Plain weave, weighing more than 100 g/m2",kg,25%,
5208.4300,"3-thread or 4-thread twill, including cross twill",kg,25%,
5208.4900,Other fabrics Printed:,kg,25%,
5208.5100,"Plain weave, weighing not more than 100 g/m2",kg,25%,
5208.5200,"Plain weave, weighing more than 100 g/m2",kg,25%,
5208.5900,"Other fabrics Woven fabrics of cotton, containing or more byweight of cotton, weighing more than 200 g/m2. Unbleached:",kg,25% 85%,
5209.1100,--Plain weave,kg,15%,
5209.1200,"3-thread or 4-thread twill, including cross twill",kg,15%,
5209.1900,Other fabrics Bleached:,kg,15%,
5209.2100,Plain weave,kg,25%,
5209.2200,"3-thread or 4-thread twill, including cross twill",kg,25%,
5209.2900,Other fabrics Dyed:,kg,25%,
5209.3100,--Plain weave:,kg,25%,
5209.3200,"3-thread or 4-thread twill, including cross twill",kg,25%,
5209.3900,Other fabrics Of yarns of different colours:,kg,25%,
5209.4100,Plain weave,kg,25%,
5209.4200,Denim,kg,25%,
5209.4300,"Other fabrics of 3-thread or 4-thread twill, including cross twill",kg,25%,
5209.4900,Other fabrics Printed:,kg,25%,
5209.5100,Plain weave,kg,25%,
5209.5200,"3-thread or 4-thread twill, including cross twill 167 Item Description (4) Standard Unit of Quantity (5) Duty Rate (6)",kg,25%,
5209.5900,"Other fabrics Woven fabrics of cotton, containing less than mixed mainly or solely with man-made fibers, by weight of cotton, weighing more than 200 g/m2. Unbleached:",kg,25% 85%,
5210.1100,Plain weave,kg,15%,
5210.1900,Other fabrics Bleached:,kg,15%,
5210.2100,Plain weave,kg,25%,
5210.2900,Other fabrics Dyed:,kg,25%,
5210.3100,--Plain weave,kg,25%,
5210.3200,"3-thread or 4-thread twill, including cross twill",kg,25%,
5210.3900,Other fabrics Of yarns of different colours:,kg,25%,
5210.4100,Plain weave,kg,25%,
5210.4900,Other fabrics Printed:,kg,25%,
5210.5100,Plain weave,kg,25%,
5210.5900,"Other fabrics Woven fabrics of cotton, containing less than 85%by weight of cotton, mixed mainly or solely with man- made fibres, weighing more than 200 g/m2. Unbleached:",kg,25%,
5211.1100,Plain weave,kg,15%,
5211.1200,"3-thread or 4-thread twill, including cross twill",kg,15%,
5211.1900,Other fabrics,kg,15%,
5211.2000,Bleached Dyed:,kg,25%,
5211.3100,Plain weave,kg,25%,
5211.3200,"3-thread or 4-thread twill, including cross twill",kg,25%,
5211.3900,Other fabrics Of yarns of different colours:,kg,25%,
5211.4100,Plain weave,kg,25%,
5211.4200,Denim,kg,25%,
5211.4300,"Other fabrics of 3-thread or 4-thread twill,including cross twill",kg,25%,
5211.4900,Other fabrics Printed:,kg,25%,
5211.5100,Plain weave,kg,25%,
5211.5200,"3-thread or 4-thread twill, including cross twill",kg,25%,
5211.5900,Other fabrics Other woven fabrics of cotton. Weighing not more than 200 g/m2 :,kg,25%,
5212.1100,Unbleached 168 Item Description (4) Standard Unit of Quantity (5) Duty Rate (6),kg,15%,
5212.1200,Bleached,kg,25%,
5212.1300,Dyed,kg,25%,
5212.1400,Of yarns of different colours,kg,25%,
5212.1500,Printed Weighing more than 200 g/m2:,kg,25%,
5212.2100,Unbleached,kg,15%,
5212.2200,Bleached,kg,25%,
5212.2300,Dyed,kg,25%,
5212.2400,Of yarns of different colours,kg,25%,
5212.2500,"Printed 169 Chapter 53 Other vegetable textile fibres; paperyarn and woven fabrics of paper yarn Item Description (4) Standard Unit of Quantity (5) Duty Rate (6) Flax, raw or processed but not spun; flax tow and waste (including yarn waste and garnetted stock).",kg,25%,
5301.1000,"Flax, raw or retted Flax, broken, scutched, hackled or otherwise processed, but not spun:",kg,Free,
5301.2100,Broken or scutched,kg,Free,
5301.2900,Other,kg,Free,
5301.3000,Flax tow and waste True hemp (cannabis sativa L.) raw or processed but not spun; tow and waste or true hemp(including yarn waste and garnetted stock).,kg,Free,
5302.1000,"True hemp, raw or retted",kg,Free,
5302.9000,"Other Jute and other textile bast fibres (excluding flax, true hemp and ramie), raw or processed but not spun; tow and waste of these fibres(including yarn waste and garnetted stock).",kg,Free,
5303.1000,"Jute and other textile bast fibres, raw or retted",kg,Free,
5303.9000,Other,kg,Free,
5305.0000,"Coconut, abaca (Manila hemp or Musa textiles Nee), ramie and other vegetable textile fibres, not elsewhere specified or included, raw or processed but not spun; tow, noils and waste of these fibres (including yarn waste and garneted stock). Flax yarn.",kg,Free,
5306.1000,Single,kg,5%,
5306.2000,Multiple (folded) or cabled Yarn of jute or of other textile bast fibresofheading 53.03.,kg,5%,
5307.1000,Single,kg,5%,
5307.2000,Multiple (folded) or cabled Yarn of other vegetable textile fibres; paper yarn.,kg,5%,
5308.1000,Coir yarn,kg,5%,
5308.2000,True hemp yarn,kg,5%,
5308.9000,Other Woven fabrics of flax. Containing or more by weight of flax: Unbleached or bleached:,kg,5% 85%,
5309.1110,Unbleached,kg,15%,
5309.1190,Bleached Other:,kg,25%,8%
5309.1910,Unbleached,kg,15%,
5309.1990,Other Containing less than by weight of flax: Unbleached or bleached:,kg,25% 85%,
5309.2110,Unbleached,kg,15%,
5309.2190,Bleached Other:,kg,25%,
5309.2910,Unbleached,kg,15%,
5309.2990,Other Woven fabrics of jute or of other textile bast fibres of heading 53.03.,kg,25%,
5310.1000,Unbleached,kg,15%,
5310.9000,Other Woven fabrics of other vegetable textile fibres;woven fabrics of paper yarn.,kg,25%,
5311.0010,Unbleached,kg,15%,
5311.0090,"Other 170 Chapter 54 filaments; strip and the like of man-made textile materials the term “Man made fibres” means staple fibres and filamentsof organic polymers produced by either : of organic monomers to produce polymers such as polyamides, polyesters, polyolefins or olyurethanes, modification of polymers produced by this process (for example, poly(vinyl alcohol) prepared by the (vinyl acetate)); or or chemical treatment of natural organic polymers (for example, cellulose) to produce polymers such as rayon (cupro) or viscose rayon, or by chemical modification of natural organic polymers (for example, and other proteins, or alginic acid), to produce polymers such as cellulose acetate or alginates. and “artificial”, used in relation to fibres, mean: synthetic: fibres as defined at (a); artificial: fibres as and the like of heading 54.04 or 54.05 are not considered to be man-made fibres. “synthetic” and “artificial” shall have the same meanings when used in relation to “textilematerials”. 54.03 do not apply to synthetic or artificial filament two of Chapter 55. Item Description (4) Standard Unit of Quantity (5) Duty Rate (6) Sewing thread of man-made filaments,whether or not put up for retail sale. Of synthetic filaments:",kg,25%,
5401.1010,Put up for retail sale,kg,15%,
5401.1090,Other Of artificial filaments:,kg,5%,
5401.2010,Put up for retail sale,kg,15%,
5401.2090,"Other Synthetic filament yarn (other than sewing thread), not put up for retail sale, including synthetic monofilament of less than 67 decitex. High tenacity yarn of nylon or other polyamides, whether or not textured :",kg,5%,
5402.1100,Of aramids,kg,Free,
5402.1900,Other,kg,Free,
5402.2000,"High tenacity yarn of polyesters, whether or not textured Textured yarn:",kg,Free,
5402.3100,"Of nylon or other polyamides, measuring per single yarn not more than 50 tex",kg,Free,
5402.3200,"Of nylon or other polyamides, measuring per single yarn more than 50 tex",kg,Free,
5402.3300,Of polyesters,kg,Free,
5402.3400,Of polypropylene,kg,Free,
5402.3900,"Other Other yarn, single, untwisted or with a twist not exceeding 50 turns per metre:",kg,Free,
5402.4400,Elastomeric,kg,Free,
5402.4500,"Other, of nylon or other polyamides 171 Item Description (4) Standard Unit of Quantity (5) Duty Rate (6)",kg,Free,
5402.4600,"Other, of polyesters, partially oriented",kg,Free,
5402.4700,"Other, of polyesters",kg,Free,
5402.4800,"Other, of polypropylene",kg,Free,
5402.4900,"Other Other yarn, single, with a twist exceeding 50 turns per metre:",kg,Free,
5402.5100,Of nylon or other polyamides,kg,Free,
5402.5200,Of polyesters,kg,Free,
5402.5300,Of polypropylene,kg,Free,
5402.5900,"Other Other yarn, multiple (folded) or cabled:",kg,Free,
5402.6100,Of nylon or other polyamides,kg,Free,
5402.6200,Of polyesters,kg,Free,
5402.6300,Of polypropylene,kg,Free,
5402.6900,"Other Artificial filament yarn (other than sewing thread), not put up for retail sale, including artificial monofilament of less than 67 decitex.",kg,Free,
5403.1000,"High tenacity yarn of viscose rayon Other yarn, single:",kg,Free,
5403.3100,"Of viscose rayon, untwisted or with a twist not exceeding 120 turns per metre",kg,Free,
5403.3200,"Of viscose rayon, with a twist exceeding 120 turns per metre",kg,Free,
5403.3300,Of cellulose acetate,kg,Free,
5403.3900,"Other Other yarn, multiple (folded) or cabled:",kg,Free,
5403.4100,Of viscose rayon,kg,Free,
5403.4200,Of cellulose acetate,kg,Free,
5403.4900,"Other Synthetic monofilament of 67 decitex or more and of which no cross- sectional dimension exceeds1 mm; strip and the like (for example, artificial straw) of synthetic textile materials of an apparent width not exceeding 5 mm. Monofilament :",kg,Free,
5404.1100,Elastomeric,kg,Free,
5404.1200,"Other, of polypropylene",kg,Free,
5404.1900,Other,kg,Free,
5404.9000,Other,kg,Free,
5405.0000,"Artificial monofilament of 67 decitex or more and of which no cross- sectional dimension exceeds 1 mm; strip and the like (for example, artificial straw) of artifical textile materials of an apparent width not exceeding 5 mm.",kg,Free,
5406.0000,"Man-made filament yarn (other than sewing thread), put up for retail sale. Woven fabrics of synthetic filament yarn, including woven fabrics obtained from materials of heading 54.04. Woven fabrics obtained from high tenacity yarn of nylon or other polyamides 172 Item Description (4) Standard Unit of Quantity (5) Duty Rate (6) or of polyesters:",kg,15%,
5407.1010,Unbleached,kg,15%,
5407.1090,Other Woven fabrics obtained from strip or the like:,kg,25%,
5407.2010,Unbleached,kg,15%,
5407.2090,Other Fabrics specified in Note 9 to Section XI:,kg,25%,
5407.3010,Unbleached,kg,15%,
5407.3090,"Other Other woven fabrics, containing or more by weight of filaments of nylon or other polyamides: Unbleached or bleached:",kg,25% 85%,
5407.4110,Unbleached,kg,15%,
5407.4190,Bleached,kg,25%,
5407.4200,Dyed,kg,25%,
5407.4300,Of yarns of different colours,kg,25%,
5407.4400,"Printed Other woven fabrics, containing or more by weight of textured polyester filaments: Unbleached or bleached:",kg,25% 85%,
5407.5110,Unbleached,kg,15%,
5407.5190,Bleached,kg,25%,
5407.5200,Dyed,kg,25%,
5407.5300,Of yarns of different colours,kg,25%,
5407.5400,"Printed Other woven fabrics, containing or more by weight of polyester filaments: Containing 85 % or more by weight of non-textured polyester filaments:",kg,25% 85%,
5407.6110,Unbleached,kg,15%,
5407.6190,Other Other:,kg,25%,
5407.6910,Unbleached,kg,15%,
5407.6990,"Other Other woven fabrics, containing or more by weight of synthetic filaments: Unbleached or bleached:",kg,25% 85%,
5407.7110,Unbleached,kg,15%,
5407.7190,Bleached,kg,25%,
5407.7200,Dyed,kg,25%,
5407.7300,Of yarns of different colours,kg,25%,
5407.7400,"Printed Other woven fabrics, containing less than by weight of synthetic filaments, mixed mainly or solely with cotton: Unbleached or bleached: 173 Item Description (4) Standard Unit of Quantity (5) Duty Rate (6)",kg,25% 85%,
5407.8110,Unbleached,kg,15%,
5407.8190,Bleached,kg,25%,
5407.8200,Dyed,kg,25%,
5407.8300,Of yarns of different colours,kg,25%,
5407.8400,Printed Other woven fabrics: Unbleached or bleached:,kg,25%,
5407.9110,Unbleached,kg,15%,
5407.9190,Bleached,kg,25%,
5407.9200,Dyed,kg,25%,
5407.9300,Of yarns of different colours,kg,25%,
5407.9400,"Printed Woven fabrics of artificial filament yarn, including woven fabrics obtained from materials of heading 54.05. Woven fabrics obtained from high tenacity yarn of viscose rayon:",kg,25%,
5408.1010,Unbleached,kg,15%,
5408.1090,"Other Other woven fabrics, containing or more by weight of artificial filament or strip or the like: Unbleached or bleached:",kg,25% 85%,
5408.2110,Unbleached,kg,15%,
5408.2190,Bleached,kg,25%,
5408.2200,Dyed,kg,25%,
5408.2300,Of yarns of different colours,kg,25%,
5408.2400,Printed Other woven fabrics: Unbleached or bleached:,kg,25%,
5408.3110,Unbleached,kg,15%,
5408.3190,Bleached,kg,25%,
5408.3200,Dyed,kg,25%,
5408.3300,Of yarns of different colours,kg,25%,
5408.3400,"Printed 174 Chapter 55 Man-made staple fibres to man- made filament tow, consisting of parallel filaments of a uniform length equalto specifications: 67 decitex ; tow must be drawn, that is to say, be incapable of being stretched by more than 100%of than 20.000 decitex. to be classified in heading 55.03 or 55.04. Description (4) Standard Unit of Quantity (5) Duty Rate (6) Synthetic filament tow.",kg,25%,8%
5501.1000,Of nylon or other polyamides,kg,Free,
5501.2000,Of polyesters,kg,Free,
5501.3000,Acrylic or modacrylic,kg,Free,
5501.4000,Of polypropylene,kg,Free,
5501.9000,Other Artificial filament tow.,kg,Free,
5502.1000,Of cellulose acetate,kg,Free,
5502.9000,"Other Synthetic staple fibres, not carded, combed or otherwise processed for spinning. Of nylon or other polyamides :",kg,Free,
5503.1100,Of aramids,kg,Free,
5503.1900,Other,kg,Free,
5503.2000,Of polyesters,kg,Free,
5503.3000,Acrylic or modacrylic,kg,Free,
5503.4000,Of polypropylene,kg,Free,
5503.9000,"Other Artificial staple fibres, not carded, combed or or otherwise processed for spinning.",kg,Free,
5504.1000,Of viscose rayon,kg,Free,
5504.9000,"Other Waste (including noils, yarn waste and garnetted stock) of man-made fibres.",kg,Free,
5505.1000,Of synthetic fibres,kg,Free,
5505.2000,"Of artificial fibres Synthetic staple fibres, carded, combed or other 175 Description (4) Standard Unit of Quantity (5) Duty Rate (6) wiseprocessed for spinning.",kg,Free,
5506.1000,Of nylon or other polyamides,kg,Free,
5506.2000,Of polyesters,kg,Free,
5506.3000,Of acrylic or modacrylic,kg,Free,
5506.4000,Of polypropylene,kg,Free,
5506.9000,Other,kg,Free,
5507.0000,"Artificial staple fibres, carded, combed or otherwise processed for spinning. Sewing thread of man-made staple fibres,whether or not put up for retail sale. Of synthetic staple fibres:",kg,Free,
5508.1010,Put up for retail sale,kg,15%,
5508.1090,Other Of artificial Staple Fibres:,kg,5%,
5508.2010,Put up for retail sale,kg,15%,
5508.2090,"Other Yarn (other than sewing thread) of synthetic staple fibres, not put up for retail sale. Containing or more by weight to staple fibres of nylon or other polyamides:",kg,5% 85%,
5509.1100,Single yarn,kg,Free,
5509.1200,Multiple (folded) or cabled yarn Containing or more by weight of polyester staple fibres:,kg,Free 85%,
5509.2100,Single yarn,kg,Free,
5509.2200,Multiple (folded) or cabled yarn Containing or more by weight of acrylic or modacrylic staple fibres: Single yarn:,kg,Free 85%,
5509.3110,Dyed,kg,15%,
5509.3190,Other Multiple (folded) or cabled yarn፡,kg,Free,
5509.3210,Dyed,kg,15%,
5509.3290,"Other Other yarn, containing or more by weight of synthetic staple fibres:",kg,Free 85%,
5509.4100,Single yarn,kg,Free,
5509.4200,"Multiple (folded) or cabled yarn Other yarn, of polyester staple fibres:",kg,Free,
5509.5100,Mixed mainly or solely with artificial staple fibres,kg,Free,
5509.5200,Mixed mainly or solely with wool or fine animal hair,kg,Free,
5509.5300,Mixed mainly or solely with cotton,kg,Free,
5509.5900,"Other Other yarn, of acrylic of modacrylic staple fibres:",kg,Free,
5509.6100,Mixed mainly or solely with wool or fine animal hair 176 Description (4) Standard Unit of Quantity (5) Duty Rate (6),kg,Free,
5509.6200,Mixed mainly or solely with cotton,kg,Free,
5509.6900,Other Other yarn:,kg,Free,
5509.9100,Mixed mainly or solely with wool or fine animal hair,kg,Free,
5509.9200,Mixed mainly or solely with cotton,kg,Free,
5509.9900,"Other Yarn (other than sewing thread) of artificial staple fibres, not put up for retail sale. Containing or more by weight of artificial staple fibres:",kg,Free 85%,
5510.1100,Single yarn,kg,Free,
5510.1200,Multiple (folded) or cabled yarn,kg,Free,
5510.2000,"Other yarn, mixed mainly or solely with wool or fine animal hair",kg,Free,
5510.3000,"Other yarn, mixed mainly or solely with cotton",kg,Free,
5510.9000,"Other yarn Yarn (other than sewing thread) of man-made staple fibres, put up for retail sale.",kg,Free,
5511.1000,"Of synthetic staple fibres, containing or more by weight of such fibres",kg,85% 15%,
5511.2000,"Of synthetic staple fibres, containing less than by weight of such fibres",kg,85% 15%,
5511.3000,"Of artificial staple fibres Woven fabrics of synthetic staple fibres, containing or more by weight of synthetic staple fibres. Containg or more by weight of polyester staple fibres: Unbleached or bleached:",kg,15% 85% 85%,
5512.1110,Unbleached,kg,15%,
5512.1190,Bleached,kg,25%,
5512.1900,Other Containing or more by weight of acrylic or modacrylic staple fibres: Unbleached or bleached:,kg,25% 85%,
5512.2110,Unbleached,kg,15%,
5512.2190,Bleached,kg,25%,
5512.2900,Other Other: Unbleached or bleached:,kg,25%,
5512.9110,Unbleached,kg,15%,
5512.9190,Bleached,kg,25%,
5512.9900,"Other Woven fabrics of synthetic staple fibres, containing less than by weight of suchfibres, mixed mainly or solely with cotton, ofa weight not exceeding 170 g/m2. 177 Description (4) Standard Unit of Quantity (5) Duty Rate (6) Unbleached or bleached: Of polyester staple fibres, plain weave:",kg,25% 85%,
5513.1110,Unbleached,kg,15%,
5513.1190,"Other 3-thread or 4-thread twill, including cross twill, of polyester staple fibres:",kg,25%,
5513.1210,Unbleached,kg,15%,
5513.1290,Other Other woven fabrics of polyester staple fibres:,kg,25%,
5513.1310,Unbleached,kg,15%,
5513.1390,Other Other woven fabrics:,kg,25%,
5513.1910,Unbleached,kg,15%,
5513.1990,Other Dyed:,kg,25%,
5513.2100,"Of polyester staple fibres, plain weave",kg,25%,
5513.2300,Other woven fabrics of polyester staple fibres,kg,25%,
5513.2900,Other woven fabrics Of yarns of different colours:,kg,25%,
5513.3100,"Of polyester staple fibres, plain weave",kg,25%,
5513.3900,Other woven fabrics Printed:,kg,25%,
5513.4100,"Of polyester staple fibres, plain weave",kg,25%,
5513.4900,"Other woven fabrics Woven fabrics of synthetic staple fibres containing less than by weight of such fibres, mixed mainly or solely with cotton, of a weight exceeding 170 g/m2. Unbleached or Bleached: Of polyester staple fibres, plain weave:",kg,25% 85%,
5514.1110,Unbleached,kg,15%,
5514.1190,"Other 3-thread or 4-thread twill, including cross twill, of polyster staple fibres:",kg,25%,
5514.1210,Unbleached,kg,15%,
5514.1290,Other Other woven fabrics:,kg,25%,
5514.1910,Unbleached,kg,15%,
5514.1990,Other Dyed:,kg,25%,
5514.2100,"Of polyester staple fibres, plain weave",,25%,
5514.2200,"3-thread or 4-thread twill, including cross twill, of polyster staple fibres",kg,25%,
5514.2300,Other woven fabrics of polyester staple fibres,kg,25%,
5514.2900,Other woven fabrics,kg,25%,
5514.3000,Of yarns of different colours 178 Description (4) Standard Unit of Quantity (5) Duty Rate (6),kg,25%,
5514.4100,"Of polyester staple fibres, plain weave",kg,25%,
5514.4200,"3-thread or 4-thread twill, including cross twill, of polyster staple fibres",kg,25%,
5514.4300,Other woven fabrics of polyester staple fibres,kg,25%,
5514.4900,Other woven fabrics Other woven fabrics of synthetic staple fibres. Of polyster staple fibres: Mixed mainly or solely with viscose rayon staple fibres:,kg,25%,
5515.1110,Unbleached,kg,15%,
5515.1190,Other Mixed mainly or solely with man-made filaments:,kg,25%,
5515.1210,Unbleached,kg,15%,
5515.1290,Other Mixed mainly or solely with wool or fine animal hair:,kg,25%,
5515.1310,Unbleached,kg,15%,
5515.1390,Other Other:,kg,25%,
5515.1910,Unbleached,kg,15%,
5515.1990,Other Of acrylic or modacrylic staple fibres: Mixed mainly or solely with man-made filaments:,kg,25%,
5515.2110,Unbleached,kg,15%,
5515.2190,Other Mixed mainly or solely with wool or fine animalhair:,kg,25%,
5515.2210,Unbleached,kg,15%,
5515.2290,Other Other:,kg,25%,
5515.2910,Unbleached,kg,15%,
5515.2990,Other Other woven fabrics: Mixed mainly or solely with man-made filaments:,kg,25%,
5515.9110,Unbleached,kg,15%,
5515.9190,Other Other:,kg,25%,
5515.9910,Unbleached,kg,15%,
5515.9990,Other Woven fabrics of artificial staple fibres. Containing or more by weight of artificial staple fibres: Unbleached or bleached:,kg,25% 85%,
5516.1110,Unbleached,kg,15%,
5516.1190,Bleached,kg,25%,
5516.1200,Dyed,Kg,25%,
5516.1300,Of yarns of different colours,Kg,25%,
5516.1400,"Printed 179 Description (4) Standard Unit of Quantity (5) Duty Rate (6) Containing less than by weight of artificial staple fibres, mixed mainly or solely with man-made filaments: Unbleached or bleached:",Kg,25% 85%,
5516.2110,Unbleached,kg,15%,
5516.2190,Bleached,kg,25%,
5516.2200,Dyed,kg,25%,
5516.2300,Of yarns of different colours,kg,25%,
5516.2400,"Printed Containing less than by weight of artificial staple fibres, mixed mainly or solely with wool of fine animal hair: Unbleached or bleached:",kg,25% 85%,
5516.3110,Unbleached,kg,15%,
5516.3190,Bleached,kg,25%,
5516.3200,Dyed,Kg,25%,
5516.3300,Of yarns of different colours,Kg,25%,
5516.3400,"Printed Containing less than by weight of artificial staple fibres, mixed mainly or solely with cotton: Unbleached or bleached:",Kg,25% 85%,
5516.4110,Unbleached,kg,15%,
5516.4190,Bleached,kg,25%,
5516.4200,Dyed,kg,25%,
5516.4300,Of yarns of different colours,kg,25%,
5516.4400,Printed Other Unbleached or bleached፡,kg,25%,
5516.9110,Unbleached,kg,15%,
5516.9190,Bleached,kg,25%,
5516.9200,Dyed,kg,25%,
5516.9300,Of yarns of different colours,kg,25%,
5516.9400,"Printed 180 Chapter 56 felt and nonwovens; special yarns; cordage, ropes and cables and articles thereof impregnated, coated or covered with substances or preparations (for example, perfumes soaps or detergents of heading 34.01 polishes, creams or similar preparations of eading 38.09) where the textile material is present merely as a carrying medium ; powder or grain, on a backing of felt or nonwovens (heading 68.14); or mica, on a backing of felt or nonwovens (heading 68.14); or nonwovens (generally Section XIV or XV); or napkins and napkin liners for babies and similar articles of heading 96.19. felt and fabrics consisting of a web of textile fibres the cohesion of which hasbeen using fibres from the web itself. felt and nonwovens, impregnated, coated, covered or laminated with plastics or materials (compact or cellular). in which plastics or rubber forms the bonding substance. however cover: or laminated with plastics or rubber, containing or less by weight of textile embedded in plastics or rubber (Chapter 39 or 40); embedded in plastics or rubber, or entirely coated or covered on both sides that such coating or covering can be seen with the naked eye with no account being of colour (Chapter 39 or 40); or plastics or cellular rubber combined with felt or nonwovens, where the textile material is purposes (Chapter 39 or 40). textile yarn, or strip or the like of heading 54.04 or 54.05, in which the impregnation, seen with the naked eye (usually Chapters 50 to 55); for the purpose of this provision, resulting change of colour. Item Description (4) Standard Unit of Quantity (5) Duty Rate (6) Wadding of textile materials and articles thereof; textile fibres, not exceeding 5 mm in length (flock),textile dust and mill neps. Wadding of textile materials and articles thereof:",kg,25% 50%,8%
5601.2100,Of cotton,kg,5%,
5601.2200,Of man-made fibres,kg,5%,
5601.2900,Other,kg,5%,
5601.3000,"Textile flock and dust and mill neps Felt, whether or not impregnated, coated, covered or laminated.",kg,5%,
5602.1000,"Needle loom felt and stitch-bonded fibre fabrics Other felt, not impregnated, coated, covered or laminated:",kg,15%,
5602.2100,Of wool or fine animal hair,kg,15%,
5602.2900,Of other textile materials,kg,15%,
5602.9000,"Other 181 Item Description (4) Standard Unit of Quantity (5) Duty Rate (6) Nonwovens; whether or not impregnated, coated, covered or laminated. Of man-made filaments :",kg,15%,
5603.1100,Weighing not more than 25 g/m2,kg,15%,
5603.1200,Weighing more than 25 g/m2 but not more than70 g/m2,kg,15%,
5603.1300,Weighing more than 70 g/m2 but not more than 150 g/m2,kg,15%,
5603.1400,Weighing more than 150 g/m2 Other :,kg,15%,
5603.9100,Weighing not more than 25 g/m2,kg,15%,
5603.9200,Weighing more than 25 g/m2 but not more than 70 g/m2,kg,15%,
5603.9300,Weighing more than 70 g/m2 but not more than 150 g/m2,kg,15%,
5603.9400,"Weighing more than 150g/m2 Rubber thread and cord, textile covered; textile yarn, and strip and the like of heading .54.04 or 54.05, impregnated, coated, covered or sheathed with rubber or plastics.",kg,15%,
5604.1000,"Rubber thread and cord, textile covered",kg,5%,
5604.9000,Other,kg,5%,
5605.0000,"Metallised yarn, whether or not gimped, being textile yarn, or strip or the like of heading 54.04 or 54.05, combined with metal in the form of thread, strip or powder or covered with metal.",kg,5%,
5606.0000,"Gimped yarn, and strip and the like of heading 54.04 or 54.05 gimped (other than those of heading 56.05 and gimpedhorse hair yarn); chenille yarn (including flock chenille yarn); loop wale-yarn. Twine, cordage, ropes and cables, whether or plaited or braided and whether or not Impregnated, coated, covered or sheathed with rubber or plastics. Of sisal or other textile fibres of the genus Agave:",kg,5%,
5607.2100,Binder or baler twine,kg,15%,
5607.2900,Other Of polyethylene or polypropylene:,kg,15%,
5607.4100,Binder or baler twine,kg,15%,
5607.4900,Other,kg,15%,
5607.5000,Of other synthetic fibres,kg,15%,
5607.9000,"-Other Knotted netting of twine, cordage or rope; made up fishing nets and other made up nets, of textile materials. Of man-made textile materials:",kg,15%,
5608.1100,Made up fishing nets Other:,kg,Free,
5608.1910,Mosquito nets,kg,Free,
5608.1990,Other Other:,kg,15%,
5608.9010,Mosquito nets,kg,Free,
5608.9090,Other,kg,15%,
5609.0000,"Articles of yarn, strip or the like of heading 54.04 or 54.05,twine, cordage, rope or cables, not elsewhere specified or included. 182 Chapter 57 Carpets and other textile floor coverings the term “Carpets and other textile floor coverings” means floor coverings in which surface of the article when in use and includes articles having the characteristics of textile use for other purposes. coverings underlays. Item Description (4) Standard Unit of Quantity (5) Duty Rate (6) Carpets and other textile floor coverings, knotted, whether or not made up.",kg,15%,
5701.1000,Of wool or fine animal hair,m2,35%,30%
5701.9000,"Of other textile materials Carpets and other textile floor coverings, woven, not tufted or flocked, whether or not madeup including “kelem” “schumacks”,“karamanie” and similar hand- woven rungs.",m2,35%,
5702.1000,"“Kelem”, “schumacks”, “karamanie” and similar hand- woven rugs",m2,35%,
5702.2000,"Floor coverings of coconut fibres (coir) Other, of pile construction, not made up:",m2,35%,
5702.3100,Of wool or fine animal hair,m2,35%,
5702.3200,Of man-made textile materials,m2,35%,
5702.3900,"Of other textile materials Other, of pile construction, not made up",m2,35%,
5702.4100,Of wool or fine animal hair,m2,35%,
5702.4200,Of man-made textile materials,m2,35%,
5702.4900,Of other textile materials,m2,35%,
5702.5000,"Other, not of pile construction, not made up Other, not of pile construction, made up:",m2,35%,
5702.9100,Of wool or fine animal hair,m2,35%,
5702.9200,Of man-made textile materials,m2,35%,
5702.9900,"Of other textile materials Carpets and other textile floor coverings, tufted, whether or not made up.",m2,35%,
5703.1000,Of wool or fine animal hair,m2,35%,
5703.2000,Of nylon or other polyamides,m2,35%,
5703.3000,Of other man-made textile materials,m2,35%,
5703.9000,"Of other textile materials Carpets and other textile floor coverings, of felt, not tufted or flocked, whether or not made up.",m2,35%,
5704.1000,"Tiles, having a maximum surface area of 0.3m2",m2,35%,
5704.2000,"-Tiles, having a maximum surface area exceeding 0.3 m² but not exceeding 1 m² m²",,35%,
5704.9000,Other,m2,35%,
5705.0000,"Other carpets and other textile floor coverings, whether or not made up. 183 Chapter 58 Special woven fabrics; tufted textile fabrics; Lace; tapestries; trimmings; embroidery to textile fabrics referred to in Note 1 to Chapter 59, impregnated,coated, covered or Chapter 59. weft pile fabrics which have not yet had the floats cut, at which stage they have no “gauze” means a fabric with a warp composed wholly or in part of standing or ground threads which cross the standing or ground threads making a half turn, a complete turn or weft threads pass. to knotted net fabrics of twine, cordage or rope, of heading 56.08. the expression “narrow woven fabrics” means: exceeding 30 cm, whether woven as such or cut from wider pieces, provided with selvedges made) on both edges ; flattened width not exceeding 30 cm ; and of a width when unfolded not exceeding 30 cm. Narrow woven fabrics with in heading 58.08. “embroidery”means, inter alia, embroidery withmetal or glass thread on a visible sewn applique work of sequins, beads or ornamental motifs of textile or other materials. needlework tapestry (heading 58.05). heading58.09, this Chapter also includes articles madeof metal thread and of a kind used in or for similar purposes. Item Description (4) Standard Unit of Quantity (5) Duty Rate (6) Woven pile fabrics and chenille fabrics, other than fabrics of heading 58.02 or 58.06.",m2,35%,8%
5801.1000,Of wool or fine animal hair Of cotton:,kg,25%,
5801.2100,Uncut weft pile fabrics,kg,25%,
5801.2200,Cut corduroy,kg,25%,
5801.2300,Other weft pile fabrics,kg,25%,
5801.2600,Chenille fabrics,kg,25%,
5801.2700,--Warp pile fabrics Of man-made fibres,kg,25%,
5801.3100,Uncut weft pile fabrics,kg,25%,
5801.3200,Cut corduroy,kg,25%,
5801.3300,Other weft pile fabrics,kg,25%,
5801.3600,Chenille fabrics,kg,25%,
5801.3700,--Warp pile fabrics,kg,25%,
5801.9000,"Of other textile materials Terry towelling and similar woven terry fabrics, other than narrow fabrics of heading .58.06; tufted textile fabrics, other than products of heading 57.03. Terry towelling and similar woven terry fabrics, of cotton:",kg kg,25% 25%,
5802.1100,Unbleached,kg,15%,
5802.1900,Other,kg,25%,
5802.2000,"Terry towelling and similar woven terry fabrics, of other textile materials: 184 Item Description (4) Standard Unit of Quantity (5) Duty Rate (6)",kg,25%,
5802.3000,-Tufted textile fabrics,kg,25%,
5803.0000,"Gauze, other than narrow fabrics of heading 58.06. Tulles and other net fabrics, not including woven, knitted or crocheted fabrics; lace in the piece, in strips or in motifs, other than fabrics of headings60.02 to 60.06. Tulles and other net fabrics:",Kg,25%,
5804.1010,Mosquito netting,Kg,Free,
5804.1090,Other Mechanically made lace:,Kg,25%,
5804.2100,Of man-made fibres,Kg,25%,
5804.2900,Of other textile materials,Kg,25%,
5804.3000,Hand-made lace,Kg,25%,
5805.0000,"Hand-woven tapestries of the type Gobelins, Flanders, Aubusson, Beauvais and the like, and needle worked tapestries (for example, petit point, cross stitch), whether or not made up. Narrow woven fabrics, other than goods of heading 58.07; narrow fabrics consisting of warp without weft assembled by means of an adhesive (bolducs).",Kg,25%,
5806.1000,Woven pile fabrics (including terry towelling and similar terry fabrics) and chenille fabrics,Kg,25%,
5806.2000,"Other woven fabrics, containing by weight or more of elastomeric yarn or rubber thread Other woven Fabrics:",Kg,5% 25%,
5806.3100,Of cotton,Kg,25%,
5806.3200,Of man-made fibres,Kg,25%,
5806.3900,Of other textile materials,Kg,25%,
5806.4000,"Fabrics consisting of warp without weft assembled by means of an adhesive (bolducs) Labels, badges and similar articles of textile materials, in the piece, in strips or cut to shape or size, not embroidered.",Kg,25%,
5807.1000,Woven,Kg,25%,
5807.9000,"Other Braids in the piece; ornamental trimmings in the piece, without embroidery other than knitted or crocheted; tassels, pompons and similar articles.",Kg,25%,
5808.1000,Braids in the piece,Kg,25%,
5808.9000,Other,Kg,25%,
5809.0000,"Woven fabrics of metal thread and woven fabrics of metallised yarn of heading 56.05, of a kind used in apparel, as furnishing fabrics or for similar purposes, not elsewhere specified or included. Embroidery in the piece, in strips or or in motifs.",Kg,25%,
5810.1000,Embroidery without visible ground Other embroidery:,Kg,25%,
5810.9100,Of cotton,Kg,25%,
5810.9200,Of man-made fibres,Kg,25%,
5810.9900,Of other textile materials,Kg,25%,
5811.0000,"Quilted textile products in the piece, composed of one or more layers of textile materials assembled with padding by stitching or otherwise, other than embroidery of heading 58.10. 186 or grain, on a backing of textile fabrics (heading 68.05); on a backing of textile fabrics (heading 68.14); or fabrics (generally Section XIV or XV). of textile material, of a thickness of less than 3mm; or or belting of textile fabric impregnated, coated covered or laminated with rubber or made coated, covered or sheathed with rubber (heading 40.10). goods, which do not fall in any other heading of section XI: to length or simply cut to rectangular (including square)shape (other than those having headings 59.08 to 59.10), the following only: woven fabrics, coated, covered or laminated with rubber, leather or other material, and similar fabrics of a kind used for other technical purposes, including narrow with rubber, for covering weaving spindles (weaving beams); in oil presses or the like, of textile material or of human hair; multiple warp or weft, whether or not felted, impregnated or coated, of a kind usedin purposes ; metal, of a kind used for technical purposes whether or not coated, impregnated or reinforcedwith metal, of a kind used in industryas than those of heading 59.08 to 59.10) of a kind used for technical purposes (for and felt,endless or fitted with linking devices, of a kind used in paper- making or example,for pulp or asbestos- cement), gaskets, washers, polishing discs and other Item Description (4) Standard Unit of Quantity (5) Duty Rate (6) Textile fabrics coated with gum or amylaceous substances, of a kind used for the outer coversof books or the like; tracing cloth; preparedpainting canvas; buckram and similar stiffenedtextile fabrics of a kind used for hat foundations.",kg,25% 50%,8%
5901.1000,"Textile fabrics coated with gum or amylaceous substances, of a kind used for the outer covers of books or the like",kg,15%,30%
5901.9000,"Other Tyre cord fabrics of high tenacity yarn of nylon or other polyamides, polyesters or viscose rayon.",kg,15%,
5902.1000,Of nylon or other polyamides,kg,5%,
5902.2000,Of polyesters,kg,5%,
5902.9000,"Other Textile fabrics impregnated, coated, covered or laminated with plastics, other than those of heading 59.02.",kg,5%,
5903.1000,With poly (vinyl chloride),kg,5%,
5903.2000,With Polyurethane,kg,5%,
5903.9000,"Other 187 Item Description (4) Standard Unit of Quantity (5) Duty Rate (6) Linoleum, whether or not cut to shape; floor coverings consisting of a coating or covering applied on a textile backing, whether or not cut to shape.",kg,5%,
5904.1000,Linoleum,m2,15%,
5904.9000,Other,m2,15%,
5905.0000,"Textile wall coverings. Rubberised textile fabrics, other than those of heading 59.02.",m2,15%,
5906.1000,Adhesive tape of a width not exceeding 20 cm Other:,kg,15%,
5906.9100,Knitted or crocheted,kg,15%,
5906.9900,Other,kg,15%,
5907.0000,"Textile fabrics otherwise impregnated, coated or covered; painted canvas being theatrical scenery, studio back-cloths or the like.",kg,15%,
5908.0000,"Textile wicks, woven, plaited or knitted, for lamps, stoves, lighters, candles or the like; incandescent gas mantles and tubular knitted gas mantle fabrics therefor, whether or not impregnated.",kg,15%,
5909.0000,"Textile hosepiping and similar textile tubing, with or without lining, armour or accessories of other materials. Transmission or conveyor belts or belting, of textile material, whether or not impregnated, coated covered, or laminated with plastics, orreinforced with metal or other material.",kg,15%,
5910.0010,Conveyor belts or belting,kg,5%,
5910.0020,"Transmission belts or belting Textile products and articles, for technical uses, specified in note 7 to this Chapter.",kg,15%,
5911.1000,"-Textile fabrics, felt and felt-lined woven fabrics, coated, covered or laminated with rubber, leather or other material, of a kind used for card clothing, and similar fabrics of a kind used for other technical purposes, including narrow fabrics made of velvet impregnated with rubber, for covering weaving spindles (weaving beams)",kg,5%,
5911.2000,"Bolting cloth, whether or not made up Textile fabrics and felts, endless or fitted with linkingdevices, of a kind used in paper-making or similar machines ( for example, for pulp or asbestos-cement ):",kg,5%,
5911.3100,Weighing less than 650 g/m2,kg,5%,
5911.3200,Weighing 650 g/m2 or more,kg,5%,
5911.4000,"Straining cloth of a kind used in oil presses or the like, including that of human hair",kg,5%,
5911.9000,"Other 188 Chapter 60 Knitted or crocheted fabrics knitted or crocheted, of heading 58.07; or coated, covered or laminated, of Chapter 59. However, knitted coated, covered or laminated, remain classified in heading 60. 01. made of metal thread and of a kind used in apparel, as furnishing fabrics or for similar to “knittted” goods includes a reference tostitch-bonded goods in which the chain of polyethylene monofilament or of polyestermultifilament, weighing not less than 30 having a mesh size of not less than 20 holes/cm2 and not more than 100 holes/cm2, alpha-cypermethrin(ISO),chlorfenapyr (ISO), deltamethrin (INN, ISO), lambda- or pirimiphos-methyl (ISO). Description (4) Standard Unit of Quantity (5) Duty Rate (6) Pile fabrics, including ""long pile"" fabrics and terry fabrics, knitted or crocheted.",kg,5%,30%
6001.1000,"""Long pile"" fabrics Looped pile fabrics:",kg,25%,8%
6001.2100,Of cotton,kg,25%,
6001.2200,Of man-made fibres,kg,25%,
6001.2900,Of other textile materials Other:,kg,25%,
6001.9100,Of cotton,kg,25%,
6001.9200,Of man-made fibres,kg,25%,
6001.9900,"Of other textile materials Knitted or crocheted fabrics of a width not exceeding 30 cm, containing by weight 5 % or more ofelastomeric yarn or rubber thread, otherthan those of heading 60.01.",kg,25%,
6002.4000,Containing by weight 5 % or more of elastomeric yarn but not containing rubber thread,kg,25%,
6002.9000,"Other Knitted or crocheted fabrics of a width notexceeding 30 cm, other than those of heading 60.01or 60.02. 189 Description (4) Standard Unit of Quantity (5) Duty Rate (6)",kg,25%,
6003.1000,Of wool or fine animal hair:,kg,25%,
6003.2000,Of cotton,kg,25%,
6003.3000,Of synthetic fibres,kg,25%,
6003.4000,Of artificial fibres,kg,25%,
6003.9000,"Other Knitted or crocheted fabrics of a width exceeding 30 cm, containing by weight 5 % or more of elastomeric yarn or rubber thread, other than those of heading 60.01.",kg,25%,
6004.1000,Containing by weight 5 % or more of elastomeric yarn but not containing rubber thread,kg,25%,
6004.9000,"Other Warp knit fabrics (including those made on galloon knitting machines), other than those of heading 60.01 to 60.04. Of cotton : Unbleached or bleached:",kg,25%,
6005.2110,Unbleached,kg,15%,
6005.2190,---Bleached,kg,25%,
6005.2200,Dyed,kg,25%,
6005.2300,Of yarns of different colours,kg,25%,
6005.2400,Printed Fabrics specified in Subheading Note 1 to thisChapter:,kg,25%,
6005.3510,Unbleached,kg,15%,
6005.3590,"---Other Other, unbleached or bleached:",kg,25%,
6005.3610,Unbleached,kg,15%,
6005.3690,---Bleached,kg,25%,
6005.3700,"Other, dyed",kg,25%,
6005.3800,"Other, of yarns of different colours",kg,25%,
6005.3900,"Other, printed Of artificial fibres : Unbleached or bleached:",kg,25%,
6005.4110,Unbleached,kg,15%,
6005.4190,---Bleached,kg,25%,
6005.4200,Dyed,kg,25%,
6005.4300,Of yarns of different colours,kg,25%,
6005.4400,Printed,kg,25%,
6005.9000,Other Other knitted or crocheted fabrics. Of wool or fine animal hair:,kg,25%,
6006.1010,Unbleached 190 Description (4) Standard Unit of Quantity (5) Duty Rate (6),kg,15%,
6006.1090,---Other Of cotton : Unbleached or bleached:,kg,25%,
6006.2110,Unbleached,kg,15%,
6006.2190,---Bleached,kg,25%,
6006.2200,Dyed,kg,25%,
6006.2300,Of yarns of different colours,kg,25%,
6006.2400,Printed Of synthetic fibres : Unbleached or bleached:,kg,25%,
6006.3110,Unbleached,kg,15%,
6006.3190,---Bleached,kg,25%,
6006.3200,Dyed,Kg,25%,
6006.3300,Of yarns of different colours,Kg,25%,
6006.3400,Printed Of artificial fibres Unbleached or bleached:,Kg,25%,
6006.4110,Unbleached,kg,15%,
6006.4190,---Bleached,kg,25%,
6006.4200,Dyed,Kg,25%,
6006.4300,Of yarns of different colours,kg,25%,
6006.4400,Printed Other:,kg,25%,
6006.9010,Unbleached,kg,15%,
6006.9090,"Other 192 and clothing accessories” means articles for young children of a body height classifiable both in heading 61.11 and in other headings of this chapter are to be classified “ski suits” means garments or sets of garments which, by their general appearance and to be worn principally for skiing (cross- country or alpine). They consist either of: piece garment designed to cover the upper and the lower parts of the body; in addition to may have pockets or foot straps; or of garments composed of two or three pieces, put up for retail sale and comprising: wind-cheater, wind -jacket or similar article, closed by a slide fastener (zipper),possibly , and not extending above waist -level , one pair of breeches or one bib and brace overall. of an overall similar to the one mentioned in paragraph (a) above and a type of padded, must be made up in a fabric of the same texture,style and composition whether or must be of corresponding or compatible size. classifiable both in heading 61.13 and in other headingof this Chapter, excluding heading No. 61.13. for left over right closure at the front shall be regarded as men’s or boys’garments, and closure at the front as women’s or girls’ garments. These provisions do not apply where the that it is designed for one or other of the sexes. as either men’s or boys, garments or as women’s or as women’s or girls’ garments are to women’s or girls’ garments. made of metal thread. Item Description (4) Standard Unit of Quantity (5) Duty Rate (6) Men's or boys' overcoats, car-coats, caps, cloaks, anoraks (including ski-jackets), wind-cheaters, wind- jackets and similar articles, knitted or crocheted, other than those of heading 61.03.",kg,25%,
6101.2000,Of cotton,u,35%,
6101.3000,Of man-made fibres,u,35%,
6101.9000,"Of other textile materials Women's or girls' overcoats, car-coats, caps, cloaks, anoraks (including ski-jackets), wind- cheaters, wind- jackets and similar articles, knitted or crocheted, other than those of heading 61.04.",u,35%,
6102.1000,Of wool or fine animal hair,u,35%,
6102.2000,Of cotton,u,35%,
6102.3000,Of man-made fibres,u,35%,
6102.9000,"Of other textile materials Men's or boys' suits, ensembles, jackets, blazers, trousers, bib and brace overalls, breeches and shorts (other than swimwear), knitted or crocheted. 193 Item Description (4) Standard Unit of Quantity (5) Duty Rate (6)",u,35%,
6103.1000,Suits Ensembles:,u,35%,
6103.2200,Of cotton,u,35%,
6103.2300,Of synthetic fibres,u,35%,
6103.2900,Of other textile materials Jackets and blazers:,u,35%,
6103.3100,Of wool or fine animal hair,u,35%,
6103.3200,Of cotton,u,35%,
6103.3300,Of synthetic fibres,u,35%,
6103.3900,"Of other textile materials Trousers, bib and brace overalls, breeches and shorts:",u,35%,
6103.4100,Of wool or fine animal hair,u,35%,
6103.4200,Of cotton,u,35%,
6103.4300,Of synthetic fibres,u,35%,
6103.4900,"Of other textile materials Women's or girls' suits, ensembles, jakets, blazers, dresses, skirts, divided skirts, trousers bib and brace overalls, breeches and shorts (other than swimwear), knitted or crocheted. Suits:",u,35%,
6104.1300,Of synthetic fibres,u,35%,
6104.1900,Of other textile materials Ensembles:,u,35%,
6104.2200,Of cotton,u,35%,
6104.2300,Of synthetic fibrs,u,35%,
6104.2900,Of other textile materials Jackets and blazers:,u,35%,
6104.3100,Of wool or fine animal hair,u,35%,
6104.3200,Of cotton,u,35%,
6104.3300,Of synthetic fibres,u,35%,
6104.3900,Of other textile materials Dresses:,u,35%,
6104.4100,Of wool or fine animal hair,u,35%,
6104.4200,Of cotton,u,35%,
6104.4300,Of synthetic fibres,u,35%,
6104.4400,Of artificial fibres,u,35%,
6104.4900,Of other textile materials Skirts and divided skirts:,u,35%,
6104.5100,Of wool or fine animal hair,u,35%,
6104.5200,Of cotton,u,35%,
6104.5300,Of synthetic fibres,u,35%,
6104.5900,"Of other textile materials 194 Item Description (4) Standard Unit of Quantity (5) Duty Rate (6) Trousers, bib and brace overalls, breeches and shorts:",u,35%,
6104.6100,Of wool or fine animal hair,u,35%,
6104.6200,Of cotton,u,35%,
6104.6300,Of synthetic fibres,u,35%,
6104.6900,Of other textile materials Men's or boys' shirts knitted or crocheted.,u,35%,
6105.1000,Of cotton,u,35%,
6105.2000,Of man-made fibres,u,35%,
6105.9000,"Of other textile materials Women's or girls' blouses, shirts and shirt- blouses, knitted or crocheted.",u,35%,
6106.1000,Of cotton,u,35%,
6106.2000,Of man-made fibres,u,35%,
6106.9000,"Of other textile materials Men's or boys' underpants, briefs, nightshirts, pyjamas, bathrobes, dressing gowns and similar articles, knitted or crocheted. Under pants and briefs:",u,35%,
6107.1100,--Of cotton,u,35%,
6107.1200,--Of man-made fibres,u,35%,
6107.1900,--Of other textile materials Nightshirts and pyjamas:,u,35%,
6107.2100,--Of cotton,u,35%,
6107.2200,--Of man-made fibres,u,35%,
6107.2900,--Of other textile materials Other:,u,35%,
6107.9100,--Of cotton,u,35%,
6107.9900,"--Of other textile materials Women's or girls' slips, petticoats, briefs, panties,nightdresses, pyjamas, negliges, bathrobes, dressing gowns and similar articles, knitted or crocheted. Slips and petticoats:",u,35%,
6108.1100,Of man-made fibres,u,35%,
6108.1900,Of other textile materials Briefs and panties:,u,35%,
6108.2100,--Of cotton,u,35%,
6108.2200,--Of man-made fibres,u,35%,
6108.2900,--Of other textile materials Nightdress and pyjamas:,u,35%,
6108.3100,--Of cotton,u,35%,
6108.3200,--Of man-made fibres,u,35%,
6108.3900,--Of other textile materials 195 Item Description (4) Standard Unit of Quantity (5) Duty Rate (6) Other:,u,35%,
6108.9100,--Of cotton,u,35%,
6108.9200,--Of man-made fibres,u,35%,
6108.9900,"--Of other textile materials T-shirts, single’s and other vests, knitted or crocheted.",u,35%,
6109.1000,Of cotton,u,35%,
6109.9000,"Of other textile materials Jerseys, pullovers, cardigans, Waistcoats and similar articles, knitted or crocheted. Of wool or fine animal hair :",u,35%,
6110.1100,--Of wool,u,35%,
6110.1200,--Of Kashmir (cashmere) goats,u,35%,
6110.1900,--Other,u,35%,
6110.2000,Of cotton,u,35%,
6110.3000,Of man-made fibres,u,35%,
6110.9000,"Of other textile materials Babies' garments and clothing accessories, knitted or crocheted",u,35%,
6111.2000,Of cotton,kg,35%,
6111.3000,Of synthetic fibres,kg,35%,
6111.9000,"Of other textile materials Track suits, ski suits and swimwear, knitted or crocheted. Track suits:",kg,35%,
6112.1100,--Of cotton,u,35%,
6112.1200,--Of synthetic fibres,u,35%,
6112.1900,--Of other textile materials,u,35%,
6112.2000,Ski suits Men's or boys' swimwear:,u,35%,
6112.3100,--Of synthetic fibres,u,35%,
6112.3900,--Of other textile materials Women's or girls' swimwear:,u,35%,
6112.4100,--Of synthetic fibres,u,35%,
6112.4900,--Of other textile materials,u,35%,
6113.0000,"Garments, made up of knitted or crocheted fabrics of heading 59.03, 59.06 or 59.07. Other garments knitted or crocheted.",kg,35%,
6114.2000,Of cotton,kg,35%,
6114.3000,Of man-made fibres,kg,35%,
6114.9000,"Of other textile materials Panty hose, tights, stockings, socks and other hosiery, including graduated compression hosiery (for example, stockings for varicose veins) and footwear without 196 Item Description (4) Standard Unit of Quantity (5) Duty Rate (6) applied soles, knitted or crocheted.",kg,35%,
6115.1000,"Graduated compression hosiery (for example, stockings for varicose veins) Other panty hose and tights:",kg,35%,
6115.2100,"--Of synthetic fibres, measuring per single yarn less than 67 decitex",kg,35%,
6115.2200,"--Of synthetic fibres, measuring per single yarn 67 decitex or more",kg,35%,
6115.2900,--Of other textile materials,kg,35%,
6115.3000,"Other women’s full–length or knee-length hosiery, measuring per single yarn less than 67 decitex -Other:",kg,35%,
6115.9400,--Of wool or fine animal hair,kg,35%,
6115.9500,--Of cotton,kg,35%,
6115.9600,--Of synthetic fibres,kg,35%,
6115.9900,"--Of other textile materials Gloves, mittens and mitts, knitted or crocheted.",kg,35%,
6116.1000,"Impregnated, coated or covered with plastics or rubber Other:",kg,35%,
6116.9100,Of wool or fine animal hair,kg,35%,
6116.9200,Of cotton,kg,35%,
6116.9300,Of synthetic fibres,kg,35%,
6116.9900,"--Of other textile materials Other made up clothing accessories, knitted or crocheted; knitted or crocheted parts of garments or of clothing accessories.",kg,35%,
6117.1000,"Shawls, scarves, mufflers, mantillas, veils and the like",kg,35%,
6117.8000,Other accessories,kg,35%,
6117.9000,"Parts 198 both in heading 62.10 and in other headings of this Chapter, excluding heading 62.10. “Ski Suits” means garments or sets of garments which bytheir general appearance to be worn principally for skiing (cross- country or alpine). They consist either of: piece garment designed to cover the upper and the lower parts of the body; inaddition may have pockets or foot straps ; or of garments composed of two or three pieces, put up for retail sale and comprising : wind cheater, wind jacket or similar article, closed by a slide fastener (zipper), in addition, and or not extending above waist -level, one pair of breechesor one bib and brace overall. consist of an overall similar to the one mentioned in paragraph(a) above and a type of over the overall. ensemble” must be made up in a fabric of the same texture, style and composition whether also must be of corresponding or compatible size. square or approximately square, of which no side exceeds 60 cm, are to be classified in heading 62.13). Handkerchiefs of which any side exceeds 60 cm are to be classified in for left over right closure at the front shall be regarded as men’s or boy’s garments, left closure at the front as women’s or girls’ garments. These provisions do not clearly indicates that it is designed for one or other of the sexes. as either men’s or boys’ garments or as women’s or girls‘ are to be classified in the garments. be made of metal thread. Description (4) Standard Unit of Quantity (5) Duty Rate (6) Men's or boys' overcoats, car-coats, capes, cloaks, anoraks (including ski-jackets), wind-cheaters, wind- jackets and similar articles, other than those of heading 62.03. Overcoats, raincoats, car-coats, capes, cloaks and similar articles:",kg,35%,
6201.1100,Of wool or fine animal hair,u,35%,8%
6201.1200,Of cotton,u,35%,
6201.1300,Of man-made fibres,u,35%,
6201.1900,Of other textile materials Other:,u,35%,
6201.9100,Of wool or fine animal hair,u,35%,
6201.9200,Of cotton,u,35%,
6201.9300,Of man-made fibres,u,35%,
6201.9900,"Of other textile materials Women's or girls' overcoats, car-coats, capes, cloaks, anoraks (including ski-jackets), wind-cheaters, wind- jackets and similar articles, other than those of heading 62.04. Overcoats, raincoats, car-coats, capes, cloaks and similar articles:",u,35%,
6202.1100,Of wool or fine animal hair,u,35%,
6202.1200,Of cotton,u,35%,
6202.1300,Of man-made fibres 199 Description (4) Standard Unit of Quantity (5) Duty Rate (6),u,35%,
6202.1900,Of other textile materials Other:,u,35%,
6202.9100,Of wool or fine animal hair,u,35%,
6202.9200,Of cotton,u,35%,
6202.9300,Of man-made fibres,u,35%,
6202.9900,"Of other textile materials Men's or boys' suits, ensembles, jackets, blazers, trousers, bib and brace overalls, breeches and shorts (other than swimwear). Suits:",u,35%,
6203.1100,Of wool or fine animal hair,u,35%,
6203.1200,Of synthetic fibres,u,35%,
6203.1900,Of other textile materials Ensembles:,u,35%,
6203.2200,Of cotton,u,35%,
6203.2300,Of synthetic fibres,u,35%,
6203.2900,Of other textile materials Jackets and blazers:,u,35%,
6203.3100,Of wool or fine animal hair,u,35%,
6203.3200,Of cotton,u,35%,
6203.3300,Of synthetic fibres,u,35%,
6203.3900,"Of other textile materials Trousers, bib and brace overalls, breeches and shorts:",u,35%,
6203.4100,Of wool or fine animal hair,u,35%,
6203.4200,Of cotton,u,35%,
6203.4300,Of synthetic fibres,u,35%,
6203.4900,"Of other textile materials Women's or girls' suits, ensembles, jackets, blazers, dresses, skirts, divided skirts, trousers, bib and brace overalls, breeches and shorts (other than swimwear ). Suits:",u,35%,
6204.1100,Of wool or fine animal hair,u,35%,
6204.1200,Of cotton,u,35%,
6204.1300,Of synthetic fibres,u,35%,
6204.1900,Of other textile materials Ensembles:,u,35%,
6204.2100,Of wool or fine animal hair,u,35%,
6204.2200,Of cotton,u,35%,
6204.2300,Of synthetic fibres,u,35%,
6204.2900,Of other textile materials Jackets and blazers:,u,35%,
6204.3100,Of wool or fine animal hair,u,35%,
6204.3200,Of cotton,u,35%,
6204.3300,Of synthetic fibres,u,35%,
6204.3900,Of other textile materials Dresses:,u,35%,
6204.4100,Of wool or fine animal hair,u,35%,
6204.4200,Of cotton,u,35%,
6204.4300,Of synthetic fibres,u,35%,
6204.4400,Of artificial fibres,u,35%,
6204.4900,Of other textile materials Skirts and divided skirts: 200 Description (4) Standard Unit of Quantity (5) Duty Rate (6),u,35%,
6204.5100,Of wool or fine animal hair,u,35%,
6204.5200,Of cotton,u,35%,
6204.5300,Of synthetic fibres,u,35%,
6204.5900,"Of other textile materials Trousers, bib and brace overalls, breechesand shorts:",u,35%,
6204.6100,Of wool or fine animal hair,u,35%,
6204.6200,Of cotton,u,35%,
6204.6300,Of synthetic fibers,u,35%,
6204.6900,Of other textile materials Men's or boys' shirts.,u,35%,
6205.2000,Of cotton,u,35%,
6205.3000,Of man-made fibres,u,35%,
6205.9000,"Of other textile materials Women's or girls' blouses, shirts and shirt-blouses.",u,35%,
6206.1000,Of silk or silk waste,u,35%,
6206.2000,Of wool or fine animal hair,u,35%,
6206.3000,Of cotton,u,35%,
6206.4000,Of man-made fibres,u,35%,
6206.9000,"Of other textile materials Men's or boys' singlets and other vests, underpants, briefs, nightshirts, pyjamas, bathrobes, dressing gowns and similar articles. Under pants and briefs:",u,35%,
6207.1100,Of cotton,u,35%,
6207.1900,Of other textile materials Nightshirts and pyjamas:,u,35%,
6207.2100,Of cotton,u,35%,
6207.2200,Of man-made fibres,u,35%,
6207.2900,Of other textile materials Other:,u,35%,
6207.9100,Of cotton,kg,35%,
6207.9900,"Of other textile materials Women's or girls' singlets and other vests, slips, petticoats, briefs, panties, nightdresses, pyjamas, négligeés, bathrobes, dressing gowns and similar articles. Slips and petticoats:",kg,35%,
6208.1100,Of man-made fibres,u,35%,
6208.1900,Of other textile materials Nightdress and pyjamas:,u,35%,
6208.2100,Of cotton,u,35%,
6208.2200,Of man-made fibres,u,35%,
6208.2900,Of other textile materials Other:,u,35%,
6208.9100,Of cotton,kg,35%,
6208.9200,Of man-made fibres,kg,35%,
6208.9900,Of other textile materials Babies' garments and clothing accessories.,kg,35%,
6209.2000,Of cotton,kg,35%,
6209.3000,Of synthetic fibres,kg,35%,
6209.9000,"Of other textile materials Garments, made up of fabrics of heading 56.02, 56.03, 201 Description (4) Standard Unit of Quantity (5) Duty Rate (6) 59.03, 59.06 or 59.07.",kg,35%,
6210.1000,Of fabrics of heading No. 56.02 or 56.03,kg,35%,
6210.2000,"Other garments, of the type described in subheadings 6201.11 to 6201.19",u,35%,
6210.3000,"Other garments, of the type described in subheadings 6202.11 to 6202.19",u,35%,
6210.4000,Other men's or boys' garments,kg,35%,
6210.5000,"Other women's or girls' garments Track suits, ski suits and swimwear; other garments. Swimwear:",kg,35%,
6211.1100,Men's or boys',u,35%,
6211.1200,Women's or girls',u,35%,
6211.2000,"Ski suits Other garment, men's or boys':",u,35%,
6211.3200,Of cotton,kg,35%,
6211.3300,Of man-made fibres,kg,35%,
6211.3900,Of other textile materials Other garment women's or girls':,kg,35%,
6211.4200,Of cotton,kg,35%,
6211.4300,Of man-made fibres,kg,35%,
6211.4900,"Of other textile materials Brassiéres, girdles, corsets, braces, suspenders, garters and similar articles and parts thereof, whether or not knitted or crocheted.",kg,35%,
6212.1000,Brassieres,kg,35%,
6212.2000,Girdles and panty-girdles,kg,35%,
6212.3000,Corselettes,kg,35%,
6212.9000,Other Handkerchiefs.,kg,35%,
6213.2000,Of cotton,kg,35%,
6213.9000,"Of other textile materials Shawls, scarves, mufflers, mantillas, veilsand the like.",kg,35%,
6214.1000,Of silk or silk waste,u,35%,
6214.2000,Of wool or fine animal hair,u,35%,
6214.3000,Of synthetic fibres,u,35%,
6214.4000,Of artificial fibres,u,35%,
6214.9000,"Of other textile materials Ties, bow ties and cravats.",u,35%,
6215.1000,Of silk or silk waste,kg,35%,
6215.2000,Of man-made fibres,kg,35%,
6215.9000,Of other textile materials,kg,35%,
6216.0000,"Gloves, mittens and mitts. Other made up clothing accessories; parts of garments or of clothing accessories, other than those of heading 62.12",kg,35%,
6217.1000,Accessories,kg,15%,
6217.9000,"Parts 202 Chapter 63 Other made up textile articles; sets; Worn clothing and worn textile articles; ragas made up articles, of any textile fabric. or articles of heading 63.09. the following goods: accessories and parts thereof; rugs ; toilet linen and kitchen linen; than carpets of headings 57.01 to 57.05 and tapestries of heading 58.05; any material other than asbestos. heading, the articles mentioned above must comply with both of the following requirements: of appreciable wear, and in bulk or in bales , sacks or similar packings. articles made from warp knit fabrics, impregnated or coated with alpha- deltamethrin(INN,ISO),lambda-cyhalothrin(ISO), permethrin (ISO) or Item Description (4) Standard Unit of Quantity (5) Duty Rate (6) I. OTHER MADE UP TEXTILE ARTICLES Blankets and traveling rugs.",kg,15%,10%
6301.1000,Electric blankets,u,35%,
6301.2000,"Blankets (other than electric blankets) and travelling rugs, of wool or of fine animal hair",kg,35%,
6301.3000,"Blankets (other than electric blankets) and travelling rugs, of cotton",kg,35%,
6301.4000,"Blankets (other than electric blankets) and travelling rugs, of synthetic fibres",kg,35%,
6301.9000,"Other blankets and travelling rugs Bed linen, table linen, toilet linen and kitchen linen.",kg,35%,
6302.1000,"Bed linen, knitted or crocheted Other bed linen, printed:",kg,35%,
6302.2100,--Of cotton 203 Description (4) Standard Unit of Quantity (5) Duty Rate (6),kg,35%,
6302.2200,--Of man-made fibres,kg,35%,
6302.2900,--Of other textile materials Other bed linen:,kg,35%,
6302.3100,--Of cotton,kg,35%,
6302.3200,--Of man-made fibres,kg,35%,
6302.3900,--Of other textile materials,kg,35%,
6302.4000,"Table linen, knitted or crocheted Other table linen:",kg,35%,
6302.5100,Of cotton,kg,35%,
6302.5300,Of man-made fibres,kg,35%,
6302.5900,Of other textile materials,kg,35%,
6302.6000,"Toilet linen and kitchen linen, of terrytowelling or similar terry fabrics, of cotton Other:",kg,35%,
6302.9100,Of cotton,kg,35%,
6302.9300,Of man-made fibres,kg,35%,
6302.9900,Of other textile materials Curtains (including drapes) and interiorblinds; curtain or bed valances. Knitted or crocheted:,kg,35%,
6303.1200,Of synthetic fibres,kg,35%,
6303.1900,Of other textile materials Other:,kg,35%,
6303.9100,Of cotton,kg,35%,
6303.9200,Of synthetic fibres,kg,35%,
6303.9900,"Of other textile materials Other furnishing articles, excluding those of heading 94.04. Bedspreads:",kg,35%,
6304.1100,--Knitted or crocheted,kg,35%,
6304.1900,--Other,kg,35%,
6304.2000,Bed nets specified in SubheadingNote 1 to this Chapter Other:,kg,35%,
6304.9100,"--Knitted or crocheted --Not knitted or crocheted, of cotton:",kg,35%,
6304.9210,Mosquito nets,kg,Free,
6304.9290,"Other --Not knitted or crocheted, of synthetic fibres:",kg,35%,
6304.9310,Mosquito nets,kg,Free,
6304.9390,"Other --Not knitted or crocheted, of other textile materials:",kg,35%,
6304.9910,Mosquito nets 204 Description (4) Standard Unit of Quantity (5) Duty Rate (6),kg,Free,
6304.9990,"Other Sacks and bags, of a kind used for the packing of goods.",kg,35%,10%
6305.1000,Of jute or of other textile bast fibres of heading 53.03,kg,35%,
6305.2000,Of cotton Of man-made textile materials :,kg,35%,
6305.3200,--Flexible intermediate bulk containers,kg,35%,
6305.3300,"Other, of polyethylene or polypropylene strip or the like",kg,35%,
6305.3900,--Other,kg,35%,
6305.9000,"Of other textile materials Tarpaulins, awnings and sunblinds; tents; sails for boats, sailboards or landcraft; camping goods. Tarpaulins, awnings and sun blinds:",kg,35%,
6306.1200,--Of synthetic fibres,kg,35%,
6306.1900,--Of other textile materials Tents:,kg,35%,
6306.2200,--Of synthetic fibres,kg,35%,
6306.2900,--Of other textile materials,kg,35%,
6306.3000,Sails,kg,35%,
6306.4000,Pneumatic mattresses,kg,35%,
6306.9000,"Other Other made up articles, including dress patterns.",kg,35%,
6307.1000,"Floor-cloths, dish-cloths, dusters and similar cleaning cloths",kg,35%,
6307.2000,Life-jackets and life-belts,kg,35%,
6307.9000,Other II. SETS,kg,35%,
6308.0000,"Sets consisting of woven fabric and yarn, whether or not with accessories, for making up into rungs, tapestries, embroidered table cloths or serviettes, or similar textile articles, put up in packing for retail sale. III. WORN CLOTHING AND WORN TEXTILE ARTICLES; RAGS",kg,35%,
6309.0000,"Worn clothing and other worn articles. Used or new rags, scrap twine, cordage, rope and cables and worn out articles of twine, cordage, rope or cables, of textile materials.",kg,Prohibited,
6310.1000,Sorted,kg,Prohibited,10%
6310.9000,"Other 206 Item Description (4) Standard Unit of Quantity (5) Duty Rate (6) Waterproof footwear with outer soles and uppers of rubber or of plastics, the uppers of which are neither fixed to the sole nor assembled by stitching,riveting, nailing, screwing, plugging or similar processes.",kg,Prohibited,
6401.1000,Footwear incorporating a protective metaltoe-cap 2u Other footwear:,,35%,
6401.9200,--Covering the ankle but not covering the knee 2u,,35%,
6401.9900,Other 2u Other footwear with outer soles and uppers of rubber or plastics. Sports footwear:,,35%,
6402.1200,"Ski-boots, cross-country ski footwear andsnowboard boots 2u",,35%,
6402.1900,--Other 2u,,35%,
6402.2000,Footwear with upper straps or thongs assembled to the sole by means of plugs 2u Other footwear:,,35%,
6402.9100,Covering the ankle 2u,,35%,
6402.9900,"Other 2u Footwear with outer soles of rubber,plastics, leather or composition leather and uppers of leather. Sports footwear:",,35%,
6403.1200,--Ski-boots cross-country ski footwear and snow board boots 2u,,35%,
6403.1900,--Other 2u,,35%,
6403.2000,"Footwear with outer soles of leather, and uppers which consist of leather straps across the instep and around the big toe 2u",,35%,
6403.4000,"Other footwear, incorporating a protective metal toe-cap 2u Other footwear with outer soles of leather:",,35%,
6403.5100,--Covering the ankle 2u,,35%,
6403.5900,--Other 2u Other footwear:,,35%,
6403.9100,--Covering the ankle 2u,,35%,
6403.9900,"--Other 2u Footwear with outer soles of rubber, plastics, leather or composition leather and uppers of textile materials. Footwear with outer soles of rubber or plastics:",,35%,
6404.1100,"Sports footwear; tennis shoes, basketball shoes, gym shoes, training shoes and the like 2u",,35%,
6404.1900,--Other 2u 207 Item Description (4) Standard Unit of Quantity (5) Duty Rate (6),,35%,
6404.2000,Footwear with outer soles of leather or composition leather 2u Other footwear.,,35%,
6405.1000,With uppers of leather or composition leather 2u,,35%,
6405.2000,With uppers of textile materials 2u,,35%,
6405.9000,"Other 2u Parts of footwear (including uppers whether ornot attached to soles other than outer soles);removable in-soles, heel cushions and similararticles; gaiters, leggings and similar articles,and parts thereof.",,35%,
6406.1000,"Uppers and parts thereof, other than stiffeners",kg,5%,
6406.2000,"Outer soles and heels, of rubber or plastics",kg,5%,
6406.9000,"Other 208 Chapter 65 Headgear and parts thereof 63.09; 68.12) ; or or carnival articles of chapter 95. hat-shapes made by sewing, other than those obtained simply by sewing strips in spirals. Description (4) Standard Unit of Quantity (5) Duty Rate (6)",kg,5%,
6501.0000,"Hat-forms, hat bodies and hoods of felt, neither blocked to shape nor with made brims; plateaux andmanchons (including slit manchons), of felt.",kg,35%,
6502.0000,"Hat-shapes, plaited or made by assembling strips of any material, neither blocked to shape, nor with made brims, nor lined, nor trimmed.",kg,35%,
6504.0000,"Hats and other headgear, plaited or made by assemblingstrips of any material, whether or not lined or trimmed.",kg,35%,
6505.0000,"Hats and other headgear, knitted or crocheted, or made up from lace, felt or other textile fabric, in the piece (but not in strips), whether or not lined or trimmed; hair–nets of any material, whether or not lined or trimmed. Other headgear, whether or not lined or trimmed. Safety headgear:",kg,35%,
6506.1010,"Firemen’s or miners, helmet",u,Free,
6506.1090,Other Other:,u,15%,
6506.9100,--Of rubber or of plastics,kg,35%,
6506.9900,Of other materials,kg,35%,
6507.0000,"Head-bands, linings, covers, hat foundations, hat frames, peaks and chinstraps, for headgear 209 Chapter 66 Umbrellas, sun umbrellas, walking -sticks sticks, whips, riding- crops and parts thereof the like (heading 90.17); loaded walking -sticks or the like (Chapter 93);or toy umbrellas, toy sun umbrellas). parts, trimmings or accessories of textile material, or covers, tassels, thongs, umbrella cases or goods presented with but not fitted to, articles of heading 66.01 or 66.02 are to be classified as forming part of those articles. No. Description (4) Standard Unit of Quantity (5) Duty Rate (6) Umbrellas and sun umbrellas (includingwalking- stickumbrellas, garden umbrellasand similar umbrellas).",kg,35%,
6601.1000,Garden or similar umbrellas Other :,u,35%,
6601.9100,--Having a telescopic shaft,u,35%,
6601.9900,"--Other Walking-Sticks, seat-sticks, whips, riding-crops and the like.",u,35%,
6602.0010,"Containing precious metals, or rolledprecious metals, or ivory or precious or semi-precious stones",u,35%,
6602.0090,"Other Parts, trimmings and accessories of articles of heading 66.01 or 66.02.",u,35%,
6603.2000,"Umbrella frames, including frames mounted on shafts (sticks) Other:",Kg,25%,
6603.9010,Other parts of articles of heading 66.01,Kg,15%,
6603.9090,"Other 210 Chapter 67 and down and articles made of feathers or of down; flowers; articles of human hair (heading 59.11); or other textile fabric (section XI); 65); articles (Chapter 95);or or hair sieves (Chapter 96). down constitute only filling or padding (for example, bedding of heading 94.04); accessories in which feather or down constitute no more than meretrimming or parts thereof or made up articles of heading 67.02 or fruit of pottery, stone, metal, wood or other materials, obtained in one piece by moulding, other process, or consisting of parts assembled otherwise than by binding, glueing, fitting Item Description (4) Standard Unit of Quantity (5) Duty Rate (6)",Kg,35%,
6701.0000,"Skins and other parts of birds with their feathers ordown feathers, parts of feathers, down and articlesthereof (other than goods of heading 05.05 and workedquills and scapes). Artificial flowers, foliage and fruit and parts thereof; Articles made of artificial flowers, foliage or fruit.",kg,35%,
6702.1000,Of plastics,kg,35%,
6702.9000,Of other materials,kg,35%,
6703.0000,"Human hair, dressed, thinned, bleached or otherwise worked; wool or other animal hair or other textilematerials prepared for use in making wigs or the like. Wigs false beards, eyebrows and eyelashes, switchesand the like, of human or animal hair or of textilematerials; articles of human hair not elsewhere specified or included. Of synthetic textile materials:",kg,35%,
6704.1100,--Complete wigs,kg,35%,
6704.1900,--Other,kg,35%,
6704.2000,Of human hair,kg,35%,
6704.9000,"Of other materials 211 SECTION XIII STONE, PLASTER, CEMENT ASBESTOS, MICA OR MATERIALS; CERAMIC PRODUCTS; GLASS AND GLASSWARE Chapter 68 Articles of stone, plaster, cement, asbestos, Mica or similar materials : or covered paper and paperboard of heading 48.10 or 48.11 (for example, paper and mica powder or graphite, bituminised or asphalted paper); or covered textile fabric of Chapter 56 or 59(for example, fabric coated or covered with or asphalted fabric); Chapter 82; heading 84.42; 85.46) or fittings of insulating material of heading 85.47; example, clocks and clock cases); example, furniture, lamps and lighting fittings, prefabricated buildings); example, toys, games and sports requisites); if made of materials specified in note 2(b) to chapter 96, or of heading 96.06(for 96.09(for example, drawing slates) or of heading 96.20(monopods, bipods, tripods and example, works of art). “worked monumental or building stone” applies not only to the varieties of stone referred to in also to all other natural stone (for example, quartzite, flint, dolomite and steatite) similarly worked; to slate. Description (4) Standard Unit of Quantity (5) Duty Rate (6)",kg,35%,
6801.0000,"Setts, curbstones and flagstones, of natural stone(except slate). worked monumental or building stone (except slate)and articles thereof, other than goods of heading 68.01; mosaic cubes and the like, of natural stone (including slate), whether or not on a backing; artificially coloured granules, chippings and powder, of natural stone (including slate).",Kg,35%,
6802.1000,"Tiles, cubes and similar articles, whether or not rectangular (including square), the largest surface area of which is capable of being enclosed in a square the side ofwhich is less than 7cm; artificially coloured granules, chippings and powder Other monumental or building stone and articles 212 Description (4) Standard Unit of Quantity (5) Duty Rate (6) thereof,simply cut or sawn ,with a flat or even surface:",Kg,35%,
6802.2100,"--Marble, travertine and alabaster",kg,35%,
6802.2300,--Granite,kg,35%,
6802.2900,Other stone Other :,kg,35%,
6802.9100,"--Marble, travertine and alabaster",kg,35%,
6802.9200,Other calcareous stone,kg,35%,
6802.9300,--Granite,kg,35%,
6802.9900,Other stone,kg,35%,
6803.0000,"Worked slate and articles of slate or ofagglomerated slate. Millstones, grindstones, grinding wheels and the like,without frame-works, for grinding, sharpening, polishing, truing or cutting, hand sharpening or polishing stones, and parts thereof, of natural stone, of agglomerated natural or artificial abrasives, or of ceramics, with or without parts of other materials.",kg,35%,
6804.1000,"Millstones and grindstones for milling, grinding or pulping Other millstones, grindstones, grinding wheels and the like:",kg,15%,
6804.2100,Of agglomerated synthetic or natural diamond,kg,15%,
6804.2200,Of other agglomerated abrasives or of ceramics,kg,15%,
6804.2300,Of natural stone,kg,15%,
6804.3000,"Hand sharpening or polishing stones Natural or artificial abrasive powder or grain, on a base of textile material, of paper, of paperboard or of other materials, whether or notcut to shape or sewn or otherwise made up.",kg,15%,
6805.1000,On a base of woven textile fabric only,kg,15%,
6805.2000,On a base of paper or paperboard only,kg,15%,
6805.3000,"On a base of other materials Slag wool, rock wool and similar mineral wools; exfoliated vermiculite, expanded clays, foamed slag and similarexpanded mineral materials; mixtures and articles of heat- insulating, sound-insulating or sound- absorbing mineral materials, other than those of heading 68.11 or 68.12 or of Chapter 69.",kg,15%,
6806.1000,"Slag wool, rock wool and similar mineral wools (including inter-mixtures thereof ), in bulk, sheets or rolls",kg,15%,
6806.2000,"Exfoliated vermiculite, expanded clays, foamed slag and similar expanded mineral materials (including intermixtures thereof)",kg,15%,
6806.9000,"Other 213 Description (4) Standard Unit of Quantity (5) Duty Rate (6) Articles of asphalt or of similar material (for example, petroleum bitumen or coal tar pitch).",kg,15%,
6807.1000,In rolls,kg,25%,
6807.9000,Other,kg,25%,
6808.0000,"Panels, boards, tiles, blocks and similar articles of vegetable fibre, of straw or of shavings, chips, particles, sawdust or other waste, of wood, agglomerated with cement, plaster or other mineral binders. Articles of plaster or of compositions based on plaster. Boards, sheets, panels, tiles and similar articles, not ornamented:",kg,35%,
6809.1100,Faced or reinforced with paper or paperboard only,kg,35%,
6809.1900,Other,kg,35%,
6809.9000,"Other articles Articles of cement, of concrete or of artificial stone, whether or not reinforced. Tiles, flagstones, bricks and similar articles:",kg,35%,
6810.1100,--Building blocks and bricks,kg,35%,
6810.1900,--Other Other articles:,kg,35%,
6810.9100,--Prefabricated structural components for building or civilengineering,kg,35%,
6810.9900,"Other Articles of asbestos-cement, of cellulose fibre-cementor the like.",kg,35%,
6811.4000,Containing asbestos Not containing asbestos:,kg,35%,
6811.8100,Corrugated sheets,kg,35%,
6811.8200,"Other sheets, panels, tiles and similar articles",kg,35%,
6811.8900,"Other articles Fabricated asbestos fibres; mixtures with a basis of asbestos or with a basis of asbestos and magnesium carbonate; articles of such mixtures or of asbestos (for example, thread, woven fabric, clothing, headgear footwear, gaskets, whether or not reinforced, other than goods of heading 68.11 or 68.13.",kg,35%,
6812.8000,Of crocidolite Other:,kg,35%,
6812.9100,"Clothing, clothing accessories, foot-wear and headgear",kg,5%,
6812.9200,"Paper, millboard and felt",kg,35%,
6812.9300,"Compressed asbestos fibre jointing, in sheets or rolls 214 Description (4) Standard Unit of Quantity (5) Duty Rate (6)",kg,35%,20%
6812.9900,"Other Friction material and articles thereof (for Example, sheets rolls, strips, segments, discs, washers, pads), not mounted, for brakes, for clutches or the like, with a basis of asbestos, of other mineral substances or of cellulose, whether or not combined with textile or other materials.",kg,35%,
6813.2000,Containing asbestos Not containing asbestos:,kg,35%,20%
6813.8100,Brake linings and pads,kg,15%,
6813.8900,"Other Worked mica and articles of mica, including agglomerated or reconstituted mica, whether or not ona support of paper, paperboard or other materials.",kg,15%,
6814.1000,"Plates, sheets and strips of agglomerated or reconstituted mica, whether or not on a support",kg,35%,
6814.9000,"Other Articles of stone or of other mineral substances (including carbon fibres, articles of carbon fibres and articles of peat), not elsewhere specified or included.",kg,35%,
6815.1000,Non-electrical articles of graphite orother carbon,kg,35%,
6815.2000,Articles of peat Other articles:,kg,35%,
6815.9100,"Containing magnesite, dolomite or chromite",kg,35%,
6815.9900,"--Other 215 Chapter 69 Ceramic products products which have been fired after shaping Headings 69.04 to 69.14 apply only to classifiable in headings 69.01 to 69.03. example, imitation jewellery); 85.46) or fittings of insulating material of hading 85.47 Example, clocks and clocks cases); example, furniture, lamps and lighting fittings, prefabricated buildings); example, toys, games and sports requisites); Example, buttons) or of heading 96.14 (for example, smoking pipes); or example, works of art). Item Description (4) Standard Unit of Quantity (5) Duty Rate (6) I. GOODS OF SILICEOUS FOSSIL MEALSOR OF SIMILAR SILICEOUS EARTHS,AND REFRACTORY GOODS.",kg,35%,
6901.0000,"Bricks, blocks, tiles and other ceramic goods of siliceous fossil meals (for example, kieselguhr, tripolite or diatomite) or of similar siliceous earths. Refractory bricks, blocks, tiles and similar refractory ceramic constructional goods, other than those of siliceous fossil meals or similarsiliceous earths.",Kg,5%,
6902.1000,"Containing by weight , singly or together, more than the elements Mg, Ca or Cr, expressed as MgO, CaO or Cr2O3",Kg,50% 5%,
6902.2000,Containing by weight more than of alumina (A12O3) of silica (SiO2) or of a mixture or compound of these products,Kg,50% 5%,
6902.9000,"Other Other refractory ceramic goods (for example, retorts, crucibles, muffles, nozzles, plugs, supports, cupels, tubes, pipes , sheaths and rods ), other than those of siliceous fossil meals or of similar siliceous earths.",Kg,5%,
6903.1000,Containing by weight more than of graphiteor other carbon or of a mixture of these products,Kg,50% 5%,
6903.2000,-Containing by weight more than of alumina(A12O3) or of a mixture or compound of aluminaand of silica (SiO2),Kg,50% 5%,
6903.9000,"Other II OTHER CERAMIC PRODUCTS Ceramic building bricks, flooring blocks,support or filler tiles and the like.",Kg,5%,
6904.1000,Building bricks 1000u,,35%,
6904.9000,"Other 216 Item Description (4) Standard Unit of Quantity (5) Duty Rate (6) Roofing tiles, chimney-pots, cowls, chimney liners, architecturalornaments and other ceramicconstructional goods.",Kg,35%,
6905.1000,-Roofing tiles,Kg,35%,
6905.9000,Other,Kg,35%,
6906.0000,"Ceramic pipes, conduits, guttering and pipe fittings. Ceramic flags and paving, hearth or wall tiles; ceramic mosaic cubes and the like, whether or not on a backing; finishing ceramics. -Flags and paving, hearth or wall tiles, other than those of subheadings 6907.30and 6907.40 :",Kg,35%,
6907.2100,--Of a water absorption coefficient by weight not exceeding 0.5 % m²,,35%,
6907.2200,Of a water absorption coefficient by weight exceeding 0.5 % but not exceeding 10 % m²,,35%,
6907.2300,--Of a water absorption coefficient by weight exceeding 10 % m²,,35%,
6907.3000,"-Mosaic cubes and the like, other than those of subheading 6907.40 m²",,35%,
6907.4000,"Finishing ceramics m² Ceramic wares for laboratory , chemical or other technical uses; ceramic troughs, tubs and similar receptacles of a kind used in agriculture; ceramic pots, jars and similar articles of a kind used for the conveyance or packing of goods. Ceramic wares for laboratory , chemical or other technical uses:",,35%,
6909.1100,Of porcelain or china,Kg,5%,
6909.1200,Articles having a hardness equivalent to 9 ormore on the Mohs scale,Kg,5%,
6909.1900,Other,Kg,5%,
6909.9000,"Other Ceramic sinks, wash basins, wash basin pedestals, baths, bidets, water closet pans, flushing cisterns, urinals and similar sanitary fixtures.",Kg,35%,
6910.1000,Of porcelain or china,U,35%,
6910.9000,"Other Tableware, kitchenware, other household articles and toilet articles, of porcelain or China.",U,35%,
6911.1000,"Tableware, and kitchenware",Kg,35%,
6911.9000,Other,Kg,35%,
6912.0000,"Ceramic tableware, kitchenware, other householdarticles and toilet articles, other than of porcelainor China. Statuettes and other ornamental ceramic articles.",Kg,35%,
6913.1000,Of porcelain or China,Kg,35%,
6913.9000,Other Other ceramic articles,Kg,35%,
6914.1000,Of porcelain or china Other:,Kg,35%,
6914.9010,Filters for the purification or softening of water,Kg,15%,
6914.9090,"Other 217 Chapter 70 Glass and glassware example, vitrifiable enamels and glazes, glass frit, other glass in theform, of powder granules imitation jewellery); 85.44 electrical insulators (heading 85.46)or fittings of insulating material of heading 85.47; worked optical elements, hypodermic syringes, artificial eyes, thermometers,barometers, of Chapter 90; illuminated signs , illuminated nameplates or the like having a permanently fixed light source, 94.05; , Christmas tree ornaments or other articles of Chapter 95(excluding glass eyes without other articles of Chapter 95);or scent or similar sprays or other articles of Chapter 96. 70.04 and 70.05: by reason of any process it has undergone before annealing; the classification of glass in sheets; reflecting or non-reflecting layer” means a microscopically thin coating of metal or of a example, metal oxide) which absorbs, for example, infra-red light or improves the reflecting still allowing it to retain a degree of transparency or translucency; or which prevents light from of the glass. 70. 06 remain classified in that heading whether or not they have the characterof articles. the expression “glass wool” means: (SiO2) content not less than by weight ; (Si02) content less than but with an alkaline oxide(K20 or Na20) content exceeding by content exceeding by weight. with the above specifications fall in heading 68.06. “glass” includes fused quartz and other fused silica. 7013.22, 7013.33, 7013.41and 7013.91, the expression “ lead crystal” means only glass (pbO) content by weight of 24%. Item Description (4) Standard Unit of Quantity (5) Duty Rate (6)",Kg,35% 60% 60% 5% 2%,
7001.0000,"Cullet and other waste and scrap of glass; glass in the mass. Glass in balls (other than microspheres of heading 70.18), rods or tubes, unworked.",Kg,15%,
7002.1000,Balls Rods:,Kg,15%,
7002.2010,Fiberglass rods,Kg,5%,
7002.2090,Other Tubes:,Kg,15%,
7002.3100,Of fused quartz or other fused silica 218 Item Description (4) Standard Unit of Quantity (5) Duty Rate (6),Kg,15%,
7002.3200,Of other glass having a linear coefficient of expansion not exceeding 5x10-6 per Kelvin within a temperature range of 0 °Cto 300 °C,Kg,15%,
7002.3900,"Other Cast glass and rolled glass, in sheets or profiles, whether or not having an absorbent, reflecting or non- reflecting layer, but not otherwise worked. Non-wired sheets :",Kg,15%,
7003.1200,"--Coloured throughout the mass(body tinted), opacified, flashed or having an absorbent, reflecting or non- reflecting layer",m2,35%,
7003.1900,--Other,m2,35%,
7003.2000,Wired sheets,m2,35%,
7003.3000,"Profiles Drawn glass and blown glass, in sheets, whether or not having an absorbent or reflecting layer, but not otherwise worked.",m2,35%,
7004.2000,"Glass, coloured throughout the mass (body tinted),opacified, flashed or having an absorbent,or reflecting or non reflecting layer",m2,35%,
7004.9000,"Other glass Float glass and surface ground or polished glass, in sheets, whether or not having an absorbent, reflecting or non- reflecting layer, but not otherwise worked.",m2,35%,
7005.1000,"Non-wired glass, having an absorbent, reflecting or non- reflecting layer Other non -wired glass:",m2,35%,
7005.2100,"--Coloured throughout the mass (body tinted), opacified, flashed or merely surface ground",m2,35%,
7005.2900,--Other,m2,35%,
7005.3000,Wired glass,m2,35%,
7006.0000,"Glass of heading 70.03, 70.04 or 70.05, bent, edge- working, engraved, drilled, enamelled or otherwise worked, but not framed of fitted with other materials. Safety glass, consisting of toughened (tempered) orlaminated glass. Toughened (tempered) safety glass: Of size and shape suitable for incorporation invehicles, aircraft , spacecraft or vessels:",kg,25%,
7007.1110,Of size and shape suitable for incorporation in aircraft or commercial vessels,kg,Free,
7007.1190,Other,kg,35%,
7007.1900,"Other Laminated safety glass: Of size and shape suitable for incorporation invehicles, aircraft, spacecraft or vessels:",m2,35%,
7007.2110,Of size and shape suitable for incorporation in aircraft or commercial vessels,kg,Free,
7007.2190,Other,kg,35%,
7007.2900,Other,m2,35%,
7008.0000,"Multiple-walled insulating units of glass. Glass mirrors, whether or not framed, includingrear- view mirrors. 219 Item Description (4) Standard Unit of Quantity (5) Duty Rate (6)",kg,35%,
7009.1000,Rear-view mirrors for vehicles Other:,kg,35%,
7009.9100,--Unframed,kg,35%,
7009.9200,"--Framed Carboys , bottles , flasks, jars , pots, phials , ampoules and other containers, of glass, of a kind used for the conveyance or packing of goods; preserving jars of glass; stoppers, lids and other closures, of glass.",kg,35%,
7010.1000,Ampoules,kg,Free,
7010.2000,"Stoppers, lids and other closures",kg,15%,
7010.9000,"Other Glass envelopes(including bulbs and tubes), open, and glass parts thereof, without fittings, for electric lamps, cathode-ray tubes or the like.",kg,15%,
7011.1000,For electric lighting,kg,15%,
7011.2000,For cathode-ray tubes,kg,15%,
7011.9000,"Other Glassware of a kind used for table, kitchen, toilet, office, indoor decoration or similar purposes (other than that of heading 70.10 or 70.18).",kg,15%,
7013.1000,"Of glass-ceramics Stemware drinking glasses, other than of glass- ceramics:",kg,35%,
7013.2200,Of lead crystal,kg,35%,
7013.2800,"Other Other drinking glasses, other than of glass-ceramics:",kg,35%,
7013.3300,Of lead crystal,kg,35%,
7013.3700,"Other Glassware of a kind used for table(other than drinking glasses) or kitchen purposes, other than of glass- ceramics:",kg,35%,
7013.4100,Of lead crystal,kg,35%,
7013.4200,Of glass having a linear coefficient of expansion not exceeding 5x10-6 per Kelvin within a temperature range of 0 0C to 300 0C,kg,35%,
7013.4900,Other Other glassware:,kg,35%,
7013.9100,Of lead crystal,kg,35%,
7013.9900,"Other Signalling glassware and optical elements of glass(otherthan those of heading 70.15), not optically worked.",kg,35%,
7014.0010,Suitable for incorporation in vehicles,kg,25%,
7014.0020,"Signalling glassware for rail-ways, road traffic control, for ports or aerodromes",kg,Free,
7014.0090,"Other Clock or watch glasses and similar glasses, glasses for non-corrective or corrective spectacles, curved, bent, hollowed or the like, not optically worked; hollow glass spheres and their segments, for the manufacture of such glasses.",kg,25%,
7015.1000,Glasses for corrective spectacles,kg,5%,
7015.9000,"Other 220 Item Description (4) Standard Unit of Quantity (5) Duty Rate (6) Paving blocks, slabs, bricks squares, tiles and other articles of pressed or moulded glass, whether or not wired, of a kind used for building or construction purposes; glass cubes and other glass small wares, whether or not on a backing, for mosaics or similar decorative purposes; leaded lights and the like; multicellular or foam glass in blocks, panels, plates shells or similar forms.",kg,25%,
7016.1000,"Glass cubes and other glass small wares, whether or not on a backing , for mosaics or similar decorative purposes",kg,35%,
7016.9000,"Other Laboratory, hygienic or pharmaceutical glassware, whether or not graduated or calibrated.",kg,35%,
7017.1000,Of fused quartz or other fused silica,kg,5%,
7017.2000,Of other glass having a linear coefficient of expansion not exceeding 5x10-6 per Kelvin within a temperature range of 00c to 3000c,kg,5%,
7017.9000,"Other Glass beads, imitation pearls , imitation precious or semi-precious stones and similar glass small wares, and articles thereof other than imitation jewellery ; glass eyes other than prosthetic articles; statuettes and other ornaments of lamp -worked glass, other than imitation jewellery; glass microspheres not exceeding 1 mm in diameter.",kg,5%,
7018.1000,"Glass beads, imitation pearls, imitation precious or semi- precious stones and similar glass small wares:",kg,35%,
7018.2000,Glass microspheres not exceeding 1mm in diameter,kg,35%,
7018.9000,"Other Glass fibres (including glass wool) and articles thereof (for example, yarn, woven fabrics). Slivers, rovings, yarn and chopped strands :",kg,35%,
7019.1100,"Chopped strands, of a length of not more than 50 mm",kg,15%,
7019.1200,Rovings,kg,15%,
7019.1900,"Other Thin sheets (voiles), webs, mats, mattresses, boards and similar nonwoven products:",kg,15%,
7019.3100,Mats,kg,15%,
7019.3200,Thin sheets (voiles),kg,15%,
7019.3900,Other,kg,15%,
7019.4000,Woven fabrics of rovings Other woven fabrics :,kg,15%,
7019.5100,Of a width not exceeding 30 cm,kg,15%,
7019.5200,"Of a width exceeding 30 cm, plain weave, weighing less than 250 g/m², of filaments measuring per singleyarn not more than 136 tex",kg,15%,
7019.5900,Other,kg,15%,
7019.9000,Other Other articles of glass:,kg,15%,
7020.0010,Glass inners for vacuum flasks,kg,15%,
7020.0090,"Other 223 Item Description (4) Standard Unit of Quantity (5) Duty Rate (6) I.NATURAL OR CULTURED PEARLS AND PRECIOUS OR SEMI-RECIOUS STONES Pearls, natural or cultured, whether or not worked or graded but not strung, mounted or set, pearls, natural or cultured, temporarily strung forconvenience of transport.",kg,15% (*) 2% 2% 2% 2% 90%,
7101.1000,Natural pearls Cultured pearls:,kg,35%,20%
7101.2100,--Unworked,kg,35%,
7101.2200,"Worked Diamonds, whether or not worked but not mounted or set.",kg,35%,
7102.1000,Unsorted carat Industrial:,,35%,
7102.2100,Unworked or simply sawn cleaved or bruted carat,,35%,
7102.2900,Other carat Non-industrial:,,35%,
7102.3100,--Unworked or simply sawn cleaved or bruted carat,,35%,
7102.3900,"--Other carat Precious stones (other than diamonds) and semi- precious stones, whether or not worked or graded but not strung, mounted or set; ungraded precious stones (other than diamonds) and semi precious stones, temporarily strung for convenience of transport.",,35%,
7103.1000,Unworked or simply sawn or roughly shaped Otherwise worked:,kg,35%,
7103.9100,"--Rubies, sapphires and emeralds carat",,35%,
7103.9900,"--Other carat Synthetic or reconstructed precious or semi- preciousstones, whether or not worked or graded but not strung mounted or set; ungraded synthetic or reconstructed precious or semi precious stones, temporarily strung for convenience of transport.",,35%,
7104.1000,Piezo-electric quartz,kg,35%,
7104.2000,"Other, unworked or simply sawn or roughly shaped",kg,35%,
7104.9000,Other Dust and powder of natural or synthetic precious or semi -precious stones.,kg,35%,
7105.1000,Of diamonds carat,,35%,
7105.9000,"Other II. PRECIOUS METALS AND METALS CLAD WITH PRECIOUS METAL Silver (including silver plated with gold or platinum), unwrought or in semi-manufactured forms, or in 224 Item Description (4) Standard Unit of Quantity (5) Duty Rate (6) powder form.",kg,35%,
7106.1000,Powder Other:,kg,35%,
7106.9100,--Unwrought,kg,35%,
7106.9200,Semi-manufactured,kg,35%,
7107.0000,"Base metals clad with silver, not further worked than semi-manufactured. Gold (including gold plated with platinum) unwrought or in semi manufactured forms, or in powder form. Non-monetary :",kg,35%,
7108.1100,--Powder,kg,35%,
7108.1200,--Other unwrought forms,kg,35%,
7108.1300,--Other semi-manufactured forms,kg,35%,
7108.2000,Monetary,kg,Free,
7109.0000,"Base metals or silver, clad with gold, not further worked than semi-manufactured. Platinum, unwrought or in semi manufactured forms,or in powder form. Platinum:",kg,35%,
7110.1100,--Unwrought or in powder form,kg,35%,
7110.1900,--Other Palladium:,kg,35%,
7110.2100,Unwrought or in powder form,kg,35%,
7110.2900,--Other Rhodium:,kg,35%,
7110.3100,--Unwrought or in powder form,kg,35%,
7110.3900,"--Other Iridium, osmium and ruthenium:",kg,35%,
7110.4100,--Unwrought or in powder form,kg,35%,
7110.4900,--Other,kg,35%,
7111.0000,"Base metals, silver or gold, clad with platinum, not further worked than semi-manufactured. Waste and scrap of precious metal or of metal clad with Precious metal; other waste and scrap containing precious metal or precious metal compounds, of a kind used principally for the recovery of precious metal.",kg,35%,
7112.3000,-Ash containing precious metal or precious metalcompounds Other,kg,35%,
7112.9100,"--Of gold, including metal clad with gold but excludingsweepings containing other precious metals",kg,35%,
7112.9200,"--Of platinum, including metal clad with platinum butexcluding sweepings containing other precious metals",kg,35%,
7112.9900,"--Other 225 Item Description (4) Standard Unit of Quantity (5) Duty Rate (6) III. JEWELLERY, GOLDSMITHS’ AND SILVERSMITHS’ WARES AND OTHER ARTICLES Articles of jewellery and parts thereof, of precious metal or of metal clad with precious metal. Of precious metal whether or not plated or clad with precious metal",kg,35%,
7113.1100,"Of silver, whether or not plated or clad with other precious metal",kg,35%,
7113.1900,"Of other precious metal, whether or not plated or clad with precious metal",kg,35%,
7113.2000,"Of base metal clad with precious metal Articles of goldsmiths, or silversmiths’ wares and parts thereof, of precious metal or of metal clad with precious metal. Of precious metal whether or not plated or clad withprecious metal፡",kg,35%,
7114.1100,"Of silver, whether or not plated or clad with otherprecious metal",kg,35%,
7114.1900,"Of other precious metal, whether or not plated or clad with precious metal",kg,35%,
7114.2000,Of base metal clad with precious metal Other articles of precious metal or of metal clad with precious metal.,kg,35%,
7115.1000,"Catalysts in the form of wire cloth or grill, of platinum",kg,5%,
7115.9000,"Other Articles of natural or cultured pearls, precious or semi- precious stones (natural, synthetic or reconstructed).",kg,5%,
7116.1000,Of natural or cultured pearls,kg,35%,
7116.2000,"Of precious or semi-precious stones (natural, synthetic or reconstructed) Imitation Jewellery. Of base metal, whether or not plated with precious metal:",kg,35%,
7117.1100,--Cuff-links and studs,kg,35%,
7117.1900,--Other,kg,35%,
7117.9000,Other Coin.,kg,35%,
7118.1000,"Coin (other than gold coin), not being legal tender",kg,35%,
7118.9000,"Other 230 selenium tellurium bismuth. by weight at least 0.6% but not more than of silicon and not more than 0.08% of carbon.They not more than of aluminium but no other element in a proportion that would give the of another alloy steel. with or without other elements, at least two of the three elements molybdenum, tungsten content by weight of or more, 0.6% or more of carbon and 3 to of chromium. by weight : of carbon, more than 1.9% of manganese, and not more than 2.3 % of silicon, but no other element in a proportionhat would give the steel the alloy steel. in the subheadings of heading of heading 72.02 the following rule should be observed: as binary and classified under the relevant subheading (if it exists) if only one of the lloy elements laid down in Chapter Note 1(c); by analogy, it is considered espectively as ternary or elements exceed the minimum percentage. rule the unspecified “other elements” referred to in Chapter Note 1(c) must each exceed by Item Description (4) Standard Unit of Quantity (5) Duty Rate (6) 1.- PRIMARY MATERIALS; PRODUCTS IN GRANULAR OR POWDER FORM Pig iron and spiegeleisen in pigs, blocks or other primary forms.",kg,Free 90% 2% 10% 6% 3% 8% 10% 6% 30% 4% 10% 30% 3% 8% 10% 10% 2% 90% 90% 6% 1% 7% 6% 10%,
7201.1000,Non-alloy pig iron containing by weight 0.5% or less of phosphorus,kg,Free,
7201.2000,Non alloy pig iron containing by weight more than 0.5% of phosphorus,kg,Free,
7201.5000,Alloy pig iron; spiegeleisen Ferro- alloys. Ferro -manganese:,kg,Free,
7202.1100,--Containing by weight more than of carbon,kg,2% Free,
7202.1900,Other Ferro -silicon:,kg,Free,
7202.2100,--Containing by weight more than of silicon,kg,55% Free,
7202.2900,--Other,kg,Free,
7202.3000,Ferro-silico-manganese Ferro- chromium:,kg,Free,
7202.4100,--Containing by weight more than of carbon,kg,4% Free,
7202.4900,--Other 231 Item Description (4) Standard Unit of Quantity (5) Duty Rate (6),kg,Free,
7202.5000,Ferro-silico-chromium,kg,Free,
7202.6000,Ferro- nickel,kg,Free,
7202.7000,Ferro –molybdenum,kg,Free,
7202.8000,Ferro-tungsten and ferro-silico-tungsten Other:,kg,Free,
7202.9100,--Ferro-titanium and ferro-silico-titanium,kg,Free,
7202.9200,--Ferro–vanadium,kg,Free,
7202.9300,--Ferro-niobium,kg,Free,
7202.9900,"--Other Ferrous products obtained by direct reduction of iron ore and other spongy ferrous products, inlumps pellets or similar forms; iron having a minimum purity by weight of 99.94%, in lumps,pellets or similar forms.",kg,Free,
7203.1000,Ferrous products obtained by direct reduction of iron ore,kg,Free,
7203.9000,Other Ferrous waste and scrap; remelting scrap ingots of iron or steel.,kg,Free,
7204.1000,Waste and scrap of cast iron Waste and scrap of alloy steel:,kg,Free,
7204.2100,--Of stainless steel,Kg,Free,
7204.2900,--Other,Kg,Free,
7204.3000,Waste and scrap of tinned iron or steel Other waste and scrap:,kg,Free,
7204.4100,"--Turnings, shavings, chips, milling waste, saw dust, filings, trimmings and stampings, whether or not in bundles",kg,Free,
7204.4900,--Other,kg,Free,
7204.5000,"Remelting scrap ingots Granules and powders, of pig iron spiegeleisen, iron or steel.",kg,Free,
7205.1000,Granules Powders:,kg,Free,
7205.2100,--Of alloy steel,kg,Free,
7205.2900,--Other II IRON AND NON -ALLOY STEEL Iron and non -alloy steel in ingots or otherprimary forms(excluding iron of heading 72. 03).,kg,Free,
7206.1000,Ingots,kg,Free,
7206.9000,Other Semi -finished products of iron or non -alloy steel. Containing by weight less than 0.25% of carbon:,kg,Free,
7207.1100,"--Of rectangular (including square)cross-section, the width measuring less than twice the thickness",kg,Free,
7207.1200,--Other of rectangular (other than square) cross-section 232 Item Description (4) Standard Unit of Quantity (5) Duty Rate (6),kg,Free,
7207.1900,--Other,kg,Free,
7207.2000,"Containing by weight 0.25% or more of carbon Flat-rolled products of iron or non -alloy steel, of a width of 600 mm or more, hot rolled, not clad , plated or coated.",kg,Free,
7208.1000,"In coils, not further worked than hot-rolled, with patterns in relief Other, in coils, not further worked than hot-rolled, pickled:",kg,Free,
7208.2500,--Of a thickness of 4.75 mm or more,kg,Free,
7208.2600,--Of a thickness of 3mm or more but less than 4.75mm,kg,Free,
7208.2700,"--Of a thickness of less than 3mm Other, in coils, not further worked than hot-rolled :",kg,Free,
7208.3600,--Of a thickness exceeding 10 mm,kg,Free,
7208.3700,--Of a thickness of 4.75mm or more but not exceeding 10mm,kg,Free,
7208.3800,--Of a thickness of 3mm or more but less than 4.75mm,kg,Free,
7208.3900,--Of a thickness of less than 3mm,kg,Free,
7208.4000,"Not in coils, not further worked than hot-rolled, with patterns in relief Other, not in coils, not further worked than hot-rolled :",kg,Free,
7208.5100,--Of a thickness exceeding 10mm,kg,5%,
7208.5200,--Of a thickness of 4.75mm or more but not exceeding10mm,kg,5%,
7208.5300,--Of a thickness of 3mm or more but less than 4.75mm,kg,5%,
7208.5400,--Of a thickness of less than 3mm,kg,5%,
7208.9000,"Other Flat-rolled products of iron or non -alloy steel, of a width of 600mm or more, cold -rolled (cold -reduced), not clad, plated or coated. In coils, not further worked than cold-rolled (cold- reduced):",kg,5%,
7209.1500,--Of a thickness of 3 mm or more,kg,5%,
7209.1600,--Of a thickness exceeding 1 mm but less than 3 mm,kg,5%,
7209.1700,--Of a thickness of 0.5 mm or more but not exceeding 1 mm,kg,5%,
7209.1800,"--Of a thickness of less than 0.5 mm Not in coils, not further worked than (cold-rolled cold-reduced):",kg,5%,
7209.2500,--Of a thickness of 3 mm or more,kg,15%,
7209.2600,--Of a thickness exceeding 1 mm but less than 3 mm,kg,15%,
7209.2700,--Of a thickness of 0.5 mm or more but not exceeding1 mm,kg,15%,
7209.2800,--Of a thickness of less than 0.5 mm,kg,15%,
7209.9000,"Other 233 Item Description (4) Standard Unit of Quantity (5) Duty Rate (6) Flat -rolled products of iron or non-alloy steel, of width of 600mm or more, clad, plated or coated. Plated or coated with tin :",kg,15%,
7210.1100,--Of a thickness of0.5mm or more,kg,15%,
7210.1200,--Of a thickness of less than 0.5 mm,kg,15%,
7210.2000,"Plated or coated with lead, including terne-plate Electrolytically plated or coated with zinc",kg,15%,
7210.3010,Roofing tiles,kg,35%,
7210.3090,Other Otherwise plated or coated with zinc :,kg,15%,
7210.4100,Corrugated,kg,35%,
7210.4900,--Other,kg,25%,
7210.5000,Plated or coated with chromium oxides or with chromium and chromium oxides Plated or coated with aluminium:,kg,25%,
7210.6100,--Plated or coated with aluminium-zinc alloys:,kg,25%,
7210.6900,--Other,kg,25%,
7210.7000,"Painted, varnished or coated with plastics",kg,25%,
7210.9000,"Other Flat-rolled products of iron or non- alloy steel, of a width of less than 600 mm not clad, plated or coated. Not further worked than hot-rolled :",kg,25%,
7211.1300,"Rolled on four faces or in a closed box pass, of a width exceeding 150 mm and a thickness of not less than 4 mm, not in coils and without patterns in relief",kg,5%,
7211.1400,"Other, of a thickness of 4.75 mm or more",kg,5%,
7211.1900,Other Not further worked than cold-rolled (cold-reduced):,kg,5%,
7211.2300,Containing by weight less than 0.25 % of carbon,kg,5%,
7211.2900,Other,kg,5%,
7211.9000,"Other Flat-rolled products of iron or non alloy steel, of a width of less than 600mm, clad, plated or coated. Plated or coated with tin:",kg,15%,
7212.1010,Strip for packing purposes,kg,25%,
7212.1090,Other,kg,25%,
7212.2000,Electrolytically plated or coated with zinc,kg,25%,
7212.3000,Otherwise plated or coated with zinc,kg,25%,
7212.4000,"Painted, varnished or coated with plastics Otherwise plated or coated:",kg,25%,
7212.5010,Strip for packing purposes,kg,25%,
7212.5090,Other,kg,25%,
7212.6000,"Clad 234 Item Description (4) Standard Unit of Quantity (5) Duty Rate (6) Bars and rods, hot-rolled, in irregularly woundcoils, of iron or non-alloy steel.",kg,25%,
7213.1000,"-Containing indentations, ribs,grooves or other deformations produced during the rolling process",kg,35%,
7213.2000,"Other, of free-cutting steel Other :",kg,35%,
7213.9100,--Of circular cross-section measuring less than 14 mm in diameter,kg,35%,
7213.9900,"--Other Other bars and rods of iron or non -alloy steel, not further worked than forged, hot rolled, hot-drawn or hot -extruded ,but including those twisted after rolling.",kg,35%,
7214.1000,Forged,kg,35%,
7214.2000,"-Containing indentations, ribs, grooves or other deformations produced during the rolling process or twisted after rolling",kg,35%,
7214.3000,"Other, of free-cutting steel Other:",kg,35%,
7214.9100,--Of rectangular (other than square) cross-section,kg,35%,
7214.9900,--Other Other bars and rods of iron or non -alloy steel.,kg,35%,
7215.1000,"Of free-cutting steel, not further worked than cold-formed or cold-finished",kg,5%,
7215.5000,"Other, not further worked than cold-formed or cold- finished",kg,15%,
7215.9000,"Other Angles, shapes and sections of iron or non -alloy steel.",kg,15%,
7216.1000,"U, I or H sections, not further worked than hot rolled, hot drawn or extruded, of a height of less than 80 mm L or T sections, not further worked than hot -rolled, hot drawn or extruded, of a height of less than 80 mm:",kg,15%,
7216.2100,L sections,kg,15%,
7216.2200,"T Sections U, I or H sections, not further worked than hot -rolled, hot drawn or extruded, of a height of 80 mm or more :",kg,15%,
7216.3100,U sections,kg,15%,
7216.3200,I sections,kg,15%,
7216.3300,H sections,kg,15%,
7216.4000,"L or T sections, not further worked than hot-rolled, hot drawn or extruded, of a height of 80 mm or more",kg,15%,
7216.5000,"Other angles, shapes and sections, not further worked than hot -rolled, hot -drawn or extruded Angles, shapes and sections, not further worked than cold- formed or cold-finished: 235 Item Description (4) Standard Unit of Quantity (5) Duty Rate (6)",kg,15%,
7216.6100,Obtained from flat-rolled products,kg,15%,
7216.6900,Other Other :,kg,15%,
7216.9100,Cold-formed or cold-finished from flat-rolled products,kg,15%,
7216.9900,Other Wire of iron or non alloy steel.,kg,15%,
7217.1000,"Not plated or coated, whether or not polished",kg,35%,
7217.2000,Plated or coated with zinc,kg,35%,
7217.3000,Plated or coated with other base metals,kg,35%,
7217.9000,Other II. STAINLESS STEEL Stainless steel in ingots or other primary forms; semi- finished products of stainless steel.,kg,35%,
7218.1000,Ingots and other primary forms Other :,Kg,Free,
7218.9100,Of rectangular (other than square) cross-section,Kg,Free,
7218.9900,"Other Flat -rolled products of stainless steel, of a width of 600 mm or more. Not further worked than hot-rolled, in coils:",Kg,Free,
7219.1100,Of a thickness exceeding 10 mm,Kg,5%,
7219.1200,Of a thickness of 4.75mm or more but not exceeding 10mm,Kg,5%,
7219.1300,Of a thickness of 3mm or more but less than 4.75 mm,kg,5%,
7219.1400,"Of a thickness of less than 3mm Not further worked than hot -rolled, not in coils:",kg,5%,
7219.2100,Of a thickness exceeding 10 mm,kg,15%,
7219.2200,Of a thickness of 4.75 mm or more but not exceeding 10mm,kg,15%,
7219.2300,Of a thickness of 3 mm or more but less than 4.75mm,kg,15%,
7219.2400,Of a thickness of less than 3mm Not further worked than cold- rolled (cold reduced):,kg,15%,
7219.3100,Of a thickness of 4.75 mm or more,kg,15%,
7219.3200,Of a thickness of 3mm or more but less than 4.75 mm,kg,15%,
7219.3300,Of a thickness exceeding 1 mm but less than 3mm,kg,15%,
7219.3400,Of a thickness of 0.5 mm or more but not exceeding 1 mm,kg,15%,
7219.3500,Of a thickness of less than 0.5 mm,kg,15%,
7219.9000,"Other Flat -rolled products of stainless steel, of a width of less than 600mm. Not further worked than hot -rolled:",kg,15%,
7220.1100,Of a thickness of 4.75 mm or more 236 Item Description (4) Standard Unit of Quantity (5) Duty Rate (6),kg,15%,
7220.1200,Of a thickness of less than 4.75mm,kg,15%,
7220.2000,Not further worked than cold rolled (cold-reduced),kg,15%,
7220.9000,Other,kg,15%,
7221.0000,"Bars and rods, hot-rolled, in irregularly wound coils, of stainless steel. Other bars and rods of stainless steel; angles, shapes and sections of stainless steel. Bars and rods, not further worked than hot-rolled, hot- drawn or extruded :",kg,15%,
7222.1100,Of circular cross-section,kg,15%,
7222.1900,Other,kg,15%,
7222.2000,"Bars and rods, not further worked than cold -formed or cold -finished",kg,15%,
7222.3000,Other bars and rods,kg,15%,
7222.4000,"Angles, shapes and sections",kg,15%,
7223.0000,"Wire of stainless steel. IV.- OTHER ALLOY STEEL; HOLLOW DRILL BARS AND RODS , OF ALLOY OR NON -ALLOY STEEL Other alloy steel in ingots or other primary forms ; semi- finished products of other alloy steel.",kg,15%,
7224.1000,Ingots and other primary forms,kg,5%,
7224.9000,"Other Flat -rolled products of other alloy steel, of a width of 600 mm or more. Of silicon-electrical steel:",kg,5%,
7225.1100,--Grain-oriented,kg,15%,
7225.1900,--Other,kg,15%,
7225.3000,"Other, not further worked than hot -rolled not in coils",kg,15%,
7225.4000,"Other, not further worked than hot -rolled in coils",kg,15%,
7225.5000,"Other, not further worked than cold -rolled (cold reduced) Other :",kg,15%,
7225.9100,--Electrolytically plated or coated with zinc,kg,15%,
7225.9200,--Otherwise plated or coated with zinc,kg,15%,
7225.9900,"--Other Flat -rolled products of other alloy steel , of a width of less than 600mm. Of silicon-electrical steel :",kg,15%,
7226.1100,--Grain-oriented,kg,15%,
7226.1900,--Other,kg,15%,
7226.2000,Of high speed steel Other:,kg,15%,
7226.9100,--Not further worked than hot -rolled 237 Item Description (4) Standard Unit of Quantity (5) Duty Rate (6),kg,15%,
7226.9200,--Not further worked than cold -rolled (cold reduced),kg,15%,
7226.9900,"Other Bars and rods, hot- rolled, in irregularly wound coils, of other alloy steel.",kg,15%,
7227.1000,Of high speed steel,kg,15%,
7227.2000,Of silico-manganese steel,kg,15%,
7227.9000,"Other Other bars and rods, of other alloy steel; angles, shapes and sections, of other alloy steel; hollow drill bars and rods , of alloy or non -alloy steel.",kg,15%,
7228.1000,"Bars and rods, of high speed steel",kg,15%,
7228.2000,"Bars and rods, of silico-manganese steel",kg,15%,
7228.3000,"Other bars and rods, not further worked than hot-rolled, hot-drawn or extruded",kg,15%,
7228.4000,"Other bars and rods, not further worked than forged",kg,15%,
7228.5000,"Other bars and rods, not further worked than cold-formed or cold-finished",kg,15%,
7228.6000,Other bars and rods,kg,15%,
7228.7000,"Angles, shapes and sections",kg,15%,
7228.8000,Hollow drill bars and rods Wire of other alloy steel.,kg,15%,
7229.2000,Of silico-manganese steel,kg,15%,
7229.9000,"Other 238 Chapter 73 Articles of iron or steel “cast iron” applies to products obtained by casting in which iron predominates by weight over which do not comply with the chemical composition of steel as defined in Note 1(d) to Chapter means hot or cold -formed products of any cross-sectional shape, of which no cross- 16 mm. Item Description (4) Standard Unit of Quantity (5) Duty Rate (6) Sheet piling of iron or steel whether or not drilled, punched or made from assembled elements; welded angles, shapes and sections, of iron or steel.",kg,15%,
7301.1000,Sheet piling,Kg,15%,
7301.2000,"Angles, shapes and sections Railway or tramway track construction material of iron or steel, the following: rails, check -rails and rackrails, switch blades, crossing frogs, point rods and other crossing pieces, sleepers (cross-ties), fish-plates, chairs, chair wedges, sole plates (base plates), rail clips, bedplates, ties and other material specialized for jointing or fixing rails.",Kg,15%,
7302.1000,Rails,Kg,Free,
7302.3000,"Switch blades, crossing frogs, point rods and other crossing pieces",Kg,Free,
7302.4000,Fish-plates and sole plates,Kg,Free,
7302.9000,Other,Kg,Free,
7303.0000,"Tubes, pipes and hollow profiles, of cast iron. Tubes, pipes and hollow profiles, seamless, of iron(other than cast iron) or steel. Line pipe of a kind used for oil or gas pipelines:",Kg,15%,
7304.1100,Of stainless steel,kg,Free,
7304.1900,"Other Casing, tubing and drill pipe, of a kind used in drilling for oil or gas:",kg,Free,
7304.2200,Drill pipe of stainless steel,kg,Free,
7304.2300,Other drill pipe,kg,Free,
7304.2400,Other of stainless steel,kg,Free,
7304.2900,"Other Other , of circular cross-section, of iron or non- alloy steel:",kg,Free,
7304.3100,Cold-drawn or cold–rolled (cold-reduced),kg,15%,
7304.3900,"Other Other, of circular cross-section, of stainless steel :",kg,15%,
7304.4100,Cold-drawn or cold-rolled (cold-reduced),kg,15%,
7304.4900,"Other Other, of circular cross-section, of other alloy steel:",kg,15%,
7304.5100,Cold-drawn or cold-rolled (cold-reduced),kg,15%,
7304.5900,Other 239 Item Description (4) Standard Unit of Quantity (5) Duty Rate (6),kg,15%,
7304.9000,"Other Other tubes and pipes (for example, welded, riveted or similarly closed), having circular cross-sections, the external diameter of whichexceeds 406.4mm,of iron or steel. Line pipe of a kind used for oil or gas pipelines:",kg,15%,
7305.1100,Longitudinally submerged arc welded,Kg,25%,
7305.1200,"Other, longitudinally welded",Kg,25%,
7305.1900,--Other,Kg,25%,
7305.2000,"Casing of a kind used in drilling for oil or gas Other, welded:",Kg,25%,
7305.3100,--Longitudinally welded,Kg,25%,
7305.3900,--Other,Kg,25%,
7305.9000,"Other Other tubes, pipes and hollow profiles (for example,open seam or welded, riveted or similarly closed),of iron or steel. Line pipe of a kind used for oil or gas pipelines:",Kg,25%,
7306.1100,"Welded, of stainless steel",Kg,15%,
7306.1900,Other Casing and tubing of a kind used in drilling for oil or gas:,Kg,15%,
7306.2100,"Welded, of stainless steel",Kg,25%,
7306.2900,Other,Kg,25%,
7306.3000,"Other, welded, of circular cross-section of iron or non- alloy steel",Kg,25%,
7306.4000,"Other, welded, of circularcross-section, of stainless steel",Kg,25%,
7306.5000,"Other, welded, of circular cross-section , of other alloy steel Other , welded , of non-circular cross-section:",Kg,25%,
7306.6100,Of square or rectangular cross-section,Kg,25%,
7306.6900,Of other non-circular cross-section,Kg,25%,
7306.9000,"Other Tube or pipe fittings (for example, couplings, elbows sleeves), of iron or steel. Cast fittings :",Kg,25%,
7307.1100,--Of non-malleable cast iron,kg,15%,
7307.1900,"--Other Other, of stainless steel:",kg,15%,
7307.2100,--Flanges,kg,15%,
7307.2200,"--Threaded elbows, bends and sleeves",kg,15%,
7307.2300,--Butt welding fittings,kg,15%,
7307.2900,--Other Other:,kg,15%,
7307.9100,--Flanges,kg,15%,
7307.9200,"--Threaded elbows, bends and sleeves",kg,15%,
7307.9300,--Butt welding fittings,kg,15%,
7307.9900,"--Other Structures (excluding prefabricated buildings of heading 240 Item Description (4) Standard Unit of Quantity (5) Duty Rate (6) 94. 06) and parts of structures (for example, bridges and bridge-sections, lock gates, towers, lattice masts, roofs , roofing frameworks, doors and windows and their frames and thresholds for doors, shutters, balustrades, pillars and columns), of iron or steel: plates, rods, angles, shapes, sections, tubes and the like, prepared for use in structures , of iron or steel.",kg,15%,
7308.1000,Bridges and bridge–sections,kg,35%,
7308.2000,Towers and lattice masts,kg,35%,
7308.3000,"Doors, windows and their frames and thresholds for doors",kg,35%,
7308.4000,Equipment for scaffolding shuttering propping or pit- propping,kg,35%,
7308.9000,Other,kg,35%,
7309.0000,"Reservoirs, tanks, vats and similar containers for any material (other than compressed or liquefied gas), or iron or steel, of a capacity exceeding 300 1 whether or not lined or heat-insulated, but not fitted with mechanical or thermal equipment. Tanks, casks drums, cans boxes and similar containers, for any material (other than compressed or liquefied gas) of iron or steel, of a capacity not exceeding 300 1, whether or not lined or heat-insulated, but not fitted with mechanical or thermal equipment.",kg,35%,
7310.1000,Of a capacity of 50 1 or more Of a capacity of less than 50 1:,kg,25%,
7310.2100,Cans which are to be closed by soldering or crimping,kg,25%,
7310.2900,--Other,kg,25%,
7311.0000,"Containers for compressed or liquefied gas, of iron or steel. Stranded wire, ropes, cables, plaited bands, slings andthe like, of iron or steel not electrically insulated.",kg,15%,
7312.1000,"Stranded wire, ropes and cables",kg,15%,
7312.9000,Other,kg,25%,
7313.0000,"Barbed wire of iron or steel; twisted hoop or single flat wire barbed or not, and loosely twisted double wire, of a kind used for fencing, of iron or steel. Cloth (including endless bands), grill, netting and fencing of iron or steel wire; expanded metal of iron or steel. Woven cloth :",kg,25%,
7314.1200,"Endless bands for machinery, of stainless steel",kg,25%,
7314.1400,"Other woven cloth, of stainless steel",kg,25%,
7314.1900,Other,kg,25%,
7314.2000,"Grill, netting and fencing, welded at the intersection, of wire with a maximum cross- sectional dimension of 3 mm or more and having a mesh size of 100 cm² or more Other grill, netting and fencing, welded at the intersection:",kg,25%,
7314.3100,Plated or coated with zinc,kg,25%,
7314.3900,"Other Other cloth, grill, netting and fencing :",kg,25%,
7314.4100,Plated or coated with zinc,kg,15%,
7314.4200,Coated with plastics 241 Item Description (4) Standard Unit of Quantity (5) Duty Rate (6),kg,15%,
7314.4900,Other,kg,15%,
7314.5000,"Expanded metal Chain and parts thereof, iron or of steel. Articulated link chain and parts thereof :",kg,25%,
7315.1100,--Roller chain,kg,15%,
7315.1200,--Other chain,kg,15%,
7315.1900,--Parts,kg,15%,
7315.2000,Skid chain Other chain:,kg,15%,
7315.8100,--Stud-link,kg,15%,
7315.8200,"--Other, welded link",kg,15%,
7315.8900,--Other,kg,15%,
7315.9000,"Other parts Anchors, grapnels and parts thereof of iron or steel.",kg,15%,
7316.0010,Anchors for ships and boats,kg,Free,
7316.0090,"Other Nails, tacks, drawing pins, corrugated nails, staples (other than those of heading 83.05) and similar articles of iron or steel, whether or not with heads of other material, but excluding such articles with heads of copper:",kg,35%,
7317.0010,Tacks,Kg,15%,
7317.0090,"Other Screws, bolts, nuts coach screws, screw hooks, rivets, cotters cotter-pins, washers ( including spring washers) and similar articles, of iron or steel. Threaded articles:",kg,35%,
7318.1100,--Coach screws,kg,15%,
7318.1200,--Other wood screws,kg,15%,
7318.1300,--Screw hooks and screw rings,kg,15%,
7318.1400,--Self-tapping screws,kg,15%,
7318.1500,"--Other screws and bolts, whether or not with theirnuts or washers",kg,15%,
7318.1600,--Nuts,kg,15%,
7318.1900,--Other Non-threaded articles:,kg,15%,
7318.2100,--Spring washers and other lock washers,kg,15%,
7318.2200,--Other washers,kg,15%,
7318.2300,--Rivets,kg,15%,
7318.2400,--Cotters and cotter- pins,kg,15%,
7318.2900,"--Other Sewing needles, knitting needles, bodkins, crochet hooks, embroidery stilettos and similar articles, for use in the hand, of iron or steel; safety pins and other pins of iron or steel, not elsewhere specified or included.",kg,15%,
7319.4000,Safety pins and other pins,,5%,
7319.9000,"Other Springs and leaves for springs, of iron or steel. 242 Item Description (4) Standard Unit of Quantity (5) Duty Rate (6)",kg,15%,
7320.1000,Leaf-springs and leaves thereof Helical springs:,kg,15%,
7320.2010,Of a kind used for vehicles,kg,25%,
7320.2090,Other,kg,15%,
7320.9000,"Other Stoves, ranges, grates, cookers (including those with subsidiary boilers, for central heating), barbecues, braziers, gas-rings, plate warmers and similar non electric domestic appliances, and parts thereof, iron or steel. Cooking appliances and plate warmers:",kg,15%,
7321.1100,--For gas fuel or for both gas and other fuels,u,35%,
7321.1200,--For liquid fuel,u,35%,
7321.1900,"Other, including appliances for solid fuel Other appliances:",u,35%,
7321.8100,--For gas fuel or for both gas and other fuels,u,35%,
7321.8200,--For liquid fuel,u,35%,
7321.8900,"Other, including appliances for solid fuel",u,35%,
7321.9000,"Parts Radiators for central heating, not electrically heated, and parts thereof, of iron or steel; air heaters and hot air distributors (including distributors which can also distribute fresh or conditioned air), not electrically heated, incorporating a motor-driven fan or blower, and parts thereof, of iron or steel. Radiators and parts thereof: --Of cast iron:",kg,15%,
7322.1110,Parts,Kg,15%,
7322.1190,Other --Other:,kg,25%,
7322.1910,Parts,Kg,15%,
7322.1990,Other,kg,25%,
7322.9000,"Other Table, kitchen or other household articles and parts thereof, of iron or steel; iron or steel wool; pot scourers and scouring or polishing pads, gloves and the like, of iron or steel.",kg,25%,
7323.1000,"Iron or steel wool; pot scourers and scouring or polishing pads, gloves and the like Other:",kg,35%,
7323.9100,"--Of cast iron, not enamelled",kg,35%,
7323.9200,"--Of cast iron, enamelled",kg,35%,
7323.9300,--Of stainless steel,kg,35%,
7323.9400,"--Of iron (other than cast iron) or steel, enamelled --Other:",kg,35%,
7323.9910,Parts,kg,15%,
7323.9990,"Other Sanitary ware and parts thereof, of iron or steel.",kg,35%,
7324.1000,"Sinks and wash basins, of stainless steel 243 Item Description (4) Standard Unit of Quantity (5) Duty Rate (6) -Baths:",kg,35%,
7324.2100,"--Of cast iron, whether or not enamelled",kg,35%,
7324.2900,"--Other Other, including parts፡",kg,35%,
7324.9010,Parts,kg,15%,
7324.9090,Other Other cast articles of iron or steel.,kg,35%,
7325.1000,Of non -malleable cast iron Other:,kg,25%,
7325.9100,--Grinding balls and similar articles for mills,kg,5%,
7325.9900,"--Other Other articles of iron or steel. Forged or stamped, but not further worked:",kg,25%,
7326.1100,--Grinding balls and similar articles for mills --Other:,kg,5%,
7326.1910,Articles suitable for shoe manufacturing,kg,15%,
7326.1990,Other Articles of iron or steel wire:,kg,25%,
7326.2010,Vermin traps and similar appliances for the destruction of pests,kg,25%,
7326.2090,---Other Other:,kg,35%,
7326.9010,"Articles for use in solar stoves, ovens, leather, solar lamps, solar water heater, mill stone, air/ oil filter, vehicle battery, solar vehicle accumulator and UPS manufacturing",kg,5%,
7326.9090,Other 246 Description (4) Standard Unit of Quantity (5) Duty Rate (6),kg,35% 10% 15% 5% 3% 3% 5% 1%,
7401.0000,Copper mattes; cement copper (precipitated copper).,kg,Free,
7402.0000,"Unrefined copper; and copper anodes for electrolytic refining. Refined copper and copper alloys, unwrought. Refined copper:",kg,Free,
7403.1100,--Cathodes and sections of cathodes,kg,Free,
7403.1200,--Wire–bars,kg,Free,
7403.1300,--Billets,kg,Free,
7403.1900,--Other Copper alloys:,kg,Free,
7403.2100,--Copper -zinc base alloys (brass),kg,Free,
7403.2200,--Copper -tin base alloys (bronze),kg,Free,
7403.2900,--Other copper alloys (other than master alloys of heading 74.05),kg,Free,
7404.0000,Copper waste and scrap.,kg,Free,
7405.0000,Master alloys of copper. Copper powders and flakes.,kg,Free,
7406.1000,Powders of non -lamellar structure,kg,Free,
7406.2000,"Powders of lamellar structure; flakes Copper bars, rods and profiles.",kg,Free,
7407.1000,Of refined copper Of copper alloys:,kg,5%,
7407.2100,--Of copper-zinc base alloys (brass),kg,5%,
7407.2900,--Other Copper wire. Of refined copper:,kg,5%,
7408.1100,--Of which the maximum cross-sectional dimension exceeds 6mm,kg,15%,
7408.1900,--Other Of copper alloys:,kg,25%,
7408.2100,--Of copper-zinc base alloys (brass),kg,15%,
7408.2200,Of copper- nickel base alloys (cupro-nickel) or copper- nickel-zinc base alloys (nickel-silver),kg,15%,
7408.2900,"--Other Copper plates, sheets and strip, of a thickness exceeding 0.15mm. Of refined copper:",kg,15%,
7409.1100,--In coils,kg,5%,
7409.1900,--Other Of copper -zinc base alloys (brass):,kg,5%,
7409.2100,--In coils,kg,5%,
7409.2900,--Other Of copper-tin base alloys (bronze):,kg,5%,
7409.3100,In coils,kg,5%,
7409.3900,Other,kg,5%,
7409.4000,Of copper-nickel base alloys (cupro-nickel) or copper-nickel- zinc base alloys (nickel silver),kg,5%,
7409.9000,"Of other copper alloys 247 Description (4) Standard Unit of Quantity (5) Duty Rate (6) Copper foil (whether or not printed or backed with paper, paperboard, plastics or similar backing materials) of a thickness (excluding any backing) not exceeding 0.15mm. Not backed:",kg,5%,
7410.1100,--Of refined copper,kg,15%,
7410.1200,--Of copper alloys Backed:,kg,15%,
7410.2100,--Of refined copper,kg,15%,
7410.2200,--Of copper alloys Copper tubes and pipes.,kg,15%,
7411.1000,Of refined copper Of copper alloys:,kg,15%,
7411.2100,Of copper-zinc base alloys (brass),kg,15%,
7411.2200,Of copper-nickel base alloys (cupro-nickel) or copper -nickel- zinc base alloys (nickel silver),kg,15%,
7411.2900,"Other Copper tube or pipe fittings (for example, couplings, elbows, sleeves).",kg,15%,
7412.1000,Of refined copper,kg,15%,
7412.2000,Of copper alloys,kg,15%,
7413.0000,"Stranded wire cables, plaited bands and the like, of copper, not electrically insulated. Nails, tacks, drawing pins, staples (other than those of heading 83.05) and similar articles, of copper or of iron or steel with heads of copper ; screws, bolts, nuts, screw hooks, rivets, cotters, cotter-pins, washers (including spring washers) and similar articles, of copper.",kg,25%,
7415.1000,"Nails and tacks, drawing pins, staples and similar articles Other articles, not threaded:",kg,15%,
7415.2100,--Washers (including spring washers),kg,15%,
7415.2900,--Other Other threaded articles:,kg,15%,
7415.3300,--Screws; bolts and nuts,kg,15%,
7415.3900,"--Other Table, kitchen or other household articles and parts thereof, of copper; pot scourers and scouring or polishing pads, gloves and the like, of copper; sanitary ware and parts thereof, of copper.",kg,15%,
7418.1000,"-Table, kitchen or other household articles and parts thereof; pot scourers and scouring or polishing pads, gloves and the like",kg,35%,
7418.2000,Sanitaryware and parts thereof Other articles of copper.,kg,35%,
7419.1000,Chain and parts thereof Other:,kg,35%,
7419.9100,"Cast, moulded, stamped or forged, but not further worked Other :",kg,35%,
7419.9910,Articles for use in stove and water flow meter manufacturing,kg,15%,
7419.9990,"Other 249 of any other element does not exceed the limit specified in the following table: Limiting content % by Weight 0.5 0.4 0.3 nickel predominates by weight over each of the other elements provided that: of cobalt exceeds 1.5%, of at least one of the other elements is greater than the limit specified in the foregoing table, or of elements other than nickel plus cobalt exceeds 1%. of Chapter Note 1 (c), for the purposes of subheading 7508.10 the term “wire” applies only to of any cross- sectional shape, of which no cross-sectional dimension exceeds 6 mm. Item Description (4) Standard Unit of Quantity (5) Duty Rate (6) Nickel mattes, nickel oxide sinters and other intermediate products of nickel metallurgy.",kg,35% 99%,
7501.1000,-Nickel mattes,Kg,Free,
7501.2000,Nickel oxide sinters and other intermediate products ofnickel metallurgy Unwrought nickel.,Kg,Free,
7502.1000,"Nickel, not alloyed",Kg,Free,
7502.2000,-Nickel alloys,Kg,Free,
7503.0000,Nickel waste and scrap.,Kg,Free,
7504.0000,"Nickel powders and flakes. Nickel bars, rods, profiles and wire. Bars, rods and profiles:",Kg,Free,
7505.1100,--Of nickel not alloyed,Kg,5%,
7505.1200,"--Of nickel, alloys Wire:",Kg,5%,
7505.2100,"--Of nickel, not alloyed",Kg,15%,
7505.2200,"--Of nickel alloys Nickel plates, sheets, strip and foil.",Kg,15%,
7506.1000,"-Of nickel, not alloyed",Kg,15%,
7506.2000,"-Of nickel alloys Nickel tubes, pipes and tube or pipe fittings(for example, couplings, elbows, sleeves). -Tubes and pipes:",Kg,15%,
7507.1100,"--Of nickel, not alloyed",Kg,15%,
7507.1200,--Of nickel alloys,Kg,15%,
7507.2000,Tube or pipe fittings Other articles of nickel.,Kg,15%,
7508.1000,"Cloth, grill and netting, of nickel wire",Kg,35%,
7508.9000,"Other 251 at least of aluminum, provided that the content by weight of any other element does in the following table: TABLE- Other elements Element Limiting content % by weight (iron plis silicon) elements (1) , each 1 0.1(2) are, for example, Cr, Cu, Mg, Mn, Ni, Zn. in a proportion greater than 0.1% but not more than 0.2%, provided that nor manganese content exceeds 0.05%. aluminum predominates by weight over each of the other elements, provided that: of at least one of the other elements or of iron plus silicon taken together is greater than the foregoing table; or weight of such other elements exceeds 1%. of Chapter Note 1 (c), for the purposes of subheading 7616.91 the term “wire” applies or not in coils, of any cross-sectional shape, of which no cross- sectional dimension Item Description (4) Standard Unit of Quantity (5) Duty Rate (6) Unwrought aluminium.",Kg,35% 99%,
7601.1000,"Aluminium, not alloyed",kg,Free,
7601.2000,Aluminium alloys,kg,Free,
7602.0000,Aluminium waste and scrap. Aluminium powders and flakes.,kg,Free,
7603.1000,Powders of non- lamellar structure,kg,Free,
7603.2000,"Powders of lamellar structure; flakes Aluminium bars, rods and profiles. Of aluminium, not alloyed:",kg,Free,
7604.1010,Bars and rods,kg,5%,
7604.1020,Profiles Of aluminium alloys:,kg,25%,
7604.2100,--Hollow profiles --Other:,kg,25%,
7604.2910,Bars and rods,kg,5%,
7604.2920,"Profiles Aluminium wire. Of aluminium, not alloyed:",kg,25%,
7605.1100,--Of which the maximum cross-sectional 252 Item Description (4) Standard Unit of Quantity (5) Duty Rate (6) dimensionexceeds7 mm,kg,15%,
7605.1900,--Other Of aluminium alloys:,kg,25%,
7605.2100,--Of which the maximum cross-sectionaldimensionexceeds 7 mm,kg,15%,
7605.2900,"--Other Aluminium plates, sheets and strip, of a thicknessexceeding 0.2mm. Rectangular (including square):",kg,25%,
7606.1100,"--Of aluminium, not alloyed",kg,5%,
7606.1200,--Of aluminium alloys Other:,kg,5%,
7606.9100,"--Of aluminium, not alloyed",kg,5%,
7606.9200,"--Of aluminium alloys Aluminium foil (whether or not printed or backed with paper, paperboard, plastics or similar backing materials) of a thickness (excluding any backing) not exceeding 0.2mm. Not backed:",kg,5%,
7607.1100,--Rolled but not further worked,kg,5%,
7607.1900,--Other Backed:,kg,15%,
7607.2010,---Not Printed,kg,5%,
7607.2090,Other Aluminium tubes and pipes.,kg,15%,
7608.1000,"Of aluminium, not alloyed",kg,15%,
7608.2000,-Of aluminium alloys,kg,25%,
7609.0000,"Aluminium tube or pipe fittings (for example, couplings, elbows, sleeves). Aluminium structures (excluding prefabricated buildings of heading 94. 06)and parts of structures (for example, bridges and bridge-sections, towers, lattice masts, roofs, roofing frameworks, doors and windows and their frames and thresholds for doors, balustrades, pillars and columns); aluminium plates , rods, profiles, tubes and the like, prepared for use in structures. Doors, windows and their frames and thresholds for doors:",kg,25%,
7610.1010,Refrigirator doors,kg,15%,
7610.1090,Other Other:,kg,35%,
7610.9010,Alluminium composite panel for use in structures 253 Item Description (4) Standard Unit of Quantity (5) Duty Rate (6),kg,25%,
7610.9090,Other,kg,35%,
7611.0000,"Aluminium reservoirs, tanks, vats and similar containers, for any material (other than compressed or liquefied gas), of a capacity exceeding 300 1, whether or not lined or heat-insulated, but not fitted with mechanical or thermal equipment. Aluminium casks, drums, cans boxes andsimilar containers (including rigid or collapsible tubular containers), for any material (other than compressed or liquefied gas), of a capacity not exceeding 300 1, whether or not lined or heat-insulated, but not fitted with mechanical or thermal equipment.",kg,15%,
7612.1000,Collapsible tubular containers,kg,15%,
7612.9000,-Other,kg,15%,
7613.0000,"Aluminium containers for compressed or liquefied gas. Stranded wire,cables, plaited bands and the like,of aluminium, not electrically insulated.",kg,15%,
7614.1000,With steel core,kg,25%,
7614.9000,"Other Table, kitchen or other household articles and parts thereof aluminium; pot scourersandscouring or polishing pads, gloves and the like,of aluminium; sanitary ware and parts thereof, of aluminium. -Table, kitchen or other household articles and partsthereof; pot scourers and scouring or polishing pads,gloves and the like",kg,25%,
7615.1010,"Pot scourers and scouring or polishing pads, gloves andthe like",kg,35%,
7615.1090,---Other,kg,35%,
7615.2000,Sanitary ware and parts thereof Other articles of aluminium.,kg,35%,
7616.1000,"Nails, tacks, staples (other than those of heading 83.05), screws, bolts, nuts, screw hooks, rivets, cotters, cotter- pins, washers and similar articles Other:",kg,15%,
7616.9100,"--Cloth, grill, netting and fencing, of aluminium wire --Other:",kg,35%,
7616.9910,Bobbin,kg,5%,
7616.9990,"Other 256 Element Limiting content % by weight Silver Arsenic Bismuth Calcium Cadmium Copper Iron Sulphur Antimony Tin Zinc Te), each 0.02 0.005 0.05 0.002 0.002 0.08 0.002 0.002 0.005 0.005 0.002 0.001 Item Description (4) Standard Unit of Quantity (5) Duty Rate (6) Unwrought lead.",kg,35%,
7801.1000,Refined lead Other:,kg,Free,
7801.9100,Containing by weight antimony as the principal other element,kg,Free,
7801.9900,--Other,kg,Free,
7802.0000,"Lead waste and scrap. Lead plates, sheets, strip and foil; lead powders and flakes. Plates, sheets, strip and foil:",kg,Free,
7804.1100,"--Sheets, strip and foil of a thickness (excluding any backing) not exceeding 0.2 mm.",kg,5%,
7804.1900,--Other,kg,15%,
7804.2000,Powders and flakes,kg,Free,
7806.0000,"Other articles of lead. 258 may be polished, coated, bent threaded, drilled, waisted, expanded, cone-shaped or rings. have the meanings hereby assigned to them: least 97.5% of zinc. zinc predominates by weight over each of other elements, provided that the total content by exceeds 2.5% of zinc vapour, consisting of spherical particles which are finer than zinc powders. At least pass through a sieve with 63 micrometres (microns) mesh. It must contain at least Description (4) Standard Unit of Quantity (5) Duty Rate (6) Unwrought zinc Zinc , not alloyed :",kg,25% 80% 85%,
7901.1100,--Containing by weight 99.99% or more of zinc,Kg,Free,
7901.1200,--Containing by weight less than 99.99% of zinc,Kg,Free,
7901.2000,Zinc alloys,Kg,Free,
7902.0000,"Zinc waste and scrap. Zinc dust, powders and flakes.",Kg,Free,
7903.1000,Zinc dust,Kg,Free,
7903.9000,Other,Kg,Free,
7904.0000,"Zinc bars, rods, profiles and wire.",Kg,15%,
7905.0000,"Zinc plates, sheets,strip and foil.",Kg,15%,
7907.0000,"Other articles of zinc. 260 at least of tin, provided that the content by weight of any bismuth or copper is less than table: TABLE- Other elements Limiting content % by weight 0.1 0.4 tin predominates by weight over each of the other elements, provided that: of such other elements exceeds 1%; or either bismuth or copper is equal to or greater than limit specified in the foregoing table. Item Description (4) Standard Unit of Quantity (5) Duty Rate (6) Unwrought tin.",Kg,25% 99%,
8001.1000,"Tin, not alloyed",Kg,Free,
8001.2000,Tin alloys,Kg,Free,
8002.0000,Tin waste and scrap.,Kg,Free,
8003.0000,"Tin bars, rods, profiles and wire.",Kg,15%,
8007.0000,"Other articles of tin. 261 Chapter 81 Other base metals; cermets; articles thereof “ bars and rods”, “profiles”, “wire” and “plates, sheets, strip and foil” applies, mutatis Description (4) Standard Unit of Quantity (5) Duty Rate (6) Tungsten (wolfram) and articles thereof, including waste and scrap.",Kg,25%,
8101.1000,-Powders Other:,kg,Free,
8101.9400,"--Unwrought tungsten, including bars and rods obtained simply by sintering",kg,5%,
8101.9600,--Wire,kg,15%,
8101.9700,--Waste and scrap,kg,Free,
8101.9900,"--Other Molybdenum and articles thereof, including waste and scrap.",kg,15%,
8102.1000,Powders Other:,kg,Free,
8102.9400,"--Unwrought molybdenum, including bars and rods obtained simply by sintering",kg,Free,
8102.9500,"--Bars and rods, other than those obtained simply by sintering profiles plates, sheets, strip and foil",kg,5%,
8102.9600,--Wire,kg,15%,
8102.9700,--Waste and scrap,kg,Free,
8102.9900,"--Other Tantalum and articles thereof, including waste and scrap.",kg,25%,
8103.2000,"Unwrought tantalum, including bars and rods obtained simply by sintering; powders",kg,Free,
8103.3000,Waste and scrap,kg,Free,
8103.9000,"Other Magnesium and articles thereof, including waste and scrap. Unwrought magnesium:",kg,25%,
8104.1100,--Containing at least 99.8% by weight of magnesium,kg,Free,
8104.1900,--Other,kg,Free,
8104.2000,Waste and scrap,kg,Free,
8104.3000,"Raspings, turnings and granules, graded according tosize;powders",kg,Free,
8104.9000,"Other Cobalt mattes and other intermediate products of cobalt metallurgy; cobalt and articles thereof, including waste and scrap.",kg,15%,
8105.2000,-Cobalt mattes and other intermediate products of cobalt metallurgy; unwrought cobalt; powders,kg,5%,
8105.3000,Waste and scrap 262 Description (4) Standard Unit of Quantity (5) Duty Rate (6),kg,Free,
8105.9000,Other,kg,15%,
8106.0000,"Bismuth and articles thereof, includingwaste and scrap. Cadmium and articles thereof, including waste and scrap.",kg,25%,
8107.2000,Unwrought cadmium; powders,kg,Free,
8107.3000,Waste and scrap,kg,Free,
8107.9000,"Other Titanium and articles thereof, including waste and scrap.",kg,25%,
8108.2000,Unwrought titanium; powders,kg,Free,
8108.3000,Waste and scrap,kg,Free,
8108.9000,"Other Zirconium and articles thereof, including waste and scrap.",kg,25%,
8109.2000,Unwrought zirconium; powders,kg,Free,
8109.3000,Waste and scrap,kg,Free,
8109.9000,"Other Antimony and articles thereof, including waste and scrap.",kg,25%,
8110.1000,Unwrought antimony; powders,kg,Free,
8110.2000,Waste and scrap,kg,Free,
8110.9000,Other,kg,25%,
8111.0000,"Manganese and articles thereof, including waste and scrap. Beryllium, chromium, germanium, vanadium, gallium, hafnium, indium, niobium (columbium), rhenium and thallium, and articles of these metals, including waste and scrap. Beryllium:",kg,25%,
8112.1200,--Unwrought; powders,kg,Free,
8112.1300,--Waste and scrap,kg,Free,
8112.1900,--Other Chromium:,kg,25%,
8112.2100,--Unwrought; powders,kg,Free,
8112.2200,--Waste and scrap,kg,Free,
8112.2900,--Other Thallium :,kg,25%,
8112.5100,--Unwrought; powders,kg,Free,
8112.5200,--Waste and scrap,kg,Free,
8112.5900,--Other Other :,kg,25%,
8112.9200,--Unwrought; waste and scrap; powders,kg,Free,
8112.9900,--Other,kg,25%,
8113.0000,"Cermets and articles thereof including waste and scrap. 263 Chapter 82 implements, cutlery, spoons and forks, of base metal; parts thereofof base metal portable forges, grinding wheels with frameworks, manicure or pedicure sets, and goods of heading only articles with a blade, working edge, working surface or other working part of: -precious stones (natural, synthetic or reconstructed) on a support of base metal, metal carbide a support of base metal, provided that the articles have cutting teeth, flutes, grooves, or the like, retain their identity and function after the application of the abrasive. articles of this Chapter are to be classified with the articles of which they are parts, except parts and tool-holders for hand tools (heading 84.66). However, parts of general use as defined in Note cases excluded from this Chapter. plates for electric shavers or electric hair clippers are to be classified in heading 85.10. more knives of heading 82.11 and at least an equal number of articles of heading 82.15 are to be Item Description (4) Standard Unit of Quantity (5) Duty Rate (6) Hand tools, the following : spades, shovels, mattocks, picks, hoes, forks and rakes; axes, bill hooks and similar hewing tools; secateurs and pruners of any kind; scythes, sickles, hay knives, hedge shears, timber wedges and other tools of a kind used in agriculture, horticulture or forestry.",kg,5%,
8201.1000,Spades and shovels,kg,25%,
8201.3000,"Mattocks, picks , hoes and rakes",kg,25%,
8201.4000,"Axes, bill hook and similar hewing tools",kg,25%,
8201.5000,Secateurs and similar one handed pruners and shears (including poultry shears),kg,25%,
8201.6000,"Hedge shears, two-handed pruning shears and similar two-handed shears Other hand tools of a kind used in agriculture , horticulture orforestry:",kg,25%,
8201.9010,sickles,kg,15%,
8201.9090,"Other Hand saws; blades for saws of all kinds (including slitting, slotting or toothless saw blades).",kg,25%,
8202.1000,Hand saws,kg,25%,
8202.2000,Band saw blades Circular saw blades (including slitting or slottingsaw blades): 264 Item Description (4) Standard Unit of Quantity (5) Duty Rate (6),kg,25%,
8202.3100,With working part of steel,kg,25%,
8202.3900,"Other, including parts",kg,25%,
8202.4000,Chain saw blades Other saw blades:,kg,25%,
8202.9100,"--Straight saw blades, for working metal",kg,25%,
8202.9900,"--Other Files, rasps, pliers (including cutting pliers), pincers, tweezers, metal cutting shears, pipe- cutters bolt croppers, perforating punches and similar hand tools.",kg,25%,
8203.1000,"Files, rasps and similar tools",kg,25%,
8203.2000,"Pliers (including cutting pliers), pincers, tweezers and similar tools",kg,25%,
8203.3000,Metal cutting shears and similar tools,kg,25%,
8203.4000,"Pipe-cutters, bolt croppers, perforating punches and similar tools Hand-operated spanners and wrenches(including torque meter wrenches but notincluding tap wrenches); interchangeablespanner sockets, with or without handles. Hand -operated spanners and wrenches:",kg,25%,
8204.1100,--Non –adjustable,kg,25%,
8204.1200,--Adjustable,kg,25%,
8204.2000,"Interchangeable spanner sockets, with orwithout handles Hand tools (including glaziers’ diamonds), not elsewhere specified or included; blow lamps; vices, clamps and the like, other than accessories for and parts of, machine-tools or water- jet cutting machines; anvils; portable forges; hand or pedal- operated grinding wheels with frameworks.",kg,25%,
8205.1000,"Drilling, threading or tapping tools",kg,15%,
8205.2000,Hammers and sledge hammers,kg,15%,
8205.3000,"Planes, chisels, gouges and similar cutting tools for working wood",kg,15%,
8205.4000,Screwdrivers Other hand tools (including glaziers’ diamonds):,kg,15%,
8205.5100,--Household tools,kg,15%,
8205.5900,--Other,kg,15%,
8205.6000,Blow lamps,kg,15%,
8205.7000,"-Vices, clamps and the like",kg,15%,
8205.9000,"Other, including sets of articles of two or more subheadings of this heading",kg,15%,
8206.0000,"Tools of two or more of the heading 82.02 to 82.05, put up in sets for retail sale. 265 Item Description (4) Standard Unit of Quantity (5) Duty Rate (6) Interchangeable tools for hand tools, whether or not power- operated, or for machine-tools (forexample, for pressing, stamping, punching,tapping, threading, drilling, boring, broaching,milling, turning or screw driving), including diesfor drawing or extruding metal, and rock drillingor earth boring tools. Rock drilling or earth boring tools:",kg,15%,
8207.1300,With working part of cermets,kg,5%,
8207.1900,"Other, including parts",kg,5%,
8207.2000,Dies for drawing or extruding metal,kg,5%,
8207.3000,"-Tools for pressing,stamping or punching",kg,5%,
8207.4000,Tools for tapping or threading,kg,5%,
8207.5000,"Tools for drilling, other than for rock drilling",kg,5%,
8207.6000,Tools for boring or broaching,kg,5%,
8207.7000,Tools for milling,kg,5%,
8207.8000,-Tools for turning,kg,5%,
8207.9000,"Other interchangeable tools Knives and cutting blades, for machines or for mechanicalappliances.",kg,5%,
8208.1000,For metal working,kg,5%,
8208.2000,For wood working,kg,5%,
8208.3000,For kitchen appliances or for machines used by the food industry,kg,5%,
8208.4000,"For agricultural, horticultural or forestry machines",kg,5%,
8208.9000,Other,kg,5%,
8209.0000,"Plates, sticks, tips and the like for tools, unmounted, of cermets.",kg,5%,
8210.0000,"Hand-operated mechanical appliances, weighing 10 or less,used in the preparation, conditioning or serving of food or drink. Knives with cutting blades, serrated or not (including pruningknives), other than knives of heading 82.08, and blades therefor.",kg kg,35%,
8211.1000,Sets of assorted articles Other:,u,35%,
8211.9100,--Table knives having fixed blades,u,35%,
8211.9200,--Other knives having fixed blades,u,35%,
8211.9300,--Knives having other than fixed blades,u,35%,
8211.9400,--Blades,kg,35%,
8211.9500,--Handles of base metal Razors and razor blades (including razor blade blanks in strips).,kg,15%,
8212.1000,Razors 266 Item Description (4) Standard Unit of Quantity (5) Duty Rate (6),u,35%,
8212.2000,"Safety razor blades, including razor blade blanks in strips",u,35%,
8212.9000,Other parts,kg,35%,
8213.0000,"Scissors, tailors’ shears and similar shears, and blades therefor. Other articles of cutlery (for example, hair clippers, butchers’ or kitchen cleavers, choppers and mincing knives, paper knives);manicure or pedicure sets and instruments (including nail files).",kg,15%,
8214.1000,"Paper knives, letter openers, erasing knives, pencil sharpeners andblades therefor",kg,35%,
8214.2000,Manicure or pedicure sets and instruments(including nail files),kg,35%,
8214.9000,"Other Spoons, forks, ladles, skimmers, cake-servers, fish-knives, butter- knives, sugar tongs and similar kitchen or tableware.",kg,35%,
8215.1000,-Sets of assorted articles containing at least one article plated withprecious metal,kg,35%,
8215.2000,Other sets of assorted articles Other:,kg,35%,
8215.9100,--Plated with precious metal,kg,35%,
8215.9900,"--Other Chapte r 83 Miscellaneous articles of base metal 267 Chepter 83 Miscellaneous articles of base metal parts of base metal are to be classified with their parent articles. However, articles of iron or 73.17, 73.18 or 73.20, or similar articles of other base metal (Chapters 74 to 76 and 78 to 81) are of this Chapter. 83.02, the word “castors” means those having a diameter (including, where ppropriate, tyres) not having a diameter (including, where appropriate , tyres) exceeding 75 mm provided that the width is less than 30 mm. Item Description (4) Standard Unit of Quantity (5) Duty Rate (6) Padlocks and locks (key, combination or electrically operated), of base metal; clasps and frames with clasps, incorporating locks, of base metal; keys for any of the foregoing articles, of base metal.",kg,35%,
8301.1000,Padlocks,kg,35%,
8301.2000,Locks of a kind used for motor vehicles,kg,35%,
8301.3000,Locks of a kind used for furniture,kg,15%,
8301.4000,Other locks,kg,15%,
8301.5000,"Clasps and frames with clasps, incorporating locks",kg,15%,
8301.6000,Parts,kg,15%,
8301.7000,"Keys presented separately Base metal mountings, fittings and similar articles suitable for furniture , doors, staircases, windows, blinds,coachwork, saddlery, trunks, chests, caskets or the like; base metal hat- racks, hat -pegs, brackets and similar fixtures; castors with mountings of base metal; automatic door closers of base metal.",kg,35%,
8302.1000,Hinges,kg,15%,
8302.2000,Castors,kg,15%,
8302.3000,"Other mountings, fittings and similar articles suitable for motor vehicles Other mountings, fittings and similar articles:",kg,25%,
8302.4100,--Suitable for buildings,kg,15%,
8302.4200,"--Other, suitable for furniture",kg,15%,
8302.4900,--Other,kg,15%,
8302.5000,"Hat -racks, hat-pegs, brackets and similar fixtures",kg,35%,
8302.6000,Automatic door closers,kg,35%,
8303.0000,"Armoured or reinforced safes, strong-boxes and doors and safe deposit lockers for strong-rooms, cash or deed boxes and the like, of base metal.",kg,35%,
8304.0000,"Filing cabinets, card-index cabinets, paper trays, paper rests, pen trays, office-stamp stands and similar office or desk equipment, of base metal,other than office furniture of heading 94.03. Fittings for loose -leaf binders or files, letter clips,letter corners, paper clips, indexing tags andsimilar office articles, 268 Item Description (4) Standard Unit of Quantity (5) Duty Rate (6) of base metal; staples instrips (for example, for offices, upholstery,packaging), of base metal.",kg,35%,
8305.1000,Fittings for loose-leaf binders or files,kg,35%,
8305.2000,Staples in strips,kg,35%,
8305.9000,"Other, including parts Bells, gongs and the like, non -electric, of base metal;statuettes and other ornaments, of base metal; photograph, picture or similar frames, of base metal; mirrors of base metal.",Kg,35%,
8306.1000,"Bells, gongs and the like Statuettes and other ornaments:",Kg,5%,
8306.2100,--Plated with precious metal,kg,35%,
8306.2900,--Other,kg,35%,
8306.3000,"Photograph, picture or similar frames; mirrors: Flexible tubing of base metal, with or without fittings.",kg,35%,
8307.1000,Of iron or steel,kg,25%,
8307.9000,"Of other base metal Clasps, frames with clasps, buckles, buckle-clasps, hooks, eyes, eyelets and the like, of base metal, of a kind used for clothing or clothing accessories, footwear, jewellery, wrist- watches, books, awnings, leather goods, travel goods or saddler or for other made up articles; tubular or bifurcated rivets, of base metal; beads and spangles, of base metal.",kg,25%,
8308.1000,"Hooks, eyes and eyelets",kg,5%,
8308.2000,"Tubular or bifurcated rivets Other , including parts:",kg,5%,
8308.9010,Beads and spangles of base metal,kg,5%,
8308.9090,"Other Stoppers, caps and lids (including crown corks, screw caps and pouring stoppers), capsules for bottles, threaded bungs, bung covers, seals and other packing accessories, of base metal.",kg,15%,
8309.1000,Crown corks,kg,35%,
8309.9000,Other,kg,15%,
8310.0000,"Sing-plates, name plates, address-plates and similar plates, numbers, letters and other symbols, of base metal excluding those of heading 94.05. Wire, rods, tubes, plates, electrodes and similar products, of base metal or of metal carbides, coated or cored with flux material , of a kind used for soldering , brazing , welding or deposition of metal or of metal carbides; wire and rods, of agglomerated base metal powder, used for metal spraying.",kg,35%,
8311.1000,"-Coated electrodes of base metal, for electric arc-welding",kg,25%,
8311.2000,"Cored wire of base metal, for electric arc-welding",kg,15%,
8311.3000,"-Coated rods and cored wire, of base metal, for soldering,brazing or welding by flame",kg,15%,
8311.9000,"Other 272 to Chapter 85 also apply with respect to the expressions “semiconductor devices” and “electronic respectively, as used in this Note and in heading 84.86. However, for the purposes of this Note and expression “semiconductor devices” also covers photosensitive semiconductor devices and light- this Note and of heading 84.86, the expression “manufacture of flat panel displays” covers the in to a flat panel. It doesn’t cover the manufacture of glass or the assembly of printed circuit components on to the flat panel. The expression “flat panel display” doesn’t cover cathode-ray includes machines and apparatus solely or principally of kind used for: or repair of masks and reticles; devices or electronic integrated circuits; loading or unloading of boules, wafers, semiconductor devices, electronic integrated circuits and XVI and Note 1 to Chapter 84, machines and apparatus answering to the description in heading in that heading and in no other heading of the nomenclature. 8465.20, the term “machining centres” applies only to machine-tools for working wood, cork, plastics or similar hard materials, which can carry out different types of machining operations by a magazine or the like in conformity with a machining programme. 8471.49, the term ""systems"" means automatic data processing machines whoseunits satisfy the Note 5(C) to Chapter 84 and which comprise at least a central processing unit, one input unit (for scanner), and one output unit (for example, a visual display unit or a printer). 8481.20, the expression “valves for oleo hydraulic or pneumatic transmissions” means valves in the transmission of “fluid power” in a hydraulic or pneumatic system, where the energy source pressurised fluids (liquid or gas). These valves may be of any type (for example, pressure-reducing 8481.20 takes precedence over all other subheadings of heading 84.81. only to bearings with cylindrical rollers of a uniform diameter not exceeding 5 mm and having a times the diameter. The ends of the rollers may be rounded. Description (4) Standard Unit of Quantity (5) Duty Rate (6) Nuclear reactors; fuel elements (cartridges), non -irradiated, for nuclear reactors; machinery and apparatus for isotopic separation.",kg,25% 1%,
8401.1000,Nuclear reactors,kg,Free,
8401.2000,"Machinery and apparatus for isotopic separation, and parts thereof",kg,Free,
8401.3000,"Fuel elements (cartridges), non radiated",kg,Free,
8401.4000,Parts of nuclear reactors Steam or other vapour generating boilers (other than centralheating hot water boilers capable also of producing low pressure steam); super-heated water boilers. Steam or other vapour generating boilers:,kg,Free,
8402.1100,--Water tube boilers with a steam production exceeding 45 t per hour,kg,5%,
8402.1200,--Water tube boilers with a steam production not exceeding 45 tperhour,kg,5%,
8402.1900,"--Other vapour generating boilers, including hybrid boilers",kg,5%,
8402.2000,Super heated water boilers,kg,5%,
8402.9000,Parts 273 Description (4) Standard Unit of Quantity (5) Duty Rate (6) Central heating boilers other than those of heading 84. 02.,kg,5%,
8403.1000,Boilers,u,15%,
8403.9000,"Parts Auxiliary plant for use with boilers of headings 84.02 or 84.03 (for example, economisers, super-heaters, soot removers, gas recoveries); condensers for steam or other vapour power units. Auxiliary plant for use with boilers of heading 84.02 or 84.03:",kg,15%,
8404.1010,Auxiliary plant for use with boilers of heading 84.02,kg,5%,
8404.1090,Auxiliary plant for use with boilers of heading 84.03,kg,15%,
8404.2000,Condensers for steam or other vapour power units Parts:,kg,5%,
8404.9010,Of Tariff Item 8404.1010 or 8404.2000,kg,5%,
8404.9090,"Other Producer gas or water gas generators, with or without their purifiers; acetylene gas generators and similar water process gas generators, with or without their purifiers.",kg,15%,
8405.1000,"Producer gas or water gas generators, with or without their purifiers; and acetylene gas generators and similar water process gas generators,with or without their purifiers",kg,5%,
8405.9000,Parts Steam turbines and other vapour turbines.,kg,5%,
8406.1000,Turbines for marine propulsion Other turbines:,u,Free,
8406.8100,--Of an output exceeding 40 MW,u,5%,
8406.8200,--Of an output not exceeding 40 MW,u,5%,
8406.9000,Parts Spark-ignition reciprocating or rotary internal combustion piston engines.,kg,5%,
8407.1000,Aircraft engines Marine propulsion engines:,u,Free,
8407.2100,--Outboard motors,u,Free,
8407.2900,--Other Reciprocating piston engines of a kind used for the propulsion of vehicles of Chapter 87:,u,5%,
8407.3100,--Of a cylinder capacity not exceeding 50 cc,u,15%,
8407.3200,"--Of a cylinder capacity exceeding 250 cc but not exceeding 1,000 cc",u,15%,
8407.3300,--Of a cylinder capacity exceeding 50 cc but not exceeding 250 cc,u,15%,
8407.3400,"--Of a cylinder capacity exceeding 1,000 cc",u,15%,
8407.9000,Other engines Compression -ignition internal combustion piston engines (diesel or semi-diesel engines).,u,15%,
8408.1000,Marine propulsion engines,u,Free,
8408.2000,Engines of a kind used for the propulsion of vehicles of Chapter 87,u,15%,
8408.9000,Other engines 274 Description (4) Standard Unit of Quantity (5) Duty Rate (6) Parts suitable for use solely or principally with the engines of heading 84.07 or 84.08.,u,15%,
8409.1000,For aircraft engines Other: --Suitable for use solely or principally withspark-ignition internal combustion piston engines:,kg,Free,
8409.9110,For marine propulsion engines,kg,Free,
8409.9190,Other --Other:,kg,25%,
8409.9910,For marine propulsion engines,kg,Free,
8409.9990,"Other Hydraulic turbines, water wheels, and regulators therefore. Hydraulic turbines and water wheels:",kg,15%,
8410.1100,"--Of a power not exceeding 1,000 kW",u,Free,
8410.1200,"--Of a power exceeding 1,000 kw but not exceeding 10,000 kW",u,Free,
8410.1300,"--Of a power exceeding 10,000 kW",u,Free,
8410.9000,"Parts, including regulators Turbo-jets, turbo- propellers and other gas turbines. Turbo -jets:",kg,Free,
8411.1100,--Of a thrust not exceeding 25 kN,u,Free,
8411.1200,--Of a thrust exceeding 25 kN Turbo propellers:,u,Free,
8411.2100,"--Of a power not exceeding 1,100 kW",u,Free,
8411.2200,"--Of a power exceeding 1,100 kW Other gas turbines:",u,Free,
8411.8100,"--Of a power not exceeding 5,000 kW",u,Free,
8411.8200,"--Of a power exceeding 5,000 kW Parts:",u,Free,
8411.9100,--Of turbo-jets or turbo- propellers,kg,Free,
8411.9900,--Other Other engines and motors.,kg,Free,
8412.1000,Reaction engines other than turbo -jets Hydraulic power engines and motors:,u,Free,
8412.2100,--Linear acting (cylinders),u,Free,
8412.2900,--Other Pneumatic power engines and motors:,u,Free,
8412.3100,--Linear acting (cylinders),u,Free,
8412.3900,--Other,u,Free,
8412.8000,Other,u,Free,
8412.9000,"Parts Pumps for liquids, whether or not fitted with a measuring device; liquid elevators. 275 Description (4) Standard Unit of Quantity (5) Duty Rate (6) Pumps fitted or designed to be fitted with a measuring device :",kg,5%,
8413.1100,"--Pumps for dispensing fuel or lubricants, of the type used in filling- stations or in garages",u,5%,
8413.1900,--Other,u,5%,
8413.2000,"Hand pumps, other than those of subheading 8413.11 or 8413.19",u,5%,
8413.3000,"Fuel, lubricating or cooling medium pumps for internal combustion piston engines",u,5%,
8413.4000,Concrete pumps,u,5%,
8413.5000,Other reciprocating positive displacement pumps,u,5%,
8413.6000,Other rotary positive displacement pumps,u,5%,
8413.7000,Other centrifugal pumps Other pumps; liquid elevators:,u,5%,
8413.8100,--Pumps,u,5%,
8413.8200,--Liquid elevators Parts:,u,5%,
8413.9100,--Of pumps,kg,5%,
8413.9200,"--Of liquid elevators Air or vacuum pumps, air or other gas compressors and fan; ventilating or recycling hoods incorporating a fan, whether or not fitted with filters.",kg,5%,
8414.1000,-Vacuum pumps,u,15%,
8414.2000,Hand or foot -operated air pumps,u,15%,
8414.3000,Compressors of a kind used in refrigerating equipment,u,15%,
8414.4000,Air compressors mounted on a wheeled chassis for towing Fans:,u,15%,
8414.5100,"--Table, floor, wall, window, ceiling or roof fans, with a self contained electric motor of an output not exceeding 125 w",u,15%,
8414.5900,--Other,u,15%,
8414.6000,Hoods having a maximum horizontal side not exceeding 120 cm,u,15%,
8414.8000,Other,u,15%,
8414.9000,"Parts Air conditioning machines, comprising a motor-driven fan and elements for changing the temperature and humidity, including those machines in which the humidity cannot be separately regulated.",kg,5%,
8415.1000,"Of a kind designed to be fixed to a window, wall, ceiling or floor, self-contained or “split-system”",u,15%,
8415.2000,"Of a kind used for persons, in motor vehicles Other:",u,25%,
8415.8100,--Incorporating a refrigerating unit and a valve for reversal of thecooling /heat cycle (reversible heat pumps),u,25%,
8415.8200,"--Other, incorporating a refrigerating unit",u,25%,
8415.8300,--Not incorporating a refrigerating unit,u,25%,
8415.9000,"Parts 276 Description (4) Standard Unit of Quantity (5) Duty Rate (6) Furnace burners for liquid fuel, for pulverised solid fuel or for gas; mechanical stokers, including their mechanical grates, mechanical ash dischargers and similar appliances.",kg,15%,
8416.1000,Furnace burners for liquid fuel,kg,5%,
8416.2000,"Other furnace burners, including combination burners",kg,5%,
8416.3000,"Mechanical stokers, including their mechanical grates, mechanical ash dischargers and similar appliances",kg,5%,
8416.9000,"Parts Industrial or laboratory furnaces and ovens, including incinerators, non-electric.",kg,5%,
8417.1000,"Furnaces and ovens for the roasting, melting or other heat-treatment of ores, pyrites or of metals",u,Free,
8417.2000,"-Bakery ovens, including biscuit ovens",u,Free,
8417.8000,Other,u,Free,
8417.9000,"Parts Refrigerators, freezers and other refrigerating or freezing equipment, electric or other; heat pumps other than air conditioning machines of heading 84.15. Combined refrigerator -freezers, fitted with separate external doors:",kg,5%,
8418.1010,"---Presented SKD for the assembly industry, CFC free",u,15%,
8418.1020,"Completely built up, CFC free",u,25%,
8418.1090,"Other Refrigerators, household type: --Compression type:",u,35%,
8418.2110,"---Presented SKD for the assembly industry, CFC free",u,15%,
8418.2120,"Completely built up, CFC free",u,25%,
8418.2190,Other --Other:,u,35%,
8418.2910,"---Presented SKD for the assembly industry, CFC free",u,15%,
8418.2920,"Completely built up, CFC free",u,25%,
8418.2990,"Other Freezers of the chest type, not exceeding 800 1 capacity:",u,35%,
8418.3010,"---Presented SKD for the assembly industry, CFC free",u,15%,
8418.3020,"Completely built up, CFC free",u,25%,
8418.3090,"Other -Freezers of the upright type , not exceeding 900 1 capacity:",u,35%,
8418.4010,"---Presented SKD for the assembly industry, CFC free",u,15%,
8418.4020,"Completely built up,CFC free",u,25%,
8418.4090,"Other Other furniture (chests, cabinets, display counters, show-cases and the like) for storage and display, incorporating refrigerating or freezing equipment:",u,35%,
8418.5010,"---Presented SKD for the assembly industry, CFC free",u,15%,
8418.5020,"Completely built up, CFC free 277 Description (4) Standard Unit of Quantity (5) Duty Rate (6)",u,25%,
8418.5090,Other Other refrigerating or freezing equipment; heat pumps: Heat pumps other than air conditioning machines of heading 84.15:,u,35%,
8418.6110,"---Presented SKD for the assembly industry, CFC free",u,15%,
8418.6120,"Completely built up, CFC free",u,25%,
8418.6190,Other --Other:,u,35%,
8418.6910,"---Presented SKD for the assembly industry, CFC free",u,15%,
8418.6920,"Completely built up, CFC free",u,25%,
8418.6990,Other Parts:,u,35%,
8418.9100,Furniture designed to receive refrigerating or freezing equipment,kg,5%,
8418.9900,"Other Machinery, plant or laboratory equipment, whether or not electrically heated (excluding furnaces, ovens and other equipment of heading 85.14), for the treatment of materials by a process involving a change of temperature such as heating, cooking, roasting, distilling, rectifying, sterilising, pasteurising, steaming, drying evaporating, vaporising, condensing or cooling, other than machinery or plant of a kind used for domestic purposes; instantaneous or storage water heaters, non -electric. Instantaneous or storage water heaters, non electric:",kg,5%,
8419.1100,--Instantaneous gas water heaters --Other:,u,Free,
8419.1910,Solar water heaters,u,Free,
8419.1990,Other,u,Free,
8419.2000,"Medical, surgical or laboratory sterilisers Dryers:",u,Free,
8419.3100,For agricultural products,u,Free,
8419.3200,"For wood , paper pulp, paper or paperboard",u,Free,
8419.3900,--Other,u,Free,
8419.4000,Distilling or rectifying plant,u,Free,
8419.5000,Heat exchange units,u,Free,
8419.6000,"Machinery for liquefying air or other gases Other machinery, plant and equipment:",u,Free,
8419.8100,--For making hot drinks or for cooking or heating food,u,5%,
8419.8900,--Other,u,5%,
8419.9000,"Parts Calendering or other rolling machines, other than for metals or glass, and cylinders therefor.",kg,5%,
8420.1000,Calendering or other rolling machines Parts:,u,5%,
8420.9100,--Cylinders 278 Description (4) Standard Unit of Quantity (5) Duty Rate (6),kg,5%,
8420.9900,"--Other Centrifuges, including centrifugal dryers; filtering or purifying machinery and apparatus, for liquids or gases. Centrifuges, including centrifugal dryers:",u,25%,
8421.1100,--Cream separators,u,Free,
8421.1200,--Clothes-dryers,u,5%,
8421.1900,--Other Filtering or purifying machinery and apparatus for liquids:,u,5%,
8421.2100,--For filtering or purifying water,u,5%,
8421.2200,--For filtering or purifying beverages other than water --Oil or petrol-filters for internal combustion engines:,u,5%,
8421.2310,For road motor vehicles,u,25%,
8421.2390,Other,u,5%,
8421.2900,--Other Filtering or purifying machinery and apparatus for gases: --Intake air filters for internal combustion engines:,u,5%,
8421.3110,For road motor vehicles,U,25%,
8421.3190,Other,U,5%,
8421.3900,--Other Parts:,U,5%,
8421.9100,"--Of centrifuges, including centrifugal dryers",Kg,5%,
8421.9900,"--Other Dish washing machines; machineryfor cleaning or drying bottles or other containers; machinery for filling, closing, sealing or labelling bottles, cans, boxes, bags or other containers; machinery for capsuling bottles, jars, tubes and similar containers; other packing or wrapping machinery (including heat-shrink wrapping machinery); machinery for aerating beverages. Dish washing machines:",Kg,5%,
8422.1100,--Of the household type,u,15%,
8422.1900,--Other,u,15%,
8422.2000,Machinery for cleaning or drying bottles or other containers,u,15%,
8422.3000,"Machinery for filling, closing, sealing, or labelling bottles, cans, boxes, bags or other containers; machinery for capsuling bottles, jars, tubes and similar containers; machinery for aerating beverages",u,5%,
8422.4000,Other packing or wrapping machinery (including heat- shrink wrapping machinery),u,5%,
8422.9000,"Parts Weighing machinery (excluding balances of a sensitivity of 5 cg or better), including weight operated counting or checking machines; weighing machines weights of all kinds.",kg,15%,
8423.1000,"Personal weighing machines, including baby scales; household scales",u,25%,
8423.2000,Scales for continues weighing of goods on conveyors,u,5%,
8423.3000,"Constant weight scales and scales for discharging a predetermined 279 Description (4) Standard Unit of Quantity (5) Duty Rate (6) weight of material into a bag or container, including hopper scales Other weighing machinery :",u,5%,
8423.8100,"--Having a maximum weighing capacity not exceeding 30 --Having a maximum weighing capacity exceeding 30 kg but not exceeding 5,000 kg:",kg u,25%,
8423.8210,Having a maximum weighing capacity exceeding 30 kg but not exceeding 500 kg,u,35%,
8423.8220,"Having a maximum weighing capacity exceeding 500 kg but not exceeding 5,000 kg",u,25%,
8423.8900,Other,u,25%,
8423.9000,"Weighing machine weights of all kinds ; parts of weighing machinery: Mechanical appliances (whether or not hand-operated) for projecting, dispersing or spraying liquids or powders; fire extinguishers, whether or not charged; spray guns and similar appliances; steam or sand blasting machines and similar jet projecting machines.",kg,5%,
8424.1000,"Fire extinguishers, whether or not charged",u,Free,
8424.2000,Spray guns and similar appliances,u,Free,
8424.3000,-Steam or sand blasting machines and similar jet projecting machines Agricultural or horticultural sprayers :,u,Free,
8424.4100,--Portable sprayers,u,Free,
8424.4900,--Other Other appliances:,u,Free,
8424.8200,--Agricultural or horticultural,u,Free,
8424.8900,--Other,u,Free,
8424.9000,Parts Pulleytackle and hoists other than skip hoists; winches andcapstans; jacks. Pulley tackle and hoists other than skip hoists or hoists of a kind used for raising vehicles:,kg,5%,
8425.1100,--Powered by electric motor,u,Free,
8425.1900,--Other winches; capstans:,u,Free,
8425.3100,--Powered by electric motor,u,Free,
8425.3900,--Other Jacks; hoists of a kind used for raising vehicles:,u,Free,
8425.4100,--Built-in jacking systems of a type used in garages,u,5%,
8425.4200,"--Other jacks and hoists, hydraulic",u,5%,
8425.4900,"--Other Ships’ derricks; cranes, including cable cranes; mobile lifting frames, straddle carriers and works trucks fitted with a crane. Overhead travelling cranes, transporters cranes, gantry cranes, bridge cranes, mobile lifting frames and straddle carriers: 280 Description (4) Standard Unit of Quantity (5) Duty Rate (6)",u,5%,
8426.1100,--Overhead travelling cranes on fixed support,u,Free,
8426.1200,--Mobile lifting frames on tyres and straddle carriers,u,Free,
8426.1900,--Other,u,Free,
8426.2000,Tower cranes,u,Free,
8426.3000,"Portal or pedestal jib cranes Other machinery, self-propelled:",u,Free,
8426.4100,--On tyres,u,Free,
8426.4900,--Other Other machinery :,u,Free,
8426.9100,--Designed for mounting on road vehicles,u,Free,
8426.9900,--Other Fork-lift trucks; other works trucks fitted with lifting or handlingequipment.,u,Free,
8427.1000,Self -propelled trucks powered by an electric motor,u,Free,
8427.2000,Other self-propelled trucks,u,Free,
8427.9000,"Other trucks Other lifting, handling, loading or unloading machinery (for example, lifts, escalators, conveyors, teleferics).",u,Free,
8428.1000,Lifts and skip hoists,u,5%,
8428.2000,"Pneumatic elevators and conveyors Other continuous-action elevators and conveyors, for goods or materials:",u,5%,
8428.3100,--Specially designed for underground use,u,5%,
8428.3200,"--Other, bucket type",u,5%,
8428.3300,"--Other, belt type",u,5%,
8428.3900,--Other,u,5%,
8428.4000,Escalators and moving walkways,u,5%,
8428.6000,"Teleferics, chair-lifts, ski-draglines; traction mechanisms for funiculars",u,5%,
8428.9000,"Other machinery Self-propelled bulldozers, angledozers, graders, levellers, scrapers, mechanical shovels, excavators, shovel loaders, tamping machines and road rollers. Bulldozers and angledozers:",u,5%,
8429.1100,--Track laying,u,Free,
8429.1900,--Other,u,Free,
8429.2000,Graders and levellers,u,Free,
8429.3000,Scrapers,u,Free,
8429.4000,"Tamping machines and road rollers Mechanical shovels, excavators and shovel loaders:",u,Free,
8429.5100,--Front -end shovel loaders,u,Free,
8429.5200,--Machinery with a 360o revolving superstructure,u,Free,
8429.5900,"--Other 281 Description (4) Standard Unit of Quantity (5) Duty Rate (6) Other moving, grading, levelling, scraping, excavating, tamping, compacting, extracting or boring machinery, for earth, minerals or ores; pile-drivers and pile-extractors; snow-ploughs and snow blowers.",u,Free,
8430.1000,Pile -drivers and pile-extractors,u,Free,
8430.2000,Snow -ploughs and snow -blowers Coal or rock cutters and tunnelling machinery:,u,Free,
8430.3100,--Self propelled,u,Free,
8430.3900,--Other Other boring or sinking machinery:,u,Free,
8430.4100,--Self –propelled,u,Free,
8430.4900,--Other,u,Free,
8430.5000,"Other machinery, self-propelled Other machinery, not self-propelled:",u,Free,
8430.6100,--Tamping or compacting machinery,u,Free,
8430.6900,--Other Parts suitable for use solely or principally with the machinery of headings 84.25 to 84.30.,u,Free,
8431.1000,Of machinery of heading 84.25,kg,5%,
8431.2000,Of machinery of heading.84.27 Of machinery of heading 84.28:,kg,5%,
8431.3100,"--Of lifts, skip hoists or escalators",kg,5%,
8431.3900,"Other -Of machinery of heading 84.26, 84.29 or 84.30 :",kg,5%,
8431.4100,"--Buckets, shovels, grabs and grips",kg,5%,
8431.4200,--Bulldozer or angledozer blades,kg,5%,
8431.4300,--Parts for boring or sinking machinery of subheading 8430.41 or 8430.49,kg,5%,
8431.4900,"--Other Agricultural, horticultural or forestry machinery for soilpreparation or cultivation; lawn or sports ground rollers.",kg,5%,
8432.1000,"Ploughs Harrows , scarifiers , cultivators, weeders and hoes:",u,Free,
8432.2100,--Disc harrows,u,Free,
8432.2900,"--Other Seeders, planters and trans planters :",u,Free,
8432.3100,"No-till direct seeders, planters andTrans planters",u,Free,
8432.3900,Other Manure spreaders and fertiliser distributors :,u,Free,
8432.4100,--Manure spreaders,u,Free,
8432.4200,Fertiliser distributors,u,Free,
8432.8000,Other machinery,u,Free,
8432.9000,"Parts 282 Description (4) Standard Unit of Quantity (5) Duty Rate (6) Harvesting or threshing machinery including straw or fodder balers; grass or hay mowers; machines for cleaning, sorting or grading eggs, fruit or other agricultural produce, other than machinery of heading 84.37. Mowers for lawns, parks or sports-grounds:",kg,5%,
8433.1100,"--Powered, with the cutting devices rotating in a horizontal plane",u,Free,
8433.1900,--Other,u,Free,
8433.2000,"Other mowers, including cutter bars for tractor mounting",u,Free,
8433.3000,Other haymaking machinery,u,Free,
8433.4000,"Straw or fodder balers, including pick-up balers Other harvesting machinery; threshing machinery:",u,Free,
8433.5100,--Combine harvester-threshers,u,Free,
8433.5200,--Other threshing machinery,u,Free,
8433.5300,--Root or tuber harvesting machines,u,Free,
8433.5900,--Other,u,Free,
8433.6000,"Machines for cleaning , sorting or grading eggs, fruit or other agricultural produce",u,Free,
8433.9000,Parts Milking machines and dairy machinery.,kg,5%,
8434.1000,Milking machines,u,Free,
8434.2000,Dairy machinery,u,Free,
8434.9000,"Parts Presses, crushers and similar machinery used in the manufacture of wine, cider, fruit juices or similar beverages.",kg,5%,
8435.1000,Machinery,u,Free,
8435.9000,"Parts Other agricultural, horticultural, forestry, poultry-keeping or bee- keeping machinery, including germination plant fitted with mechanical or thermal equipment; poultry incubators and brooders",kg,5%,
8436.1000,Machinery for preparing animal feeding stuffs Poultry keeping machinery; poultry incubators and brooders:,u,Free,
8436.2100,--Poultry incubators and brooders,u,Free,
8436.2900,--Other,u,Free,
8436.8000,Other machinery Parts:,u,Free,
8436.9100,--Of poultry-keeping machinery or poultry incubators and brooders,kg,5%,
8436.9900,"--Other Machines for cleaning, sorting or grading seed, grain or dried leguminous vegetables; machinery used in the millingindustry or for the working of cereals ordriedleguminousvegetables, other than farm-type machinery.",kg,5%,
8437.1000,"-Machines for cleaning, sorting or grading seed, grain or dried leguminous vegetables 283 Description (4) Standard Unit of Quantity (5) Duty Rate (6)",u,Free,
8437.8000,Other machinery,u,Free,
8437.9000,"Parts Machinery, not specified or included elsewhere in this chapter, for the industrial preparation or manufacture of food or drink, other than machinery for the extraction or preparation of animal or fixed vegetable fats or oils.",kg,5%,
8438.1000,"Bakery machinery and machinery for the manufacture of macaroni, spaghetti or similar products",u,Free,
8438.2000,"Machinery for the manufacture of confectionery ,cocoa or chocolate",u,Free,
8438.3000,Machinery for sugar manufacture,u,Free,
8438.4000,Brewery machinery,u,Free,
8438.5000,Machinery for the preparation of meat or poultry,u,Free,
8438.6000,"Machinery for the preparation of fruits, nuts or vegetables",u,Free,
8438.8000,Other machinery,u,Free,
8438.9000,Parts Machinery for making pulp of fibrous cellulosic material or for making or finishing paper or paperboard.,kg,5%,
8439.1000,Machinery for making pulp of fibrous cellulosic material,u,Free,
8439.2000,Machinery for making paper or paperboard,u,Free,
8439.3000,Machinery for finishing paper or paperboard Parts:,u,Free,
8439.9100,--Of machinery for making pulp of fibrous cellulosic material,kg,5%,
8439.9900,"--Other Book -binding machinery, including book -sewing machines.",kg,5%,
8440.1000,Machinery,u,Free,
8440.9000,"Parts Other machinery for making up paper pulp,paper or paperboard, including cuttingmachines of all kinds.",kg,5%,
8441.1000,Cutting machines,u,Free,
8441.2000,"Machines for making bags, sacks or envelopes",u,Free,
8441.3000,"Machines for making cartons, boxes, cases, tubes, drums or similar containers, other than by moulding",u,Free,
8441.4000,"Machines for moulding articles in paper pulp, paper or paperboard",u,Free,
8441.8000,Other machinery,u,Free,
8441.9000,"Parts Machinery, apparatus and equipment(other than the machines of headings 84.56 to 84.65)for preparing or making plates, cylinders or other printing components; plates, cylinders and other printing components; plates, cylinders and lithographic stones, prepared for printing purposes (for example, planed, grained or polished).",kg,5%,
8442.3000,"Machinery, apparatus and equipment",u,5%,
8442.4000,"Parts of the foregoing machinery, apparatus or equipment",kg,5%,
8442.5000,"Plates, cylinders and other printing components; plates, cylinders and lithographic stones, prepared for printing purposes (for example, 284 Description (4) Standard Unit of Quantity (5) Duty Rate (6) planed, grained or polished) Printing machinery used for printing by means of plates, cylinders and other printing components of heading 84.42; other printers, copying machines and facsimile machines, whether or not combined; parts and accessories thereof. Printing machinery used for printing by means of plates, cylinders and other printing components of heading 84.42:",kg,5%,
8443.1100,"Offset printing machinery, reel-fed",u,5%,
8443.1200,"Offset printing machinery, Sheet-fed, office type (using sheets with one side not exceeding 22cm and the other side not exceeding 36 cm in the unfolded state)",u,15%,
8443.1300,Other offset printing machinery,u,5%,
8443.1400,"Letterpress printing machinery, reel fed, excluding flexographic printing",u,5%,
8443.1500,"Letterpress printing machinery, other than reel fed, excluding flexographic printing",u,5%,
8443.1600,Flexographic printing machinery,u,5%,
8443.1700,Gravure printing machinery,u,5%,
8443.1900,"Other Other printers, copying machines and facsimile machines, whether or not combined: Machines which perform two or more of the functions of printing, copying or facsimile transmission, capable of connecting to an automatic data processing machine or to a network :",u,5%,
8443.3110,"Machines, capable of operating in a wireless technology (including blootooth), presented in Semi Knocked Down (SKD) to be assembled by local industries.",u,Free,
8443.3190,"Other Other, capable of connecting to an automatic data processing machine or to a network:",u,5%,
8443.3210,"Machines, capable of operating in a wireless technology (including blootooth), presented in Semi Knocked Down (SKD) to be assembled by local industries.",u,Free,
8443.3290,Other Other:,,5%,
8443.3910,---Photocopying apparatus,u,35%,
8443.3990,Other Parts and accessories:,u,5%,
8443.9100,"Parts and accessories of printing machinery used for printing by means of plates, cylinders and other printing components of heading 84.42 Other:",u,5%,
8443.9910,Toner cartridge and ribbon,kg,15%,
8443.9920,---Of Tariff Item 8443.3910,kg,25%,
8443.9990,---Other,kg,5%,
8444.0000,"Machines for extruding, drawing, texturing or cutting man-made 285 Description (4) Standard Unit of Quantity (5) Duty Rate (6) textile materials. Machines for preparing textile fibres; spinning, doubling or twisting machines and other machinery for producing textile yarns; textile reeling or winding (including weft- winding)machines and machines for preparing textile yarns for use on the machines of heading 84.46 or 84.47. Machines for preparing textile fibres:",u,Free,
8445.1100,--Carding machines,u,Free,
8445.1200,--Combing machines,u,Free,
8445.1300,--Drawing or roving machines,u,Free,
8445.1900,--Other,u,Free,
8445.2000,Textile spinning machines,u,Free,
8445.3000,Textile doubling or twisting machines,u,Free,
8445.4000,Textile winding (including weft-winding) or reeling machines,u,Free,
8445.9000,Other Weaving machines (looms).,u,Free,
8446.1000,"For weaving fabrics of a width not exceeding 30 cm For weaving fabrics of a width exceeding 30cm, shuttle type:",u,Free,
8446.2100,--Power looms,u,Free,
8446.2900,Other,u,Free,
8446.3000,"For weaving fabrics of a width exceeding 30cm,shuttleless type Knitting machines, stitch -bonding machines and machines for making gimped yarn, tulle, lace, embroidery, trimmings, braid or net and machines for tufting. Circular knitting machines:",u,Free,
8447.1100,--With cylinder diameter not exceeding 165mm,u,Free,
8447.1200,--With cylinder diameter exceeding 165 mm,u,Free,
8447.2000,Flat knitting machines ; stitch -bonding machines,u,Free,
8447.9000,"Other Auxiliary machinery for use with machines of heading 84.44, 84.45, 84.46 or 84.47 (for example, dobbies, jacquards, automatic stop motions, shuttle changing mechanisms); parts and accessories suitable for use solely or principally with the machines of this heading or of heading 84.44, 84.45, 84.46 or 84.47 (for example, spindles and spindle flyers, card clothing, combs, extruding nipples, shuttles, healds and heald -frames, hosiery needles). Auxiliary machinery for machine of heading 84.44, 84.45, 84.46 or 84.47:",u,Free,
8448.1100,"--Dobbies and jacquards; card reducing, copying, punching or assembling machines for use therewith",kg,Free,
8448.1900,--Other,kg,Free,
8448.2000,Parts and accessories of machines of heading 84.44 or of their auxiliary machinery Parts and accessories of machines of heading 84.45 or of their auxiliary machinery: 286 Description (4) Standard Unit of Quantity (5) Duty Rate (6),kg,Free,
8448.3100,--Card clothing,kg,Free,
8448.3200,"--Of machines for preparing textile fibres, other than card clothing",kg,Free,
8448.3300,"--Spindles, spindle flyers, spinning rings and ring travellers",kg,Free,
8448.3900,--Other Parts and accessories of weaving machines (looms) or of their auxiliary machinery:,kg,Free,
8448.4200,"--Reeds for looms, healds and heald-frames",kg,Free,
8448.4900,--Other Parts and accessories of machines of heading 84.47 or of their auxiliary machinery:,kg,Free,
8448.5100,"--Sinkers, needles and other articles used in forming stitches",kg,5%,
8448.5900,Other,kg,5%,
8449.0000,"Machinery for the manufacture or finishing of felt or nonwovens in the piece or in shapes, including machinery for making felt hats; blocks for making hats. Household or laundry-type washing machines, including machines which both wash and dry. Machines, each of a dry linen capacity not exceeding 10 kg: Fully- automatic machines:",kg,Free,
8450.1110,Semi Knocked Down (SKD) to be assembled by domestic industry,u,15%,
8450.1120,"Completely Built Up (CBU) form Other machines, with built -in centrifugal drier:",u,25%,
8450.1210,Semi Knocked Down (SKD) to be assembled by domestic industry,u,15%,
8450.1220,Completely Built Up (CBU) form --Other:,u,25%,
8450.1910,Semi Knocked Down (SKD) to be assembled by domestic industry,u,15%,
8450.1920,"Completely Built Up (CBU) form Machines, each of a dry linen capacity exceeding 10 kg:",u,25%,
8450.2010,Semi Knocked Down (SKD) to be assembled by domestic industry,u,15%,
8450.2020,Completely Built Up (CBU) form,u,25%,
8450.9000,"Parts Machinery (other than machines of heading 84.50) for washing, cleaning, wringing, drying, ironing, pressing(including fusing presses), bleaching, dyeing, dressing, finishing, coating or impregnating textile yarns, fabrics or made up textile articles and machines for applying the paste to the base fabric or other support used in the manufacture of floor coverings such as linoleum; machines for reeling, unreeling, folding, cutting or pinking textile fabrics.",kg,15%,
8451.1000,Dry-cleaning machines Drying machines:,u,Free,
8451.2100,--Each of a dry linen capacity not exceeding 10 kg,u,25%,
8451.2900,Other,u,Free,
8451.3000,Ironing machines and presses (including fusing presses) 287 Description (4) Standard Unit of Quantity (5) Duty Rate (6),u,Free,
8451.4000,"Washing, bleaching or dyeing machines",u,Free,
8451.5000,"Machines for reeling, unreeling, folding, cutting or pinking textile fabrics",u,Free,
8451.8000,Other machinery,u,Free,
8451.9000,"Parts Sewing machines, other than book- sewing machines of heading 84.40; furniture, bases and covers specially designed for sewing machines; sewing machine needles.",kg,5%,
8452.1000,Sewing machines of the household type Other sewing machines:,u,Free,
8452.2100,Automatic units,u,Free,
8452.2900,--Other,u,Free,
8452.3000,Sewing machines needles,kg,Free,
8452.9000,"Furniture, bases and covers for sewing machines and parts thereof; other parts of sewing machines Machinery for preparing, tanning or working hides,skins or leather or for making or repairing footwearor other articles of hides, skins or leather, otherthan sewing machines.",kg,5%,
8453.1000,"Machinery for preparing, tanning or working hides, skins orleather",u,Free,
8453.2000,Machinery for making or repairing footwear,u,Free,
8453.8000,Other machinery,u,Free,
8453.9000,"Parts Converters, ladles, ingot moulds and casting machines, of a kind used in metallurgy or in metal foundries.",kg,5%,
8454.1000,Converters,u,Free,
8454.2000,Ingot moulds and ladles,u,Free,
8454.3000,Casting machines,u,Free,
8454.9000,Parts Metal- rolling mills and rolls therefor.,kg,5%,
8455.1000,Tube mills Other rolling mills:,u,Free,
8455.2100,--Hot or combination hot and cold,u,Free,
8455.2200,--Cold,u,Free,
8455.3000,Rolls for rolling mills,u,Free,
8455.9000,"Other parts Machine-tools for working any material by removal of material, by laser or other light or photon beam, ultrasonic, electro- discharge, electro-chemical, electronbeam, ionic-beam or plasma arc processes; water-jet cutting machines. Operated by laser or other light or photon beam processes :",kg,5%,
8456.1100,Operated by laser,u,Free,
8456.1200,Operated by other light or photon beam processes,u,Free,
8456.2000,Operated by ultrasonic processes,u,Free,
8456.3000,Operated by electro- discharge processes 288 Description (4) Standard Unit of Quantity (5) Duty Rate (6),u,Free,
8456.4000,Operated by plasma arc processes,u,Free,
8456.5000,Water-jet cutting machines,u,Free,
8456.9000,"Other Machining centres, unit construction machines (single station) and multi- station transfer machines, for working metal.",u,Free,
8457.1000,Machining centres,u,Free,
8457.2000,Unit construction machines (single station),u,Free,
8457.3000,Multi- station transfer machines Lathes (including turning centres) for removing metal. Horizontal lathes:,u,Free,
8458.1100,--Numerically controlled,u,Free,
8458.1900,--Other Other lathes:,u,Free,
8458.9100,--Numerically controlled,u,Free,
8458.9900,"--Other Machine-tools (including way- type unit head machines) for drilling, boring, milling, threading or tapping by removing metal, other than lathes (including turning centres) of heading 84.58.",u,Free,
8459.1000,Way type unit head machines Other drilling machines:,u,Free,
8459.2100,--Numerically controlled,u,Free,
8459.2900,--Other Other boring milling machines:,u,Free,
8459.3100,--Numerically controlled,u,Free,
8459.3900,--Other Other boring machines :,u,Free,
8459.4100,Numerically controlled,u,Free,
8459.4900,"Other Milling machines, knee- type:",u,Free,
8459.5100,--Numerically controlled,u,Free,
8459.5900,Other Other milling machines:,u,Free,
8459.6100,Numerically controlled,u,Free,
8459.6900,Other,u,Free,
8459.7000,"Other threading or tapping machines Machine-tools for debarring, sharpening, grinding, honing, lapping, polishing or otherwise finishing metal or cermets by means of grinding stones, abrasives or polishing products, other than gear cutting, gear grinding or gear finishing machines of heading 84.61. Flat-surface grinding machines :",u,Free,
8460.1200,--Numerically controlled,u,Free,
8460.1900,--Other 289 Description (4) Standard Unit of Quantity (5) Duty Rate (6) Other grinding machines:,u,Free,
8460.2200,"--Centre less grinding machines, numerically controlled",u,Free,
8460.2300,"--Other cylindrical grinding machines, numerically controlled",u,Free,
8460.2400,"--Other, numerically controlled",u,Free,
8460.2900,--Other Sharpening (tool or cutter grinding) machines:,u,Free,
8460.3100,--Numerically controlled,u,Free,
8460.3900,--Other,u,Free,
8460.4000,Honing or lapping machines,u,Free,
8460.9000,"Other Machine-tools for planning, shaping, slotting, broaching, gear cutting, gear grinding orgear finishing, sawing, cutting-off and other machine-tools working by removing metal orcermets, not elsewhere specified or included.",u,Free,
8461.2000,Shaping or slotting machines,u,Free,
8461.3000,Broaching machines,u,Free,
8461.4000,"Gear cutting, gear grinding or gear finishing machines",u,Free,
8461.5000,Sawing or cutting-off machines,u,Free,
8461.9000,"Other Machine tools (including presses) for working metal by forging, hammering or die -stamping; machine-tools (including presses) for working metal by bending, folding, straightening, flattening, shearing, punching or notching; presses for working metal or metal carbides, not specified above.",u,Free,
8462.1000,"Forging or die-stamping machines (including Presses) and hammers Bending, folding, straightening,or flattening machines (including presses):",u,Free,
8462.2100,--Numerically controlled,u,Free,
8462.2900,"Other Shearing machines (including presses), other than combined punching and shearing machines:",u,Free,
8462.3100,Numerically controlled,u,Free,
8462.3900,"Other Punching or notching machines (including presses), includingcombined punching and shearing machines:",u,Free,
8462.4100,--Numerically controlled,u,Free,
8462.4900,Other Other:,u,Free,
8462.9100,--Hydraulic presses,u,Free,
8462.9900,"--Other Other machine- tools for working metal or cermets, without removing material.",u,Free,
8463.1000,"Draw-benches for bars, tubes, profiles, wire or the like",u,Free,
8463.2000,Thread rolling machines 290 Description (4) Standard Unit of Quantity (5) Duty Rate (6),u,Free,
8463.3000,Machines for working wire,u,Free,
8463.9000,"Other Machine tools for working stone, ceramics, concrete , asbestos- cement or like mineral materials or for cold working glass.",u,Free,
8464.1000,Sawing machines,u,Free,
8464.2000,Grinding or polishing machines,u,Free,
8464.9000,"Other Machine-tools (including machines for nailing, stapling, gluing or otherwiseassembling) for working wood, cork, bone hard rubber, hard plastics or similar hard materials.",u,Free,
8465.1000,Machines which can carry out different types of machining operations without tool change between such operations,u,Free,
8465.2000,Machining Centres Other:,u,Free,
8465.9100,--Sawing machines,u,Free,
8465.9200,"--Planing, milling or moulding (by cutting) machines",u,Free,
8465.9300,"--Grinding, sanding or polishing machines",u,Free,
8465.9400,--Bending or assembling machines,u,Free,
8465.9500,--Drilling or morticing machines,u,Free,
8465.9600,"--Splitting, slicing or paring machines",u,Free,
8465.9900,"--Other Parts and accessories suitable for use solely or principally with the machines of headings 84.56 to 84.65, including work or tool holders, self opening dieheads, dividing heads and other special attachments for the machines; tool holders for any type of tool for working in the hand.",u,Free,
8466.1000,Tool holders and self-opening dieheads,kg,5%,
8466.2000,Work holders,kg,5%,
8466.3000,Dividing heads and other special attachments for machines Other:,kg,5%,
8466.9100,--For machines of heading 84.64,kg,5%,
8466.9200,--For machines of heading 84.65,kg,5%,
8466.9300,--For machines of heading 84.56 to 84.61,kg,5%,
8466.9400,"--For machines of heading 84.62 or 84.63 Tools for working in the hand, pneumatic, hydraulic or with self- contained electric or non-electric motor. Pneumatic:",kg,5%,
8467.1100,--Rotary type (including combined rotary-percussion),u,5%,
8467.1900,--Other With Self-contained electric motors:,u,5%,
8467.2100,--Drills of all kinds,u,5%,
8467.2200,--Saws,u,5%,
8467.2900,--Other Other tools: 291 Description (4) Standard Unit of Quantity (5) Duty Rate (6),u,5%,
8467.8100,--Chain saws,u,5%,
8467.8900,Other Parts:,u,5%,
8467.9100,--Of chain saws,kg,5%,
8467.9200,Of pneumatic tools,kg,5%,
8467.9900,"Other Machinery and apparatus for soldering, brazing or welding, whether or not capable of cutting, other than those of heading 85.15; gas operated surface tempering machines and appliances.",kg,5%,
8468.1000,Hand-held blow pipes,u,Free,
8468.2000,Other gas-operated machinery and apparatus,u,Free,
8468.8000,Other machinery and apparatus,u,Free,
8468.9000,"Parts Calculating machines and pocket-size data recording, reproducing and displaying machines with calculating functions; accounting machines, postage-franking machines, ticket-issuing machines and similar machines, incorporating a calculating device; cash registers.",kg,5%,
8470.1000,"Electronic calculators capable of operation without an external source of electric power and pocket-size data recording, reproducing and displaying machines with calculating functions. Other electronic calculating machines:",u,25%,
8470.2100,Incorporating a printing device,u,25%,
8470.2900,Other,u,25%,
8470.3000,Other calculating machines,u,25%,
8470.5000,Cash registers,u,Free,
8470.9010,"Other: Pos machine, presented in Semi Knocked Down (SKD) to be assembled by local industries",u,5%,
8470.9090,"Other Automatic data processing machines and units thereof; magnetic or optical readers, machines for transcribing data onto data media in coded form and machines for processing such data, not elsewhere specified or included. Portable automatic data processing machines, weighingnot more than 10 kg, consisting of at leastacentralprocessing unit, a keyboard and a display:",u,25%,
8471.3010,Presented Semi Knoked Down (SKD) for the assembly industry,u,5%,
8471.3020,"Presented Complete Built Up (CBU) Other automatic data processing machines: --Comprising in the same housing at least a central processing unit and an input and output unit, whether or not combined:",u,15%,
8471.4110,Presented SKD for the assembly industry,u,5%,
8471.4120,"Presented Complete Built Up (CBU) --Other, presented in the form of systems 292 Description (4) Standard Unit of Quantity (5) Duty Rate (6)",u,15%,
8471.4910,Presented Semi Knoked Down (SKD) for the assembly industry,u,5%,
8471.4920,"Presented Complete Built Up (CBU) Processing units other than those of subheading 8471.41 0r 8471.49, whether or not containing in thesame housing one or two of the following typesof unit storage units, input units, output units:",u,15%,
8471.5010,Presented Semi Knoked Down (SKD) for the assembly industry,u,5%,
8471.5020,Presented Complete Built Up (CBU),u,15%,
8471.6000,"Input or output units, whether or not containing storage units in the same housing Storage units:",u,Free,
8471.7010,Solely or principally for external use with automatic data processing machines,u,5%,
8471.7090,Other,u,Free,
8471.8000,Other units of automatic data processing machines,u,Free,
8471.9000,"Other Other office machines (for example, hectograph orstencil duplicating machines, addressing machines,automatic banknote dispensers, coin-sortingmachines, coin-counting or wrapping machines, pencil sharpening machines, perforating or staplingmachines).",u,Free,
8472.1000,Duplicating machines,u,25%,
8472.3000,"Machines for sorting or folding mail or for inserting mail inenvelopes or bands, machines for opening, closing or sealing mail and machines for affixing or cancelling postage stamps Other:",u,25%,
8472.9010,"Cash counting machine and Automatic Teller Machine (ATM), Completely Knocked Down (CKD) to be assembled by domestic industry",u,15%,
8472.9020,"Cash counting machine and Automatic Teller Machine (ATM), Semi Knocked Down (SKD) to be assembled by domestic industry",u,25%,
8472.9090,"Other Parts and accessories (other than covers, carrying cases and the like) suitable for use solely or principally with machines of headings 84.70 to 84.72. Parts and accessories of the machines of heading 84.70:",u,35%,
8473.2100,"--Of the electronic calculating machines of subheading 8470.10,8470.21 or 8470.29",kg,15%,
8473.2900,--Other,kg,15%,
8473.3000,Parts and accessories of the machines of heading 84.71,kg,5%,
8473.4000,Parts and accessories of the machines of heading 84.72,kg,15%,
8473.5000,"Parts and accessories equally suitable for use with the machines of two or more of the headings 84.70 to 84.72 Machinery for sorting, screening, separating, washing, crushing grinding, mixing or kneading earth, stone, ores or other mineral substances, in solid agglomerating, shaping or moulding solid mineral fuels, ceramic paste, unhardened cements, plastering 293 Description (4) Standard Unit of Quantity (5) Duty Rate (6) materials or other mineral products in powder or paste form; machines for forming foundry moulds of sand.",kg,15%,
8474.1000,"Sorting, screening, separating or washing machines",u,Free,
8474.2000,Crushing or grinding machines Mixing or kneading machines:,u,Free,
8474.3100,--Concrete or mortar mixers,u,5%,
8474.3200,--Machines for mixing mineral substance with bitumen,u,Free,
8474.3900,Other,u,Free,
8474.8000,Other machinery,u,Free,
8474.9000,"Parts Machines for assembling electric or electronic lamps,tubes or valves or flashbulbs, in glass envelopes;machines for manufacturing or not working glassor glassware.",kg,5%,
8475.1000,"Machines for assembling electric or electronic lamps, tubes or valves or flashbulbs, in glass envelopes Machines for manufacturing or hot working glass or glassware:",u,Free,
8475.2100,--Machines for making optical fibres and performs thereof,u,Free,
8475.2900,--Other,u,Free,
8475.9000,"Parts Automatic goods-vending machines (for example, postage stamp, cigarette, food or beverage machines), including money-changing machines. Automatic beverage-vending machines :",kg,5%,
8476.2100,--Incorporating heating or refrigerating devices,u,5%,
8476.2900,--Other Other machines :,u,5%,
8476.8100,--Incorporating heating or refrigerating devices,u,5%,
8476.8900,--Other,u,5%,
8476.9000,"Parts Machinery for working rubber or plastics or for manufacture of products from these materials,not specified or included elsewhere in this Chapter.",kg,5%,
8477.1000,Injection -moulding machines,u,Free,
8477.2000,Extruders,u,Free,
8477.3000,Blow moulding machines,u,Free,
8477.4000,Vacuum moulding machines and other thermoforming machines Other machinery for moulding or otherwise forming :,u,Free,
8477.5100,--For moulding or retreading pneumatic tyres or for moulding orotherwise forming inner tubes,u,Free,
8477.5900,--Other,u,Free,
8477.8000,Other machinery,u,Free,
8477.9000,"Parts Machinery for preparing or making up tobacco, not specified or included elsewhere in this Chapter. 294 Description (4) Standard Unit of Quantity (5) Duty Rate (6)",kg,5%,
8478.1000,Machinery,u,5%,
8478.9000,"Parts Machines and mechanical appliances having individual functions, not specified or includedelsewhere in this Chapter.",kg,5%,
8479.1000,"Machinery for public works, building or the like",u,Free,
8479.2000,Machinery for the extraction or reparation of animal or fixed vegetable fats or oils,u,Free,
8479.3000,Presses for the manufacture of particle board or fibre building board of wood or other ligneous materials and other machinery for treating woodor cork,u,Free,
8479.4000,Rope or cable-making machines,u,Free,
8479.5000,"Industrial robots, not elsewhere specified or included",u,Free,
8479.6000,Evaporative air coolers passenger boarding bridges:,u,Free,
8479.7100,Of a kind used in airports,u,Free,
8479.7900,Other Other machines and mechanical appliances:,u,Free,
8479.8100,"--For treating metal, including electric wire coil winders",u,Free,
8479.8200,"--Mixing, kneading, crushing, grinding, screening, sifting, homogenising, emulsifying or stirring machines",u,Free,
8479.8900,--Other,u,Free,
8479.9000,"Parts Moulding boxes for metal foundry; mould bases; mouldingpatterns; moulds for metal (other than ingot moulds), metal carbides, glass, mineral materials, rubber or plastics.",kg,5%,
8480.1000,Moulding boxes for metal foundry,kg,Free,
8480.2000,Mould bases,kg,Free,
8480.3000,Moulding patterns Moulds for metal or metal carbides:,kg,Free,
8480.4100,--Injection or compression types,kg,Free,
8480.4900,--Other,kg,Free,
8480.5000,Moulds for glass,kg,Free,
8480.6000,Moulds for mineral materials Moulds for rubber or plastics:,kg,Free,
8480.7100,--Injection or compression types,kg,Free,
8480.7900,"Other Taps, cocks, valves and similar appliances for pipes, boiler shells, tanks, vats or the like, including pressure- reducing valves and thermostatically controlled valves.",kg,Free,
8481.1000,Pressure-reducing valves,kg,15%,
8481.2000,Valves for oleohydraulic or pneumatic transmissions,kg,15%,
8481.3000,Check (non-return) valves,kg,15%,
8481.4000,Safety or relief valves,kg,15%,
8481.8000,Other appliances 295 Description (4) Standard Unit of Quantity (5) Duty Rate (6),kg,15%,
8481.9000,Parts Ball or roller bearings.,kg,15%,
8482.1000,Ball bearings,u,25%,
8482.2000,"Tapered roller bearings, including cone and tapered roller assemblies",u,25%,
8482.3000,Spherical roller bearings,u,25%,
8482.4000,Needle roller bearings,u,25%,
8482.5000,Other cylindrical roller bearings,u,25%,
8482.8000,"Other , including combined ball/roller bearings Parts:",u,25%,
8482.9100,"Balls, needles and rollers",kg,15%,
8482.9900,"Other Transmission shafts (including cam shafts and crank shafts) and cranks; housings and plain shaft bearings; gears and gearing; ball or roller screws; gear boxes and other speed changers, including torque converters; flywheels and pulleys, including pulley blocks; clutches and shaft couplings (including universal joints).",kg,15%,
8483.1000,Transmission shafts (including cam shafts and crank shafts) and cranks,u,15%,
8483.2000,"Bearing housings, incorporating ball or roller bearings",u,15%,
8483.3000,"Bearing housings, not incorporating ball or roller bearings; plain shaft bearings",u,15%,
8483.4000,"Gears and gearing, other than toothed wheels, chain sprockets and other transmission elements presented separately; ball or roller screws;gear boxes and other speed changers, including torque converters",u,15%,
8483.5000,"Flywheels and pulleys, including pulley blocks",u,15%,
8483.6000,Clutches and shaft couplings (including universal joints),u,15%,
8483.9000,"Toothed wheels, chain sprockets and othertransmission elements presented separately; Parts Gaskets and similar joints of metal Sheetingcombined with other material or of two or more layers of metal; sets or assortments of gaskets and similar joints, dissimilar in composition,put up in pouches, envelopes or similar packings; mechanical seals.",kg,15%,
8484.1000,Gaskets and similar joints of metal sheeting combined with other material or of two or more layers of metal,kg,15%,
8484.2000,Mechanical seals,kg,15%,
8484.9000,"Other Machines and apparatus of a kind usedsolely or principally for the manufacture ofsemiconductor boules or wafers, semiconductor devices, electronic integrated circuits or flatpanel displays; machines and apparatusspecified in Note 9 (C) to this Chapter; partsand accessories.",kg,15%,
8486.1000,-Machines and apparatus for the manufacture of boules or wafers,u,Free,
8486.2000,-Machines and apparatus for the manufacture of semiconductordevices or of electronic integrated circuits,u,Free,
8486.3000,Machines and apparatus for the manufacture of flat panel displays 296 Description (4) Standard Unit of Quantity (5) Duty Rate (6),u,Free,
8486.4000,Machines and apparatus specified in Note 9 (C) to this chapter,u,Free,
8486.9000,"Parts and accessories Machinery parts, not containing electricalconnectors, insulators, coils, contacts or other electrical features, not specified orincludedelsewhere on this Chapter.",kg,5%,
8487.1000,Ships’or boats’ propellers and blades thereof,kg,Free,
8487.9000,"Other 299 8527.12 covers only cassette-players with built-in amplifier, without built-in loudspeaker, of operating without an external source of electric power and the dimensions of which do not 170 mm x 100 mm x 45 mm. Item Description (4) Standard Unit of Quantity (5) Duty Rate (6) Electric motors and generators (excludinggenerating sets). Motors of an output not exceeding 37.5 W:",kg,Free,
8501.1010,Completely Knocked Down (CKD) to be assembled by domestic industry,u,Free,
8501.1020,Semi Knocked Down (SKD) to be assembled by domestic industry,u,5%,
8501.1030,Completely Built Up (CBU) form Universal AC/DC motors of an output exceeding 37.5 W:,u,15%,
8501.2010,Completely Knocked Down (CKD) to be assembled by domestic industry,u,Free,
8501.2020,Semi Knocked Down (SKD) to be assembled by domestic industry,u,5%,
8501.2030,Completely Built Up (CBU) form Other DC motors; DC generators: --Of an output not exceeding 750 W:,u,15%,
8501.3110,Completely Knocked Down (CKD) to be assembled by domestic industry,u,Free,
8501.3120,Semi Knocked Down (SKD) to be assembled by domestic industry,u,5%,
8501.3130,Completely Built Up (CBU) form Of an output exceeding 750 W but not exceeding 75 kW:,u,15%,
8501.3210,Completely Knocked Down (CKD) to be assembled by domestic industry,u,Free,
8501.3220,Semi Knocked Down (SKD) to be assembled by domestic industry,u,5%,
8501.3230,Completely Built Up (CBU) form Of an output exceeding 75 kW but not exceeding 375 kW:,u,15%,
8501.3310,Completely Knocked Down (CKD) to be assembled by domestic industry,u,Free,
8501.3320,Semi Knocked Down (SKD) to be assembled by domestic industry,u,5%,
8501.3330,Completely Built Up (CBU) form --Of an output exceeding 375 kW:,u,15%,
8501.3410,Completely Knocked Down (CKD) to be assembled by domestic industry,u,Free,
8501.3420,Semi Knocked Down (SKD) to be assembled by domestic industry,u,5%,
8501.3430,"Completely Built Up (CBU) form Other AC motors, single-phase:",u,15%,
8501.4010,Completely Knocked Down (CKD) to be assembled by domestic industry,u,Free,
8501.4020,Semi Knocked Down (SKD) to be assembled by domestic industry,u,5%,
8501.4030,"Completely Built Up (CBU) form Other AC motors, multi-phase: --Of an output not exceeding 750 W: 300 Item Description (4) Standard Unit of Quantity (5) Duty Rate (6)",u,15%,
8501.5110,Completely Knocked Down (CKD) to be assembled by domestic industry,u,Free,
8501.5120,Semi Knocked Down (SKD) to be assembled by domestic industry,u,5%,
8501.5130,Completely Built Up (CBU) form Of an output exceeding 750 W but not exceeding 75 kW:,u,15%,
8501.5210,Completely Knocked Down (CKD) to be assembled by domestic industry,u,Free,
8501.5220,Semi Knocked Down (SKD) to be assembled by domestic industry,u,5%,
8501.5230,Completely Built Up (CBU) form --Of an output exceeding 75 kW:,u,15%,
8501.5310,Completely Knocked Down (CKD) to be assembled by domestic industry,u,Free,
8501.5320,Semi Knocked Down (SKD) to be assembled by domestic industry,u,5%,
8501.5330,Completely Built Up (CBU) form AC generators (alternators): --Of an out put not exceeding 75 kVA:,u,15%,
8501.6110,Completely Knocked Down (CKD) to be assembled by domestic industry,u,Free,
8501.6120,Semi Knocked Down (SKD) to be assembled by domestic industry,u,5%,
8501.6130,Completely Built Up (CBU) form --Of an output exceeding 75 kVA but not exceeding 375 kVA:,u,15%,
8501.6210,Completely Knocked Down (CKD) to be assembled by domestic industry,u,Free,
8501.6220,Semi Knocked Down (SKD) to be assembled by domestic industry,u,5%,
8501.6230,Completely Built Up (CBU) form --Of an output exceeding 375 kVA but not exceeding 750 kVA:,u,15%,
8501.6310,Completely Knocked Down (CKD) to be assembled by domestic industry,u,Free,
8501.6320,Semi Knocked Down (SKD) to be assembled by domestic industry,u,5%,
8501.6330,Completely Built Up (CBU) form --Of an output exceeding 750 kVA:,u,15%,
8501.6410,Completely Knocked Down (CKD) to be assembled by domestic industry,u,Free,
8501.6420,Semi Knocked Down (SKD) to be assembled by domestic industry,u,5%,
8501.6430,Completely Built Up (CBU) form Electric generating sets and rotary converters. Generating sets with compression-ignition internal combustion pistonengines (diesel or semi-diesel engines ):,u,15%,
8502.1100,--Of an output not exceeding 75KVA,u,15%,
8502.1200,--Of an output exceeding 75KVA but not exceeding 375 KVA,u,15%,
8502.1300,--Of an output exceeding 375KVA,u,15%,
8502.2000,Generating sets with spark-ignition internal combustion pistonengines Other generating sets: 301 Description (4) Standard Unit of Quantity (5) Duty Rate (6),u,15%,
8502.3100,--Wind powered,u,15%,
8502.3900,--Other,u,15%,
8502.4000,Electric rotary converters,u,15%,
8503.0000,"Parts suitable for use solely or principally with the machines of heading 85.01 or 85.02. Electrical transformers, static converters (for example, rectifiers) and inductors.",kg,5%,
8504.1000,Ballasts for discharge lamps or tubes Liquid dielectric transformers: Having a power handling capacity not exceeding 650 KVA:,u,15%,
8504.2110,Presented SKD for the assembly industry,u,15%,
8504.2190,"Other Having a power handling capacity exceeding 650 KVA but not exceeding 10,000 KVA:",u,25%,
8504.2210,Presented SKD for the assembly industry,u,15%,
8504.2290,"Other Having a power handling capacity exceeding 10,000 kVA:",u,25%,
8504.2310,Presented SKD for the assembly industry,u,15%,
8504.2390,Other Other transformers: Having a power handling capacity not exceeding 1 kVA:,u,25%,
8504.3110,Presented SKD for the assembly industry,u,15%,
8504.3190,Other Having a power handling capacity exceeding 1 kVA but not exceeding 16 kVA :,u,25%,
8504.3210,Presented SKD for the assembly industry,u,15%,
8504.3290,Other Having a power handling capacity exceeding16 kVA but not exceeding 500 kVA:,u,25%,
8504.3310,---Presented SKD for the assembly industry,u,15%,
8504.3390,---Other --Having a power handling capacity exceeding 500 kVA:,u,25%,
8504.3410,---Presented SKD for the assembly industry,u,15%,
8504.3490,---Other Static converters:,u,25%,
8504.4010,Inverter designed for solar energy sources,u,Free,
8504.4020,"Other, Completely Knocked Down (CKD) to be assembled by domestic industry",u,5%,
8504.4030,"Other, Semi Knocked Down (SKD) to be assembled by domestic industry",u,15%,
8504.4040,"Other, Completely Built Up (CBU) form",u,25%,
8504.5000,Other inductors 302 Description (4) Standard Unit of Quantity (5) Duty Rate (6),u,15%,
8504.9000,"Parts Electro-magnets; permanent magnets and articles intended to become permanent magnets after magnatisation; electro-magnetic or permanent magnet chucks, clamps and similar holding devices; electro-magnetic couplings, clutches and brakes; electro-magnetic lifting heads. Permanent magnets and articles intended to become permanent magnets after magnetisation:",kg,5%,
8505.1100,--Of metal,kg,15%,
8505.1900,Other,kg,15%,
8505.2000,"Electro-magnetic couplings, clutches and brakes",kg,15%,
8505.9000,"Other, including parts Primary cells and primary batteries.",kg,15%,
8506.1000,Manganese dioxide,u,35%,
8506.3000,Mercuric oxide,u,35%,
8506.4000,Silver oxide,u,35%,
8506.5000,Lithium,u,35%,
8506.6000,Air-zinc,u,35%,
8506.8000,Other primary cells and primary batteries,u,35%,
8506.9000,"Parts Electric accumulators, including separators therefor, whether or not rectangular (including square).",kg,15%,
8507.1000,"Lead-acid, of a kind used for starting piston engines Other lead-acid accumulators:",u,35%,
8507.2010,Designed for solar energy sources,u,Free,
8507.2090,Other Nickel- Cadmium:,u,35%,
8507.3010,Designed for solar energy sources,u,Free,
8507.3090,Other Nickel- iron:,u,35%,
8507.4010,Designed for solar energy sources,u,Free,
8507.4090,Other -Nickel-metal hydride:,u,35%,
8507.5010,Designed for solar energy sources,u,Free,
8507.5090,Other -Lithium-ion:,u,35%,
8507.6010,Designed for solar energy sources,u,Free,
8507.6020,"Other, Completely Knocked Down (CKD) to be assembled by domestic industry",u,5%,
8507.6030,"Other, Semi Knocked Down (SKD) to be assembled by domestic industry",u,15%,
8507.6040,"Other, Completely Built Up (CBU) form Other accumulators: 303 Description (4) Standard Unit of Quantity (5) Duty Rate (6)",u,25%,
8507.8010,Designed for solar energy sources,u,Free,
8507.8020,"Other, Completely Knocked Down (CKD) to be assembled by domestic industry",u,15%,
8507.8030,"Other, Semi Knocked Down (SKD) to be assembled by domestic industry",u,25%,
8507.8040,"Other, Completely Built Up (CBU) form",u,35%,
8507.9000,Parts Vacuum cleaners. With self contained electric motor:,kg,15%,
8508.1100,"Of a power not exceeding 1,500 W and having a dust bag or other receptacle capacity not exceeding 20 l",u,35%,
8508.1900,Other,u,35%,
8508.6000,Other vacuum cleaners,u,35%,
8508.7000,"Parts Electro- mechanical domestic appliances, with self-contained electric motor, other than vacuum cleaners of heading 85.08.",kg,15%,
8509.4000,Food grinders and mixers; fruit or vegetable juice extractors,u,35%,
8509.8000,Other appliances,u,35%,
8509.9000,"Parts Shavers, hair clippers and hair-removing appliances, with self- contained electric motor.",kg,15%,
8510.1000,Shavers,u,35%,
8510.2000,Hair clippers,u,35%,
8510.3000,Hair-removing appliances,u,35%,
8510.9000,"Parts Electric ignition or starting equipment of a kind usedfor spark- ignition or compression-ignition internal combustion engines (for example, ignition magnetos, magneto-dynamos, ignition coils, sparking plugs and glow plugs, starter motors); generators (for example, dynamos, alternators) and cut-outs of a kind used inconjunction with such engines.",kg,15%,
8511.1000,Sparking plugs,u,25%,
8511.2000,Ignition magnetos; magneto-dynamos magnetic flywheels,u,15%,
8511.3000,Distributors; ignition coils,u,15%,
8511.4000,Starter motors and dual purpose starter-generators,u,25%,
8511.5000,Other generators,u,25%,
8511.8000,Other equipment,u,25%,
8511.9000,"Parts Electrical lighting or signalling equipment (excluding articles of heading 85.39), windscreen wipers, defrosters and demisters, of a kind used for cycles or motor vehicles.",kg,15%,
8512.1000,Lighting or visual signalling equipment of a kind used on bicycles,u,25%,
8512.2000,Other lighting or visual signalling equipment,u,25%,
8512.3000,Sound signalling equipment,u,25%,
8512.4000,"Windscreen wipers, defrosters and demisters 304 Description (4) Standard Unit of Quantity (5) Duty Rate (6)",u,25%,
8512.9000,"Parts Portable electric lamps designed to function by their own source of energy (for example, dry batteries, accumulators, magnetos), other than lightingequipment of heading 85.12. -Lamps:",kg,15%,
8513.1010,Charged with solar energy whether or not capable to be charged by other energy,u,5%,
8513.1090,Other,u,25%,
8513.9000,Parts Industrial or laboratory electric furnaces and ovens (including those functioning by induction or dielectric loss); other industrial or laboratory equipment for the heat treatment of materials by induction or dielectric loss. Resistance heated furnaces and ovens:,kg,5%,
8514.1010,---Presented SKD for the assembly industry,u,5%,
8514.1090,---Other Furnaces and ovens functioning by induction or dielectric loss :,u,15%,
8514.2010,---Presented SKD for the assembly industry,u,5%,
8514.2090,---Other Other furnaces and ovens:,u,15%,
8514.3010,---Presented SKD for the assembly industry,u,5%,
8514.3090,---Other Other equipment for the heat treatment of materials by induction or dielectric loss:,u,15%,
8514.4010,---Presented SKD for the assembly industry,u,5%,
8514.4090,---Other,u,15%,
8514.9000,"Parts Electric (including electrically heated gas), laser or other light or photon beam, ultrasonic, electron beam, magnetic pulse or plasma arc soldering, brazing or welding machines and apparatus, whether or not capable of cutting, electric machines and apparatus for hot spraying of metals or cermets. Brazing or soldering machines and apparatus:",kg,5%,
8515.1100,--Soldering irons and guns,u,5%,
8515.1900,--Other Machines and apparatus for resistance welding of metal:,u,5%,
8515.2100,--Fully or partly automatic,u,5%,
8515.2900,--Other Machines and apparatus for arc (including plasma arc) welding of metals:,u,5%,
8515.3100,--Fully or partly automatic,u,5%,
8515.3900,--Other,u,5%,
8515.8000,Other machines and apparatus,u,5%,
8515.9000,"Parts 305 Description (4) Standard Unit of Quantity (5) Duty Rate (6) Electric instantaneous or storage water heaters and immersion heaters; electric space heating apparatus and soil heating apparatus; electro-thermic hair-dressing apparatus (for example, hair dryers, hair curlers, curling tong heaters) and hand dryers; electric smoothing irons; other electro-thermic appliances of a kind used for domestic purposes; electric heating resistors, other than those of heading 85.45.",kg,5%,
8516.1000,Electric instantaneous or storage water heaters and immersion heaters Electric space heating apparatus and electric soil heating apparatus :,u,35%,
8516.2100,--Storage heating radiators,u,35%,
8516.2900,--Other Electro-thermic hair-dressing or hand- drying apparatus: --Hair dryers:,u,35%,
8516.3110,Semi Knocked Down (SKD) to be assembled by domestic industry,u,15%,
8516.3190,Completely Built Up (CBU) form,u,35%,
8516.3200,--Other hair-dressing apparatus,u,35%,
8516.3300,--Hand-drying apparatus,u,35%,
8516.4000,Electric smoothing irons Microwave ovens:,u,35%,
8516.5010,---Presented SKD for the assembly industry,u,25%,
8516.5090,"---Other Other ovens; cookers, cooking plates, boiling rings, grillers and roasters:",U,35%,
8516.6010,---Presented SKD for the assembly industry,U,25%,
8516.6090,Other Other electro-thermic appliances:,u,35%,
8516.7100,--Coffee or tea makers,u,35%,
8516.7200,--Toasters,u,35%,
8516.7900,--Other,u,35%,
8516.8000,Electric heating resistors,u,35%,
8516.9000,"Parts Telephone sets, including telephones for cellular networks or for other wireless networks; other apparatus for the transmission or reception of voice, image or other data, including apparatus for communication in a wired or wireless network (such as a local or wide area network), other than transmission or reception apparatus of heading 84.43,85.25,85.27 or 85.28. -Telephone sets, including telephones for cellular networks or for other wireless networks :",kg,15%,
8517.1100,Line telephone sets with cordless handsets Telephones for cellular networks or for other wireless networks:,u,15%,
8517.1210,Presented CKD for the assembly industry,u,Free,
8517.1220,Presented SKD for the assembly industry,u,5%,
8517.1290,---Other,u,15%,
8517.1800,"Other 306 Description (4) Standard Unit of Quantity (5) Duty Rate (6) Other apparatus for transmission or reception of voice, images or other data, including apparatus for communication in a wired or wireless network (Such as a local or wide area network):",u,15%,
8517.6100,Base stations,u,5%,
8517.6200,"Machines for the reception, conversion and transmission orregeneration of voice, images or other data, including switching and routing apparatus",u,15%,
8517.6900,Other,u,15%,
8517.7000,"Parts Microphones and stands therefor; loudspeakers, whether or not mounted in their enclosures; headphones and earphones, whether or not combined with a microphone, and sets consisting of a microphone and one or more loudspeakers; audio-frequency electric amplifiers; electric sound amplifier sets.",kg,5%,
8518.1000,"Microphones and stands therefor Loudspeakers, whether or not mounted in their enclosures: --Single loudspeakers, mounted in their enclosures:",u,25%,
8518.2110,---Presented CKD for the assembly industry,u,5%,
8518.2120,---Presented SKD for the assembly industry,u,15%,
8518.2190,"Other Multiple loudspeakers, mounted in the same Enclosures:",u,25%,
8518.2210,---Presented CKD for the assembly industry,u,5%,
8518.2220,---Presented SKD for the assembly industry,u,15%,
8518.2290,Other --Other:,u,25%,
8518.2910,---Presented CKD for the assembly industry,u,5%,
8518.2920,---Presented SKD for the assembly industry,u,15%,
8518.2990,"Other Headphones, earphones, whether or not combined witha microphone, and sets consisting of a microphone and one or more loudspeakers:",u,25%,
8518.3010,Completely Knocked Down (CKD) to be assembled by domestic industry,u,Free,
8518.3020,Semi Knocked Down (SKD) to be assembled by domestic industry,u,5%,
8518.3030,Completely Built Up (CBU) form,u,15%,
8518.4000,Audio-frequency electric amplifiers,u,25%,
8518.5000,Electric sound amplifier sets,u,25%,
8518.9000,"Parts Sound recording or reproducing apparatus. Apparatus operated by coins, bank notes, bank cards, tokens or by other means of payment:",kg,15%,
8519.2010,---Presented SKD for the assembly industry,u,15%,
8519.2090,Other Turntables (record-decks):,u,25%,
8519.3010,---Presented SKD for the assembly industry 307 Description (4) Standard Unit of Quantity (5) Duty Rate (6),u,15%,
8519.3090,Other Telephone answering machines:,u,25%,
8519.5010,---Presented SKD for the assembly industry,u,15%,
8519.5090,"Other Other apparatus : Using magnetic, optical or semiconductor media:",u,25%,
8519.8110,---Presented SKD for the assembly industry,u,15%,
8519.8190,Other other:,u,25%,
8519.8910,---Presented SKD for the assembly industry,u,15%,
8519.8990,"Other Video recording or reproducing apparatus, whether or not incorporating a video tuner.",u,25%,
8521.1000,Magnetic tape-type Other:,u,5%,
8521.9010,---Presented SKD for the assembly industry,u,5%,
8521.9090,Other Parts and accessories suitable for use solely or principally with the apparatus of headings 85.19 or 85.21.,u,15%,10%
8522.1000,Pick-up cartridges,kg,15%,
8522.9000,"Other Discs tapes, solid-state non-volatile storage devices, “smart cards” and other media for the recording of sound or of other phenomena, whether or not recorded, including matrices and masters for the production of discs, but excluding products of Chapter 37. Magnetic media:",kg,15%,
8523.2100,--Cards incorporating a magnetic stripe,u,25%,
8523.2900,Other Optical media:,u,25%,
8523.4100,Unrecorded,u,25%,
8523.4900,Other Semiconductor media: Solid-state non-volatile storage devices,u,25%,
8523.5110,Semi Knocked Down (SKD) to be assembled by domestic industry,u,5%,
8523.5120,Completely Built Up (CBU) form,u,15%,
8523.5200,“Smart cards”,u,15%,
8523.5900,Other,u,25%,
8523.8000,"Other Transmission apparatus for radio- broadcasting or television, whether or not incorporating reception apparatus or sound recording or reproducing apparatus; television cameras, digital cameras and video camera recorders.",u,25%,
8525.5000,Transmission apparatus 308 Description (4) Standard Unit of Quantity (5) Duty Rate (6),u,25%,
8525.6000,Transmission apparatus incorporating reception apparatus,u,25%,
8525.8000,"Television cameras, digital cameras and video camera recorders Radar apparatus, radio navigational aid apparatus and radio remote control apparatus.",u,25%,10%
8526.1000,Radar apparatus Other:,u,Free,
8526.9100,--Radio navigational aid apparatus,u,Free,
8526.9200,"--Radio remote control apparatus Reception apparatus for radio-broadcasting, whetheror not combined, in the same housing, with soundrecording or reproducing apparatus or a clock. Radio-broadcast receivers capable of operating withoutan external source of power:",u,Free,
8527.1200,Pocket-size radio cassette-players Other apparatus combined with sound recording or reproducing apparatus:,u,25%,
8527.1310,---Presented SKD for the assembly industry,u,15%,
8527.1390,Other Other :,u,25%,
8527.1910,---Presented SKD for the assembly industry,u,15%,10%
8527.1990,"Other Radio-broad cast receivers not capable of operating without an external source of power, of a kind used in motor vehicles: --Combined with sound recording or reproducing apparatus:",u,25%,19%
8527.2110,---Presented SKD for the assembly industry,u,15%,
8527.2190,Other Other:,u,25%,
8527.2910,---Presented SKD for the assembly industry,u,15%,
8527.2990,Other Other: --Combined with sound recording or reproducing apparatus:,u,25%,
8527.9110,---Presented SKD for the assembly industry,u,15%,
8527.9190,Other Not combined with sound recording or reproducing apparatus but combined with a clock :,u,25%,
8527.9210,---Presented SKD for the assembly industry,u,15%,
8527.9290,Other Other:,u,25%,
8527.9910,Radio-broadcast receivers combined with VCD or DVD players,u,25%,
8527.9990,"Other Monitors and projectors, not incorporating television reception apparatus; reception apparatus for television, whether or not incorporating radio-broadcast receivers or sound or video recording or reproducing apparatus. 309 Description (4) Standard Unit of Quantity (5) Duty Rate (6) Cathode-ray tube monitors:",u,25%,
8528.4200,Capable of directlyconnecting to and designed for use with an automatic dataprocessing machine of heading 84.71,u,Free,
8528.4900,--Other Other monitors: Capable of directly connecting to and designed for use with an automaticdataprocessing machine of heading 84.71:,u,35%,
8528.5210,---Presented SKD for the assembly industry,u,Free,
8528.5290,---Other --Other:,u,5%,
8528.5910,---Presented SKD for the assembly industry,u,15%,
8528.5990,Other Projectors :,u,25%,
8528.6200,Capable of directly connecting to and designed for use with an automatic dataprocessing machine of heading 84.71,u,15%,
8528.6900,"Other Reception apparatus for television, whether or not incorporating radio- broadcast receivers or sound or video recording or reproducing apparatus : Not designed to incorporate a video display or screen:",u,15%,
8528.7110,---Presented SKD for the assembly industry,u,15%,
8528.7190,"---Other Other, colour:",u,25%,
8528.7210,Presented Complete Knocked Down (CKD) for the assembly industry,u,15%,
8528.7220,Presented Semi Knocked Down (SKD) for the assembly industry,u,25%,
8528.7230,Presented Complete Built Up (CBU),u,35%,10%
8528.7300,"Other, monochrome Parts suitable for use solely or principally with the apparatus of headings 85.25 to 85.28.",u,35%,10%
8529.1000,Aerials and aerial reflectors of all kinds; parts suitable for use therewith Other:,kg,15%,
8529.9010,Of heading 85.26,kg,Free,
8529.9090,"Other Electrical signalling, safety or traffic control equipment for railways, tramways, roads, inland waterways, parking facilities, port installation or airfields (other than thoseof heading 86.08).",kg,15%,
8530.1000,Equipment for railways or tramways,u,Free,
8530.8000,Other equipment,u,Free,
8530.9000,"Parts Electric sound or visual signalling apparatus (for example, bells, sirens, indicator panels, burglar or firm alarms), other than those of heading 85.12 or 85.30.",kg,Free,
8531.1000,Burglar or fire alarms and similar apparatus 310 Description (4) Standard Unit of Quantity (5) Duty Rate (6),u,25%,
8531.2000,Indicator panels incorporating liquid crystal devices (LCD) or light emitting diodes (LED),u,25%,
8531.8000,Other apparatus,u,25%,
8531.9000,"Parts Electrical capacitors, fixed, variable or adjustable(pre–set).",kg,15%,
8532.1000,Fixed capacitors designed for use in 50/60 Hz circuits and having a reactive power handling capacity of not less than 0.5 kvar (power capacitors) Other fixed capacitors:,kg,25%,
8532.2100,--Tantalum,kg,5%,
8532.2200,--Aluminium electrolytic,kg,5%,
8532.2300,"--Ceramic dielectric, single layer",kg,5%,
8532.2400,"--Ceramic dielectric, multi layer",kg,5%,
8532.2500,--Dielectric of paper or plastics,kg,5%,
8532.2900,--Other,kg,5%,
8532.3000,Variable or adjustable (pre-set) capacitors,kg,5%,
8532.9000,"Parts Electrical resistors (including rheostats and potentiometers), other than heating resistors.",kg,5%,
8533.1000,"Fixed carbon resistors, composition or film types Other fixed resistors:",kg,5%,
8533.2100,--For a power handling capacity not exceeding 20 W,kg,5%,
8533.2900,"--Other Wire wound variable resistors, including rheostats and potentiometers:",kg,5%,
8533.3100,--For a power handling capacity not exceeding 20 W,kg,5%,
8533.3900,--Other,kg,5%,
8533.4000,"Other variable resistors, including rheostats andpotentiometers",kg,5%,
8533.9000,Parts,kg,5%,
8534.0000,"Printed circuits Electrical apparatus for switching or protecting electrical circuits, or for making connections to or in electrical circuits (for example, switches, fuses, lightning arresters, voltage limiters, surge suppressors, plugs and other connectors, junction boxes), for a voltage exceeding 1,000 Volts.",kg,5%,
8535.1000,Fuses Automatic circuit breakers: --For a voltage of less than 72.5 KV፡,kg,15%,
8535.2110,Presented SKD for the assembly industry,kg,5%,
8535.2120,Presented CBU --Other:,kg,15%,
8535.2910,Presented SKD for the assembly industry 311 Description (4) Standard Unit of Quantity (5) Duty Rate (6),kg,15%,
8535.2920,Presented CBU,kg,25%,
8535.3000,Isolating switches and make-and-break switches,kg,15%,
8535.4000,"Lightning arresters, voltage limiters and surge suppressors",kg,25%,
8535.9000,"Other Electrical apparatus for switching or protecting electrical circuits, or for making connections to or in electrical circuits (for example, switches, relays, fuses, surge suppressors, plugs, sockets, lamp-holders and other connectors, junction boxes), for a voltage not exceeding 1,000 volts; connectors for optical fibers, optical fiber bundles or cables",kg,15%,
8536.1000,Fuses Automatic circuit breakers:,kg,15%,
8536.2010,Presented SKD for the assembly industry,kg,5%,
8536.2020,Presented CBU,kg,15%,
8536.3000,Other apparatus for protecting electrical circuits Relays:,kg,15%,
8536.4100,--For a voltage not exceeding 60 V,kg,15%,
8536.4900,--Other,kg,15%,
8536.5000,"Other switches Lamp-holders, plugs and sockets:",kg,15%,
8536.6100,--Lamp-holders,kg,15%,
8536.6900,--Other,kg,15%,
8536.7000,"Connectors for optical fibres, optical fibres bundles or cables",kg,15%,
8536.9000,"Other apparatus Boards, panels, consoles, desks,cabinets and other bases, equipped with two or moreapparatus of heading 85.35or 85.36, for electric control orthe distribution of electricity, including those incorporating instruments or apparatus of Chapter 90, and numerical control apparatus, other than switching apparatus of heading 85.17. For a voltage not exceeding 1,000 V:",kg,15%,
8537.1010,"Solar charge coltroller, designed for solar energy sources",kg,Free,
8537.1090,"Other For a voltage exceeding 1,000 V:",kg,15%,
8537.2010,"Solar charge coltroller, designed for solar energy sources",kg,Free,
8537.2090,"Other Parts suitable for use solely or principally with the apparatus of heading 85.35, 85.36 or 85.37.",kg,5%,
8538.1000,"Boards, panels consoles desks cabinets and other bases for the goods of heading 85.37, not equipped with their apparatus",kg,5%,
8538.9000,"Other 312 Description (4) Standard Unit of Quantity (5) Duty Rate (6) Electric filament or discharge lamps, including sealed beam lamp units and ultra-violet or infra-red lamps; arc-lamps;light-emitting diode (LED)lamps.",kg,5%,
8539.1000,"Sealed beam lamp units Other filament lamps, excluding ultra-violet or infra-red lamps:",u,25%,
8539.2100,--Tungsten halogen,u,25%,
8539.2200,"--Other, of a power not exceeding 200 W and for a voltage exceeding 100 V",u,25%,
8539.2900,"--Other Discharge lamps, other than ultra-violet lamps:",u,25%,
8539.3100,"Fluorescent, hot cathode",u,25%,
8539.3200,--Mercury or sodium vapour lamps; metal halide lamps,u,25%,
8539.3900,Other Ultra-violet or infra-red lamps; arc-lamps :,u,25%,
8539.4100,--Arc-lamps,u,25%,
8539.4900,--Other Light-emitting diode (LED) lamps:,u,25%,
8539.5010,Presented Semi Knock Down (SKD) for assembly industry,u,15%,
8539.5020,Complete Built Up (CBU),u,25%,
8539.9000,"Parts Thermionic, cold cathode or photo-cathode valves and tubes (for example, vacuum or vapour or gas filled valves and tubes, mercury arc rectifying valves and tubes, cathode-ray tubes, television camera or tubes). Cathode-ray television picture tubes, including video monitor cathode-ray tubes:",kg,5%,
8540.1100,--Colour,u,5%,
8540.1200,--Monochrome,u,5%,
8540.2000,Television camera tubes; image converters and intensifiers; other photo-cathode tubes,u,5%,
8540.4000,"Data/graphic display tubes, monochrome; data/graphic display tubes, colour, with a phosphor dot screen pitch smaller than 0.4mm",u,5%,
8540.6000,"Other cathode-ray tubes Microwave tubes (for example, magnetrons, klystrons, travelling wave tubes, carcinotrons), excluding grid-controlled tubes:",u,5%,
8540.7100,--Magnetrons,u,5%,
8540.7900,--Other Other valves and tubes:,u,5%,
8540.8100,--Receiver or amplifier valves and tubes,u,5%,
8540.8900,--Other Parts :,u,5%,
8540.9100,--Of cathode-ray tubes,kg,5%,
8540.9900,"Other Diodes, transistors and similar semi-conductor devices; photosensitive semi-conductor devices, including photovoltaic cells 313 Description (4) Standard Unit of Quantity (5) Duty Rate (6) whether or not assembled in modules or made up into panels; light- emitting diode (LED) lamps mounted piezo-electric crystals.",kg,5%,
8541.1000,"-Diodes, other than photosensitive or light emitting diodes (LED) Transistors, other than photosensitive transistors:",u,5%,
8541.2100,--With a dissipation rate of less than 1 W,u,5%,
8541.2900,--Other,u,5%,
8541.3000,"Thyristors, diacs and triacs, other than photosensitive devices",u,5%,
8541.4000,"Photosensitive semiconductor devices, including photovoltaic cells whether or not assembled in modules or made up into panels; light- emitting diodes (LED)",u,Free,
8541.5000,Other semiconductor devices,u,5%,
8541.6000,Mounted piezo-electric crystals,u,5%,
8541.9000,Parts Electronic integrated circuits. Electronic integrated circuits:,kg,Free,
8542.3100,"Processors and controller, whether or not combined with memories, converters, logic circuits, amplifiers, clock and timing circuits, or other circuits",u,5%,
8542.3200,Memories,u,5%,
8542.3300,Amplifiers,u,5%,
8542.3900,Other,u,5%,
8542.9000,"Parts Electrical machines and apparatus, having individual functions, not specified or included elsewhere in this Chapter.",kg,5%,
8543.1000,Particle accelerators,u,15%,
8543.2000,Signal generators,u,15%,
8543.3000,"Machines and apparatus for electro-plating, electrolysis or electrophoresis Other machines and apparatus:",u,15%,
8543.7010,"Mobile tv receiver, presented in Semi Knocked Down (SKD) to be assembled by local industries",u,15%,
8543.7090,Other,u,25%,
8543.9000,"Parts Insulated (including enamelled or anodised) wire, cable (including co-axial cable) and other insulated electric conductors, whether or not fitted with connectors; optical fibre cables, made up of individually sheathed fibres, whether or not assembled with electric conductors or fitted with connectors. Winding wire:",kg,15%,
8544.1100,--Of copper,kg,35%,
8544.1900,--Other,kg,35%,
8544.2000,Co-axial cable and other co-axial electric conductors,kg,35%,
8544.3000,"Ignition wiring sets and other wiring sets of a kind used in vehicles, aircraft or ships Other electric conductors, for a voltage not exceeding 1,000V: 314 Description (4) Standard Unit of Quantity (5) Duty Rate (6)",kg,35%,
8544.4200,Fitted with connectors,kg,35%,
8544.4900,Other,kg,35%,
8544.6000,"Other electric conductors, for a voltage exceeding 1,000 V",kg,35%,
8544.7000,"Optical fibre cables Carbon electrodes, carbon brushes, lamp carbons, battery carbons and other articles of graphite or other carbon, with or without metal, of a kind used for electric purposes. Electrodes:",kg,35%,
8545.1100,--Of a kind used for furnaces,kg,15%,
8545.1900,--Other,kg,25%,
8545.2000,Brushes,kg,35%,
8545.9000,Other Electrical insulators of any material.,kg,35%,
8546.1000,Of glass,kg,25%,
8546.2000,Of ceramics,kg,25%,
8546.9000,"Other Insulating fittings for electrical machines, appliances or equipment, being fitting wholly of insulating material a part from any minor components of metal (example, threaded sockets) incorporated during moulding solely for purposes of assembly, other than insulators of heading 85.46; electrical conduit tubing and joints therefor, of base metal lined with insulating material.",kg,25%,
8547.1000,Insulating fittings of ceramics,kg,15%,
8547.2000,Insulating fittings of plastics,kg,15%,
8547.9000,"Other Waste and scrap of primary cells, primary batteries and electric accumulators; spent primary cells, spent primary batteries and spent electric accumulators; electrical parts of machinery or apparatus, not specified or included elsewhere in this Chapter.",kg,15%,
8548.1000,"Waste and scrap of primary cells, primary batteries and electric accumulators; spent primary cells, spent primary batteries and spent electric accumulators",kg,35%,
8548.9000,"Other 316 Chapter 86 or tramway locomotives, rolling-stock and parts thereof; or tramway track fixtures and fittings and parts thereof; mechanical (including electro- mechanical) traffic signalling equipment of all kinds cover : sleepers of wood or of concrete, or concrete guide-tracksections for hovertrains (heading 44.06 or track construction material of iron or steel of headings 73.02; or safety or traffic control equipment of heading 85.30. inter alia, to: sets (running gear), metal tyres, hoops and hubs and other partsof wheels; bogies and bissel-bogies; gear; -stock; hooks and other coupling gear and corridor connections; of Note 1 above, heading 86. 08 applies, inter alia, to: turntables, platform buffers, loading gauges; signal discs , level crossing control gear, signal and point controls, and other mechanical mechanical) signalling, safety or traffic control equipment, whether or not fitted for electric lighting, for roads, inland waterways, parking facilities, port installations or airfields. Item Description (4) Standard Unit of Quantity (5) Duty Rate (6) Rail locomotives powered from an external source of electricity or by electric accumulators.",kg,35%,
8601.1000,Powered from an external source of electricity,u,Free,
8601.2000,Powered by electric accumulators Other rail locomotives; locomotive tenders.,u,Free,
8602.1000,Diesel-electric locomotives,u,Free,
8602.9000,"Other Self-propelled railway or tramway coaches, vans and trucks, other than those of heading 86.04.",u,Free,
8603.1000,Powered from an external source of electricity,u,Free,
8603.9000,Other,u,Free,
8604.0000,"Railway or tramway maintenance or service vehicles, whether or not self-propelled (for example, workshops, cranes, ballast tampers, track liners, testing coaches and track inspection vehicles).",u,Free,
8605.0000,"Railway or tramway passenger coaches, not self-propelled; luggage vans, post office coaches and other special purpose railway or tramway coaches, not self-propelled(excluding 317 Item Description (4) Standard Unit of Quantity (5) Duty Rate (6) those of heading 86.04). Railway or tramway goods vans and wagons, not self- propelled.",u,Free,
8606.1000,Tank wagons and the like,u,Free,
8606.3000,"Self-discharging vans and wagons, other than those of subheading 8606.10 Other:",u,Free,
8606.9100,--Covered and closed,u,Free,
8606.9200,"Open, with non-removable sides of a height exceeding 60 cm",u,Free,
8606.9900,"--Other Parts of railway or tramway locomotives or rolling-stock. Bogies, bissel-bogies, axles and wheels, and parts thereof:",u,Free,
8607.1100,--Driving bogies and bissel-bogies,kg,Free,
8607.1200,--Other bogies and bissel-bogies,kg,Free,
8607.1900,"--Other, including parts Brakes and parts thereof:",kg,Free,
8607.2100,--Air brakes and parts thereof,kg,Free,
8607.2900,--Other,kg,Free,
8607.3000,"Hooks and other coupling devices, buffers, and parts thereof Other:",kg,Free,
8607.9100,--Of locomotives,kg,Free,
8607.9900,--Other,kg,Free,
8608.0000,"Railway or tramway track fixtures and fittings; mechanical (including electro-mechanical signalling, safety or traffic control equipment for railways, tramways, roads, inland waterways, parking facilities, port installations or airfields; parts of the foregoing.",kg,Free,
8609.0000,"Containers (including containers for the transport of fluids) specially designed and equipped for carriage by one or more modes of transport. 318 Chapter 87 Vehicles other than railway or tramway rolling-stock, and parts and accessories thereof cover railway or tram way rolling -stock designed solely for running on rails. Chapter, “tractors” means vehicles constructed essentially for hauling or pushing another vehicle, or not they contain subsidiary provision for the transport, in connection with the main use of the fertilisers or other goods. tools designed for fitting to tractors of heading 87.01 as interchangeable equipment remain classified even if presented with the tractor, and whether or not mounted on it. cabs fall in headings 87.02 to 87.04, and not in heading 87.06. all children’s bicycles. Other children’s cycles fall in heading 95.03. for the purpose of the National Subheadings, the expression “New” refers to a vehicle that has never its manufacturing year. vehicle imported in semi-knocked Down (SKD) or Complete Knocked Down (CKD) form to be industry and a vehicle in a Complete Built Up (CBU) form. Up (CBU) vehicle of tariff heading 87.02, 87.03, 87.04, 87.05 and 87.11 which arrive at Ethiopian (entry point) within a time period of three Gregorian calendar years including the manufacturing the vehicle and when the number of kilometers driven abroad to Ethiopian custom territory (entry 4,000 kilometers, it can be considered as a new vehicle. under national sub heading note 1(B) arrives at Ethiopian custom territory (entry point) within a Gregorian calendar years including the manufacturing calendar year of the vehicle, it can be vehicle. under national sub heading note 1 above is considered as “used” and the age is counted beginning the calendar year to the Gregorian calendar year of its arrival at Ethiopian custom territory (entry point). type vehicle of heading 87.02, when no objective means are available to determine the number of of such vehicle shall be considered to be not less than 10 but not more than 16 as long as the area of driver and front seats is not less than 3.64 m2 and not more than 4.76 respectively, considering the the center points of both the widths and the lengths of the floor of such area. No. Description (4) Standard Unit of Quantity (5) Duty Rate (6) Tractors (other than tractors of heading 87.09). Single axle tractors:",u m2,15%,
8701.1010,New,U,Free,
8701.1020,"Used, Of age not exceeding four years",U,Free,
8701.1030,"Used,Of age exceeding four years but not exceeding seven years",U,Free,
8701.1040,"Used,Of age exceeding seven years Road tractors for semi-trailers:",U,Free,
8701.2010,New 319 No. Description (4) Standard Unit of Quantity (5) Duty Rate (6),u,Free,
8701.2020,"Used, Of age not exceeding four years",u,Free,
8701.2030,"Used, Of age exceeding four years but not exceeding seven years",u,Free,
8701.2040,"Used, Of age exceeding seven years Track-laying tractors:",u,Free,
8701.3010,New,u,Free,
8701.3020,"Used, Of age not exceeding four years",u,Free,
8701.3030,"Used, Of age exceeding four years but not exceeding seven years",u,Free,
8701.3040,"Used, Of age exceeding seven years Other, of an engine power : Not exceeding 18 kW:",u,Free,
8701.9110,New,u,Free,
8701.9120,"Used, Of age not exceeding four years",u,Free,
8701.9130,"Used, Of age exceeding four years but not exceeding seven years",u,Free,
8701.9140,"Used, Of age exceeding seven years Exceeding 18 kW but not exceeding 37 kW:",u,Free,
8701.9210,New,u,Free,
8701.9220,"Used, Of age not exceeding four years",u,Free,
8701.9230,"Used, Of age exceeding four years but not exceeding seven years",u,Free,
8701.9240,"Used, Of age exceeding seven years Exceeding 37 kW but not exceeding 75 kW:",u,Free,
8701.9310,New,u,Free,
8701.9320,"Used, Of age not exceeding four years",u,Free,
8701.9330,"Used, Of age exceeding four years but not exceeding seven years",u,Free,
8701.9340,"Used, Of age exceeding seven years Exceeding 75 kW but not exceeding 130 kW:",u,Free,
8701.9410,New,u,Free,
8701.9420,"Used, Of age not exceeding four years",u,Free,
8701.9430,"Used, Of age exceeding four years but not exceeding seven years",u,Free,
8701.9440,"Used, Of age exceeding seven years Exceeding 130 kW:",u,Free,
8701.9510,New,u,Free,
8701.9520,"Used, Of age not exceeding four years",u,Free,
8701.9530,"Used, Of age exceeding four years but not exceeding seven years",u,Free,
8701.9540,"Used, Of age exceeding seven years Motor vehicles for the transport of ten or more persons, including the driver. With only compression-ignition internal combustion piston engine(diesel or semi-diesel):",u,Free,
8702.1010,"New, Completely Knocked Down (CKD) to be assembled by domestic 320 No. Description (4) Standard Unit of Quantity (5) Duty Rate (6) industry",u,Free,
8702.1020,"New, Semi Knocked Down (SKD) to be assembled by domestic industry",u,5%,
8702.1030,"New, Completely Built Up (CBU)",u,15%,
8702.1040,"Used, of age not exceeding four years",u,15%,
8702.1050,"Used, of age exceeding four years but not exceeding seven years",u,15%,
8702.1060,"Used, of age exceeding seven years With both compression-ignition internal combustion piston engine(diesel or semi-diesel) and electric motor as motors for propulsion:",u,15%,
8702.2010,"New, Completely Knocked Down (CKD) to be assembled by domestic industry",u,Free,
8702.2020,"New, Semi Knocked Down (SKD) to be assembled by domestic industry",u,5%,
8702.2030,"New, Completely Built Up (CBU)",u,15%,
8702.2040,"Used, of age not exceeding four years",u,15%,
8702.2050,"Used, of age exceeding four years but not exceeding seven years",u,15%,
8702.2060,"Used, of age exceeding seven years With both spark-ignition internal combustion reciprocating piston engine and electric motor as motors for propulsion:",u,15%,
8702.3010,"New, Completely Knocked Down (CKD) Or Semi Knocked Down (SKD)to be assembled by domestic industry",u,Free,
8702.3020,"New, Completely Built Up (CBU)",u,5%,
8702.3030,"Used, of age not exceeding four years",u,5%,
8702.3040,"Used, of age exceeding four years but not exceeding seven years",u,5%,
8702.3050,"Used, of age exceeding seven years With only electric motor for propulsion:",u,5%,
8702.4010,New,u,Free,
8702.4020,"Used, of age not exceeding four years",u,Free,
8702.4030,"Used, of age exceeding four years but not exceeding seven years",u,Free,
8702.4040,"Used, of age exceeding seven years Other:",u,Free,
8702.9010,"New, Completely Knocked Down (CKD) to be assembled by domestic industry",u,Free,
8702.9020,"New, Semi Knocked Down (SKD) to be assembled by domestic industry",u,5%,
8702.9030,"New, Completely Built Up (CBU)",u,15%,
8702.9040,"Used, of age not exceeding four years",u,15%,
8702.9050,"Used, of age exceeding four years but not exceeding seven years",u,15%,
8702.9060,"Used, of age exceeding seven years Motor cars and other motor vehicles principally designed for the transport of persons (other than those of heading 87.02), including station wagons and racing cars. Vehicles specially designed for travelling on snow; golf cars and similar vehicles: 321 No. Description (4) Standard Unit of Quantity (5) Duty Rate (6)",u,15%,
8703.1010,New,u,35%,
8703.1020,"Used, Of age one year or more but not exceeding two years",u,35%,
8703.1030,"Used, Of age exceeding two years but not exceeding four years",u,35%,
8703.1040,"Used, Of age exceeding four years but not exceeding seven years",u,35%,
8703.1050,"Used, Of age exceeding seven years Other vehicles, with only spark-ignition internal combustion reciprocating piston engine: Of a cylinder capacity not exceeding 1,000 cc:",u,35%,
8703.2110,"New, Completely Knocked Down (CKD) to be assembled by domestic industry",u,5%,
8703.2120,"New, Semi Knocked Down (SKD) to be assembled by domestic industry",u,15%,
8703.2130,"New, Completely Built Up (CBU)",u,25%,
8703.2140,"Used, of age one year or more but not exceeding two years 2150 Used,of age exceeding two years but not exceeding four years",u u,25% 25%,
8703.2160,"Used, of age exceeding four years but not exceeding seven years",u,25%,
8703.2170,"Used, of age exceeding seven years Of a cylinder capacity exceeding 1,000 cc but not exceeding 1,500 cc:",u,25%,
8703.2210,"New, Completely Knocked Down (CKD) to be assembled by domestic industry",u,5%,
8703.2220,"New, Semi Knocked Down (SKD) to be assembled by domestic industry",u,15%,
8703.2230,"New, Completely Built Up1 (CBU)",u,25%,
8703.2240,"Used, of age one year or more but not exceeding two years 2250 Used, of age exceeding two years or more but not exceeding four years",u u,25% 25%,
8703.2260,"Used, of age exceeding four years but not exceeding seven years",u,25%,
8703.2270,"Used, of age exceeding seven years Of a cylinder capacity exceeding 1,500 cc but not exceeding 3,000cc: Of a cylinder capacity not exceeding 2500 cc:",u,25%,
8703.2311,"New, Completely Knocked Down (CKD) to be assembled by domestic industry",u,5%,
8703.2312,"New, Semi Knocked Down (SKD) to be assembled by domestic industry",u,15%,
8703.2313,"New, Completely Built Up (CBU) form",u,35%,
8703.2314,"Used, of age one year or more but not exceeding two years 2315 Used, of age exceeding two years or more but not exceeding four years",u u,35% 35%,
8703.2316,"Used, of age exceeding four years but not exceeding seven years",u,35%,
8703.2317,"Used, of age exceeding seven years Of a cylinder capacity exceeding 2500 cc:",u,35%,
8703.2321,"New, Completely Knocked Down (CKD) to be assembled by domestic industry 322 No. Description (4) Standard Unit of Quantity (5) Duty Rate (6)",u,5%,
8703.2322,"New, Semi Knocked Down (SKD) to be assembled by domestic industry",u,15%,
8703.2323,"New, Completely Built Up (CBU) form",u,35%,
8703.2324,"Used, of age one year or more but not exceeding two years 2325 Used, of age exceeding two years or more but not exceeding four years",u u,35% 35%,
8703.2326,"Used, of age exceeding four years but not exceeding seven years",u,35%,
8703.2327,"Used, of age exceeding seven years Of a cylinder capacity exceeding 3,000 cc:",u,35%,
8703.2410,"---New, Completely Knocked Down (CKD) to be assembled by domestic industry",u,5%,
8703.2420,"---New, Semi Knocked Down (SKD) to be assembled by domestic industry",u,15%,
8703.2430,"New, Completely Built Up (CBU) form 2440 Used, of age one year or more but not exceeding two years",u u,35% 35%,
8703.2450,"Used, of age exceeding two years or more but not exceeding four years",u,35%,
8703.2460,"Used, Of age exceeding four years but not exceeding seven years",u,35%,
8703.2470,"Used, Of age exceeding seven years Other vehicles, with only compression-ignition internal combustion piston engine (diesel or semi-diesel): Of a cylinder capacity not exceeding 1,500cc:",u,35%,
8703.3110,"New, Completely Knocked Down (CKD) to be assembled by domestic industry",u,5%,
8703.3120,"New, Semi Knocked Down (SKD) to be assembled by domestic industry",u,15%,
8703.3130,"New, Completely Built Up (CBU)",u,25%,
8703.3140,"Used, of age one year or more but not exceeding two years",u,25%,
8703.3150,"Used, of age exceeding two years or more but not exceeding four years",u,25%,
8703.3160,"Used, of age exceeding four years but not exceeding seven years",u,25%,
8703.3170,"Used, of age exceeding seven years Of a cylinder capacity exceeding 1,500 cc but not exceeding 2,500 cc:",u,25%,
8703.3210,"New, Completely Knocked Down (CKD) to be assembled by domestic industry",u,5%,
8703.3220,"New, Semi Knocked Down (SKD) to be assembled by domestic industry",u,15%,
8703.3230,"New, Completely Built Up (CBU) form",u,35%,
8703.3240,"Used, of age one year or more but not exceeding two years",u,35%,
8703.3250,"Used, of age exceeding two years or more but not exceeding four years",u,35%,
8703.3260,"Used, of age exceeding four years but not exceeding seven years",u,35%,
8703.3270,"Used, of age exceeding seven years Of a cylinder capacity exceeding 2,500cc: Of a cylinder capacity exceeding 2,500 cc but not exceeding 3000 cc:",u,35%,
8703.3311,"New, Completely Knocked Down (CKD) to be assembled by domestic industry",u,5%,
8703.3312,"New, Semi Knocked Down (SKD) to be assembled by domestic industry",u,15%,
8703.3313,"New, Completely Built Up (CBU) form 323 No. Description (4) Standard Unit of Quantity (5) Duty Rate (6) 3314 Used, of age one year or more but not exceeding two years",u u,35% 35%,
8703.3315,Used of age exceeding two years or more but not exceeding four years,u,35%,
8703.3316,"Used, of age exceeding four years but not exceeding seven years",u,35%,
8703.3317,"Used, of age exceeding seven years Of a cylinder capacity exceeding 3000 cc:",u,35%,
8703.3321,"New, Completely Knocked Down (CKD) to be assembled by domestic industry",u,5%,
8703.3322,"New, Semi Knocked Down (SKD) to be assembled by domestic industry",u,15%,
8703.3323,"New, Completely Built Up (CBU) form",u,35%,
8703.3324,"Used, of age one year or more but not exceeding two years",u,35%,
8703.3325,"Used ,of age exceeding two years or more but not exceeding four years",u,35%,
8703.3326,"Used, of age exceeding four years but not exceeding seven years",u,35%,
8703.3327,"Used, of age exceeding seven years Other vehicles, with both spark-ignition internal combustion reciprocating piston engine and electric motor as motors for propulsion, other than those capable of being charged by plugging to external source of electric power: Of a cylinder capacity not exceeding 1,500cc:",u,35%,
8703.4011,"New, Completely Knocked Down (CKD) to be assembled by domestic industry",u,5%,
8703.4012,"New, Semi Knocked Down (SKD) to be assembled by domestic industry",u,15%,
8703.4013,"----New, Completely Built Up (CBU)",u,25%,
8703.4014,"Used, of age one year or more but not exceeding two years",u,25%,
8703.4015,"Used, of age exceeding two years or more but not exceeding four years",u,25%,
8703.4016,"Used, of age exceeding four years but not exceeding seven years",u,25%,
8703.4017,"Used, of age exceeding seven years Of a cylinder capacity exceeding 1,500 cc but not exceeding 2,500 cc:",u u,25%,
8703.4021,"New, Completely Knocked Down (CKD) to be assembled by domestic industry",u,5%,
8703.4022,"New, Semi Knocked Down (SKD) to be assembled by domestic industry",u,15%,
8703.4023,"----New, Completely Built Up (CBU)",u,25%,
8703.4024,"Used, of age one year or more but not exceeding two years",u,25%,
8703.4025,"Used, of age exceeding two years or more but not exceeding four years",u,25%,
8703.4026,"Used, of age exceeding four years but not exceeding seven years",u,25%,
8703.4027,"Used, of age exceeding seven years Of a cylinder capacity exceeding 2500 but not exceeding 3000 cc:",u,25%,
8703.4031,"New, Completely Knocked Down (CKD) to be assembled by domestic industry",u,5%,
8703.4032,"New, Semi Knocked Down (SKD) to be assembled by domestic industry",u,15%,
8703.4033,"New, Completely Built Up (CBU) form",u,25%,
8703.4034,"Used, of age one year or more but not exceeding two years 324 No. Description (4) Standard Unit of Quantity (5) Duty Rate (6)",u,25%,
8703.4035,"Used, of age exceeding two years or more but not exceeding four years",u,25%,
8703.4036,"Used, of age exceeding four years but not exceeding seven years",u,25%,
8703.4037,"Used, of age exceeding seven years Of a cylinder capacity exceeding 3000 cc:",u,25%,
8703.4041,"New, Completely Knocked Down (CKD) to be assembled by domestic industry",u,5%,
8703.4042,"New, Semi Knocked Down (SKD) to be assembled by domestic industry",u,15%,
8703.4043,"New, Completely Built Up (CBU) form",u,25%,
8703.4044,"Used, of age one year or more but not exceeding two years",u,25%,
8703.4045,"Used ,of age exceeding two years or more but not exceeding four years",u,25%,
8703.4046,"Used, of age exceeding four years but not exceeding seven years",u,25%,
8703.4047,"Used, of age exceeding seven years Other vehicles, with both compression- ignition internal combustion piston engine (diesel or semi-diesel) and electric motor as motors for propulsion, other than those capable of being charged by plugging to external source of electric power: Of a cylinder capacity not exceeding 1,500cc:",u,25%,
8703.5011,"New, Completely Knocked Down (CKD) to be assembled by domestic industry",u,5%,
8703.5012,"New, Semi Knocked Down (SKD) to be assembled by domestic industry",u,15%,
8703.5013,"----New, Completely Built Up (CBU)",u,25%,
8703.5014,"Used, of age one year or more but not exceeding two years",u,25%,
8703.5015,"Used, of age exceeding two years or more but not exceeding four years",u,25%,
8703.5016,"Used, of age exceeding four years but not exceeding seven years",u,25%,
8703.5017,"Used, of age exceeding seven years Of a cylinder capacity exceeding 1500CC but not exceeding 2500 CC:",u,25%,
8703.5021,"New, Completely Knocked Down (CKD) to be assembled by domestic industry",u,5%,
8703.5022,"New, Semi Knocked Down (SKD) to be assembled by domestic industry",u,15%,
8703.5023,"----New, Completely Built Up (CBU)",u,25%,
8703.5024,"Used, of age one year or more but not exceeding two years",u,25%,
8703.5025,"Used, of age exceeding two years or more but not exceeding four years",u,25%,
8703.5026,"Used, of age exceeding four years but not exceeding seven years",u,25%,
8703.5027,"Used, of age exceeding seven years Of a cylinder capacity exceeding 2500CC but not exceeding 3000 cc:",u,25%,
8703.5031,"New, Completely Knocked Down (CKD) to be assembled by domestic industry",u,5%,
8703.5032,"New, Semi Knocked Down (SKD) to be assembled by domestic industry",u,15%,
8703.5033,"New, Completely Built Up (CBU) form",u,25%,
8703.5034,"Used, of age one year or more but not exceeding two years",u,25%,
8703.5035,"Used, of age exceeding two years or more but not exceeding four years 325 No. Description (4) Standard Unit of Quantity (5) Duty Rate (6)",u,25%,
8703.5036,"Used, of age exceeding four years but not exceeding seven years",u,25%,
8703.5037,"Used, of age exceeding seven years Of a cylinder capacity exceeding 3000 cc:",u,25%,
8703.5041,"New, Completely Knocked Down (CKD) to be assembled by domestic industry",u,5%,
8703.5042,"New, Semi Knocked Down (SKD) to be assembled by domestic industry",u,15%,
8703.5043,"New, Completely Built Up (CBU) form",u,25%,
8703.5044,"Used, of age one year or more but not exceeding two years",u,25%,
8703.5045,"Used ,of age exceeding two years or more but not exceeding four years",u,25%,
8703.5046,"Used, of age exceeding four years but not exceeding seven years",u,25%,
8703.5047,"Used, of age exceeding seven years Other vehicles, with both spark-ignition internal combustion reciprocating piston engine and electric motor as motors for propulsion, capable of being charged by plugging to external source of electric power: Of a cylinder capacity not exceeding 1,500cc:",u,25%,
8703.6011,"New, Completely Knocked Down (CKD) to be assembled by domestic industry",u,5%,
8703.6012,"New, Semi Knocked Down (SKD) to be assembled by domestic industry",u,15%,
8703.6013,"----New, Completely Built Up (CBU)",u,25%,
8703.6014,"Used, of age one year or more but not exceeding two years",u,25%,
8703.6015,"Used, of age exceeding two years or more but not exceeding four years",u,25%,
8703.6016,"Used, of age exceeding four years but not exceeding seven years",u,25%,
8703.6017,"Used, of age exceeding seven years Of a cylinder capacity exceeding 1500 cc but not exceeding 2500 cc:",u,25%,
8703.6021,"New, Completely Knocked Down (CKD) to be assembled by domestic industry",u,5%,
8703.6022,"New, Semi Knocked Down (SKD) to be assembled by domestic industry",u,15%,
8703.6023,"----New, Completely Built Up (CBU)",u,25%,
8703.6024,"Used, of age one year or more but not exceeding two years",u,25%,
8703.6025,"Used, of age exceeding two years or more but not exceeding four years",u,25%,
8703.6026,"Used, of age exceeding four years but not exceeding seven years",u,25%,
8703.6027,"Used, of age exceeding seven years Of a cylinder capacity exceeding 2500 cc but not exceeding 3000 cc:",u,25%,
8703.6031,"New, Completely Knocked Down (CKD) to be assembled by domestic industry",u,5%,
8703.6032,"New, Semi Knocked Down (SKD) to be assembled by domestic industry",u,15%,
8703.6033,"New, Completely Built Up (CBU) form",u,25%,
8703.6034,"Used, of age one year or more but not exceeding two years",u,25%,
8703.6035,"Used, of age exceeding two years or more but not exceeding four years",u,25%,
8703.6036,"Used, of age exceeding four years but not exceeding seven years 326 No. Description (4) Standard Unit of Quantity (5) Duty Rate (6)",u,25%,
8703.6037,"Used, of age exceeding seven years Of a cylinder capacity exceeding 3000 cc:",u,25%,
8703.6041,"New, Completely Knocked Down (CKD) to be assembled by domestic industry",u,5%,
8703.6042,"New, Semi Knocked Down (SKD) to be assembled by domestic industry",u,15%,
8703.6043,"New, Completely Built Up (CBU) form",u,25%,
8703.6044,"Used, of age one year or more but not exceeding two years",u,25%,
8703.6045,"Used, of age exceeding two years or more but not exceeding four years",u,25%,
8703.6046,"Used, of age exceeding four years but not exceeding seven years",u,25%,
8703.6047,"Used, of age exceeding seven years Other vehicles, with both compression ignition internal combustion piston engine (diesel or semi-diesel) and electric motor as motors for propulsion, capable of being charged by plugging to external source of electric power: Of a cylinder capacity not exceeding 1,500cc:",u,25%,
8703.7011,"New, Completely Knocked Down (CKD) to be assembled by domestic industry",u,5%,
8703.7012,"New, Semi Knocked Down (SKD) to be assembled by domestic industry",u,15%,
8703.7013,"----New, Completely Built Up (CBU)",u,25%,
8703.7014,"Used, of age one year or more but not exceeding two years",u,25%,
8703.7015,"Used, of age exceeding two years or more but not exceeding four years",u,25%,
8703.7016,"Used, of age exceeding four years but not exceeding seven years",u,25%,
8703.7017,"Used, of age exceeding seven years Of a cylinder capacity exceeding 1500 cc but not exceeding 2500 cc:",u,25%,
8703.7021,"New, Completely Knocked Down (CKD) to be assembled by domestic industry",u,5%,
8703.7022,"New, Semi Knocked Down (SKD) to be assembled by domestic industry",u,15%,
8703.7023,"----New, Completely Built Up (CBU)",u,25%,
8703.7024,"Used, of age one year or more but not exceeding two years",u,25%,
8703.7025,"Used, of age exceeding two years or more but not exceeding four years",u,25%,
8703.7026,"Used, of age exceeding four years but not exceeding seven years",u,25%,
8703.7027,"Used, of age exceeding seven years Of a cylinder capacity exceeding 2500 cc but not exceeding 3000 cc:",u,25%,
8703.7031,"New, Completely Knocked Down (CKD) to be assembled by domestic industry",u,5%,
8703.7032,"New, Semi Knocked Down (SKD) to be assembled by domestic industry",u,15%,
8703.7033,"New, Completely Built Up (CBU) form",u,25%,
8703.7034,"Used, of age one year or more but not exceeding two years",u,25%,
8703.7035,"Used, of age exceeding two years or more but not exceeding four years",u,25%,
8703.7036,"Used, of age exceeding four years but not exceeding seven years",u,25%,
8703.7037,"Used, of age exceeding seven years 327 No. Description (4) Standard Unit of Quantity (5) Duty Rate (6) Of a cylinder capacity exceeding 3000 cc:",u,25%,
8703.7041,"New, Completely Knocked Down (CKD) to be assembled by domestic industry",u,5%,
8703.7042,"New, Semi Knocked Down (SKD) to be assembled by domestic industry",u,15%,
8703.7043,"New, Completely Built Up (CBU) form",u,25%,
8703.7044,"Used, of age one year or more but not exceeding two years",u,25%,
8703.7045,"Used, of age exceeding two years or more but not exceeding four years",u,25%,
8703.7046,"Used, of age exceeding four years but not exceeding seven years",u,25%,
8703.7047,"Used, of age exceeding seven years Othervehicles, with only electric motor for propulsion : New:",u,25%,
8703.8011,Completely Knocked Down (CKD) to be assembled by domestic industry,u,Free,
8703.8012,Semi Knocked Down (SKD) to be assembled by domestic industry,u,5%,
8703.8013,Completely Built Up (CBU) form Used:,u,15%,
8703.8021,"Used, of age one year or more but not exceeding two years",u,15%,
8703.8022,"Used, of age exceeding two years or more but not exceeding four years",u,15%,
8703.8023,"Used, of age exceeding four years but not exceeding seven years",u,15%,
8703.8024,"Used, of age exceeding seven years Other: Of a cylinder capacity not exceeding 1,500 cc:",u,15%,
8703.9011,"New, Completely Knocked Down (CKD) to be assembled by domestic industry",u,5%,
8703.9012,"New, Semi Knocked Down (SKD) to be assembled by domestic industry",u,15%,
8703.9013,"----New, Completely Built Up (CBU)",u,25%,
8703.9014,"Used, of age one year or more but not exceeding two years",u,25%,
8703.9015,"Used, of age exceeding two years or more but not exceeding four years",u,25%,
8703.9016,"Used, of age exceeding four years but not exceeding seven years",u,25%,
8703.9017,"Used, of age exceeding seven years Of a cylinder capacity exceeding 1500 cc but not exceeding 2500 cc:",u,25%,
8703.9021,"New, Completely Knocked Down (CKD) to be assembled by domestic industry",u,5%,
8703.9022,"New, Semi Knocked Down (SKD) to be assembled by domestic industry",u,15%,
8703.9023,"----New, Completely Built Up (CBU)",u,35%,
8703.9024,"Used, of age one year or more but not exceeding two years",u,35%,
8703.9025,"Used, of age exceeding two years or more but not exceeding four years",u,35%,
8703.9026,"Used, of age exceeding four years but not exceeding seven years",u,35%,
8703.9027,"Used, of age exceeding seven years Of a cylinder capacity exceeding 2500 cc but not exceeding 3000 cc: 328 No. Description (4) Standard Unit of Quantity (5) Duty Rate (6)",u,35%,
8703.9031,"New, Completely Knocked Down (CKD) to be assembled by domestic industry",u,5%,
8703.9032,"New, Semi Knocked Down (SKD) to be assembled by domestic industry",u,15%,
8703.9033,"New, Completely Built Up (CBU) form",u,35%,
8703.9034,"Used, of age one year or more but not exceeding two years",u,35%,
8703.9035,"Used, of age exceeding two years or more but not exceeding four years",u,35%,
8703.9036,"Used, of age exceeding four years but not exceeding seven years",u,35%,
8703.9037,"Used, of age exceeding seven years Of a cylinder capacity exceeding 3000 cc:",u,35%,
8703.9041,"New, Completely Knocked Down (CKD) to be assembled by domestic industry",u,5%,
8703.9042,"New, Semi Knocked Down (SKD) to be assembled by domestic industry",u,15%,
8703.9043,"New, Completely Built Up (CBU) form",u,35%,
8703.9044,"Used, of age one year or more but not exceeding two years",u,35%,
8703.9045,"Used, of age exceeding two years or more but not exceeding four years",u,35%,
8703.9046,"Used, of age exceeding four years but not exceeding seven years",u,35%,
8703.9047,"Used, of age exceeding seven years Motor vehicles for the transport of goods. Dumpers designed for off-highway use:",u,35%,
8704.1010,New,u,Free,
8704.1020,"Used, of age not exceeding four years",u,Free,
8704.1030,"Used, of age exceeding fiour years but not exceeding seven years",u,Free,
8704.1040,"Used, of age exceeding seven years Other, with operation-ignition internal combustion piston engine (dissel or semi dissel): g.v.w. not exceeding 5 tones: With a carrying capacity not exceeding 1,500 kg:",u,Free,
8704.2111,"New, Completely Knocked Down (CKD) to be assembled by domestic industry",u,5%,
8704.2112,"New, Semi Knocked Down (SKD) to be assembled by domestic industry",u,15%,
8704.2113,"New, Completely Built Up (CBU)",u,25%,
8704.2114,Of age not exceeding four years,u,25%,
8704.2115,Of age exceeding four years but not exceeding seven years,u,25%,
8704.2116,"Of age exceeding seven years With a carrying capacity exceeding 1,500 kg:",u,25%,
8704.2121,"New, Completely Knocked Down (CKD) to be assembled by domestic industry",u,Free,
8704.2122,"New, Semi Knocked Down (SKD) to be assembled by domestic industry",u,5%,
8704.2123,"New, Completely Built Up (CBU)",u,15%,
8704.2124,Of age not exceeding four years 329 No. Description (4) Standard Unit of Quantity (5) Duty Rate (6),u,15%,
8704.2125,Of age exceeding four years but not exceeding seven years,u,15%,
8704.2126,Of age exceeding seven years g.v.w. exceeding 5 tones but not exceeding 20 tones: New:,u,15%,
8704.2211,Completely Knocked Down (CKD) to be assembled by domestic industry,u,Free,
8704.2212,Semi Knocked Down (SKD) to be assembled by domestic industry,u,5%,
8704.2213,Completely Built Up (CBU) Used:,u,15%,
8704.2221,Of age not exceeding four years,u,15%,
8704.2222,Of age exceeding four years but not exceeding seven years,u,15%,
8704.2223,Of age exceeding seven years g.v.w. exceeding 20 tonnes: New:,u,15%,
8704.2311,Completely Knocked Down (CKD) to be assembled by domestic industry,u,Free,
8704.2312,Semi Knocked Down (SKD) to be assembled by domestic industry,u,5%,
8704.2313,Completely Built Up (CBU) Used:,u,15%,
8704.2321,Of age not exceeding four years,u,15%,
8704.2322,Of age exceeding four years but not exceeding seven years,u,15%,
8704.2323,"Of age exceeding seven years Other, with spark-ignition internal combustion piston engine : g.v.w. not exceeding 5 tones: With a carrying capacity not exceeding 1,500 kg:",u,15%,
8704.3111,"New, Completely Knocked Down (CKD) to be assembled by domestic industry",u,5%,
8704.3112,"New, Semi Knocked Down (SKD) to be assembled by domestic industry",u,15%,
8704.3113,"New, Completely Built Up (CBU)",u,25%,
8704.3114,Of age not exceeding four years,u,25%,
8704.3115,Of age exceeding four years but not exceeding seven years,u,25%,
8704.3116,"Of age exceeding seven years With a carrying capacity exceeding 1,500 kg:",u,25%,
8704.3121,"New, Completely Knocked Down (CKD) to be assembled by domestic industry",u,Free,
8704.3122,"New, Semi Knocked Down (SKD) to be assembled by domestic industry",u,5%,
8704.3123,"New, Completely Built Up (CBU)",u,15%,
8704.3124,Of age not exceeding four years,u,15%,
8704.3125,Of age exceeding four years but not exceeding seven years,u,15%,
8704.3126,Of age exceeding seven years g.v.w. exceeding 5 tones: 330 No. Description (4) Standard Unit of Quantity (5) Duty Rate (6) New:,u,15%,
8704.3211,Completely Knocked Down (CKD) to be assembled by domestic industry,u,Free,
8704.3212,Semi Knocked Down (SKD) to be assembled by domestic industry,u,5%,
8704.3213,Completely Built Up (CBU) Used:,u,15%,
8704.3221,Of age not exceeding four years,u,15%,
8704.3222,Of age exceeding four years but not exceeding seven years,u,15%,
8704.3223,Of age exceeding seven years Other: New:,u,15%,
8704.9011,Completely knocked down (CKD) to be assembled by domestic industry,u,Free,
8704.9012,Semi knocked down (SKD) to be assembled by domestic industry,u,5%,
8704.9013,Completely built up (CBU) Used:,u,15%,
8704.9021,Of age not exceeding four years,u,15%,
8704.9022,Of age exceeding four years but not exceeding seven years,u,15%,
8704.9023,"Of age exceeding seven years Special purpose motor vehicles, other than those principally designed for the transport of persons or goods (for example, breakdown lorries crane lorries, fire fighting vehicles, concrete mixer lorries, road sweeper lorries spraying lorries, mobile workshops, mobile radiological units). Crane lorries:",u,15%,
8705.1010,New,u,Free,
8705.1020,"Used, of age not exceeding four years",u,Free,
8705.1030,"Used, of age exceeding four years but not exceeding seven years",u,Free,
8705.1040,"Used, of age exceeding seven years Mobile drilling derricks:",u,Free,
8705.2010,New,u,Free,
8705.2020,"Used, of age not exceeding four years",u,Free,
8705.2030,"Used, of age exceeding four years but not exceeding seven years",u,Free,
8705.2040,"Used, of age exceeding seven years",u,Free,
8705.3000,Fire fighting vehicles Concrete-mixer lorries:,u,Free,
8705.4010,New,u,Free,
8705.4020,"Used, of age not exceeding four years",u,Free,
8705.4030,"Used, of age exceeding four years but not exceeding seven years",u,Free,
8705.4040,"Used, of age exceeding seven years",u,Free,
8705.9000,"Other Chassis fitted with engines, for the motor vehicles of headings 87.01 to 87.05. 331 No. Description (4) Standard Unit of Quantity (5) Duty Rate (6)",u,Free,
8706.0010,"New, of a kind suitable for tariff heading 87.02",u,Free,
8706.0090,"Other Bodies (including cabs), for the motor vehicles of headings 87.01 to 87.05.",u,15%,
8707.1000,For the vehicles of heading 87.03,u,15%,
8707.9000,Other Parts and accessories of the motor vehicles of headings 87.01 to 87.05.,u,15%,
8708.1000,Bumpers and parts thereof Other parts and accessories of bodies (including cabs):,kg,25%,
8708.2100,Safety seat belts,kg,25%,
8708.2900,Other,kg,25%,
8708.3000,Brakes and servo-brakes; parts thereof,kg,25%,
8708.4000,Gear boxes and parts thereof,kg,25%,
8708.5000,"Drive-axles with differential, whether or not provided with other transmission components, and non- driving axles; Parts thereof",kg,25%,
8708.7000,Road wheels and parts and accessories thereof,kg,25%,
8708.8000,Suspension systems and parts thereof (including shock absorbers) Other parts and accessories:,kg,25%,
8708.9100,--Radiators and parts thereof,kg,25%,
8708.9200,Silencers (Mufflers) and exhaust pipes; Parts thereof,kg,25%,
8708.9300,Clutches and parts thereof,kg,25%,
8708.9400,"Steering wheels, steering columns and steering boxes; Parts thereof",kg,25%,
8708.9500,Safety airbags with inflator system; parts thereof,kg,25%,
8708.9900,"Other Works trucks, self-propelled, not fitted with lifting or handling equipment, of the type used in factories, warehouses, dock areas or airports for short distance transport of goods; tractors of the type used on railway station platforms; parts of the foregoing vehicles. Vehicles:",kg,25%,
8709.1100,Electrical,u,5%,
8709.1900,Other,u,5%,
8709.9000,Parts,kg,15%,
8710.0000,"Tanks and other armoured fighting vehicles, motorised, whether or not fitted with weapons and parts of such vehicles. Motorcycles (including mopeds) and cycles fitted with an auxiliary motor, with or without side-cars; side-cars. With reciprocating internal combustion piston engine of a cylinder capacity not exceeding 50 cc:",u,Free,
8711.1010,"New, Completely knocked down (CKD) to be assembled by domestic industry",u,5%,
8711.1020,"New, Semi knocked down (SKD) to be assembled by domestic industry",u,15%,
8711.1030,"New, Completely Built Up (CBU)",u,35%,
8711.1040,Used 332 No. Description (4) Standard Unit of Quantity (5) Duty Rate (6) With reciprocating internal combustion piston engine of a cylinder capacity exceeding 50 cc but not exceeding 250 cc:,u,35%,
8711.2010,"---New, Completely knocked down (CKD) to be assembled by domestic industry",u,5%,
8711.2020,"---New, Semi Knocked Down (SKD) to be assembled by domestic industry",u,15%,
8711.2030,"---New, Completely Built Up (CBU)",u,35%,
8711.2040,Used With reciprocating internal combustion piston engine of a cylinder capacity exceeding 250 cc but not exceeding 500 cc:,u,35%,
8711.3010,"---New, Completely knocked down (CKD) to be assembled by domestic industry",u,5%,
8711.3020,"---New, Semi Knocked Down (SKD) to be assembled by domestic industry",u,15%,
8711.3030,"---New, Completely Built Up (CBU)",u,35%,
8711.3040,Used With reciprocating internal combustion piston engine of a cylinder capacity exceeding 500 cc but not exceeding 800 cc:,u,35%,
8711.4010,"---New, Completely knocked down (CKD) to be assembled by domestic industry",u,5%,
8711.4020,"---New, Semi Knocked Down (SKD) to be assembled by domestic industry",u,15%,
8711.4030,"---New, Completely Built Up (CBU)",u,35%,
8711.4040,Used With reciprocating internal combustion piston engine of a cylinder capacity exceeding 800 cc :,u,35%,
8711.5010,"New, Completely knocked down (CKD) to be assembled by domestic industry",u,5%,
8711.5020,"New, Semi Knocked Down (SKD) to be assembled by domestic industry",u,15%,
8711.5030,"----New, Completely Built Up (CBU)",u,35%,
8711.5040,Used With electric motor for propulsion:,u,35%,
8711.6010,"---New, Completely knocked down (CKD) to be assembled by domestic industry",u,Free,
8711.6020,"---New, Semi Knocked Down (SKD) to be assembled by domestic industry",u,5%,
8711.6030,"New, Completely Built Up (CBU)",u,15%,
8711.6040,Used Other:,u,15%,
8711.9010,"---New, Completely knocked down (CKD) to be assembled by domestic industry",u,5%,
8711.9020,"New, Semi Knocked Down (SKD) to be assembled by domestic industry",u,15%,
8711.9030,"New, Completely Built Up (CBU)",u,35%,
8711.9040,Used,u,35%,
8712.0000,"Bicycles and other cycles (including delivery tricycles), not motorized. Carriages for disabled persons, whether or not motorized or otherwise mechanically propelled.",u,15%,
8713.1000,Not mechanically propelled,u,Free,
8713.9000,Other Parts and accessories of vehicles of headings. 87.11 to 87.13 333 No. Description (4) Standard Unit of Quantity (5) Duty Rate (6),u,Free,
8714.1000,Of motorcycles (including mopeds),kg,15%,
8714.2000,Of carriages for disabled persons Other:,kg,Free,
8714.9100,"Frames and forks, and parts thereof",kg,15%,
8714.9200,Wheel rims and spokes,kg,15%,
8714.9300,"Hubs, other than coaster braking hubs and hub brakes, and free-wheel sprocket-wheels",kg,15%,
8714.9400,"Brakes, including coaster braking hubs and hub brakes, and parts thereof",kg,15%,
8714.9500,Saddles,u,15%,
8714.9600,"Pedals and crank-gear, and parts thereof",kg,15%,
8714.9900,Other,kg,15%,
8715.0000,"Baby carriages and parts thereof. Trailers and semi-trailers; other vehicles, not mechanically propelled; parts thereof. Trailers and semi-trailers of the caravan type, for housing or camping:",kg,15%,
8716.1010,"New, Completely Knocked Down (CKD) to be assembled by domestic industry",u,5%,
8716.1020,"New, Completely Built Up (CBU) form",u,15%,
8716.1030,Used Self-loading or self-unloading trailers and semi-trailers for agricultural purposes:,u,15%,
8716.2010,"New, Completely Knocked Down (CKD) to be assembled by domestic industry",u,5%,
8716.2020,"New, Completely Built Up (CBU) form",u,15%,
8716.2030,Used Other trailers and semi-trailers for the transport of goods: Tanker trailers and tanker semi trailers:,u,15%,
8716.3110,"New, Completely Knocked Down (CKD) to be assembled by domestic industry",u,5%,
8716.3120,"New, Completely Built Up (CBU) form",u,15%,
8716.3130,Used Other:,u,15%,
8716.3910,"New, Completely Knocked Down (CKD) to be assembled by domestic industry",u,5%,
8716.3920,"New, Completely Built Up (CBU) form",u,15%,
8716.3930,Used Other trailers and semi-trailers:,u,15%,
8716.4010,"New, Completely Knocked Down (CKD) to be assembled by domestic industry",u,5%,
8716.4020,"New, Completely Built Up (CBU) form 334 No. Description (4) Standard Unit of Quantity (5) Duty Rate (6)",u,15%,
8716.4030,"Used Other vehicles: Tar and pitch boilers, and similar vehicles ordinarily employed in the construction and maintenance of road:",u,15%,
8716.8011,New,u,5%,
8716.8012,Used Other:,u,5%,
8716.8091,New,u,25%,
8716.8092,Used,u,25%,
8716.9000,"Parts 335 Chapter 88 Aircraft, spacecraft, and parts thereof 8802.11 to 8802.40, the expression “unladen weight” means the weight of the achine in the weight of the crew and of fuel and equipment other than permanently fitted items of Item Description (4) Standard Unit of Quantity (5) Duty Rate (6)",u,5%,
8801.0000,"Balloons and dirigibles; gliders, hang gliders and other non powered aircraft. Other aircraft (for example, helicopters, aeroplanes); spacecraft (including satellites) and suborbital and spacecraft launch vehicles. Helicopters:",u,Free,
8802.1100,--Of an unladen weight not exceeding 2000 kg,u,Free,
8802.1200,--Of an unladen weight exceeding 2000 kg,u,Free,
8802.2000,"Aeroplanes and other aircraft, of an unladen weight not exceeding 2000 kg",u,Free,
8802.3000,"Aeroplanes and other aircraft, of an unladen weight exceeding 2000 kg but not exceeding 15,000 kg",u,Free,
8802.4000,"Aeroplanes and other aircraft, of an unladen weight exceeding 15,000 kg",u,Free,
8802.6000,Spacecraft (including satellites) and suborbital and spacecraft launch vehicles Parts of goods of heading 88.01 or 88.02.,u,Free,
8803.1000,Propellers and rotors and parts thereof,kg,Free,
8803.2000,Under-carriages and parts thereof,kg,Free,
8803.3000,Other parts of aeroplanes or helicopters,kg,Free,
8803.9000,Other,kg,Free,
8804.0000,Parachutes (including dirigible parachutes and paragliders) and rotochutes; parts thereof and accessories thereto. Aircraft launching gear; deck-arrestor or similar gear; ground flying trainers; parts of the foregoing articles.,kg,Free,
8805.1000,Aircraft launching gear and parts thereof; deck-arrestor or similar gear and parts thereof Ground flying trainers and parts thereof:,kg,Free,
8805.2100,--Air combat simulators and parts thereof,kg,Free,
8805.2900,"--Other 336 Chapter 89 Ships, boats and floating structures vessel, assembled, unassembled or disassembled, or acomplete vessel unassembled or in heading 89.06 if it does not have the essential character of a vessel of a particular kind. Item No. (3) Description (4) Standard Unit of Quantity (5) Duty Rate (6) Cruise ships, excursion boats, ferry-boats, cargo ships, barges and similar vessels for the transport of persons or goods.",kg,Free,
8901.1000,"Cruise ships, excursion boats and similar vessels principally designed for the transport of persons; ferry-boats of all kinds",u,5%,
8901.2000,Tankers,u,5%,
8901.3000,"Refrigerated vessels, other than those of subheading 8901.20",u,5%,
8901.9000,Other vessels for the transport of goods and other vessels for the transport of both persons and goods,u,Free,
8902.0000,Fishing vessels; factory ships and other vessels for processing or preserving fishery products. Yachts and other vessels for pleasure or sports; rowing boats and canoes.,u,Free,
8903.1000,Inflatable Other:,u,Free,
8903.9100,"--Sailboats, with or without auxiliary motor",u,Free,
8903.9200,"--Motorboats, other than outboard motorboats",u,Free,
8903.9900,--Other,u,Free,
8904.0000,"Tugs and pusher craft. Light-vessels, fire-floats, dredgers, floating cranes, and other vessels the navigability of which is subsidiary to their main function; floating docks; floating or submersible drilling or production platforms.",u,Free,
8905.1000,Dredgers,u,5%,
8905.2000,Floating or submersible drilling or production plat forms,u,5%,
8905.9000,"Other Other vessels, including warships and lifeboats other than rowing boats.",u,5%,
8906.1000,Warships,u,Free,
8906.9000,"Other Other floating structures (for example, rafts, tanks, coffer- dams, landing-stages, buoys and beacons).",u,5%,
8907.1000,Inflatable rafts,u,Free,
8907.9000,Other,u,Free,
8908.0000,"Vessels and other floating structures for breaking up. 338 if suitable for use solely or principally with a particular kind of machine, instrument or of machines, instruments or apparatus of the same heading (including a machine,instrumentor 90.10, 90.13 or 90.31) are to be classified with the machines, instruments or apparatus of that kind; are to be classified in heading 90.33. and 4 to Section XVI apply also to this Chapter. to telescopic sights for fitting to arms, periscopic telescopes for fitting to submarines or tanks, or instruments or apparatus of this Chapter or Section XVI; suchtelescopic sights and in heading 90.13. instruments, appliances or machines which but for this Note, could be classified both in heading are to be classified in heading 90.31. 90.21, the expression “orthopaedic appliances” means appliances for: bodily deformities; or parts of the body following an illness, operation or injury. footwear and special insoles designed to correct orthopaedicconditions,provided that they are or (2) mass-produced, presented singly and not in pairs and designed to fit either foot equally. to: for automatically controlling the flow level, pressure or other variables of liquids or gases, or temperature, whether or not their operation depends on an electrical phenomenon which factor to be automatically controlled, which are designed to bring this factor to, and maintain it at, a against disturbances, by constantly or periodically measuring its actual value; and of electrical quantities, and instruments or apparatus for automatically controlling non- the operation of which depends on an electrical phenomenon varying according to the which are designed to bring this factor to, and maintain it at, a desired value, stabilised by constantly or periodically measuring its actual va Description (4) Standard Unit of Quantity (5) Duty Rate (6) Optical fibres and optical fibre bundles; optical fibre cables other than those of heading 85.44; sheets and plates of polarising material; lenses (including contact lenses), prisms, mirrors and other optical elements, of any material, unmounted, other than such elements of glass not optically worked.",u,5%,
9001.1000,"Optical fibres, optical fibre bundles and cables",kg,5%,
9001.2000,Sheets and plates of polarising material,kg,5%,
9001.3000,Contact lenses,u,5%,
9001.4000,Spectacle lenses of glass,u,15%,
9001.5000,Spectacle lenses of other materials,u,15%,
9001.9000,"Other Lenses, prisms, mirrors and other optical elements, of anymaterial, mounted being partsof or fittings for instruments of apparatus, other than such elements of glass not optically worked. Objective lenses:",kg,15%,
9002.1100,"--For cameras, projectors or photographic enlargers or reducers",kg,15%,
9002.1900,--Other,kg,15%,
9002.2000,Filters,kg,15%,
9002.9000,"Other 339 Description (4) Standard Unit of Quantity (5) Duty Rate (6) Frames and mountings for spectacles, goggles or the like, and parts thereof. Frames and mountings:",kg,15%,
9003.1100,--Of plastics,u,25%,
9003.1900,--Of other materials,u,25%,
9003.9000,"Parts Spectacles, goggles and the like, corrective, protective or other",kg,15%,
9004.1000,Sunglasses Other:,u,35%,
9004.9010,Goggles and the like,u,5%,
9004.9090,"Other Binoculars, monoculars, other optical telescope, and mountings therefor; other astronomical instruments and mountings therefor, but not including instruments for radio-astronomy.",u,25%,
9005.1000,Binoculars Other instruments:,u,35%,
9005.8010,Astronomical instruments,u,5%,
9005.8090,Other,u,35%,
9005.9000,"Parts and accessories (including mountings) Photographic (other than cinematographic) cameras; photographic flashlight apparatus and flashbulbs other than discharge lamps of heading 85.39, Cameras specially designed for underwater use, for aerial survey or for medical or surgical examination of internal organs; comparison cameras for forensic or criminological purposes:",kg,15%,
9006.3010,Cameras specially designed for medical or surgical purposeandaerial survey cameras presented with or without unmanned aerial vehicles (drones),u,5%,
9006.3090,Other,u,35%,
9006.4000,Instant print cameras Other cameras:,u,35%,
9006.5100,"--With a through-the-lens viewfinder(single lens reflex (SLR)), for roll film of a width not exceeding 35 mm",u,35%,
9006.5200,"--Other, for roll film of a width less than 35 mm",u,35%,
9006.5300,"--Other, for roll film of a width of 35 mm",u,35%,
9006.5900,--Other Photographic flashlight apparatus and flashbulbs:,u,35%,
9006.6100,--Discharge lamp (“electronic”) flashlight apparatus,u,35%,
9006.6900,--Other Parts and accessories:,u,35%,
9006.9100,--For cameras,kg,35%,
9006.9900,"--Other Cinematographic cameras and projectors, whether or not incorporating sound recording or reproducing apparatus. 340 Description (4) Standard Unit of Quantity (5) Duty Rate (6)",kg,35%,
9007.1000,Cameras,u,15%,
9007.2000,Projectors Parts and accessories:,u,15%,
9007.9100,--For cameras,kg,15%,
9007.9200,"--For Projectors Image projectors, other than cinematographic; photographic(other than cinematographic) enlargers and reducers.",kg,15%,
9008.5000,"Projectors, enlargers and reducers",u,15%,
9008.9000,"Parts and accessories Apparatus and equipment for photographic (including cinematographic) laboratories, not specified or included elsewhere in this Chapter; negatoscopes; projection screens.",kg,15%,
9010.1000,-Apparatus and equipment for automatically developing photographic (including cinematographic) film or paper in rolls or for automatically exposing developed film to rolls of photographic paper.,u,15%,
9010.5000,-Other apparatus and equipment for photographic(includingcinematographic) laboratories; negatoscopes,u,15%,
9010.6000,Projection screens,u,15%,
9010.9000,"Parts and accessories Compound optical microscopes, including those for photomicrography, cinephotomicrography or microprojection",kg,15%,
9011.1000,Stereoscopic microscopes,u,Free,
9011.2000,"Other microscopes, for photo micrography, cinephotomicrography or microprojection",u,Free,
9011.8000,Other microscopes,u,Free,
9011.9000,Parts and accessories Microscopes other than optical microscopes diffraction apparatus.,kg,5%,
9012.1000,Microscopes other than optical microscopes; diffraction apparatus,u,Free,
9012.9000,"Parts and accessories Liquid crystal devices not constituting articles provided for more specifically in other headings; lasers, other than laser diodes; other opticalappliances and instruments, not specified orincluded elsewhere in this Chapter.",kg,Free,
9013.1000,"Telescopic sights for fitting to arms; periscopes; telescopes designed to form parts of machines, appliances, instruments or apparatus of this Chapter or Section XVI",u,35%,
9013.2000,"Lasers, other than laser diodes",u,35%,
9013.8000,"Other devices, appliances and instruments",u,Free,
9013.9000,Parts and accessories Direction finding compasses; other navigational instruments and appliances.,kg,15%,
9014.1000,Direction finding compasses,u,5%,
9014.2000,Instruments and appliances for aeronautical or space navigation (other than compasses),u,5%,
9014.8000,Other instruments and appliances,u,5%,
9014.9000,"Parts and accessories 341 Description (4) Standard Unit of Quantity (5) Duty Rate (6) Surveying (including photogrammetrical surveying), hydrographic,oceanographic, hydrological, meteorological or geophysical instruments and appliances, excluding compasses; rangefinders.",kg,5%,
9015.1000,Rangefinders,u,Free,
9015.2000,Theodolites and tachymeters (tacheometers),u,Free,
9015.3000,Levels,u,Free,
9015.4000,Photogrammetrical surveying instruments and appliances,kg,Free,
9015.8000,Other instruments and appliances,u,Free,
9015.9000,Parts and accessories,kg,5%,
9016.0000,"Balances of a sensitivity of 5 cg or better, with or without weights. Drawing, marking-out or mathematical calculating instruments (for example, drafting machines, pantographs, protractors, drawing sets, slide rules, disc calculators); instruments for measuring length, for use in the hand (for example, measuring rods and tapes, micrometers, callipers), not specified or included elsewhere in this Chapter.",kg,5%,
9017.1000,"Drafting tables and machines, whether or not automatic",u,15%,
9017.2000,"Other drawing, marking-out or mathematical calculating instruments.",u,15%,
9017.3000,"Micrometers, callipers and gauges",u,15%,
9017.8000,Other instruments,u,15%,
9017.9000,"Parts and accessories Instruments and appliances used in medical, surgical, dental or veterinary sciences, including scintigraphic apparatus, other electro- medical apparatus and sight-testing instruments. -Electro-diagnostic apparatus (including apparatus for functionalexploratory examination or for checking physiological parameters):",kg,15%,
9018.1100,--Electro-cardiographs,u,Free,
9018.1200,--Ultrasonic scanning apparatus,u,Free,
9018.1300,--Magnetic resonance imaging apparatus,u,Free,
9018.1400,--Scintigraphic apparatus,u,Free,
9018.1900,--Other,u,Free,
9018.2000,"Ultra-violet or infra-red ray apparatus Syringes, needles, catheters, cannulae and the like:",kg,Free,
9018.3100,"--Syringes, with or without needles",u,Free,
9018.3200,--Tubular metal needles and needles for sutures,kg,Free,
9018.3900,"--Other Other instruments and appliances, used in dental sciences:-",u,Free,
9018.4100,"--Dental drill engines, whether or not combined on a single base with other dental equipment",kg,Free,
9018.4900,--Other,u,Free,
9018.5000,Other opthalmic instruments and appliances,kg,Free,
9018.9000,"Other instruments and appliances Mechano-therapy appliances; massage apparatus; psychological aptitude testing apparatus; ozone therapy, oxygen therapy, aerosol therapy, artificial respiration or other therapeutic respiration 342 Description (4) Standard Unit of Quantity (5) Duty Rate (6) apparatus.",u,Free,
9019.1000,Mechano-therapy appliances; massage apparatus; psychological aptitude- testing apparatus,kg,Free,
9019.2000,"Ozone therapy, oxygen therapy, aerosol therapy, artificial respiration or other therapeutic respiration apparatus",kg,Free,
9020.0000,"Other breathing appliances and gas masks, excluding protective masks having neither mechanical parts nor replaceable filters. Orthopaedic appliances, including crutches, surgical belts and trusses; splints and other fracture appliances; artificial parts of the body; hearing aids and other appliances which are worn or carried, or implanted in the body, to compensate for a defect or disability.",kg,Free,
9021.1000,Orthopaedic or fracture appliances Artificial teeth and dental fittings:,kg,Free,
9021.2100,--Artificial teeth,kg,Free,
9021.2900,--Other Other artificial parts of the body:,kg,Free,
9021.3100,--Artificial joints,kg,Free,
9021.3900,--Other,kg,Free,
9021.4000,"Hearing aids, excluding parts and accessories",u,Free,
9021.5000,"Pacemakers for stimulating heart muscles, excluding parts and accessories",u,Free,
9021.9000,"Other Apparatus based on the use of x-rays or of alpha, beta or gamma radiations, whether or not for medical, surgical, dental or veterinary uses, including radiography or radiotherapy apparatus, x-ray tubes and other x-ray generators, high tension generators, control panels and desks, high tension generators, screens, examination or treatment tables, chairs and the like. Apparatus based on the use of x-ray, whether or not for medical, surgical, dental or veterinary uses, including radiography or radiotherapy apparatus:",kg,Free,
9022.1200,--Computed tomography apparatus,u,Free,
9022.1300,"--Other, for dental uses",u,Free,
9022.1400,"--Other, for medical, surgical or veterinary uses",u,Free,
9022.1900,"--For other uses Apparatus based on the use of alpha, beta or gamma radiations, whether or not for medical, surgical, dental or veterinary uses, including radiography or radiotherapy apparatus:",u,Free,
9022.2100,"--For medical, surgical, dental or veterinary uses",u,Free,
9022.2900,--For other uses,u,Free,
9022.3000,X-ray tubes,u,Free,
9022.9000,"Other, including parts and accessories",kg,5%,
9023.0000,"Instruments, apparatus and models, designed for demonstrational purposes (for example, in education or exhibitions), unsuitable for other uses. Machines and appliances for testing the hardness, strength, compressibility, elasticity or other mechanical properties of materials (for example, metals, wood, textiles, paper, plastics). 343 Description (4) Standard Unit of Quantity (5) Duty Rate (6)",kg,Free,
9024.1000,Machines and appliances for testing metals,u,Free,
9024.8000,Other machines and appliances,u,Free,
9024.9000,"Parts and accessories Hydrometers and similar floating instruments, thermometers, pyrometers, barometers, hygrometers and psychrometers, recording or not, and any combination of theses instruments. Thermometers and pyrometers, not combined with other instruments:",kg,5%,
9025.1100,"--Liquid-filled, for direct reading",u,Free,
9025.1900,--Other,u,Free,
9025.8000,Other instruments,u,Free,
9025.9000,"Parts and accessories Instruments and apparatus for measuring or checking the flow, level, pressure or other variables of liquids or gases (for example, flow meters, level gauges, manometers, heat meters), excluding instruments and apparatus of heading 90.14,90.15,90.28 or 90.32.",kg,5%,
9026.1000,For measuring or checking the flow or level of liquids,u,15%,
9026.2000,For measuring or checking pressure,u,Free,
9026.8000,Other instruments or apparatus,u,Free,
9026.9000,"Parts and accessories Instruments and apparatus for Physical or chemicalanalysis (for example, polarimeters, refractometers,spectrometers, gas or smoke analysis apparatus);instruments and apparatus for measuring or checkingviscosity, porosity, expansion, surface tension or the like; instruments and apparatus for measuring orchecking quantities of heat, sound or light(including exposure meters); micro tomes.",kg,Free,
9027.1000,Gas or smoke analysis apparatus,u,Free,
9027.2000,-Chromatographs and electrophoresis instruments,u,Free,
9027.3000,"Spectrometers, spectrophotometers and spectrographs using optical radiations (UV, visible, IR)",u,Free,
9027.5000,"Other instruments and apparatus using optical radiations (UV, visible, IR)",u,Free,
9027.8000,Other instruments and apparatus,u,Free,
9027.9000,"Micro tomes; parts and accessories Gas, liquid or electricity supply or production meters, includingcalibrating meters therefor.",kg,Free,
9028.1000,Gas meters Liquid meters:,u,15%,
9028.2010,---Completely Knocked Down (CKD) to be assembled by domestic industry,u,15%,
9028.2020,---Completely Built Up (CBU) form Electricity meters:,u,25%,
9028.3010,---Completely Knocked Down (CKD) to be assembled by domestic industry,u,15%,
9028.3030,---Completely Built Up (CBU) form,u,25%,
9028.9000,"Parts and accessories Revolution counters, production counters,taximeters, mileometers, pedometers andthe like; speed indicators and tachometers,other than 344 Description (4) Standard Unit of Quantity (5) Duty Rate (6) those of heading 90.14 or 90.15; stroboscopes.",kg,5%,
9029.1000,"Revolution counters, production counters,taximeters, mileometers, pedometers and the like",u,25%,
9029.2000,Speed indicators and tachometers; stroboscopes,u,15%,
9029.9000,"Parts and accessories Oscilloscopes, spectrum analysers and other instruments and apparatus for measuring or checking electrical quantities, excluding meters of heading 90.28; instruments and apparatus for measuring or detecting alpha, beta, gamma, x-ray, cosmic or other ionizing radiations.",kg,15%,
9030.1000,Instruments and apparatus for measuring or detecting ionising radiations,u,5%,
9030.2000,"Oscilloscopes and oscillographs Other instruments and apparatus, for measuring or checking voltage, current, resistance or power:",u,5%,
9030.3100,Multimeters without a recording device,u,35%,
9030.3200,Multimeters with a recording device,u,35%,
9030.3300,"Other, without a recording device",u,35%,
9030.3900,"Other, with a recording device",u,35%,
9030.4000,"Other instruments and apparatus, specially designed fortelecommunications (for example,cross-talk meters, gain measuring instruments, distortion factor or meters, psophometers) Other instruments and apparatus:",u,35%,
9030.8200,"--For measuring or checking semiconductor wafers or devices --Other, with a recording device:",u,35%,
9030.8410,Geophysical instruments,u,5%,
9030.8490,---Other,u,35%,
9030.8900,--Other,u,15%,
9030.9000,"Parts and accessories Measuring or checking instruments, appliances and machines, not specified or included elsewhere in this Chapter; profile projectors.",u,15%,
9031.1000,Machines for balancing mechanical parts,u,15%,
9031.2000,Test benches Other optical instruments and appliances:,u,15%,
9031.4100,--For inspecting semiconductor wafers or devices or for inspecting phtomasks or reticles used in manufacturing semiconductor devices,u,15%,
9031.4900,--Other,u,15%,
9031.8000,"Other instruments, appliances and machines",u,15%,
9031.9000,Parts and accessories Automatic regulating or controlling instruments and apparatus.,kg,15%,
9032.1000,Thermostats,u,15%,
9032.2000,Manostats Other instruments and apparatus:,u,15%,
9032.8100,--Hydraulic or pneumatic --Other: 345 Description (4) Standard Unit of Quantity (5) Duty Rate (6),u,Free,
9032.8910,"Completely Knocked Down (CKD) to be assembled by domestic industry, other than charge controller",u,5%,
9032.8920,"Semi Knocked Down (SKD) to be assembled by domestic industry, other than charge controller",u,15%,
9032.8990,Completely Built Up (CBU) form,u,25%,
9032.9000,Parts and accessories,kg,5%,
9033.0000,"Parts and accessories (not specified or included elsewhere in this Chapter) for machines, appliances, instruments or apparatus of Chapter 90. 346 Chapter 91 Clocks and watches and parts thereof or weights (classified according to their constituent material); 71.13 or 71.17, as the case may be); defined in Note 2 to Section XV, of base metal (Section XV), or similar goods of plastics(Chapter 39) or metal clad with precious metal (generally heading 71.15); clock orwatch springs are, however , to or watch parts (heading 91.14); 73.26 or 84.82, as the case may be); constructed to work without an escapement ; 84.82); or not yet assembled together or with other components into watch or clockmovements or into articles or principally as parts of such movements (Chapter 85). watches with case wholly of precious metal or of metal clad with precious metal, or of the same natural or cultured pearls, or precious or semi-precious stones (natural, synthetic or reconstructed) of Watches with case of base metal inlaid with precious metal fall in heading 91.02. Chapter, the expression “ watch movements” means devices regulated by a balance-wheel and or any other system capable of determining intervals of time, with a display or a system to which a be incorporated. Such watch movements shall not exceed 12 mm in thickness and 50 mm in width, 1, movements and other parts suitable for use both in clocks or watches and in other articles ( for ) are to be classified in this Chapter. Description (4) Standard Unit of Quantity 5) Duty Rate (6) Wrist-watches, pocket-watches and other watches, including stop- watches, with case of precious metal or of metal clad with precious metal. Wrist-watches, electrically operated, whether or not incorporating a stop- watch facility:",kg,15%,
9101.1100,--With mechanical display only,u,35%,
9101.1900,"--Other Other wrist-watches, whether or notincorporating a stop-watch facility:",u,35%,
9101.2100,--With automatic winding,u,35%,
9101.2900,--Other Other:,u,35%,
9101.9100,--Electrically operated,u,35%,
9101.9900,"--Other Wrist-watches, pocket-watches and other watches, including stop- watches, other than those of heading 91.01. -Wrist-watches, electrically operated, whether or not incorporating a stop- watch facility:",u,35%,
9102.1100,--With mechanical display only 347 Item (3) Description (4) Standard Unit of Quantity 5) Duty Rate (6),u,35%,
9102.1200,--With opto-electronic display only,u,35%,
9102.1900,"--Other Other wrist-watches, whether or notincorporating a stop-watch facility:",u,35%,
9102.2100,--With automatic winding,u,35%,
9102.2900,--Other Other:,u,35%,
9102.9100,--Electrically Operated,u,35%,
9102.9900,"--Other Clocks with watch movements, excluding clocks of heading 91.04.",u,35%,
9103.1000,Electrically Operated,u,35%,
9103.9000,Other,u,35%,
9104.0000,"Instrument panel clocks and clocks of a similar type for vehicles, aircraft, spacecraft or vessels. Other clocks. Alarm clocks:",u,35%,
9105.1100,--Electrically Operated,u,35%,
9105.1900,--Other Wall clocks:,u,35%,
9105.2100,--Electrically Operated,u,35%,
9105.2900,Other Other:,u,35%,
9105.9100,--Electrically Operated,u,35%,
9105.9900,"--Other Time of day recording apparatus and apparatus for measuring, recording or otherwise indicating intervals of time, with clock or watch movement or with synchronous motor (for example, time- motor (for example, time-registers, time- recorders).",u,35%,
9106.1000,Time-registers; time-recorders,u,35%,
9106.9000,Other,u,35%,
9107.0000,"Time switches with clock or watch movement or with synchronous motor. Watch movements, complete and assembled. Electrically Operated:",u,35%,
9108.1100,--With mechanical display only or with a device to which a mechanical display can be incorporated,u,35%,
9108.1200,--With opto-electronic display only,u,35%,
9108.1900,--Other,u,35%,
9108.2000,With automatic winding 348 Description (4) Standard Unit of Quantity 5) Duty Rate (6),u,35%,
9108.9000,"Other Clock movements, complete and assembled.",u,35%,
9109.1000,Electrically Operated,u,35%,
9109.9000,"Other Complete watch or clock movements, unassembled or partly assembled(movement sets); incomplete watch or clock movements, assembled; rough watch or clock movements. Of watches:",u,35%,
9110.1100,"--Complete movements, unassembled or partly assembled (movement sets)",u,35%,
9110.1200,"--Incomplete movements, assembled",kg,35%,
9110.1900,--Rough movements,kg,35%,
9110.9000,Other Watch cases and parts thereof.,kg,35%,
9111.1000,Cases of precious metal or of metal clad with precious metal,u,35%,
9111.2000,"Cases of base metal, whether or not gold-or silver-plated",u,35%,
9111.8000,Other cases,u,35%,
9111.9000,"Parts Clock cases and cases of a similar type for other goods of this Chapter, and parts thereof.",kg,35%,
9112.2000,Cases,u,35%,
9112.9000,"Parts Watch straps, watch bands and watch bracelets, and parts thereof.",kg,35%,
9113.1000,Of precious metal or of metal clad withprecious metal,kg,35%,
9113.2000,"Of base metal, whether or not gold-or silver-plated",kg,35%,
9113.9000,Other Other clock or watch parts.,kg,35%,
9114.1000,"Springs, including hair-springs",kg,35%,
9114.3000,Dials,kg,35%,
9114.4000,Plates and bridges,kg,35%,
9114.9000,"Other 349 Chapter 92 Musical instruments; Parts and accessories of such articles as defined in Note 2 to Section XV, of base metal (Section XV), or similargoods of plastics loud-speakers, head- phones, switches, stroboscopes or other accessory instruments, apparatus 85 or 90, for use with but not incorporated in or housed in the same cabinet as instruments of (heading 95.03); musical instruments heading 96.03), or monopods, bipods, tripods and similar articles (heading antiques (heading 97.05 or 97.06). devices used in playing the musical instruments of heading 92.02 or 92.06 presented with such thereto and clearly intended for use therewith , are to be classified in the same heading as the heading 92.09 presented with an instrument are to be treated as separate articles and not as forming a Item Description (4) Standard Unit of Quantity (5) Duty Rate (6) Pianos, including automatic pianos; harpsichords and other keyboard stringed instruments.",kg,35%,
9201.1000,Upright pianos,u,15%,
9201.2000,Grand pianos,u,15%,
9201.9000,"Other Other string musical instruments(for example, guitars, violins, harps)",u,15%,
9202.1000,Played with a bow,u,15%,
9202.9000,"Other Wind musical instruments (for example, keyboard pipe organs, accordions, clarinets, trumpets, bagpipes), other than fairground organs and mechanical street organs.",u,15%,
9205.1000,Brass-wind instruments,u,15%,
9205.9000,Other,u,15%,
9206.0000,"Percussion musical instruments (for example, drums, xylophones, cymbals, castanets, maracas). Musical instruments, the sound of which is produced, or must be amplified, electrically (for example, organs, guitars, accordions).",u,15%,
9207.1000,"Keyboard instruments, other than accordions",u,15%,
9207.9000,"Other Musical boxes, fairground organs, mechanical street organs, mechanical singing birds, musical saws and other musical instruments not falling withinany other heading of this Chapter; decoy calls of all kinds; whistles, call horns and other mouth-blown sound signaling instruments. 350 Item Description (4) Standard Unit of Quantity (5) Duty Rate (6)",u,15%,
9208.1000,Musical boxes,u,15%,
9208.9000,"Other Parts (for example, mechanisms for musical boxes) and accessories (for example, cards, discs and rolls for mechanical instruments) of musicalinstruments; metronomes,tuning forks and pitch pipesof all kinds.",u,15%,
9209.3000,Musical instrument strings Other:,kg,15%,
9209.9100,--Parts and accessories for pianos,kg,15%,
9209.9200,--Parts and accessories for the musicalinstruments of heading 92.02,kg,15%,
9209.9400,--Parts and accessories for the musical instruments of heading 92.07,kg,15%,
9209.9900,"--Other 351 SECTION XIX AND AMMUNITION; PARTS AND ACCESSORIES THEREOF Chapter 93 Arms and ammunition; parts and accessories thereof cover: 36 (for example, percussion caps, detonators, signaling flares); use, as defined in Note 2 to Section XV of base metal (Section XV),or similar goods of plastics (Chapter vehicles (heading 87.10); or other optical devices suitable for use with arms, unless mounted on a firearm or presentedwith the they are designed to be mounted (Chapter 90); fencing foils or toys (Chapter 95); or or antiques (heading 97.05 or 97.06). reference to “Parts thereof” does not include radio or apparatus of heading 85.26. No. (3) Description (4) Standard Unit of Quantity (5) Duty Rate (6) Military weapons, other than revolvers, pistols and the arms of heading 93.07.",kg,15%,
9301.1000,"Artillery weapons (for example, guns,howitzers and mortars)",u,Free,
9301.2000,Rocket launchers; flame-throwers; grenadelaunchers; torpedo tubes andsimilarprojectors,u,Free,
9301.9000,Other,u,Free,
9302.0000,"Revolvers and pistols, other than those of heading 93.03 or 93.04. Other firearms and similar devices which operate by the firing of an explosive charges(for example, sporting shotguns and rifles, muzzle-loading firearms, very pistols and other devices designed to project only signal flares pistols flare and revolvers for firing blank ammunition, captive-bolt humane killers, line-throwing guns).",u,35%,
9303.1000,Muzzle-loading firearms,u,35%,
9303.2000,"Other sporting, hunting or target-shooting shotguns, including combination shotgun-rifles",u,35%,
9303.3000,"Other sporting, hunting or target-shooting rifles",u,35%,
9303.9000,Other,u,35%,
9304.0000,"Other arms (for example, spring, air or gas guns and pistols, truncheons), excluding those of heading 93.07. Parts and accessories of articles of heading 93.01 to 93.04.",u,35%,
9305.1000,Of revolvers or pistols,kg,35%,
9305.2000,Of shotguns or rifles of heading 93.03 Other :,kg,35%,
9305.9100,--Of military weapons of heading 93.01 352 No. (3) Description (4) Standard Unit of Quantity (5) Duty Rate (6),kg,Free,
9305.9900,"--Other Bombs, grenades, torpedoes, mines, missiles and similar munitions of war and parts thereof; cartridges and other ammunitions and projectiles and parts thereof, including shot and cartridge wads. Shotgun cartridges and parts thereof; air gun pellets:",kg,35%,
9306.2100,--Cartridges,kg,35%,
9306.2900,--Other,kg,35%,
9306.3000,Other cartridges and parts thereof,kg,35%,
9306.9000,Other,kg,35%,
9307.0000,"Swords, cutlasses, bayonets, lances and similar arms and parts thereof and scabbards and sheaths thereof. 354 Item Description (4) Standard Unit of Quantity (5) Duty Rate (6) Seats (other than those of heading 94.02), whether or not convertible into beds, and parts thereof.",kg,35%,
9401.1000,Seats of a kind used for aircraft,u,Free,
9401.2000,Seats of a kind used for motor vehicles,u,35%,
9401.3000,Swivel seats with variable height adjustment,u,35%,
9401.4000,"Seats other than garden seats or camping equipment, convertible into beds Seats of cane, osier, bamboo or similar materials:",u,35%,
9401.5200,Of bamboo,u,35%,
9401.5300,Of rattan,u,35%,
9401.5900,"Other Other seats, with wooden frames:",u,35%,
9401.6100,--Upholstered,u,35%,
9401.6900,--Other Other seats with metal frames:,u,35%,
9401.7100,--Upholstered,u,35%,
9401.7900,--Other,u,35%,
9401.8000,Other seats,u,35%,
9401.9000,"Parts Medical surgical, dental or veterinary furniture (for example,operating tables, examination tables, hospital beds withmechanical fittings, dentists’ chairs); barbers’ chairs and similar chairs; having rotating as well as both reclining and elevatingmovements; parts of the foregoing articles.",kg,25%,
9402.1000,"Dentists', barbers' or similar chairs and parts thereof",kg,15%,
9402.9000,Other Other furniture and parts thereof. Metal furniture of a kind used in offices:,kg,15%,
9403.1010,Metal server rack,kg,15%,
9403.1090,Other,kg,35%,
9403.2000,Other metal furniture Wooden furniture of a kind used in offices:,kg,35%,
9403.3010,Wooden server rack,u,15%,
9403.3090,Other,u,35%,
9403.4000,Wooden furniture of a kind used in the kitchen,u,35%,
9403.5000,Wooden furniture of a kind used in the bedroom,u,35%,
9403.6000,Other wooden furniture,u,35%,
9403.7000,"Furniture of plastics Furniture of other materials, including cane, osier, bamboo or similar 355 Item Description (4) Standard Unit of Quantity (5) Duty Rate (6) materials:",kg,35%,
9403.8200,Of bamboo,kg,35%,
9403.8300,Of rattan,kg,35%,
9403.8900,Other,kg,35%,
9403.9000,"Parts Mattress supports; articles of bedding and similar furnishing (for example, mattresses, quilts, eiderdowns, cushions, pouffes and pillows) fitted with springs or stuffed or internally fitted with any material or of cellular rubber or plastics, whether or not covered.",kg,15%,
9404.1000,Mattress supports Mattresses:,kg,35%,
9404.2100,"--Of cellular rubber or plastics, whether or not covered",u,35%,
9404.2900,--Of other materials,u,35%,
9404.3000,Sleeping bags,u,35%,
9404.9000,"Other Lamps and lighting fittings including searchlights and spotlights and parts thereof, not elsewhere specified or included; illuminated signs, illuminated name-plates and the like, having a permanently fixed light source, and parts thereof not elsewhere specified or included. Chandeliers and other electric ceiling or wall lighting fittings, excluding those of a kind used for lightings public open spaces or through fares:",kg,35%,
9405.1010,Uses a light-emitting diode (LED) or a compact fluorescent lamp (CFL),kg,15%,
9405.1090,"Other -Electric table, desk, bedside or floor-standing lamps:",kg,25%,
9405.2010,"uses solar energy sources, whether or not capable to use other energy sources, presented Semi Knocked Down (SKD) to be assembled by domestic industries.",kg,Free,
9405.2020,"uses solar energy sources, whether or not capable to use other energy sources, Complete Built Up (CBU) form",kg,5%,
9405.2030,"Uses a light-emitting diode (LED) or a compact fluorescent lamp (CFL), not clearly designed to use solar energy sources but presented Semi Knocked Down (SKD) to be assembled by domestic industries.",kg,15%,
9405.2090,Other,kg,25%,
9405.3000,-Lighting sets of a kind used for Christmas trees -Other electric lamps and lighting fittings:,kg,25%,
9405.4010,"Lamps thatuses solar energy sources, whether or not capable to use other energy sources, presented Semi Knocked Down (SKD) to be assembled by domestic industries.",kg,Free,
9405.4020,"Lamps that uses solar energy sources, whether or not capable to use other energy sources, Complete Built Up (CBU) form",kg,5%,
9405.4030,"Lamps that use a light-emitting diode (LED) or a compact fluorescent lamp (CFL), not clearly designed to use solar energy sources but 356 Item Description (4) Standard Unit of Quantity (5) Duty Rate (6) presented Semi Knocked Down (SKD) to be assembled by domestic industries",kg,15%,
9405.4090,Other Non-electrical lamps and lighting fittings:,kg,25%,
9405.5010,Lamps for use with kerosene or other oils,kg,15%,
9405.5020,Lighting fittings,kg,25%,
9405.5090,"Other lamps, including lanterns operating by butane and similar non- petroleum origin gases Illuminated signs, illuminated name-plates and the like:",kg,5%,
9405.6010,---Completely Knocked Down (CKD) to be assembled by domestic industry,kg,15%,
9405.6020,---Semi Knocked Down (SKD) to be assembled by domestic industry,kg,25%,
9405.6030,Completely Built Up (CBU) form Parts:,kg,35%,
9405.9100,Of glass,kg,5%,
9405.9200,--Of plastics,kg,5%,
9405.9900,--Other Prefabricated buildings.,kg,5%,
9406.1000,Of wood,kg,25%,
9406.9000,"Other 358 cover articles which, on account of their design, shape or constituent material, are identifiable as animals, for example, “pet toys” (classification in their own appropriate heading). from which the image is reproduced on a television receiver, a monitor or other external screen or having a self-contained video screen, whether or not portable. not cover video game consoles or machines operated by coins, banknotes, bank cards, tokens or by any (subheading 9504.30). Item Description (4) Standard Unit of Quantity (5) Duty Rate (6) Tricycles, scooters, pedal cars and similar wheeled toys; dolls’ carriages; dolls; other toys; reduced-size (“scale”) models and similar recreational models, working or not; puzzles of all kinds:",kg,25%,
9503.0010,---Educational Puzzles,kg,5%,
9503.0090,"---Other Video game consoles and machines, articles for funfair, table or parlour games, including pintables, billiards, special tablets for casino games and automatic bowling alley equipment.",kg,35%,
9504.2000,Articles and accessories for billiards of all kinds,kg,35%,
9504.3000,"Other games, operated by coins, banknotes, bank cards, tokens or by any other means of payment, other than automatic bowling alley equipment",kg,35%,
9504.4000,Playing cards u(jeu/pack),,35%,
9504.5000,"Video game consoles and machines, other than those of subheading9504.30",kg,35%,
9504.9000,"Other Festive, carnival or other entertainment articles, including conjuring tricks and novelty jokes.",u,35%,
9505.1000,Articles for Christmas festivities,kg,35%,
9505.9000,"Other Articles and equipment for generalPhysical exercise, gymnastics, athletics, other sports(including table-tennis)oroutdoor games, not specified or includedelsewhere in this Chapter; swimming pools and paddling pools. Snow-skis and other snow-ski equipment:",kg,35%,
9506.1100,--Skis 2u,,15%,
9506.1200,--Ski-fastenings (ski-bindings),kg,15%,
9506.1900,"--Other Water-skis, surf-boards, sailboards andother water-sport equipment:",kg,15%,
9506.2100,--Sailboards,u,15%,
9506.2900,--Other Golf clubs and other golf equipment: 359 Item Description (4) Standard Unit of Quantity (5) Duty Rate (6),u,15%,
9506.3100,"--Clubs, complete",u,15%,
9506.3200,--Balls,u,15%,
9506.3900,--Other,kg,15%,
9506.4000,"Articles and equipment for table tennis Tennis, badminton or similar rackets,whether or not strung:",kg,15%,
9506.5100,"--Lawn-tennis rackets, whether or not strung",u,15%,
9506.5900,"--Other Balls, other than golf balls and table-tennis balls:",u,15%,
9506.6100,--Lawn-tennis balls,u,15%,
9506.6200,--Inflatable,u,15%,
9506.6900,--Other,u,15%,
9506.7000,"Ice skates and roller skates, including skating boots with skates attached 2u Other:",,15%,
9506.9100,"--Articles and equipment for general physical exercise, gymnastics of athletics",kg,15%,
9506.9900,"--Other Fishing rods, fish-hooks and other line fishing tackle; fish landing nets, butterfly nets and similar nets; decoy “92.08 or 97.05) and similar hunting or shootingrequisites.",u,15%,
9507.1000,Fishing rods,u,35%,
9507.2000,"Fish-hooks, whether or not snelled",kg,35%,
9507.3000,Fishing reels,u,35%,
9507.9000,"Other Roundabouts, swings, shooting galleries and other fairground amusements; traveling circuses, and traveling menageries; traveling theatres.",u,35%,
9508.1000,Traveling circuses and traveling menageries,kg,35%,
9508.9000,"Other 360 Chapter 96 Miscellaneous manufactured articles cover : or toilet uses (Chapter 33); 66 (for example, parts of umbrellas or walking- sticks) ; (heading 71.17) ; as defined in Note 2 to Section XV, of base metal (Section XV), or similar goods of plastics (Chapter articles of Chapter 82 with handles or other parts of carving or moulding materials; heading 96. 01 however, to separately presented handles or other parts of such articles; 90 (for example, spectacle frames (heading 90.03), mathematical drawing pens (heading 90.17), specialised for use in dentistry or for medical, surgical or veterinary purposes (heading 90.18)); 91 (for example, clock or watch cases); or parts or accessories thereof (Chapter 92); 93 (arms and parts thereof) ; 94 (for example, furniture, lamps and lighting fittings); 95 (toys, games, sports requisites); or pieces or antiques (Chapter 97). “vegetable or mineral carving material” means: hulls and nuts and similar vegetable materials of a kind used for carving(for example, corozo and agglomerated amber and agglomerated meerschaum, jet and mineral substitutes for jet. expression “prepared knots and tufts for broom or brush making” applies only to un mounted knots and fibre or other material, which are ready for incorporation without division in brooms or brushes, such further minor processes as trimming to shape at the top, to render them ready for other than those of headings 96.01 to 96.06 or 96.15, remain classified in the Chapter whether or not partly of precious metal or metal or metal clad with precious metal, of natural or cultured pearls, or stones (natural, synthetic or reconstructed). However, headings 96.01 to 96.06 and 96.15 include or cultured pearls, precious or semi -precious stones (natural, synthetic or reconstructed), precious precious metal constitute only minor constituents. Item Description (4) Standard Unit of Quantity (5) Duty Rate (6) Worked ivory, bone, tortoise-shell, horn, antlers, coral, mother-of- pearl and otheranimal carving material, and articles of these materials (including articles obtained by moulding).",kg,35%,
9601.1000,Worked ivory and articles of ivory,kg,35%,
9601.9000,Other,kg,35%,
9602.0000,"Worked vegetable or mineral carving material and articles of these materials; moulded or carved articles of wax, of stearin, of natural gums or natural resins, or of modeling pastes, and other moulded or carved articles, not elsewhere specified or included; worked, unhardened gelatin (except gelatin of heading 35.03) and articles of unhardened gelatin. 361 Item Description (4) Standard Unit of Quantity (5) Duty Rate (6) Brooms, brushes (including brushes constituting parts of machines, appliances or vehicles), hand-operated mechanical floor sweepers, not motorised, moos and feather dusters; prepared knots and tufts for broom or brush making; paint pads and rollers; squeegees (other than roller squeegees)",kg,35%,
9603.1000,"Brooms and brushes, consisting of twigs or other vegetable materials bound together, with or without handles -Tooth brushes, shaving brushes, hair brushes nail brushes, eyelashbrushes and other toilet brushes for use on the person, including suchbrushes constituting parts of appliances:",u,35%,
9603.2100,"--Tooth brushes, including dental-plate brushes",u,15%,
9603.2900,--Other,u,35%,
9603.3000,"Artists' brushes, writing brushes and similarbrushes for the application of cosmetics",u,15%,
9603.4000,"-Paint, distemper, varnish or similar brushes(other than brushes of subheading 9603.30);paint pads and rollers",u,35%,
9603.5000,"Other brushes constituting parts of machines, appliances or vehicles",u,35%,
9603.9000,Other,u,35%,
9604.0000,Hand sieves and hand riddles.,u,35%,
9605.0000,"Travel sets for personal toilet, sewing or shoe or clothes cleaning. Buttons, press-fasteners, snap fasteners and press-studs, button moulds and other parts of these articles; button blanks.",u,35%,
9606.1000,"Press-fasteners, snap-fasteners and press-studs and parts thereof Buttons:",kg,15%,
9606.2100,"--Of plastics, not covered with textile material",kg,15%,
9606.2200,"--Of base metal, not covered with textile material",kg,15%,
9606.2900,--Other,kg,15%,
9606.3000,Button moulds and other parts of buttons; button blank Slide fasteners and parts thereof. Slide fasteners:,kg,15%,
9607.1100,--Fitted with chain scoops of base metal,kg,15%,
9607.1900,--Other,kg,15%,
9607.2000,"Parts Ball point pens; felt tipped and other porous- tipped pens and markers; fountain pens, stylograph pens and other pens; duplicating stylos; propelling or sliding pencils; pen-holders, pencil-holders and similar holders; parts (including caps and clips) of the foregoing articles, other than those of heading 96.09.",kg,15%,
9608.1000,Ball point pens,u,35%,
9608.2000,Felt tipped and other porous-tipped pens and markers,u,35%,
9608.3000,"Fountain pens, stylograph pens and other pens 362 Item Description (4) Standard Unit of Quantity (5) Duty Rate (6)",u,35%,
9608.4000,Propelling or sliding pencils,u,35%,
9608.5000,Sets of articles from two or more of the foregoing subheadings,u,35%,
9608.6000,"Refills for ball point pens, comprising the ball point and ink-reservoir Other:",u,15%,
9608.9100,--Pen nibs and nib points,u,15%,
9608.9900,"--Other Pencils (other than pencils of heading 96.08), crayons, pencil leads, pastels, drawing charcoals, writing or drawing chalks and tailors’ chalks.",kg,15%,
9609.1000,"Pencils and crayons, with leads encased in rigid sheath",kg,15%,
9609.2000,"Pencil leads, black or coloured",kg,15%,
9609.9000,Other,kg,15%,
9610.0000,"Slates and boards, with writing or drawing surfaces, whether or not framed.",kg,15%,
9611.0000,"Date, sealing or numbering stamps, and the like (including devices for printing or embossing labels), designed for operating in the hand; hand-operated composing sticks and hand printing sets incorporating such composing sticks. Typewriter or similar ribbons, inked or otherwise prepared for giving impressions, whether or not on spools or in cartridges; ink- pads, whether or not inked, with or without boxes.",kg,25%,
9612.1000,Ribbons,u,15%,
9612.2000,"Ink-pads Cigarette lighters and other lighters, whether or not mechanical or electrical, and parts thereof other than flints and wicks.",u,35%,
9613.1000,"Pocket lighters, gas fuelled, non-refillable",u,35%,
9613.2000,"Pocket lighters, gas fuelled, refillable",u,35%,
9613.8000,Other lighters,u,35%,
9613.9000,Parts,kg,35%,
9614.0000,"Smoking pipes (including pipe bowls) and cigaror cigarette holders, and parts thereof. Combs, hair-slides and the like; hairpins, curling pins, curling grips, hair-curlers and the like, other than those of heading 85.16, and parts thereof. Combs, hair-slides and the like:",kg,35%,
9615.1100,--Of hard rubber or plastics,kg,35%,
9615.1900,--Other,kg,35%,
9615.9000,"Other Scent sprays and similar toilet sprays, and mounts and heads therefor; powder- puffs and pads for the application of cosmetics or toilet preparations. 363 Item Description (4) Standard Unit of Quantity (5) Duty Rate (6)",kg,35%,
9616.1000,"Scent sprays and similar toilet sprays, andmounts and heads therefore",kg,35%,
9616.2000,Powder-puffs and pads for the application of cosmetics or toiletpreparations,kg,35%,
9617.0000,"Vacuum flasks and other vacuum vessels, complete with cases; parts thereof other than glass inners.",kg,35%,
9618.0000,"Tailors' dummies and other lay figures; automata and other animated displays used for shop window dressing. Sanitary towels (pads) and tampons, napkins and napkin liners for babies and similar articles, of any material.",kg,35%,
9619.0010,"Sanitary towels /pads /, tampons, napkins (Diapers) and napkin liners for babies",kg,15%,
9619.0090,Other Sanitary articles,kg,35%,
9620.0000,"Monopods, bipods, tripods and similar articles. 364 SECTION XXI OF ART, COLLECTORS’ PIECES AND ANTIQUES Chapter 97 Works of art, collectors’ pieces and antiques cover: revenue stamps, postal stationery (stamped paper) or the like, of heading 49.07; studio back -cloths or the like, of painted canvas (heading 59.07) except if they may be classified in cultured, or precious or semi-precious stones (headings 71.01 to 71.03). 97.02, the expression “original engravings , prints and lithographs” means impressions produced white or in colour , of one or of several plates wholly executed by hand by the artist, irrespective of the employed by him, but not including any mechanical or photomechanical process. not apply to mass-produced reproductions or works of conventional craftsmanship of a commercial articles are designed or created by artists. 1 to 3 above , articles of this Chapter are to be classified in this Chapter and not in any other Chapter not apply to articles of the preceding headings of this Chapter. paintings, drawings, pastels, collages or similar decorative plaques, engravings, prints or to be classified with those articles, provided they are of a kind and of a value normal to those which are not of a kind or of a value normal to the articles referred to in this Note are to be Description (4) Standard Unit of Quantity (5) Duty Rate (6) Paintings, drawings and pastels, executed entirely by hand, other than drawings of heading 49.06 and other than hand-painted or hand- decorated manufactured articles; collages and similar decorative plaques.",u,15%,
9701.1000,"Paintings, drawings and pastels",u,15%,
9701.9000,Other,kg,15%,
9702.0000,"Original engravings, prints and lithographs.",u,15%,
9703.0000,"Original sculptures and statuary, in any material.",u,15%,
9704.0000,"Postage or revenue stamps, stamp- postmarks, first-day covers, postal stationery(stamped paper), and the like, used or unused, other thanthose of heading 49.07.",kg,15%,
9705.0000,"Collections and collectors' pieces of zoological, botanical, mineralogical, anatomical, historical, archaeological, palaeontological, ethnographic or numismatic interest.",kg,15%,
9706.0000,Antiques of an age exceeding one hundred years.,kg,15%,
